date,P15,P16,P_prev16,r_sofar,r_trade,sigma_4h,sigma_day,sigma_1h,z,dir,contracts_raw,contracts,cap_bound,rounded_to_zero,is_trade,gross,slippage,fees,net,test_year,net_stress
2013-07-01,1613.75,1609.0,1597.25,0.010277262678399627,-0.002947795168468996,0.004064453289470415,0.009531987881999106,0.0020322266447352073,1.0781867125332745,1.0,46.0,40.0,True,False,True,-950.0,100.0,40.0,-1090.0,2013-2014,-1190.0
2013-07-02,1604.75,1606.75,1609.0,-0.002644886800495703,0.0012455240595079852,0.0038571760678486437,0.009045879708525523,0.0019285880339243219,-0.2923858027874239,0.0,49.0,40.0,False,False,False,0.0,0.0,0.0,0.0,2013-2014,0.0
2013-07-05,1622.25,1625.25,1606.75,0.009600569249882293,0.0018475755833003565,0.0039484042412316935,0.009259828739613403,0.0019742021206158467,1.0367977119070473,1.0,47.0,40.0,True,False,True,600.0,100.0,40.0,460.0,2013-2014,360.0
2013-07-08,1636.0,1634.25,1625.25,0.006592588078114217,-0.0010702546698533764,0.003680606508642204,0.008631787386922043,0.001840303254321102,0.7637570044997399,0.0,50.0,40.0,False,False,False,0.0,0.0,0.0,0.0,2013-2014,0.0
2013-07-09,1646.0,1646.25,1634.25,0.007164118744176068,0.000151871820475743,0.002938610884390457,0.006891653402066833,0.0014693054421952285,1.0395355549986773,1.0,63.0,40.0,True,False,True,50.0,100.0,40.0,-90.0,2013-2014,-190.0
2013-07-10,1644.0,1646.75,1646.25,-0.001367677441365548,0.001671351904677059,0.0028596758025573113,0.0067065342261502636,0.0014298379012786556,-0.20393207508472416,0.0,64.0,40.0,False,False,False,0.0,0.0,0.0,0.0,2013-2014,0.0
2013-07-11,1668.25,1669.75,1646.75,0.012971524262913545,0.000898741822029424,0.0028949373739236887,0.0067892299411767615,0.0014474686869618443,1.9106031722745305,1.0,63.0,40.0,True,False,True,300.0,100.0,40.0,160.0,2013-2014,60.0
2013-07-12,1670.0,1672.5,1669.75,0.00014971180505542292,0.001495886591582708,0.0022312681719600823,0.0052327876990769925,0.0011156340859800411,0.028610334235770824,0.0,81.0,40.0,False,False,False,0.0,0.0,0.0,0.0,2013-2014,0.0
2013-07-15,1678.5,1677.5,1672.5,0.003581024417706021,-0.0005959475742527447,0.0018063287283370001,0.00423621636740684,0.0009031643641685001,0.8453355794709115,0.0,100.0,40.0,False,False,False,0.0,0.0,0.0,0.0,2013-2014,0.0
2013-07-16,1670.0,1671.25,1677.5,-0.004480963435036092,0.0007482230053521344,0.0019317920705243343,0.004530453986144636,0.0009658960352621672,-0.9890760283053532,0.0,94.0,40.0,False,False,False,0.0,0.0,0.0,0.0,2013-2014,0.0
2013-07-17,1674.5,1675.0,1671.25,0.001942763818106395,0.0002985520249074603,0.0021495025613794505,0.005041030344837502,0.0010747512806897252,0.38539022485670443,0.0,84.0,40.0,False,False,False,0.0,0.0,0.0,0.0,2013-2014,0.0
2013-07-18,1686.0,1684.75,1675.0,0.006545694302634002,-0.0007416747354744272,0.001776708389320164,0.0041667505149389,0.000888354194660082,1.5709350197872325,1.0,101.0,40.0,True,False,True,-250.0,100.0,40.0,-390.0,2013-2014,-490.0
2013-07-19,1685.0,1687.5,1684.75,0.000148378960135762,0.0014825799602228961,0.0018775328161858337,0.00440320475531185,0.0009387664080929168,0.033697946923036806,0.0,96.0,40.0,False,False,False,0.0,0.0,0.0,0.0,2013-2014,0.0
2013-07-22,1691.5,1690.75,1687.5,0.0023675654740782635,-0.00044349176571382054,0.0020014829855063733,0.004693893669118771,0.0010007414927531866,0.5043926515963769,0.0,89.0,40.0,False,False,False,0.0,0.0,0.0,0.0,2013-2014,0.0
2013-07-23,1691.25,1688.25,1690.75,0.0002956830299485006,-0.0017754110300465323,0.0019439170948864397,0.004558889688822767,0.0009719585474432199,0.0648585620909933,0.0,92.0,40.0,False,False,False,0.0,0.0,0.0,0.0,2013-2014,0.0
2013-07-24,1680.75,1681.0,1688.25,-0.004452367105805261,0.00014873205946949,0.0018487022767516952,0.0043355911470488034,0.0009243511383758476,-1.0269342645087616,-1.0,97.0,40.0,True,False,True,-50.0,100.0,40.0,-190.0,2013-2014,-290.0
2013-07-25,1680.25,1685.0,1681.0,-0.00044626255854032755,0.0028229719363867863,0.0022186136503180185,0.005203110215205511,0.0011093068251590093,-0.08576842313202877,0.0,81.0,40.0,False,False,False,0.0,0.0,0.0,0.0,2013-2014,0.0
2013-07-26,1682.5,1687.0,1685.0,-0.001484781267579225,0.002671021027085421,0.0022623734470997377,0.005305736035441334,0.0011311867235498688,-0.2798445413908949,0.0,79.0,40.0,False,False,False,0.0,0.0,0.0,0.0,2013-2014,0.0
2013-07-29,1682.5,1681.25,1687.0,-0.002671021027085421,-0.0007432181687336305,0.002255022296370916,0.005288496058825682,0.001127511148185458,-0.5050624974236106,0.0,80.0,40.0,False,False,False,0.0,0.0,0.0,0.0,2013-2014,0.0
2013-07-30,1680.25,1681.25,1681.25,-0.0005949725000739415,0.0005949725000739164,0.0023678698430460447,0.005553147014516899,0.0011839349215230224,-0.10714149985919319,0.0,76.0,40.0,False,False,False,0.0,0.0,0.0,0.0,2013-2014,0.0
2013-07-31,1694.0,1681.75,1681.25,0.007555031861850451,-0.007257678306284528,0.0022522621844449533,0.0052820230225874764,0.0011261310922224767,1.4303292184723397,1.0,79.0,40.0,True,False,True,-2450.0,100.0,40.0,-2590.0,2013-2014,-2690.0
2013-08-01,1701.5,1702.0,1681.75,0.0116752970352452,0.00029381519235897077,0.0018364580004315832,0.004306875773739061,0.0009182290002157916,2.7108506603405385,1.0,97.0,40.0,True,False,True,100.0,100.0,40.0,-40.0,2013-2014,-140.0
2013-08-02,1701.75,1704.5,1702.0,-0.00014689680525859717,0.0016146792498970377,0.0017069027870240418,0.00400304186637205,0.0008534513935120209,-0.036696295008208216,0.0,104.0,40.0,False,False,False,0.0,0.0,0.0,0.0,2013-2014,0.0
2013-08-05,1702.0,1702.5,1704.5,-0.0014677824446383716,0.0002937288903478923,0.0014965215868982076,0.0035096542180516606,0.0007482607934491038,-0.4182128362073208,0.0,119.0,40.0,False,False,False,0.0,0.0,0.0,0.0,2013-2014,0.0
2013-08-06,1692.5,1693.0,1702.5,-0.005891033237237419,0.0002953773467053666,0.0015278742815635158,0.0035831828046372074,0.0007639371407817579,-1.6440783399645384,-1.0,117.0,40.0,True,False,True,-100.0,100.0,40.0,-240.0,2013-2014,-340.0
2013-08-07,1687.25,1687.5,1693.0,-0.0034021185096194634,0.000148159123169084,0.001534094110001386,0.0035977695953013995,0.000767047055000693,-0.9456187839439603,0.0,117.0,40.0,False,False,False,0.0,0.0,0.0,0.0,2013-2014,0.0
2013-08-08,1695.5,1693.0,1687.5,0.004729538819008386,-0.0014755794325580294,0.001409940191769004,0.0033066028479409025,0.000704970095884502,1.4303316837562088,1.0,126.0,40.0,True,False,True,-500.0,100.0,40.0,-640.0,2013-2014,-740.0
2013-08-09,1689.75,1688.5,1693.0,-0.0019215141526718344,-0.0007400281548411589,0.0016551846143322106,0.003881752000240533,0.0008275923071661053,-0.4950120854069935,0.0,108.0,40.0,False,False,False,0.0,0.0,0.0,0.0,2013-2014,0.0
2013-08-12,1685.25,1686.25,1688.5,-0.0019266400920741568,0.0005932077884175004,0.0021305718469980216,0.004996633884297817,0.0010652859234990108,-0.38558760491312444,0.0,84.0,40.0,False,False,False,0.0,0.0,0.0,0.0,2013-2014,0.0
2013-08-13,1692.0,1691.25,1686.25,0.0034041326442028653,-0.00044336068117078705,0.002273094442550855,0.005330878998453793,0.0011365472212754276,0.6385687323216724,0.0,79.0,40.0,False,False,False,0.0,0.0,0.0,0.0,2013-2014,0.0
2013-08-14,1684.75,1682.75,1691.25,-0.0038507156586713633,-0.001187824935503883,0.0023674955268383592,0.005552269165197057,0.0011837477634191796,-0.693539081788139,0.0,76.0,40.0,False,False,False,0.0,0.0,0.0,0.0,2013-2014,0.0
2013-08-15,1660.0,1658.25,1682.75,-0.013611757540233527,-0.00105477294492354,0.002986923897701108,0.007004957461585252,0.001493461948850554,-1.9431606280094567,-1.0,61.0,40.0,True,False,True,350.0,100.0,40.0,210.0,2013-2014,110.0
2013-08-16,1655.75,1653.5,1658.25,-0.001508751040576539,-0.0013598249432413576,0.002930759830283463,0.006873241048109497,0.0014653799151417314,-0.2195108581258801,0.0,62.0,40.0,False,False,False,0.0,0.0,0.0,0.0,2013-2014,0.0
2013-08-19,1648.75,1642.5,1653.5,-0.0028768283903230648,-0.0037979536727587473,0.002719881625682545,0.006378687820977789,0.0013599408128412724,-0.451006299581232,0.0,67.0,40.0,False,False,False,0.0,0.0,0.0,0.0,2013-2014,0.0
2013-08-20,1653.75,1650.5,1642.5,0.006825965070399891,-0.001967164135917719,0.0028564098389125343,0.006698874862475028,0.0014282049194562672,1.0189718737152087,1.0,64.0,40.0,True,False,True,-650.0,100.0,40.0,-790.0,2013-2014,-890.0
2013-08-21,1651.75,1640.25,1650.5,0.0007570596167472703,-0.006986662685008215,0.002784609438120075,0.006530487996755732,0.0013923047190600374,0.11592695938241802,0.0,66.0,40.0,False,False,False,0.0,0.0,0.0,0.0,2013-2014,0.0
2013-08-22,1652.5,1654.25,1640.25,0.007440623500854401,0.0010584411663275193,0.002735510502591298,0.006415340786258368,0.001367755251295649,1.1598173423292157,1.0,67.0,40.0,True,False,True,350.0,100.0,40.0,210.0,2013-2014,110.0
2013-08-23,1658.75,1660.25,1654.25,0.002716572754248372,0.000903886774405814,0.0026436925887825726,0.00620000869127709,0.0013218462943912863,0.43815628163076126,0.0,69.0,40.0,False,False,False,0.0,0.0,0.0,0.0,2013-2014,0.0
2013-08-26,1663.75,1654.25,1660.25,0.0021058972884983895,-0.005726356817152537,0.002564011005427594,0.006013138814109152,0.001282005502713797,0.35021597764500945,0.0,71.0,40.0,False,False,False,0.0,0.0,0.0,0.0,2013-2014,0.0
2013-08-27,1631.25,1627.5,1654.25,-0.014001141821165373,-0.0023014969882792745,0.0025920192944332626,0.006078824074188091,0.0012960096472166313,-2.3032648502885675,-1.0,72.0,40.0,True,False,True,750.0,100.0,40.0,610.0,2013-2014,510.0
2013-08-28,1634.5,1633.5,1627.5,0.004291852081541084,-0.0006119951231404907,0.002871944830146835,0.006735307646332069,0.0014359724150734175,0.6372169330495767,0.0,64.0,40.0,False,False,False,0.0,0.0,0.0,0.0,2013-2014,0.0
2013-08-29,1640.75,1635.75,1633.5,0.004428502312707244,-0.0030520396039839513,0.002450042047523014,0.0057458579159660045,0.001225021023761507,0.7707295198514695,0.0,75.0,40.0,False,False,False,0.0,0.0,0.0,0.0,2013-2014,0.0
2013-08-30,1632.5,1629.75,1635.75,-0.0019888325992619945,-0.0016859533459374356,0.0025209028088587454,0.0059120411318271055,0.0012604514044293727,-0.33640371487864623,0.0,73.0,40.0,False,False,False,0.0,0.0,0.0,0.0,2013-2014,0.0
2013-09-03,1635.0,1638.0,1629.75,0.003216175526705163,0.0018331810816609117,0.0034184737331384068,0.008017031536227409,0.0017092368665692034,0.40116787768289175,0.0,54.0,40.0,False,False,False,0.0,0.0,0.0,0.0,2013-2014,0.0
2013-09-04,1652.75,1651.75,1638.0,0.00896458180067274,-0.0006052353036924275,0.003463243163236113,0.008122025156471705,0.0017316215816180565,1.103737261085639,1.0,53.0,40.0,True,False,True,-200.0,100.0,40.0,-340.0,2013-2014,-440.0
2013-09-05,1656.0,1653.25,1651.75,0.002569724035209942,-0.0016620083904332272,0.00331018009354331,0.007763060439304668,0.001655090046771655,0.33101945493034324,0.0,55.0,40.0,False,False,False,0.0,0.0,0.0,0.0,2013-2014,0.0
2013-09-06,1660.5,1653.75,1653.25,0.004375714262029516,-0.004073325387635786,0.0037108959476644765,0.00870282241799518,0.0018554479738322382,0.5027925484244827,0.0,49.0,40.0,False,False,False,0.0,0.0,0.0,0.0,2013-2014,0.0
2013-09-09,1669.75,1670.5,1653.75,0.009628478176579962,0.00044906819106582533,0.0037674559921965054,0.008835467480119853,0.0018837279960982527,1.0897531113372794,1.0,48.0,40.0,True,False,True,150.0,100.0,40.0,10.0,2013-2014,-90.0
2013-09-10,1681.5,1683.0,1670.5,0.006563269383513044,0.000891663010481642,0.002936823755329542,0.0068874622129107554,0.001468411877664771,0.952930002463026,0.0,61.0,40.0,False,False,False,0.0,0.0,0.0,0.0,2013-2014,0.0
2013-09-11,1685.5,1688.5,1683.0,0.0014843404833094645,0.0017783051515069374,0.0027368251490316096,0.006418423905449484,0.0013684125745158048,0.231262457135186,0.0,66.0,40.0,False,False,False,0.0,0.0,0.0,0.0,2013-2014,0.0
2013-09-12,1686.75,1683.75,1688.5,-0.0010369603180876129,-0.001780151782961057,0.002691124393916027,0.006311246134434505,0.0013455621969580135,-0.1643035774551559,0.0,67.0,40.0,False,False,False,0.0,0.0,0.0,0.0,2013-2014,0.0
2013-09-13,1687.25,1687.75,1683.75,0.0020765358989421564,0.00029629629846390543,0.0019359000774160232,0.004540088116277757,0.0009679500387080116,0.45737788469282575,0.0,93.0,40.0,False,False,False,0.0,0.0,0.0,0.0,2013-2014,0.0
2013-09-17,1697.75,1698.0,1690.75,0.004131627538851522,0.00014724287739184165,0.0019363666029052324,0.0045411822155312295,0.0009681833014526162,0.9098132034255318,0.0,92.0,40.0,False,False,False,0.0,0.0,0.0,0.0,2013-2014,0.0
2013-09-18,1722.5,1718.75,1698.0,0.014325636016521112,-0.00217944147293216,0.0018095472397852605,0.004243764445816887,0.0009047736198926303,3.37569066318985,1.0,97.0,40.0,True,False,True,-750.0,100.0,40.0,-890.0,2013-2014,-990.0
2013-09-19,1715.5,1715.5,1718.75,-0.0018926991163769804,0.0,0.003212717298849467,0.0075344899251904495,0.0016063586494247334,-0.25120467810953223,0.0,55.0,40.0,False,False,False,0.0,0.0,0.0,0.0,2013-2014,0.0
2013-09-20,1705.75,1702.75,1715.5,-0.005699686602971352,-0.0017603055741052425,0.0033752197597972035,0.007915591977110127,0.0016876098798986018,-0.7200581610893275,0.0,53.0,40.0,False,False,False,0.0,0.0,0.0,0.0,2013-2014,0.0
2013-09-23,1697.25,1695.25,1702.75,-0.0032352969396712583,-0.0011790716178049505,0.003299563311393315,0.007738161878147193,0.0016497816556966575,-0.4180963115811568,0.0,54.0,40.0,False,False,False,0.0,0.0,0.0,0.0,2013-2014,0.0
2013-09-24,1696.5,1691.0,1695.25,0.0007370826603332301,-0.003247235325704523,0.0033453481728867793,0.007845536896102333,0.0016726740864433896,0.09394929500610891,0.0,53.0,40.0,False,False,False,0.0,0.0,0.0,0.0,2013-2014,0.0
2013-09-25,1687.75,1686.5,1691.0,-0.0019237889766004497,-0.0007409054202749119,0.003417424169689959,0.008014570091757642,0.0017087120848449796,-0.24003645293200643,0.0,52.0,40.0,False,False,False,0.0,0.0,0.0,0.0,2013-2014,0.0
2013-09-26,1687.25,1692.25,1686.5,0.00044460912181102323,0.002959019765201204,0.002149106588699958,0.005040101706589327,0.001074553294349979,0.08821431544322811,0.0,83.0,40.0,False,False,False,0.0,0.0,0.0,0.0,2013-2014,0.0
2013-09-27,1683.0,1684.75,1692.25,-0.00548108919791106,0.0010392696355203872,0.0020469206362394095,0.004800454405662564,0.0010234603181197047,-1.1417854925245463,-1.0,88.0,40.0,True,False,True,-350.0,100.0,40.0,-490.0,2013-2014,-590.0
2013-09-30,1676.75,1675.75,1684.75,-0.004759788846479743,-0.000596569741779545,0.002396230793877887,0.005619659339889525,0.0011981153969389436,-0.8469888579711157,0.0,75.0,40.0,False,False,False,0.0,0.0,0.0,0.0,2013-2014,0.0
2013-10-01,1685.0,1688.5,1675.75,0.005504737548395091,0.0020749970391602166,0.0025316598677392133,0.005937268671078253,0.0012658299338696066,0.9271498147304472,0.0,71.0,40.0,False,False,False,0.0,0.0,0.0,0.0,2013-2014,0.0
2013-10-02,1683.25,1687.0,1688.5,-0.003114112400232176,0.002225355120577983,0.0027821047319821278,0.006524613940184156,0.0013910523659910639,-0.4772868446748714,0.0,65.0,40.0,False,False,False,0.0,0.0,0.0,0.0,2013-2014,0.0
2013-10-03,1673.75,1671.75,1687.0,-0.00788518554058601,-0.001195636071294294,0.0027392139505024366,0.006424026141482413,0.0013696069752512183,-1.227452281003081,-1.0,66.0,40.0,True,False,True,400.0,100.0,40.0,260.0,2013-2014,160.0
2013-10-04,1685.0,1683.75,1671.75,0.007894581852374266,-0.0007421150618884122,0.0029625770115927685,0.006947858952432661,0.0014812885057963843,1.1362610994873648,1.0,61.0,40.0,True,False,True,-250.0,100.0,40.0,-390.0,2013-2014,-490.0
2013-10-07,1677.25,1669.25,1683.75,-0.0038679012815762558,-0.004781123705019244,0.002755768371997157,0.006462849701219211,0.0013778841859985785,-0.5984823197801706,0.0,65.0,40.0,False,False,False,0.0,0.0,0.0,0.0,2013-2014,0.0
2013-10-08,1653.75,1649.75,1669.25,-0.00932898730881275,-0.002421675165634448,0.003237960889891097,0.007593691393818549,0.0016189804449455484,-1.2285180981158617,-1.0,56.0,40.0,True,False,True,800.0,100.0,40.0,660.0,2013-2014,560.0
2013-10-09,1656.25,1650.75,1649.75,0.003932249471001397,-0.0033262806598515896,0.003241414398829353,0.007601790590193893,0.0016207071994146765,0.5172793731090007,0.0,56.0,40.0,False,False,False,0.0,0.0,0.0,0.0,2013-2014,0.0
2013-10-10,1679.0,1686.5,1650.75,0.01696864800286013,0.004456997424164113,0.003664422019641526,0.008593831395785307,0.001832211009820763,1.9745148841507532,1.0,49.0,40.0,True,False,True,1500.0,100.0,40.0,1360.0,2013-2014,1260.0
2013-10-11,1695.5,1697.5,1686.5,0.005322307063988259,0.0011788978671578773,0.0035077992542841296,0.008226518452295578,0.0017538996271420648,0.6469695649321846,0.0,51.0,40.0,False,False,False,0.0,0.0,0.0,0.0,2013-2014,0.0
2013-10-14,1701.75,1705.0,1697.5,0.002500552895209599,0.001907977389556264,0.003783084273505183,0.00887211904859444,0.0018915421367525914,0.28184392945062514,0.0,47.0,40.0,False,False,False,0.0,0.0,0.0,0.0,2013-2014,0.0
2013-10-15,1695.0,1691.75,1705.0,-0.0058823699030665245,-0.0019192447022156976,0.003128250483088476,0.007336397683276722,0.001564125241544238,-0.801806302904674,0.0,57.0,40.0,False,False,False,0.0,0.0,0.0,0.0,2013-2014,0.0
2013-10-16,1711.5,1716.0,1691.75,0.011606682857905188,0.0026258220776675858,0.0031737206092479976,0.0074430345814466125,0.0015868603046239988,1.5594019792461233,1.0,56.0,40.0,True,False,True,900.0,100.0,40.0,760.0,2013-2014,660.0
2013-10-17,1722.75,1727.25,1716.0,0.003925850189409759,0.0026086971315870218,0.0029870631995572248,0.007005284153395902,0.0014935315997786124,0.5604126975358527,0.0,59.0,40.0,False,False,False,0.0,0.0,0.0,0.0,2013-2014,0.0
2013-10-18,1738.75,1738.75,1727.25,0.006635915868748347,0.0,0.0030198370424043557,0.007082145627895982,0.0015099185212021778,0.9369922926478702,0.0,58.0,40.0,False,False,False,0.0,0.0,0.0,0.0,2013-2014,0.0
2013-10-21,1735.75,1739.0,1738.75,-0.0017268676042698579,0.0018706387209001766,0.002469193863954924,0.005790772906776742,0.001234596931977462,-0.2982102099443348,0.0,71.0,40.0,False,False,False,0.0,0.0,0.0,0.0,2013-2014,0.0
2013-10-22,1750.0,1749.5,1739.0,0.006305552563276647,-0.0002857551098170689,0.0025225728175381026,0.005915957649341455,0.0012612864087690513,1.0658549193601075,1.0,68.0,40.0,True,False,True,-100.0,100.0,40.0,-240.0,2013-2014,-340.0
2013-10-23,1742.25,1741.25,1749.5,-0.00415265148911454,-0.0005741352246127649,0.002195106731013873,0.005147981602820981,0.0010975533655069366,-0.8066562411254496,0.0,79.0,40.0,False,False,False,0.0,0.0,0.0,0.0,2013-2014,0.0
2013-10-24,1748.75,1746.75,1741.25,0.0042980008856754615,-0.0011443285471308877,0.002075331162639195,0.004867082996047781,0.0010376655813195974,0.8830753223574713,0.0,83.0,40.0,False,False,False,0.0,0.0,0.0,0.0,2013-2014,0.0
2013-10-25,1751.75,1754.75,1746.75,0.002858369818083174,0.0017111083598875016,0.001983724715522506,0.004652246834419006,0.000991862357761253,0.6144063115774339,0.0,87.0,40.0,False,False,False,0.0,0.0,0.0,0.0,2013-2014,0.0
2013-10-28,1759.5,1757.5,1754.75,0.002703281151109035,-0.001137333076819919,0.00211711927259713,0.004965084800807747,0.001058559636298565,0.5444582035475508,0.0,81.0,40.0,False,False,False,0.0,0.0,0.0,0.0,2013-2014,0.0
2013-10-29,1765.25,1767.5,1757.5,0.0043999787116362574,0.001273795374271625,0.001774357477861187,0.004161237138860332,0.0008871787389305935,1.0573727391179901,1.0,97.0,40.0,True,False,True,450.0,100.0,40.0,310.0,2013-2014,210.0
2013-10-30,1757.75,1758.5,1767.5,-0.0055315366914570644,0.0004265908347664221,0.0018969190595853798,0.004448669526094353,0.0009484595297926899,-1.243413712574285,-1.0,91.0,40.0,True,False,True,-150.0,100.0,40.0,-290.0,2013-2014,-390.0
2013-10-31,1759.75,1752.25,1758.5,0.0007105805742038451,-0.004271077107806798,0.0019731946804009354,0.004627551713076152,0.0009865973402004677,0.1535543238114326,0.0,87.0,40.0,False,False,False,0.0,0.0,0.0,0.0,2013-2014,0.0
2013-11-01,1753.0,1756.25,1752.25,0.00042792954080037287,0.0018522481608212943,0.002009032547134893,0.004711598960539854,0.0010045162735674465,0.09082469547691316,0.0,86.0,40.0,False,False,False,0.0,0.0,0.0,0.0,2013-2014,0.0
2013-11-04,1760.75,1763.25,1756.25,0.002559000543463763,0.0014188424627688439,0.0018246581621707534,0.004279202700068078,0.0009123290810853767,0.5980087233126515,0.0,94.0,40.0,False,False,False,0.0,0.0,0.0,0.0,2013-2014,0.0
2013-11-05,1760.5,1758.0,1763.25,-0.0015608374931813328,-0.0014210603499849135,0.0020576261245090735,0.004825561001110882,0.0010288130622545368,-0.32345202823506236,0.0,83.0,40.0,False,False,False,0.0,0.0,0.0,0.0,2013-2014,0.0
2013-11-06,1765.25,1766.5,1758.0,0.004115524151333878,0.0007078644027436252,0.0018863303975752948,0.00442383691251058,0.0009431651987876474,0.9303064811668814,0.0,91.0,40.0,False,False,False,0.0,0.0,0.0,0.0,2013-2014,0.0
2013-11-07,1750.25,1744.5,1766.5,-0.009241552941892899,-0.0032906532304781966,0.0022859221896922534,0.005360962732131314,0.0011429610948461267,-1.7238606951141422,-1.0,76.0,40.0,True,False,True,1150.0,100.0,40.0,1010.0,2013-2014,910.0
2013-11-08,1761.75,1767.5,1744.5,0.009839651580302993,0.0032584855635958685,0.002891282928384088,0.006780659506700582,0.001445641464192044,1.4511348889557931,1.0,59.0,40.0,True,False,True,1150.0,100.0,40.0,1010.0,2013-2014,910.0
2013-11-11,1768.0,1767.75,1767.5,0.0002828454268609553,-0.0001414127132385575,0.0029487298046153776,0.006915384373514515,0.0014743649023076888,0.040900897417103156,0.0,58.0,40.0,False,False,False,0.0,0.0,0.0,0.0,2013-2014,0.0
2013-11-12,1764.25,1764.5,1767.75,-0.001981880603410578,0.00014169323438502536,0.002873070772016657,0.006737948214077498,0.0014365353860083285,-0.2941371082772444,0.0,60.0,40.0,False,False,False,0.0,0.0,0.0,0.0,2013-2014,0.0
2013-11-13,1770.75,1778.5,1764.5,0.0035358215184071277,0.0043671267547778095,0.0030706304752089754,0.0072012667867571425,0.0015353152376044877,0.49099993419343524,0.0,56.0,40.0,False,False,False,0.0,0.0,0.0,0.0,2013-2014,0.0
2013-11-14,1786.5,1788.0,1778.5,0.0044880860749546905,0.0008392782699949171,0.002735894108527253,0.00641624042192215,0.0013679470542636266,0.6994884511528588,0.0,62.0,40.0,False,False,False,0.0,0.0,0.0,0.0,2013-2014,0.0
2013-11-15,1792.25,1795.5,1788.0,0.0023741369995222542,0.0018117209331558878,0.0019657403061112077,0.00461006965575207,0.0009828701530556038,0.5149893986005176,0.0,86.0,40.0,False,False,False,0.0,0.0,0.0,0.0,2013-2014,0.0
2013-11-18,1792.75,1789.5,1795.5,-0.0015327809034533042,-0.0018145025566037834,0.0018982767243269436,0.004451853532144547,0.0009491383621634718,-0.3443017368801289,0.0,89.0,40.0,False,False,False,0.0,0.0,0.0,0.0,2013-2014,0.0
2013-11-19,1785.75,1785.5,1789.5,-0.0020977561709986563,-0.0001400070005786942,0.0020467836886257445,0.0048001332350398615,0.0010233918443128722,-0.4370204051182417,0.0,83.0,40.0,False,False,False,0.0,0.0,0.0,0.0,2013-2014,0.0
2013-11-20,1780.75,1779.5,1785.5,-0.0026638641760399068,-0.000702197908215867,0.0017329744657514012,0.00406418537276598,0.0008664872328757006,-0.6554484925541054,0.0,98.0,40.0,False,False,False,0.0,0.0,0.0,0.0,2013-2014,0.0
2013-11-21,1793.75,1793.75,1779.5,0.007975974557683913,0.0,0.0019439735849854857,0.004559022169848187,0.0009719867924927429,1.7494923824749702,1.0,87.0,40.0,True,False,True,0.0,100.0,40.0,-140.0,2013-2014,-240.0
2013-11-22,1801.75,1802.75,1793.75,0.004450014296619155,0.0005548619923184318,0.0019773979794455708,0.0046374093231172555,0.0009886989897227854,0.9595905788251329,0.0,85.0,40.0,False,False,False,0.0,0.0,0.0,0.0,2013-2014,0.0
2013-11-25,1804.0,1801.75,1802.75,0.0006931448257001028,-0.0012480068180185202,0.0020336975185033294,0.004769443445750908,0.0010168487592516647,0.14533033750879776,0.0,82.0,40.0,False,False,False,0.0,0.0,0.0,0.0,2013-2014,0.0
2013-11-26,1805.75,1802.0,1801.75,0.0022176031264057876,-0.002078858762672914,0.0018119604266355277,0.004249423870633832,0.0009059802133177639,0.5218597141440297,0.0,92.0,40.0,False,False,False,0.0,0.0,0.0,0.0,2013-2014,0.0
2013-11-27,1806.0,1806.0,1802.0,0.002217295808647531,0.0,0.0018307606723202258,0.004293514354957863,0.0009153803361601129,0.5164291126888039,0.0,91.0,40.0,False,False,False,0.0,0.0,0.0,0.0,2013-2014,0.0
2013-12-03,1792.0,1793.25,1799.75,-0.004315451814536462,0.0006973014716680862,0.0017790650505293843,0.004172277375377045,0.0008895325252646922,-1.034315656960961,-1.0,95.0,40.0,True,False,True,-250.0,100.0,40.0,-390.0,2013-2014,-490.0
2013-12-04,1788.25,1791.25,1793.25,-0.00279212801805057,0.0016762121538883444,0.001857391050123054,0.004355968126826081,0.000928695525061527,-0.6409890836563622,0.0,91.0,40.0,False,False,False,0.0,0.0,0.0,0.0,2013-2014,0.0
2013-12-05,1783.25,1784.25,1791.25,-0.0044761579842341045,0.0005606166930293419,0.002084460264591299,0.004888492637882373,0.0010422301322956496,-0.9156519843247864,0.0,81.0,40.0,False,False,False,0.0,0.0,0.0,0.0,2013-2014,0.0
2013-12-06,1804.0,1804.0,1784.25,0.011008262771392259,0.0,0.002361258424495813,0.005537641863635501,0.0011806292122479064,1.98789720290168,1.0,71.0,40.0,True,False,True,0.0,100.0,40.0,-140.0,2013-2014,-240.0
2013-12-09,1808.25,1808.5,1804.0,0.002353105106821233,0.00013824566276245747,0.002297502738379409,0.005388121526166133,0.0011487513691897046,0.436720867447762,0.0,73.0,40.0,False,False,False,0.0,0.0,0.0,0.0,2013-2014,0.0
2013-12-10,1803.75,1802.5,1808.5,-0.002629941304072031,-0.0006932409289765051,0.0020340260735758923,0.004770213975696068,0.0010170130367879462,-0.5513256464954008,0.0,82.0,40.0,False,False,False,0.0,0.0,0.0,0.0,2013-2014,0.0
2013-12-11,1786.75,1781.0,1802.5,-0.00877626305901585,-0.0032233228104266414,0.0020973291418547257,0.004918672830246177,0.0010486645709273628,-1.784274612665507,-1.0,81.0,40.0,True,False,True,1150.0,100.0,40.0,1010.0,2013-2014,910.0
2013-12-12,1781.5,1776.0,1781.0,0.000280701756229185,-0.003092061493775407,0.0021344436513028486,0.005005714070262973,0.0010672218256514243,0.05607626650046323,0.0,80.0,40.0,False,False,False,0.0,0.0,0.0,0.0,2013-2014,0.0
2013-12-13,1776.25,1775.25,1776.0,0.00014075585919496973,-0.0005631423491074242,0.0019490808739696837,0.0045709998242189145,0.0009745404369848418,0.030793232248487755,0.0,87.0,40.0,False,False,False,0.0,0.0,0.0,0.0,2013-2014,0.0
2013-12-17,1775.75,1774.25,1780.0,-0.002390495408211461,-0.0008450704728269989,0.002775419664017506,0.0065089360661157785,0.001387709832008753,-0.3672636178830981,0.0,61.0,40.0,False,False,False,0.0,0.0,0.0,0.0,2013-2014,0.0
2013-12-18,1793.25,1805.25,1774.25,0.010651817601451457,0.0066694703247472,0.0027592393886168003,0.006470989956746903,0.0013796196943084002,1.6460877968672263,1.0,61.0,40.0,True,False,True,2400.0,100.0,40.0,2260.0,2013-2014,2160.0
2013-12-19,1802.75,1803.25,1805.25,-0.0013858095344221391,0.0002773155869131672,0.004180407899267878,0.009803925546608205,0.002090203949633939,-0.14135251515670455,0.0,40.0,40.0,False,False,False,0.0,0.0,0.0,0.0,2013-2014,0.0
2013-12-20,1817.0,1813.25,1803.25,0.00759619701238923,-0.0020659741526494173,0.004143019198035674,0.009716241269858776,0.002071509599017837,0.7818040743753206,0.0,40.0,40.0,False,False,False,0.0,0.0,0.0,0.0,2013-2014,0.0
2013-12-23,1821.25,1822.75,1813.25,0.004402263265892851,0.0008232711771251847,0.0036049730521021486,0.008454411208659343,0.0018024865260510743,0.5207060736984118,0.0,46.0,40.0,False,False,False,0.0,0.0,0.0,0.0,2013-2014,0.0
2013-12-26,1836.25,1836.75,1822.75,0.007379098801547386,0.00027225701229981414,0.003524483755960269,0.00826564707709886,0.0017622418779801345,0.8927430281885879,0.0,47.0,40.0,False,False,False,0.0,0.0,0.0,0.0,2013-2014,0.0
2013-12-27,1835.25,1836.25,1836.75,-0.0008169935094961106,0.0005447364971962409,0.0014468767123273123,0.0033932266670107683,0.0007234383561636562,-0.240771863972127,0.0,114.0,40.0,False,False,False,0.0,0.0,0.0,0.0,2013-2014,0.0
2013-12-30,1836.0,1835.5,1836.25,-0.0001361563076513181,-0.0002723682435467517,0.0013851071102129893,0.0032483641093932467,0.0006925535551064947,-0.04191534663789595,0.0,119.0,40.0,False,False,False,0.0,0.0,0.0,0.0,2013-2014,0.0
2013-12-31,1838.25,1842.75,1835.5,0.0014971081394427486,0.0024449889930664398,0.001131882759111949,0.002654500365805556,0.0005659413795559745,0.563988673246396,0.0,145.0,40.0,False,False,False,0.0,0.0,0.0,0.0,2013-2014,0.0
2014-01-02,1824.5,1826.25,1842.75,-0.009953044192895806,0.0009587071884068886,0.0019481736576883405,0.0045688722134471236,0.0009740868288441703,-2.178446611748511,-1.0,85.0,40.0,True,False,True,-350.0,100.0,40.0,-490.0,2013-2014,-590.0
2014-01-03,1829.0,1824.5,1826.25,0.001504685325956396,-0.002463392514363382,0.002206501141772792,0.005174703864719747,0.001103250570886396,0.2907770889490093,0.0,75.0,40.0,False,False,False,0.0,0.0,0.0,0.0,2013-2014,0.0
2014-01-06,1825.0,1820.75,1824.5,0.00027401014008954076,-0.002331482918567344,0.0020883084407447117,0.004897517410920644,0.0010441542203723558,0.055948783250579975,0.0,79.0,40.0,False,False,False,0.0,0.0,0.0,0.0,2013-2014,0.0
2014-01-07,1831.75,1831.25,1820.75,0.006023289942048643,-0.0002730002746957949,0.0021987867916936268,0.005156612110125692,0.0010993933958468134,1.1680711702594644,1.0,75.0,40.0,True,False,True,-100.0,100.0,40.0,-240.0,2013-2014,-340.0
2014-01-08,1830.25,1831.75,1831.25,-0.0005462242386253723,0.0008192245133210992,0.002242677162231896,0.005259544152964286,0.001121338581115948,-0.10385391257101997,0.0,74.0,40.0,False,False,False,0.0,0.0,0.0,0.0,2013-2014,0.0
2014-01-09,1830.75,1832.75,1831.75,-0.0005460750988940716,0.0010918521625167717,0.0018140244383902532,0.004254264407265245,0.0009070122191951266,-0.1283594639678504,0.0,91.0,40.0,False,False,False,0.0,0.0,0.0,0.0,2013-2014,0.0
2014-01-10,1831.75,1837.25,1832.75,-0.0005457770636226708,0.0029980943689073896,0.0017130346972294836,0.004017422470504763,0.0008565173486147418,-0.1358525441697192,0.0,96.0,40.0,False,False,False,0.0,0.0,0.0,0.0,2013-2014,0.0
2014-01-13,1817.25,1813.5,1837.25,-0.010945519044235763,-0.002065689641787725,0.002171199921749307,0.0050919151653501735,0.0010855999608746535,-2.1495878640552792,-1.0,77.0,40.0,True,False,True,750.0,100.0,40.0,610.0,2013-2014,510.0
2014-01-14,1831.0,1833.25,1813.5,0.009603585951553636,0.0012280822993981015,0.0025370742233869585,0.005949966460607989,0.0012685371116934793,1.6140571573192206,1.0,65.0,40.0,True,False,True,450.0,100.0,40.0,310.0,2013-2014,210.0
2014-01-15,1844.25,1843.0,1833.25,0.005982342790502726,-0.0006780120945883597,0.0025328240054405503,0.005939998815988731,0.0012664120027202751,1.0071286166589828,1.0,65.0,40.0,True,False,True,-250.0,100.0,40.0,-390.0,2013-2014,-490.0
2014-01-16,1839.25,1840.0,1843.0,-0.0020367988574495097,0.0004076917906575698,0.002360132792093387,0.005535002021655448,0.0011800663960466935,-0.3679852056929022,0.0,70.0,40.0,False,False,False,0.0,0.0,0.0,0.0,2013-2014,0.0
2014-01-17,1835.5,1832.0,1840.0,-0.0024486476661422915,-0.001908657702813414,0.0022844199965913925,0.005357439777034027,0.0011422099982956963,-0.4570555653539994,0.0,72.0,40.0,False,False,False,0.0,0.0,0.0,0.0,2013-2014,0.0
2014-01-21,1836.75,1838.25,1832.0,0.002589439266311342,0.0008163265759448678,0.002109627281119581,0.004947514523358368,0.0010548136405597905,0.5233818423545795,0.0,78.0,40.0,False,False,False,0.0,0.0,0.0,0.0,2013-2014,0.0
2014-01-22,1839.25,1839.5,1838.25,0.0005438477360422161,0.0001359157324551916,0.0015338512737423998,0.003597200093793297,0.0007669256368711999,0.15118640105135803,0.0,107.0,40.0,False,False,False,0.0,0.0,0.0,0.0,2013-2014,0.0
2014-01-23,1820.0,1823.5,1839.5,-0.01065729447398798,0.0019212301778938723,0.002011647458323651,0.004717731470864999,0.0010058237291618254,-2.258987087290485,-1.0,83.0,40.0,True,False,True,-700.0,100.0,40.0,-840.0,2013-2014,-940.0
2014-01-24,1792.25,1784.75,1823.5,-0.0172859175157533,-0.004193464350411698,0.002833358156365246,0.006644813874919904,0.001416679078182623,-2.6014148539204434,-1.0,60.0,40.0,True,False,True,1500.0,100.0,40.0,1360.0,2013-2014,1260.0
2014-01-27,1787.75,1775.75,1784.75,0.001679496545935451,-0.006734977050586014,0.003376161489287927,0.007917800528532517,0.0016880807446439635,0.21211655179784233,0.0,50.0,40.0,False,False,False,0.0,0.0,0.0,0.0,2013-2014,0.0
2014-01-28,1786.75,1786.0,1775.75,0.0061754582221689724,-0.0004198446636438585,0.0034228639960440393,0.008027327615388581,0.0017114319980220196,0.7693043710251055,0.0,49.0,40.0,False,False,False,0.0,0.0,0.0,0.0,2013-2014,0.0
2014-01-29,1768.0,1768.75,1786.0,-0.010129518238855603,0.00042411819395911995,0.0038774069326460627,0.009093325292065859,0.0019387034663230314,-1.1139509380241623,-1.0,44.0,40.0,True,False,True,-150.0,100.0,40.0,-290.0,2013-2014,-390.0
2014-01-30,1789.25,1788.75,1768.75,0.0115234552271591,-0.0002794857480461962,0.0039707915021496235,0.009312331520327772,0.0019853957510748118,1.2374403984657005,1.0,43.0,40.0,True,False,True,-100.0,100.0,40.0,-240.0,2013-2014,-340.0
2014-01-31,1784.75,1776.25,1788.75,-0.0022387024880907683,-0.004773948971259528,0.003990180713139689,0.009357803250726944,0.0019950903565698445,-0.23923376332120028,0.0,42.0,40.0,False,False,False,0.0,0.0,0.0,0.0,2013-2014,0.0
2014-02-03,1735.75,1737.0,1776.25,-0.023064803777927592,0.000719890607722258,0.004844827670848759,0.01136212803048883,0.0024224138354243794,-2.0299721773981174,-1.0,36.0,36.0,False,False,True,-225.0,90.0,36.0,-351.0,2013-2014,-441.0
2014-02-04,1750.25,1748.75,1737.0,0.007599147616202103,-0.000857387877616051,0.0048075121427195965,0.01127461535987725,0.0024037560713597982,0.6740050435108447,0.0,36.0,36.0,False,False,False,0.0,0.0,0.0,0.0,2013-2014,0.0
2014-02-05,1745.25,1746.25,1748.75,-0.002003435129180114,0.0005728197206608528,0.004530684352329783,0.01062539664447651,0.0022653421761648913,-0.1885515615289126,0.0,38.0,38.0,False,False,False,0.0,0.0,0.0,0.0,2013-2014,0.0
2014-02-06,1767.75,1769.25,1746.25,0.012236919913178617,0.0008481764715439223,0.004506564395474108,0.01056883033159545,0.002253282197737054,1.157831049344829,1.0,38.0,38.0,False,False,True,285.0,95.0,38.0,152.0,2013-2014,57.0
2014-02-07,1789.25,1791.75,1769.25,0.01124080966281287,0.001396258255321745,0.0043148406471595615,0.010119198286281966,0.0021574203235797808,1.1108399445093797,1.0,39.0,39.0,False,False,True,487.5,97.5,39.0,351.0,2013-2014,253.5
2014-02-10,1794.5,1795.0,1791.75,0.001533635713633284,0.00027859033471739757,0.002413611622600598,0.005660420996369423,0.001206805811300299,0.2709402206332273,0.0,70.0,40.0,False,False,False,0.0,0.0,0.0,0.0,2013-2014,0.0
2014-02-11,1816.75,1814.5,1795.0,0.012044168574366024,-0.00123924284362027,0.0025421048786808424,0.005961764393044326,0.0012710524393404212,2.0202355846900164,1.0,65.0,40.0,True,False,True,-450.0,100.0,40.0,-590.0,2013-2014,-690.0
2014-02-12,1813.75,1816.0,1814.5,-0.00041342245472741717,0.0012397549628409739,0.002453057255332027,0.005752929205079273,0.0012265286276660135,-0.0718629484198077,0.0,68.0,40.0,False,False,False,0.0,0.0,0.0,0.0,2013-2014,0.0
2014-02-13,1826.25,1825.5,1816.0,0.005628403903670616,-0.0004107619692176559,0.0028069625432295747,0.006582910674999026,0.0014034812716147873,0.8550023206370561,0.0,59.0,40.0,False,False,False,0.0,0.0,0.0,0.0,2013-2014,0.0
2014-02-14,1838.0,1835.25,1825.5,0.006824101819940811,-0.0014973119247415894,0.002685203870084851,0.006297361275292426,0.0013426019350424256,1.083644644418773,1.0,61.0,40.0,True,False,True,-550.0,100.0,40.0,-690.0,2013-2014,-790.0
2014-02-18,1838.25,1837.5,1835.25,0.001633320085440881,-0.00040807998933988925,0.0026776870261506513,0.0062797327136658735,0.0013388435130753256,0.26009388614366835,0.0,61.0,40.0,False,False,False,0.0,0.0,0.0,0.0,2013-2014,0.0
2014-02-19,1833.5,1825.25,1837.5,-0.002179243575611028,-0.004509744575185569,0.0024912443725829945,0.0058424859333673545,0.0012456221862914973,-0.37299937055304244,0.0,66.0,40.0,False,False,False,0.0,0.0,0.0,0.0,2013-2014,0.0
2014-02-20,1838.25,1836.5,1825.25,0.007097068140136527,-0.000952445816609681,0.002902116347004866,0.006806066125416412,0.001451058173502433,1.042756272031123,1.0,57.0,40.0,True,False,True,-350.0,100.0,40.0,-490.0,2013-2014,-590.0
2014-02-21,1836.5,1834.0,1836.5,0.0,-0.001362212443311803,0.0024184390784972145,0.005671742383978094,0.0012092195392486072,0.0,0.0,68.0,40.0,False,False,False,0.0,0.0,0.0,0.0,2013-2014,0.0
2014-02-24,1852.5,1844.75,1834.0,0.010036704353831775,-0.004192311231765889,0.0026646965741608394,0.006249267403295752,0.0013323482870804197,1.6060609518067024,1.0,61.0,40.0,True,False,True,-1550.0,100.0,40.0,-1690.0,2013-2014,-1790.0
2014-02-25,1844.25,1843.0,1844.75,-0.0002710761740643777,-0.0006780120945883597,0.002787790679380559,0.00653794866882772,0.0013938953396902794,-0.04146196120456582,0.0,59.0,40.0,False,False,False,0.0,0.0,0.0,0.0,2013-2014,0.0
2014-02-26,1842.25,1843.25,1843.0,-0.0004070280227145626,0.0005426672226512814,0.0028805338631418672,0.00675545071419284,0.0014402669315709336,-0.060251793690007764,0.0,57.0,40.0,False,False,False,0.0,0.0,0.0,0.0,2013-2014,0.0
2014-02-27,1849.5,1853.5,1843.25,0.003385014402748649,0.0021604113182782272,0.0028941985671853817,0.0067874972857923516,0.0014470992835926909,0.4987131869406697,0.0,56.0,40.0,False,False,False,0.0,0.0,0.0,0.0,2013-2014,0.0
2014-02-28,1855.25,1858.25,1853.5,0.0009437142594560607,0.0016157267551598332,0.0029343376968449884,0.006881631888962859,0.0014671688484224942,0.13713524272776662,0.0,56.0,40.0,False,False,False,0.0,0.0,0.0,0.0,2013-2014,0.0
2014-03-03,1844.25,1844.0,1858.25,-0.0075624938409911925,-0.00013556564787254615,0.0031128358638611545,0.00730024719679897,0.0015564179319305772,-1.0359229813898923,-1.0,53.0,40.0,True,False,True,50.0,100.0,40.0,-90.0,2013-2014,-190.0
2014-03-04,1871.25,1871.75,1844.0,0.014669531617298935,0.0002671653769564969,0.003194192998881492,0.007491046590935707,0.001597096499440746,1.9582753142997824,1.0,51.0,40.0,True,False,True,100.0,100.0,40.0,-40.0,2013-2014,-140.0
2014-03-05,1871.5,1872.25,1871.75,-0.00013357376631090373,0.00040066778499279706,0.003015214912435774,0.007071305772271688,0.001507607456217887,-0.018889547505452103,0.0,54.0,40.0,False,False,False,0.0,0.0,0.0,0.0,2013-2014,0.0
2014-03-06,1877.75,1876.75,1872.25,0.002933335436644599,-0.000532694113009357,0.0025996424199780516,0.006096701888285286,0.0012998212099890258,0.48113479884607047,0.0,62.0,40.0,False,False,False,0.0,0.0,0.0,0.0,2013-2014,0.0
2014-03-07,1874.75,1877.25,1876.75,-0.0010662402716129814,0.001332622798494601,0.002518027299554994,0.005905297464749188,0.001259013649777497,-0.18055657280225884,0.0,64.0,40.0,False,False,False,0.0,0.0,0.0,0.0,2013-2014,0.0
2014-03-10,1874.25,1877.0,1877.25,-0.001599360596821798,0.0014661782033374225,0.0019116227917752343,0.004483152834690111,0.0009558113958876172,-0.3567490682999101,0.0,84.0,40.0,False,False,False,0.0,0.0,0.0,0.0,2013-2014,0.0
2014-03-11,1866.75,1867.0,1877.0,-0.005475806670697697,0.0001339136259116174,0.0015756378263358975,0.003695198246209913,0.0007878189131679487,-1.4818708783254366,-1.0,103.0,40.0,True,False,True,-50.0,100.0,40.0,-190.0,2013-2014,-290.0
2014-03-12,1864.0,1867.5,1867.0,-0.001608148296186157,0.0018759217614358465,0.0019219854091494849,0.004507455326612713,0.0009609927045747424,-0.35677520455752515,0.0,84.0,40.0,False,False,False,0.0,0.0,0.0,0.0,2013-2014,0.0
2014-03-13,1846.25,1847.0,1867.5,-0.011444083161382845,0.0004061463536503297,0.002689040349946955,0.006306358618096154,0.0013445201749734774,-1.8146895624590622,-1.0,61.0,40.0,True,False,True,-150.0,100.0,40.0,-290.0,2013-2014,-390.0
2014-03-14,1840.75,1840.75,1847.0,-0.00338960395041376,0.0,0.0027426719050176887,0.006432135763659958,0.0013713359525088444,-0.526979540693811,0.0,60.0,40.0,False,False,False,0.0,0.0,0.0,0.0,2013-2014,0.0
2014-03-18,1866.0,1864.75,1851.25,0.007936015825280678,-0.0006701065720164919,0.003424295014853278,0.00803068365197631,0.001712147507426639,0.9882117350404739,0.0,47.0,40.0,False,False,False,0.0,0.0,0.0,0.0,2013-2014,0.0
2014-03-19,1860.25,1854.0,1864.75,-0.002416108557901977,-0.003365420151570171,0.003237923714614055,0.007593604210065893,0.0016189618573070276,-0.31817678286409024,0.0,50.0,40.0,False,False,False,0.0,0.0,0.0,0.0,2013-2014,0.0
2014-03-20,1863.75,1864.5,1854.0,0.00524511995314769,0.0004023335399272571,0.0032639412645194,0.007654620773119904,0.0016319706322597,0.6852227051621606,0.0,50.0,40.0,False,False,False,0.0,0.0,0.0,0.0,2013-2014,0.0
2014-03-21,1861.75,1857.25,1864.5,-0.0014760150281205415,-0.0024200065588392532,0.003331244063119541,0.007812459826737066,0.0016656220315597705,-0.1889308951156566,0.0,49.0,40.0,False,False,False,0.0,0.0,0.0,0.0,2013-2014,0.0
2014-03-24,1850.0,1849.5,1857.25,-0.003911259959545077,-0.00027030679986182017,0.0030812763035277585,0.00722623346721854,0.0015406381517638792,-0.5412584546691329,0.0,53.0,40.0,False,False,False,0.0,0.0,0.0,0.0,2013-2014,0.0
2014-03-25,1857.25,1858.75,1849.5,0.00418156675940697,0.0008073197424491491,0.0028622112610488986,0.006712480403383923,0.0014311056305244493,0.6229540360816459,0.0,57.0,40.0,False,False,False,0.0,0.0,0.0,0.0,2013-2014,0.0
2014-03-26,1855.5,1844.5,1858.75,-0.0017500172737125168,-0.00594596346392194,0.003050520093170749,0.007154103760333059,0.0015252600465853745,-0.24461726197147649,0.0,53.0,40.0,False,False,False,0.0,0.0,0.0,0.0,2013-2014,0.0
2014-03-27,1839.5,1841.25,1844.5,-0.002714442491901311,0.0009508932320110497,0.002438442044026678,0.005718653496359394,0.001219221022013339,-0.4746646205491166,0.0,67.0,40.0,False,False,False,0.0,0.0,0.0,0.0,2013-2014,0.0
2014-03-28,1848.75,1849.25,1841.25,0.0040650462481695935,0.00027041644296756686,0.002448191410916809,0.00574151778841428,0.0012240957054584045,0.7080089965709743,0.0,67.0,40.0,False,False,False,0.0,0.0,0.0,0.0,2013-2014,0.0
2014-03-31,1865.75,1865.0,1849.25,0.008882965543519727,-0.00040206393358093427,0.002394034472520144,0.005614508509734527,0.001197017236260072,1.582144817862204,1.0,68.0,40.0,True,False,True,-150.0,100.0,40.0,-290.0,2013-2014,-390.0
2014-04-01,1875.0,1877.5,1865.0,0.005347606326595277,0.0013324452337786948,0.00234649802822613,0.0055030256659932214,0.001173249014113065,0.9717574750998562,0.0,69.0,40.0,False,False,False,0.0,0.0,0.0,0.0,2013-2014,0.0
2014-04-02,1881.75,1883.5,1877.5,0.0022610902763515748,0.0009295532174543737,0.002118285192581265,0.004967819125541887,0.0010591425962906324,0.4551474639497742,0.0,76.0,40.0,False,False,False,0.0,0.0,0.0,0.0,2013-2014,0.0
2014-04-03,1878.75,1881.25,1883.5,-0.002525086064911519,0.0013297874300016482,0.0018086483230655107,0.004241656299242344,0.0009043241615327553,-0.5953066176914326,0.0,89.0,40.0,False,False,False,0.0,0.0,0.0,0.0,2013-2014,0.0
2014-04-04,1860.75,1859.0,1881.25,-0.01095681725716582,-0.0009409235185760596,0.0026381255435081095,0.006186952812831594,0.0013190627717540547,-1.7709553618126261,-1.0,62.0,40.0,True,False,True,350.0,100.0,40.0,210.0,2013-2014,110.0
2014-04-07,1842.0,1838.25,1859.0,-0.009186770906191868,-0.002037905738920452,0.0030310783913420005,0.007108508928005384,0.0015155391956710002,-1.2923625755042325,-1.0,54.0,40.0,True,False,True,750.0,100.0,40.0,610.0,2013-2014,510.0
2014-04-08,1843.75,1845.75,1838.25,0.002987509011798259,0.0010841578511450083,0.003153800477005687,0.007396317730343062,0.0015769002385028436,0.4039184254540793,0.0,52.0,40.0,False,False,False,0.0,0.0,0.0,0.0,2013-2014,0.0
2014-04-09,1860.75,1866.0,1845.75,0.008093933300745171,0.0028174701672691593,0.003154822523284271,0.007398714641329232,0.0015774112616421354,1.0939647889016353,1.0,52.0,40.0,True,False,True,1050.0,100.0,40.0,910.0,2013-2014,810.0
2014-04-10,1832.25,1825.75,1866.0,-0.01825238260132961,-0.0035538583057403554,0.004111654472319965,0.009642684467959024,0.0020558272361599823,-1.8928735729120998,-1.0,40.0,40.0,False,False,True,1300.0,100.0,40.0,1160.0,2013-2014,1060.0
2014-04-11,1811.75,1809.25,1825.75,-0.007697632510828288,-0.0013808342431537368,0.0037920933352052796,0.008893247171084117,0.0018960466676026398,-0.8655592679192251,0.0,44.0,40.0,False,False,False,0.0,0.0,0.0,0.0,2013-2014,0.0
2014-04-14,1816.5,1823.75,1809.25,0.003999177915019459,0.003983248175738788,0.0035491185756556564,0.008323420850368687,0.0017745592878278282,0.48047287130054406,0.0,47.0,40.0,False,False,False,0.0,0.0,0.0,0.0,2013-2014,0.0
2014-04-15,1831.75,1836.75,1823.75,0.004376973203077844,0.0027259114603136055,0.0037555007067135468,0.008807429850398623,0.0018777503533567734,0.4969637314658535,0.0,44.0,40.0,False,False,False,0.0,0.0,0.0,0.0,2013-2014,0.0
2014-04-16,1852.0,1855.75,1836.75,0.008268430705737772,0.002022790791531729,0.004264559642056788,0.010001278876905061,0.002132279821028394,0.8267373410445759,0.0,38.0,38.0,False,False,False,0.0,0.0,0.0,0.0,2013-2014,0.0
2014-04-17,1860.75,1858.25,1855.75,0.002690705242363781,-0.0013444476346171923,0.0033875259962101506,0.007944452659717827,0.0016937629981050753,0.3386898201315923,0.0,48.0,40.0,False,False,False,0.0,0.0,0.0,0.0,2013-2014,0.0
2014-04-21,1865.25,1865.25,1858.25,0.0037599077462208545,0.0,0.0030605759681159583,0.007177686877493971,0.0015302879840579792,0.5238327904788171,0.0,53.0,40.0,False,False,False,0.0,0.0,0.0,0.0,2013-2014,0.0
2014-04-22,1877.0,1873.0,1865.25,0.006279665234885055,-0.0021333341424202715,0.002983168300265527,0.006996149804885551,0.0014915841501327634,0.8975887323767482,0.0,54.0,40.0,False,False,False,0.0,0.0,0.0,0.0,2013-2014,0.0
2014-04-23,1869.75,1869.0,1873.0,-0.0017366913723115417,-0.00040120361621411374,0.002550152159418988,0.0059806369392432866,0.001275076079709494,-0.2903856880052111,0.0,63.0,40.0,False,False,False,0.0,0.0,0.0,0.0,2013-2014,0.0
2014-04-24,1872.0,1873.0,1869.0,0.0016038495819746207,0.000534045406551155,0.0022173572153840505,0.0052001636140977725,0.0011086786076920253,0.30842290762285723,0.0,73.0,40.0,False,False,False,0.0,0.0,0.0,0.0,2013-2014,0.0
2014-04-25,1855.75,1857.75,1873.0,-0.009252496446432229,0.0010771510399222664,0.002164848458048557,0.005077019662630201,0.0010824242290242785,-1.8224267505867566,-1.0,75.0,40.0,True,False,True,-400.0,100.0,40.0,-540.0,2013-2014,-640.0
2014-04-28,1855.0,1863.75,1857.75,-0.0014813819960430843,0.004705891037412714,0.0026670622139288052,0.006254815320320618,0.0013335311069644026,-0.23683864673516047,0.0,61.0,40.0,False,False,False,0.0,0.0,0.0,0.0,2013-2014,0.0
2014-04-29,1873.0,1872.25,1863.75,0.004950836365140291,-0.00040050731461203324,0.0030945804764624146,0.007257434518420604,0.0015472902382312073,0.6821744450568897,0.0,52.0,40.0,False,False,False,0.0,0.0,0.0,0.0,2013-2014,0.0
2014-04-30,1877.75,1878.25,1872.25,0.002933335436644599,0.00026624068314891444,0.003130935345095381,0.007342694242811792,0.0015654676725476906,0.3994903423244429,0.0,51.0,40.0,False,False,False,0.0,0.0,0.0,0.0,2013-2014,0.0
2014-05-01,1875.75,1878.0,1878.25,-0.001331912823431808,0.0011988013423701262,0.002852946991752821,0.0066907537660291375,0.0014264734958764104,-0.19906767906992912,0.0,57.0,40.0,False,False,False,0.0,0.0,0.0,0.0,2013-2014,0.0
2014-05-02,1874.75,1875.0,1878.0,-0.0017320635867095074,0.00013334222301241043,0.0027770967309819357,0.0065128691367759,0.0013885483654909679,-0.2659447856750489,0.0,58.0,40.0,False,False,False,0.0,0.0,0.0,0.0,2013-2014,0.0
2014-05-05,1878.75,1878.5,1875.0,0.001998002662673058,-0.0001330760531606622,0.0023683728872438766,0.005554326757733599,0.0011841864436219383,0.35972004345821523,0.0,68.0,40.0,False,False,False,0.0,0.0,0.0,0.0,2013-2014,0.0
2014-05-06,1863.75,1862.5,1878.5,-0.00788299893507543,-0.0006709158252336343,0.001907631981724501,0.004473793555511901,0.0009538159908622505,-1.7620390474574417,-1.0,85.0,40.0,True,False,True,250.0,100.0,40.0,110.0,2013-2014,10.0
2014-05-07,1869.25,1873.5,1862.5,0.0036176096263103004,0.0022710583537172333,0.0018078293837687838,0.004239735716350492,0.0009039146918843919,0.8532630023043726,0.0,89.0,40.0,False,False,False,0.0,0.0,0.0,0.0,2013-2014,0.0
2014-05-08,1869.25,1871.25,1873.5,-0.0022710583537171236,0.0010693758538132747,0.0021100875234900734,0.004948593887392316,0.0010550437617450367,-0.45893003252967846,0.0,77.0,40.0,False,False,False,0.0,0.0,0.0,0.0,2013-2014,0.0
2014-05-09,1871.0,1874.5,1871.25,-0.0001336094597485043,0.0018689099018770303,0.002186252128140017,0.0051272157183877235,0.0010931260640700085,-0.02605887231725807,0.0,74.0,40.0,False,False,False,0.0,0.0,0.0,0.0,2013-2014,0.0
2014-05-12,1891.5,1892.0,1874.5,0.009028207897117172,0.0002643055387396453,0.0022299795488810023,0.0052297656100776975,0.0011149897744405011,1.7263121467088163,1.0,72.0,40.0,True,False,True,100.0,100.0,40.0,-40.0,2013-2014,-140.0
2014-05-13,1894.75,1893.75,1892.0,0.0014524330803148008,-0.0005279134344592405,0.0019523513789906223,0.00457866983836531,0.0009761756894953111,0.317217255575989,0.0,82.0,40.0,False,False,False,0.0,0.0,0.0,0.0,2013-2014,0.0
2014-05-14,1886.5,1885.0,1893.75,-0.003835729853314089,-0.0007954395222539783,0.001999336748704388,0.004688860297658599,0.000999668374352194,-0.8180516393780118,0.0,80.0,40.0,False,False,False,0.0,0.0,0.0,0.0,2013-2014,0.0
2014-05-15,1867.75,1868.25,1885.0,-0.009193323026200486,0.0002676659544888772,0.0021650446359125215,0.005077479740502635,0.0010825223179562608,-1.8106075250022389,-1.0,75.0,40.0,True,False,True,-100.0,100.0,40.0,-240.0,2013-2014,-340.0
2014-05-16,1872.75,1875.25,1868.25,0.002405775017592722,0.0013340450217532765,0.0020206486458414826,0.004738841126760381,0.0010103243229207413,0.507671591690896,0.0,80.0,40.0,False,False,False,0.0,0.0,0.0,0.0,2013-2014,0.0
2014-05-19,1881.0,1881.75,1875.25,0.0030615664512847673,0.0003986446136109849,0.002232800949808122,0.005236382381764369,0.001116400474904061,0.5846720556441086,0.0,72.0,40.0,False,False,False,0.0,0.0,0.0,0.0,2013-2014,0.0
2014-05-20,1866.75,1869.25,1881.75,-0.008003243998830338,0.00133832996421376,0.002424797398701069,0.0056866539666231754,0.0012123986993505345,-1.4073731311600783,-1.0,67.0,40.0,True,False,True,-500.0,100.0,40.0,-640.0,2013-2014,-740.0
2014-05-21,1883.75,1885.0,1869.25,0.0077271900606803055,0.0006633499414059723,0.002594297607824082,0.006084167192705149,0.001297148803912041,1.2700489345436008,1.0,62.0,40.0,True,False,True,250.0,100.0,40.0,110.0,2013-2014,10.0
2014-05-22,1893.75,1890.0,1885.0,0.00463116937556808,-0.001982161203991211,0.0022074525029575766,0.0051769350044669465,0.0011037262514787883,0.8945774616780103,0.0,72.0,40.0,False,False,False,0.0,0.0,0.0,0.0,2013-2014,0.0
2014-05-23,1897.5,1898.0,1890.0,0.003960401216096914,0.0002634699000881076,0.0021915154844585126,0.005139559383100643,0.0010957577422292563,0.7705721290270694,0.0,73.0,40.0,False,False,False,0.0,0.0,0.0,0.0,2013-2014,0.0
2014-05-28,1910.75,1907.5,1909.25,0.000785340354500039,-0.0017023509643813472,0.0010859582191924137,0.002546797772904942,0.0005429791095962069,0.30836384531790284,0.0,146.0,40.0,False,False,False,0.0,0.0,0.0,0.0,2013-2014,0.0
2014-05-29,1916.0,1917.75,1907.5,0.004446195372193776,0.0009129443085998862,0.000989491793055286,0.0023205639501812287,0.000494745896527643,1.9159977779739885,1.0,159.0,40.0,True,False,True,350.0,100.0,40.0,210.0,2013-2014,110.0
2014-05-30,1918.5,1920.75,1917.75,0.0003910068476013222,0.0011721040607372475,0.0010269186655703776,0.0024083377465240726,0.0005134593327851888,0.16235548696010685,0.0,153.0,40.0,False,False,False,0.0,0.0,0.0,0.0,2013-2014,0.0
2014-06-02,1922.75,1922.75,1920.75,0.0010407181894188718,0.0,0.001087375063659901,0.0025501205677147024,0.0005436875318299505,0.4081054843424577,0.0,145.0,40.0,False,False,False,0.0,0.0,0.0,0.0,2013-2014,0.0
2014-06-03,1921.25,1921.75,1922.75,-0.000780437084357577,0.00026021337643578724,0.0011105004578118138,0.002604354424305833,0.0005552502289059069,-0.2996662347773942,0.0,142.0,40.0,False,False,False,0.0,0.0,0.0,0.0,2013-2014,0.0
2014-06-04,1925.0,1925.5,1921.75,0.001689738492643134,0.0002597065330789053,0.0011614822560274394,0.002723917339213187,0.0005807411280137197,0.620333983090405,0.0,135.0,40.0,False,False,False,0.0,0.0,0.0,0.0,2013-2014,0.0
2014-06-05,1938.0,1938.5,1925.5,0.0064708391957479724,0.00025796466027220563,0.0015052027421308082,0.0035300133317098924,0.0007526013710654041,1.8330919992910004,1.0,104.0,40.0,True,False,True,100.0,100.0,40.0,-40.0,2013-2014,-140.0
2014-06-06,1946.25,1948.0,1938.5,0.003989966037224303,0.0008987610542723914,0.0014770480761643115,0.0034639847872289823,0.0007385240380821558,1.1518428290835767,1.0,105.0,40.0,True,False,True,350.0,100.0,40.0,210.0,2013-2014,110.0
2014-06-09,1948.75,1949.75,1948.0,0.00038493616950590253,0.0005130178386212056,0.0014238321061005599,0.003339182274898326,0.0007119160530502799,0.11527857355963696,0.0,109.0,40.0,False,False,False,0.0,0.0,0.0,0.0,2013-2014,0.0
2014-06-10,1947.25,1950.25,1949.75,-0.0012830384105495245,0.0015394486683645895,0.0014203005445437302,0.0033309000289068556,0.0007101502722718651,-0.3851927105031116,0.0,109.0,40.0,False,False,False,0.0,0.0,0.0,0.0,2013-2014,0.0
2014-06-11,1941.5,1943.5,1950.25,-0.004496699296700523,0.0010296011205557889,0.0014665578142172414,0.003439382942248375,0.0007332789071086207,-1.3074145485413629,-1.0,106.0,40.0,True,False,True,-400.0,100.0,40.0,-540.0,2013-2014,-640.0
2014-06-16,1935.75,1937.0,1943.5,-0.003995623025444922,0.0006455361401630018,0.0019010823758150554,0.004458433368122752,0.0009505411879075277,-0.896194401830278,0.0,82.0,40.0,False,False,False,0.0,0.0,0.0,0.0,2013-2014,0.0
2014-06-18,1942.25,1948.75,1934.25,0.0041274404009663075,0.0033410465414561163,0.001938680475713259,0.0045466087282737275,0.0009693402378566295,0.9078063778172152,0.0,80.0,40.0,False,False,False,0.0,0.0,0.0,0.0,2013-2014,0.0
2014-06-19,1948.5,1951.0,1948.75,-0.00012829559322231367,0.0012822158443473591,0.002432206112097815,0.0057040289396612315,0.0012161030560489075,-0.022492100685227813,0.0,64.0,40.0,False,False,False,0.0,0.0,0.0,0.0,2013-2014,0.0
2014-06-20,1953.0,1954.5,1951.0,0.00102459025356772,0.0007677543563304702,0.0023614161336213877,0.005538011724319533,0.0011807080668106938,0.18501048834337985,0.0,66.0,40.0,False,False,False,0.0,0.0,0.0,0.0,2013-2014,0.0
2014-06-23,1952.75,1953.5,1954.5,-0.0008957707426028465,0.0003840000047186393,0.0017786495795584767,0.004171303009582198,0.0008893247897792384,-0.2147460255332944,0.0,87.0,40.0,False,False,False,0.0,0.0,0.0,0.0,2013-2014,0.0
2014-06-24,1948.25,1941.75,1953.5,-0.002691101771454943,-0.0033419054239136018,0.001709875509217387,0.004010013517884672,0.0008549377546086935,-0.6710954363252445,0.0,91.0,40.0,False,False,False,0.0,0.0,0.0,0.0,2013-2014,0.0
2014-06-25,1949.0,1950.75,1941.75,0.003726792207804107,0.000897493489309839,0.001971071441256765,0.0046225722759043065,0.0009855357206283825,0.8062161033653152,0.0,79.0,40.0,False,False,False,0.0,0.0,0.0,0.0,2013-2014,0.0
2014-06-26,1947.25,1949.5,1950.75,-0.001795793196812719,0.0011548086225941522,0.0018199395255136105,0.004268136516197307,0.0009099697627568053,-0.42074408585521994,0.0,85.0,40.0,False,False,False,0.0,0.0,0.0,0.0,2013-2014,0.0
2014-06-27,1946.0,1953.25,1949.5,-0.0017969456767016304,0.0037186681309032544,0.00182560725428269,0.004281428518367754,0.000912803627141345,-0.4197070367968435,0.0,85.0,40.0,False,False,False,0.0,0.0,0.0,0.0,2013-2014,0.0
2014-06-30,1952.5,1952.0,1953.25,-0.00038404916301268264,-0.00025611474080328487,0.0018559658559613686,0.004352625750247693,0.0009279829279806843,-0.08823390409589608,0.0,83.0,40.0,False,False,False,0.0,0.0,0.0,0.0,2013-2014,0.0
2014-07-01,1968.25,1965.75,1952.0,0.008290335091538722,-0.0012709711929511324,0.0018616400977217212,0.004365933026736595,0.0009308200488608606,1.8988690483269965,1.0,83.0,40.0,True,False,True,-500.0,100.0,40.0,-640.0,2014-2015,-740.0
2014-07-02,1966.25,1967.75,1965.75,0.00025432350086214753,0.0007625826500718813,0.0018582827527150098,0.004358059354771274,0.0009291413763575049,0.05835705302721727,0.0,83.0,40.0,False,False,False,0.0,0.0,0.0,0.0,2014-2015,0.0
2014-07-08,1957.75,1958.0,1970.25,-0.0063645836027118605,0.00012768945940853522,0.0016230069853566719,0.0038062887712102243,0.0008115034926783359,-1.6721231586136898,-1.0,95.0,40.0,True,False,True,-50.0,100.0,40.0,-190.0,2014-2015,-290.0
2014-07-09,1965.75,1966.75,1958.0,0.003950307781169779,0.0005085823377264302,0.001482138764864569,0.0034759235104830036,0.0007410693824322845,1.136477189229304,1.0,104.0,40.0,True,False,True,200.0,100.0,40.0,60.0,2014-2015,-40.0
2014-07-10,1957.5,1958.75,1966.75,-0.004714285344393675,0.0006383658052724966,0.0019082869218591623,0.004475329526276578,0.0009541434609295811,-1.053394016399035,-1.0,81.0,40.0,True,False,True,-250.0,100.0,40.0,-390.0,2014-2015,-490.0
2014-07-11,1960.25,1961.25,1958.75,0.0007655014408007728,0.0005100089362110056,0.0017763752313936368,0.004165969190344353,0.0008881876156968184,0.1837511046829171,0.0,87.0,40.0,False,False,False,0.0,0.0,0.0,0.0,2014-2015,0.0
2014-07-14,1972.5,1971.25,1961.25,0.005719748672786909,-0.0006339144427811923,0.001765056064935403,0.004139423391972471,0.0008825280324677015,1.3817742548102574,1.0,87.0,40.0,True,False,True,-250.0,100.0,40.0,-390.0,2014-2015,-490.0
2014-07-15,1969.25,1968.0,1971.25,-0.0010150996938144044,-0.0006349609712350127,0.0018385068091462346,0.004311680656081092,0.0009192534045731173,-0.2354301662816173,0.0,84.0,40.0,False,False,False,0.0,0.0,0.0,0.0,2014-2015,0.0
2014-07-16,1974.25,1974.75,1968.0,0.0031707807654916217,0.0002532286668380469,0.0017299878677612432,0.004057181179625333,0.0008649939338806216,0.7815230883488503,1.0,89.0,40.0,True,False,True,100.0,100.0,40.0,-40.0,2014-2015,-140.0
2014-07-17,1962.0,1952.0,1974.75,-0.006477446919220113,-0.005109873152270591,0.0018980538770157701,0.004451330908874365,0.0009490269385078851,-1.455170835829436,-1.0,81.0,40.0,True,False,True,2000.0,100.0,40.0,1860.0,2014-2015,1760.0
2014-07-18,1971.25,1972.0,1952.0,0.009813371304210318,0.0003803968853325053,0.0022668481407971557,0.00531623012236071,0.0011334240703985779,1.8459267334824514,1.0,68.0,40.0,True,False,True,150.0,100.0,40.0,10.0,2014-2015,-90.0
2014-07-21,1968.75,1968.25,1972.0,-0.001649432588637562,-0.00025400050936664304,0.0022732131593665495,0.005331157414065437,0.0011366065796832748,-0.3093948387803722,0.0,68.0,40.0,False,False,False,0.0,0.0,0.0,0.0,2014-2015,0.0
2014-07-22,1977.0,1976.75,1968.25,0.004435721106040324,-0.00012646221958047133,0.0022748201694094855,0.005334926186681227,0.0011374100847047427,0.8314493867064571,1.0,67.0,40.0,True,False,True,-50.0,100.0,40.0,-190.0,2014-2015,-290.0
2014-07-23,1981.75,1981.5,1976.75,0.002526210766228908,-0.00012615908677550335,0.0023124796092445225,0.005423245401735418,0.0011562398046222613,0.46581162737362586,0.0,66.0,40.0,False,False,False,0.0,0.0,0.0,0.0,2014-2015,0.0
2014-07-24,1980.5,1981.5,1981.5,-0.0005047955685183422,0.000504795568518401,0.001973719657002717,0.004628782892339419,0.0009868598285013585,-0.1090557885861903,0.0,77.0,40.0,False,False,False,0.0,0.0,0.0,0.0,2014-2015,0.0
2014-07-25,1972.25,1972.25,1981.5,-0.0046791106552906995,0.0,0.001981181206289035,0.004646281776522042,0.0009905906031445176,-1.0070656237283204,-1.0,77.0,40.0,True,False,True,-0.0,100.0,40.0,-140.0,2014-2015,-240.0
2014-07-28,1974.25,1973.0,1972.25,0.0010135564024913936,-0.0006333523550750532,0.0020221030476063255,0.004742252001239848,0.0010110515238031627,0.21372892082209088,0.0,76.0,40.0,False,False,False,0.0,0.0,0.0,0.0,2014-2015,0.0
2014-07-29,1969.75,1964.75,1973.0,-0.001648595896817885,-0.0025416203795131814,0.00200726670163658,0.004707457685762505,0.00100363335081829,-0.3502093925993195,0.0,76.0,40.0,False,False,False,0.0,0.0,0.0,0.0,2014-2015,0.0
2014-07-30,1964.5,1965.25,1964.75,-0.00012725074776990568,0.0003817036753513831,0.0021104491780333788,0.004949442042477082,0.0010552245890166894,-0.025710119782758303,0.0,73.0,40.0,False,False,False,0.0,0.0,0.0,0.0,2014-2015,0.0
2014-07-31,1929.75,1925.0,1965.25,-0.018229002843902647,-0.0024644931080786132,0.0022174518101714057,0.005200385458538477,0.0011087259050857029,-3.5053176325559816,-1.0,71.0,40.0,True,False,True,950.0,100.0,40.0,810.0,2014-2015,710.0
2014-08-01,1922.25,1919.75,1925.0,-0.0014295928095944335,-0.0013014057016372997,0.002577240323861032,0.006044164315945112,0.001288620161930516,-0.23652447797010154,0.0,61.0,40.0,False,False,False,0.0,0.0,0.0,0.0,2014-2015,0.0
2014-08-04,1932.75,1933.5,1919.75,0.006748889989931265,0.0003879728467675616,0.0026743276781575655,0.006271854344281123,0.0013371638390787827,1.0760597455655387,1.0,58.0,40.0,True,False,True,150.0,100.0,40.0,10.0,2014-2015,-90.0
2014-08-05,1911.75,1914.25,1933.5,-0.011312779123017268,0.0013068480688982456,0.002739481767851642,0.006424654228840146,0.001369740883925821,-1.7608385945868381,-1.0,58.0,40.0,True,False,True,-500.0,100.0,40.0,-640.0,2014-2015,-740.0
2014-08-06,1915.75,1915.25,1914.25,0.0007832898572808816,-0.00026102845358334526,0.0027288108405625388,0.006399628686075776,0.0013644054202812694,0.12239614135506845,0.0,58.0,40.0,False,False,False,0.0,0.0,0.0,0.0,2014-2015,0.0
2014-08-07,1904.75,1904.5,1915.25,-0.005497396043811274,-0.00013125943446028627,0.002778148651554201,0.006515336109191017,0.0013890743257771005,-0.8437624631607629,-1.0,57.0,40.0,True,False,True,50.0,100.0,40.0,-90.0,2014-2015,-190.0
2014-08-08,1922.25,1926.75,1904.5,0.00927686799363141,0.0023382707458125345,0.0031316166437198537,0.007344292029714478,0.0015658083218599269,1.2631398582869346,1.0,50.0,40.0,True,False,True,900.0,100.0,40.0,760.0,2014-2015,660.0
2014-08-11,1933.25,1932.0,1926.75,0.003367878831042072,-0.0006467887166814908,0.003127712571868664,0.007335136169645326,0.001563856285934332,0.459143327833397,0.0,50.0,40.0,False,False,False,0.0,0.0,0.0,0.0,2014-2015,0.0
2014-08-12,1926.25,1929.5,1932.0,-0.0029806281381377893,0.0016857943433479232,0.0031244668725364543,0.007327524329995604,0.0015622334362682272,-0.4067715102543477,0.0,50.0,40.0,False,False,False,0.0,0.0,0.0,0.0,2014-2015,0.0
2014-08-13,1941.75,1943.5,1929.5,0.006328726322083202,0.0009008429925212448,0.003124545115568163,0.007327707826170116,0.0015622725577840815,0.8636706692208497,1.0,50.0,40.0,True,False,True,350.0,100.0,40.0,210.0,2014-2015,110.0
2014-08-14,1950.0,1952.0,1943.5,0.0033389012655146303,0.0010251154152453505,0.002951009823268408,0.006920731491225947,0.001475504911634204,0.4824491847065104,0.0,53.0,40.0,False,False,False,0.0,0.0,0.0,0.0,2014-2015,0.0
2014-08-15,1949.5,1951.5,1952.0,-0.0012815585503857345,0.0010253781980176936,0.002558324724869482,0.0059998033041368795,0.001279162362434741,-0.21360009410676792,0.0,61.0,40.0,False,False,False,0.0,0.0,0.0,0.0,2014-2015,0.0
2014-08-18,1966.75,1968.0,1951.5,0.0077841265886822875,0.0006353644028469215,0.002577544576086858,0.0060448778506626,0.001288772288043429,1.2877227267427815,1.0,60.0,40.0,True,False,True,250.0,100.0,40.0,110.0,2014-2015,10.0
2014-08-19,1979.25,1978.0,1968.0,0.0057001864393443165,-0.0006317518688856652,0.002414045669723189,0.005661438927101576,0.0012070228348615944,1.0068441102591879,1.0,63.0,40.0,True,False,True,-250.0,100.0,40.0,-390.0,2014-2015,-490.0
2014-08-20,1983.75,1983.5,1978.0,0.00290275965796141,-0.00012603188623394897,0.0023942105585222943,0.005614921468014312,0.0011971052792611472,0.516972441110197,0.0,64.0,40.0,False,False,False,0.0,0.0,0.0,0.0,2014-2015,0.0
2014-08-21,1991.0,1989.0,1983.5,0.003774064109811467,-0.0010050252102240388,0.002292081997835863,0.005375408762728452,0.0011460409989179315,0.7020980685189466,0.0,66.0,40.0,False,False,False,0.0,0.0,0.0,0.0,2014-2015,0.0
2014-08-22,1987.0,1986.25,1989.0,-0.0010060363021553473,-0.00037752470089109756,0.0018006903502818796,0.00422299319876205,0.0009003451751409398,-0.23822825536405362,0.0,85.0,40.0,False,False,False,0.0,0.0,0.0,0.0,2014-2015,0.0
2014-08-25,1995.75,1996.0,1986.25,0.0047714806749824985,0.00012525834550111415,0.0018333829525149017,0.004299664147133753,0.0009166914762574509,1.1097333446760647,1.0,83.0,40.0,True,False,True,50.0,100.0,40.0,-90.0,2014-2015,-190.0
2014-08-26,1999.75,1997.5,1996.0,0.0018769948575219973,-0.0011257740885014952,0.0018319987924413567,0.004296418004022216,0.0009159993962206784,0.43687435807335184,0.0,83.0,40.0,False,False,False,0.0,0.0,0.0,0.0,2014-2015,0.0
2014-08-27,1994.25,1997.0,1997.5,-0.0016283588491908198,0.0013780146245762626,0.0017701206189630675,0.004151300823986388,0.0008850603094815337,-0.39225267409726006,0.0,86.0,40.0,False,False,False,0.0,0.0,0.0,0.0,2014-2015,0.0
2014-08-28,1995.0,1996.0,1997.0,-0.0010020040918513411,0.0005011275474454863,0.0017595136478403754,0.004126425271727454,0.0008797568239201877,-0.2428261814691412,0.0,86.0,40.0,False,False,False,0.0,0.0,0.0,0.0,2014-2015,0.0
2014-08-29,1998.0,2001.25,1996.0,0.0010015023370896004,0.001625305102425702,0.001740348555103759,0.004081479145222303,0.0008701742775518795,0.24537730108505856,0.0,87.0,40.0,False,False,False,0.0,0.0,0.0,0.0,2014-2015,0.0
2014-09-03,1997.5,1999.5,2000.25,-0.0013757740898036304,0.0010007506464432684,0.001272502226866917,0.0029842822496534984,0.0006362511134334585,-0.46100669263551397,0.0,119.0,40.0,False,False,False,0.0,0.0,0.0,0.0,2014-2015,0.0
2014-09-04,1996.0,1996.25,1999.5,-0.0017519714154637166,0.00012524265781299577,0.0013414420040580948,0.0031459603583616066,0.0006707210020290474,-0.5568955790581324,0.0,113.0,40.0,False,False,False,0.0,0.0,0.0,0.0,2014-2015,0.0
2014-09-05,2002.75,2005.5,1996.25,0.003250815566004003,0.0013721701148813959,0.001466039445360034,0.0034381672595197514,0.000733019722680017,0.9455082666507859,1.0,103.0,40.0,True,False,True,550.0,100.0,40.0,410.0,2014-2015,310.0
2014-09-08,1997.75,2000.25,2005.5,-0.0038718589555353966,0.0012506254756611847,0.0015735276624287318,0.0036902494731869224,0.0007867638312143659,-1.049213334672367,-1.0,96.0,40.0,True,False,True,-500.0,100.0,40.0,-640.0,2014-2015,-740.0
2014-09-09,1991.5,1987.5,2000.25,-0.00438404910853443,-0.002010556093211921,0.0017193946526735593,0.0040323378881280975,0.0008596973263367796,-1.0872226559787639,-1.0,88.0,40.0,True,False,True,800.0,100.0,40.0,660.0,2014-2015,560.0
2014-09-10,1992.0,1995.0,1987.5,0.002261591616056622,0.0015048911794203067,0.0019721578721207202,0.004625120182127433,0.0009860789360603601,0.48898007554397205,0.0,77.0,40.0,False,False,False,0.0,0.0,0.0,0.0,2014-2015,0.0
2014-09-11,1994.5,1996.75,1995.0,-0.00025065797850253203,0.0011274664520369764,0.0019378202467769748,0.004544591312593825,0.0009689101233884874,-0.05515522986806685,0.0,78.0,40.0,False,False,False,0.0,0.0,0.0,0.0,2014-2015,0.0
2014-09-12,1980.5,1985.5,1996.75,-0.008171520735526972,0.0025214335093347784,0.002053987856939043,0.0048170285073364195,0.0010269939284695215,-1.6963820585827138,-1.0,74.0,40.0,True,False,True,-1000.0,100.0,40.0,-1140.0,2014-2015,-1240.0
2014-09-16,1992.5,1991.25,1975.5,0.008568600812924721,-0.0006275494401118012,0.0024481187550305355,0.005741347395257269,0.0012240593775152677,1.492437266555748,1.0,62.0,40.0,True,False,True,-250.0,100.0,40.0,-390.0,2014-2015,-490.0
2014-09-17,1998.25,1993.75,1991.25,0.003509215281870045,-0.0022545099729737476,0.0024134929460105075,0.005660142675095181,0.0012067464730052537,0.6199870715822607,0.0,63.0,40.0,False,False,False,0.0,0.0,0.0,0.0,2014-2015,0.0
2014-09-18,2001.0,2004.0,1993.75,0.003629768050578731,0.0014981276210219918,0.0024034284735276884,0.005636539394921319,0.0012017142367638442,0.6439710248187486,0.0,63.0,40.0,False,False,False,0.0,0.0,0.0,0.0,2014-2015,0.0
2014-09-19,2005.5,2002.5,2004.0,0.0007482230053521344,-0.0014970062675932275,0.002402248459749562,0.005633772017310452,0.001201124229874781,0.13281030951432324,0.0,63.0,40.0,False,False,False,0.0,0.0,0.0,0.0,2014-2015,0.0
2014-09-22,1985.5,1986.75,2002.5,-0.00852562837120813,0.0006293662489826875,0.002375626429711501,0.005571337822685945,0.0011878132148557504,-1.53026591503617,-1.0,64.0,40.0,True,False,True,-250.0,100.0,40.0,-390.0,2014-2015,-490.0
2014-09-26,1976.75,1974.75,1986.75,-0.005046055869252361,-0.0010122739065079132,0.0027370146832851583,0.00641886840267442,0.0013685073416425792,-0.7861285748045439,-1.0,56.0,40.0,True,False,True,400.0,100.0,40.0,260.0,2014-2015,160.0
2014-09-29,1967.75,1970.5,1974.75,-0.0035510500219689384,0.0013965596124987396,0.002741098886208015,0.0064284467075522616,0.0013705494431040075,-0.5523962760392953,0.0,56.0,40.0,False,False,False,0.0,0.0,0.0,0.0,2014-2015,0.0
2014-09-30,1966.0,1965.25,1970.5,-0.002286295927946518,-0.0003815580332459443,0.002722906807296694,0.006385782500737456,0.001361453403648347,-0.35802909474014927,0.0,56.0,40.0,False,False,False,0.0,0.0,0.0,0.0,2014-2015,0.0
2014-10-01,1937.0,1938.0,1965.25,-0.01447907926687004,0.0005161290437156547,0.002894271381485849,0.006787668050463578,0.0014471356907429244,-2.1331448679021894,-1.0,54.0,40.0,True,False,True,-200.0,100.0,40.0,-340.0,2014-2015,-440.0
2014-10-02,1943.0,1938.5,1938.0,0.0025766569267285017,-0.0023186922664562605,0.002705627931133529,0.006345259944203583,0.0013528139655667646,0.4060758659828092,0.0,58.0,40.0,False,False,False,0.0,0.0,0.0,0.0,2014-2015,0.0
2014-10-03,1962.75,1960.25,1938.5,0.01243207296738103,-0.0012745349673335888,0.0028060434631961197,0.006580755241262298,0.0014030217315980599,1.889155957272216,1.0,55.0,40.0,True,False,True,-500.0,100.0,40.0,-640.0,2014-2015,-740.0
2014-10-06,1959.25,1957.5,1960.25,-0.0005102691780573317,-0.0008935980680158366,0.0027233836494188427,0.006386900794639793,0.0013616918247094214,-0.07989308030047612,0.0,57.0,40.0,False,False,False,0.0,0.0,0.0,0.0,2014-2015,0.0
2014-10-07,1937.75,1927.0,1957.5,-0.010140642703337336,-0.00556311674725437,0.0027342482366876325,0.006412380510314547,0.0013671241183438162,-1.581416244252153,-1.0,57.0,40.0,True,False,True,2150.0,100.0,40.0,2010.0,2014-2015,1910.0
2014-10-08,1951.0,1961.25,1927.0,0.012377672208744785,0.005239963424131095,0.0030534647043879985,0.007161009485763029,0.0015267323521939993,1.7284814708531144,1.0,51.0,40.0,True,False,True,2050.0,100.0,40.0,1910.0,2014-2015,1810.0
2014-10-09,1922.5,1921.25,1961.25,-0.019955602667443357,-0.0006504065269934672,0.0039458307378634,0.009253793339235102,0.0019729153689317,-2.156478098860682,-1.0,40.0,40.0,False,False,True,250.0,100.0,40.0,110.0,2014-2015,10.0
2014-10-10,1914.0,1899.75,1921.25,-0.0037807228399060443,-0.007472994463005276,0.00384071275759414,0.009007269823587228,0.00192035637879707,-0.4197412661054642,0.0,41.0,40.0,False,False,False,0.0,0.0,0.0,0.0,2014-2015,0.0
2014-10-13,1891.5,1868.0,1899.75,-0.0043521334768103275,-0.012501825284295965,0.004229327903118356,0.009918653125123657,0.002114663951559178,-0.4387827078846523,0.0,38.0,38.0,False,False,False,0.0,0.0,0.0,0.0,2014-2015,0.0
2014-10-14,1875.5,1872.0,1868.0,0.004006950733154069,-0.001867912484404626,0.0047901611458375515,0.011233923665265155,0.0023950805729187757,0.3566831013409323,0.0,34.0,34.0,False,False,False,0.0,0.0,0.0,0.0,2014-2015,0.0
2014-10-15,1841.25,1857.5,1872.0,-0.016562689260697327,0.00878680881507416,0.005232230103790693,0.012270667268921223,0.0026161150518953465,-1.3497790216060057,-1.0,31.0,31.0,False,False,True,-2518.75,77.5,31.0,-2627.25,2014-2015,-2704.75
2014-10-16,1854.25,1856.5,1857.5,-0.0017511959752467734,0.0012126930004673112,0.006020393542930763,0.014119074377050832,0.0030101967714653813,-0.12403050855041677,0.0,27.0,27.0,False,False,False,0.0,0.0,0.0,0.0,2014-2015,0.0
2014-10-17,1878.0,1879.5,1856.5,0.01151438615107334,0.0007984032360245593,0.006163448781132283,0.014454568648943684,0.0030817243905661416,0.7965914743443272,1.0,26.0,26.0,False,False,True,195.0,65.0,26.0,104.0,2014-2015,39.0
2014-10-20,1893.5,1897.5,1879.5,0.007421184337616826,0.0021102619279355643,0.006192396282082472,0.01452245655627582,0.003096198141041236,0.5110143940771364,0.0,26.0,26.0,False,False,False,0.0,0.0,0.0,0.0,2014-2015,0.0
2014-10-21,1929.75,1934.5,1897.5,0.016853230560178154,0.0024584343106044924,0.006454345175592141,0.015136781165468849,0.0032271725877960704,1.1133959311392436,1.0,24.0,24.0,False,False,True,570.0,60.0,24.0,486.0,2014-2015,426.0
2014-10-22,1931.25,1921.0,1934.5,-0.0016814334945120365,-0.005321577877498925,0.006415129967823267,0.015044813351196912,0.0032075649839116336,-0.11176167196373145,0.0,24.0,24.0,False,False,False,0.0,0.0,0.0,0.0,2014-2015,0.0
2014-10-23,1948.75,1944.0,1921.0,0.014342257603429567,-0.0024404353516018803,0.005969661403992062,0.014000096965047016,0.002984830701996031,1.0244398763263425,1.0,26.0,26.0,False,False,True,-617.5,65.0,26.0,-708.5,2014-2015,-773.5
2014-10-24,1955.0,1958.0,1944.0,0.005642487399081748,0.0015333506709895503,0.00589462694110923,0.013824125551429253,0.002947313470554615,0.4081623375084568,0.0,26.0,26.0,False,False,False,0.0,0.0,0.0,0.0,2014-2015,0.0
2014-10-27,1952.5,1955.5,1958.0,-0.0028129413766146126,0.001535312481727858,0.005585291333535445,0.013098669247009935,0.0027926456667677225,-0.2147501645830724,0.0,28.0,28.0,False,False,False,0.0,0.0,0.0,0.0,2014-2015,0.0
2014-10-28,1970.25,1977.75,1955.5,0.007514523038190085,0.0037993966677468778,0.005055907949999288,0.011857155164446614,0.002527953974999644,0.6337542972130614,0.0,30.0,30.0,False,False,False,0.0,0.0,0.0,0.0,2014-2015,0.0
2014-10-29,1971.5,1975.5,1977.75,-0.0031651605838238575,0.0020268565337636184,0.004356229197255359,0.010216263040104753,0.0021781145986276796,-0.30981588584776726,0.0,35.0,35.0,False,False,False,0.0,0.0,0.0,0.0,2014-2015,0.0
2014-10-30,1982.5,1989.0,1975.5,0.0035371436575577214,0.0032733253449691085,0.0036715901672657062,0.008610642192077906,0.0018357950836328531,0.41078743938657886,0.0,42.0,40.0,False,False,False,0.0,0.0,0.0,0.0,2014-2015,0.0
2014-10-31,2006.5,2011.0,1989.0,0.008759910852999186,0.0022402000656806488,0.0035529708817059425,0.00833245530887365,0.0017764854408529713,1.051300070421058,1.0,42.0,40.0,True,False,True,900.0,100.0,40.0,760.0,2014-2015,660.0
2014-11-03,2011.0,2012.0,2011.0,0.0,0.0004971414469776862,0.003465311676423667,0.008126876249898858,0.0017326558382118335,0.0,0.0,43.0,40.0,False,False,False,0.0,0.0,0.0,0.0,2014-2015,0.0
2014-11-04,2007.0,2005.75,2012.0,-0.002488182423291688,-0.0006230141625728031,0.003102986240360056,0.00727714778215003,0.001551493120180028,-0.34191725903861686,0.0,49.0,40.0,False,False,False,0.0,0.0,0.0,0.0,2014-2015,0.0
2014-11-05,2017.25,2018.25,2005.75,0.005717142094850518,0.0004956015465090064,0.0027834645994708664,0.006527803112134381,0.0013917322997354332,0.8758141133612096,1.0,54.0,40.0,True,False,True,200.0,100.0,40.0,60.0,2014-2015,-40.0
2014-11-06,2024.75,2026.5,2018.25,0.003215436853974393,0.000863930939263878,0.002700436604618207,0.006333085204352655,0.0013502183023091036,0.5077204474944472,0.0,55.0,40.0,False,False,False,0.0,0.0,0.0,0.0,2014-2015,0.0
2014-11-07,2025.0,2028.5,2026.5,-0.000740466527723695,0.0017269031058624084,0.00265357717254137,0.006223190094997869,0.001326788586270685,-0.11898504085852588,0.0,56.0,40.0,False,False,False,0.0,0.0,0.0,0.0,2014-2015,0.0
2014-11-10,2033.0,2034.0,2028.5,0.0022159309818447635,0.0004917629801586684,0.002514573616475007,0.005897197859975284,0.0012572868082375034,0.37575998541348765,0.0,59.0,40.0,False,False,False,0.0,0.0,0.0,0.0,2014-2015,0.0
2014-11-11,2033.5,2036.75,2034.0,-0.0002458512612260307,0.001596953843471852,0.002468785802833604,0.0057898159186195374,0.001234392901416802,-0.04246270774091362,0.0,60.0,40.0,False,False,False,0.0,0.0,0.0,0.0,2014-2015,0.0
2014-11-12,2032.75,2034.75,2036.75,-0.001965844102804292,0.0009834051192039533,0.002261714197404228,0.0053041899578605955,0.001130857098702114,-0.37062098424491574,0.0,66.0,40.0,False,False,False,0.0,0.0,0.0,0.0,2014-2015,0.0
2014-11-13,2031.5,2036.75,2034.75,-0.001598524779369367,0.0025809637629696383,0.0018634481342353374,0.0043701732482154965,0.0009317240671176687,-0.36578064268324006,0.0,80.0,40.0,False,False,False,0.0,0.0,0.0,0.0,2014-2015,0.0
2014-11-14,2034.25,2037.25,2036.75,-0.0012281996139845554,0.0014736586235625632,0.001470304924674225,0.0034481706952189926,0.0007351524623371125,-0.3561887512377205,0.0,101.0,40.0,False,False,False,0.0,0.0,0.0,0.0,2014-2015,0.0
2014-11-17,2039.25,2038.75,2037.25,0.000981233980360548,-0.000245218245466174,0.0017123239281850583,0.00401575556934098,0.0008561619640925291,0.244346042336829,0.0,87.0,40.0,False,False,False,0.0,0.0,0.0,0.0,2014-2015,0.0
2014-11-18,2052.25,2050.25,2038.75,0.006599877293151885,-0.0009750153118549771,0.0017801461915333324,0.0041748128757788,0.0008900730957666662,1.5808797877966436,1.0,83.0,40.0,True,False,True,-400.0,100.0,40.0,-540.0,2014-2015,-640.0
2014-11-19,2044.5,2046.75,2050.25,-0.0028084761118236153,0.0010999084518604864,0.0017774092458070598,0.004168394169094655,0.0008887046229035299,-0.6737549276520546,0.0,83.0,40.0,False,False,False,0.0,0.0,0.0,0.0,2014-2015,0.0
2014-11-20,2048.5,2051.0,2046.75,0.0008546487303683257,0.0012196610854548404,0.0017931897884132934,0.004205402821964076,0.0008965948942066467,0.20322636535664224,0.0,82.0,40.0,False,False,False,0.0,0.0,0.0,0.0,2014-2015,0.0
2014-11-21,2059.0,2061.75,2051.0,0.003892948955408864,0.0013347086856753464,0.0019299591673074123,0.004526155447077195,0.0009649795836537061,0.8601005866740105,1.0,76.0,40.0,True,False,True,550.0,100.0,40.0,410.0,2014-2015,310.0
2014-11-24,2065.5,2067.5,2061.75,0.0018171911233545418,0.0009678200610272388,0.0019379014975498968,0.0045447818625467306,0.0009689507487749484,0.39984121973595754,0.0,76.0,40.0,False,False,False,0.0,0.0,0.0,0.0,2014-2015,0.0
2014-11-25,2066.75,2067.0,2067.5,-0.00036282276506139526,0.00012095554898319466,0.0019315579723785813,0.004529904977328543,0.0009657789861892906,-0.08009500571805937,0.0,76.0,40.0,False,False,False,0.0,0.0,0.0,0.0,2014-2015,0.0
2014-11-26,2068.75,2070.75,2067.0,0.0008462794436048419,0.0009663003530004371,0.0019160940708702768,0.004493638913657089,0.0009580470354351384,0.18832831472792025,0.0,76.0,40.0,False,False,False,0.0,0.0,0.0,0.0,2014-2015,0.0
2014-12-02,2067.5,2065.5,2052.75,0.007159790308948139,-0.0009678200610271332,0.001879682703003832,0.0044082466868183385,0.000939841351501916,1.6241809539283594,1.0,78.0,40.0,True,False,True,-400.0,100.0,40.0,-540.0,2014-2015,-640.0
2014-12-03,2071.25,2073.75,2065.5,0.0027799619039534955,0.001206272763881596,0.0018101175515194332,0.004245101945389874,0.0009050587757597166,0.654863402508507,0.0,81.0,40.0,False,False,False,0.0,0.0,0.0,0.0,2014-2015,0.0
2014-12-04,2070.75,2071.0,2073.75,-0.0014477020262807989,0.00012072191721065744,0.0018029285706830582,0.0042282422908838735,0.0009014642853415291,-0.3423886160455035,0.0,81.0,40.0,False,False,False,0.0,0.0,0.0,0.0,2014-2015,0.0
2014-12-05,2073.5,2074.75,2071.0,0.0012064182908518128,0.0006026637921213746,0.0016395718085647666,0.0038451367251271925,0.0008197859042823833,0.3137517277261203,0.0,89.0,40.0,False,False,False,0.0,0.0,0.0,0.0,2014-2015,0.0
2014-12-08,2060.75,2060.75,2074.75,-0.006770670285220445,0.0,0.0018341081574485228,0.004301364903458632,0.0009170540787242614,-1.5740748430286162,-1.0,80.0,40.0,True,False,True,-0.0,100.0,40.0,-140.0,2014-2015,-240.0
2014-12-09,2054.25,2059.25,2060.75,-0.0031591763820396144,0.002431021010060941,0.0020255677775543476,0.004750377513215716,0.0010127838887771738,-0.6650369098562536,0.0,73.0,40.0,False,False,False,0.0,0.0,0.0,0.0,2014-2015,0.0
2014-12-10,2024.75,2026.0,2059.25,-0.016895602692258857,0.0006171696795294844,0.0022779551563967167,0.005342278382867102,0.0011389775781983583,-3.162621166737346,-1.0,66.0,40.0,True,False,True,-250.0,100.0,40.0,-390.0,2014-2015,-490.0
2014-12-11,2036.5,2036.0,2026.0,0.005169242279838654,-0.0002455494180539527,0.00254379373647296,0.00596572511564645,0.00127189686823648,0.8664901884736792,1.0,58.0,40.0,True,False,True,-100.0,100.0,40.0,-240.0,2014-2015,-340.0
2014-12-12,2019.5,2002.5,2036.0,-0.008137142666945789,-0.008453556060953262,0.002962861846202344,0.006948526948803509,0.001481430923101172,-1.171060100493235,-1.0,51.0,40.0,True,False,True,3400.0,100.0,40.0,3260.0,2014-2015,3160.0
2014-12-16,1984.5,1966.5,1981.5,0.0015128595926304088,-0.00911168035125589,0.003766965809908517,0.00883431790075547,0.0018834829049542586,0.1712480363086137,0.0,40.0,40.0,False,False,False,0.0,0.0,0.0,0.0,2014-2015,0.0
2014-12-17,1992.0,2006.75,1966.5,0.012883846272679387,0.007377338867142728,0.004084887215203231,0.009579909685645238,0.0020424436076016154,1.344881809479357,1.0,37.0,37.0,False,False,True,2728.75,92.5,37.0,2599.25,2014-2015,2506.75
2014-12-18,2042.25,2056.5,2006.75,0.017535643210292457,0.006953367448500186,0.004556844806123676,0.010686748346856016,0.002278422403061838,1.6408773409033581,1.0,32.0,32.0,False,False,True,2280.0,80.0,32.0,2168.0,2014-2015,2088.0
2014-12-19,2073.5,2067.5,2056.5,0.008232492015957273,-0.0028978527885896504,0.004739119834472028,0.011114221179649702,0.002369559917236014,0.740716950192703,0.0,31.0,31.0,False,False,False,0.0,0.0,0.0,0.0,2014-2015,0.0
2014-12-22,2071.5,2074.75,2067.5,0.0019328346196100835,0.0015676819611009458,0.0046132914378470965,0.010819127432368255,0.0023066457189235483,0.1786497692806078,0.0,32.0,32.0,False,False,False,0.0,0.0,0.0,0.0,2014-2015,0.0
2014-12-23,2081.0,2077.75,2074.75,0.0030078829150771464,-0.0015629699604987088,0.004538228587853,0.010643089445073469,0.0022691142939265,0.28261370259078783,0.0,32.0,32.0,False,False,False,0.0,0.0,0.0,0.0,2014-2015,0.0
2014-12-26,2088.25,2083.5,2077.75,0.005040817202879955,-0.0022772227735074783,0.004268094846714817,0.010009569666726172,0.0021340474233574086,0.503599792070647,0.0,34.0,34.0,False,False,False,0.0,0.0,0.0,0.0,2014-2015,0.0
2014-12-29,2086.75,2086.0,2083.5,0.0015586598683379326,-0.0003594751701282838,0.004008645201766003,0.009401106314951916,0.0020043226008830016,0.16579536664306987,0.0,36.0,36.0,False,False,False,0.0,0.0,0.0,0.0,2014-2015,0.0
2014-12-30,2075.75,2073.75,2086.0,-0.004925822418577726,-0.0009639716374857073,0.0036048643891480594,0.00845415637144316,0.0018024321945740297,-0.5826509709728575,0.0,40.0,40.0,False,False,False,0.0,0.0,0.0,0.0,2014-2015,0.0
2015-01-02,2047.75,2050.5,2073.75,-0.012616933108942786,0.0013420364364025207,0.0034925735937414984,0.008190811113214139,0.0017462867968707492,-1.5403765188270593,-1.0,42.0,40.0,True,False,True,-550.0,100.0,40.0,-690.0,2014-2015,-790.0
2015-01-05,2010.5,2014.25,2050.5,-0.019700218494785215,0.0018634703199765347,0.003320100227507267,0.007786325215646719,0.0016600501137536334,-2.5301047604841083,-1.0,45.0,40.0,True,False,True,-750.0,100.0,40.0,-890.0,2014-2015,-990.0
2015-01-06,2002.0,1994.75,2014.25,-0.006100236782139465,-0.003627951686775515,0.002976164426178879,0.006979724264187634,0.0014880822130894395,-0.8739939503683916,-1.0,51.0,40.0,True,False,True,1450.0,100.0,40.0,1310.0,2014-2015,1210.0
2015-01-07,2015.0,2019.5,1994.75,0.010100466192393064,0.0022307606226840996,0.0027723056851560036,0.006501633138351905,0.0013861528425780018,1.55352754876499,1.0,54.0,40.0,True,False,True,900.0,100.0,40.0,760.0,2014-2015,660.0
2015-01-08,2056.0,2056.0,2019.5,0.01791239157158827,0.0,0.003017553741136399,0.0070767908117701575,0.0015087768705681994,2.5311461152414285,1.0,49.0,40.0,True,False,True,0.0,100.0,40.0,-140.0,2014-2015,-240.0
2015-01-09,2041.25,2038.0,2056.0,-0.007199982290380833,-0.001593430502004714,0.0030328382009441445,0.007112636047351476,0.0015164191004720723,-1.0122804319591021,-1.0,49.0,40.0,True,False,True,650.0,100.0,40.0,510.0,2014-2015,410.0
2015-01-12,2020.5,2022.0,2038.0,-0.008623929264141792,0.0007421150618882715,0.003544403674783676,0.008312363427690716,0.001772201837391838,-1.0374822202086553,-1.0,42.0,40.0,True,False,True,-300.0,100.0,40.0,-440.0,2014-2015,-540.0
2015-01-13,2005.0,2017.0,2022.0,-0.008443059839747141,0.0059671982135422385,0.004499672584623241,0.010552667602481138,0.0022498362923116205,-0.8000877273687662,-1.0,34.0,34.0,False,False,True,-2040.0,85.0,34.0,-2159.0,2014-2015,-2244.0
2015-01-14,1993.5,2004.5,2017.0,-0.01171937113280204,0.005502765261151927,0.004759725525385669,0.011162545808351399,0.0023798627626928346,-1.049883362990013,-1.0,32.0,32.0,False,False,True,-1760.0,80.0,32.0,-1872.0,2014-2015,-1952.0
2015-01-15,1996.5,1986.0,2004.5,-0.003999005579285632,-0.005273081898158115,0.005422808193793449,0.012717612507334209,0.0027114040968967243,-0.31444625136828297,0.0,28.0,28.0,False,False,False,0.0,0.0,0.0,0.0,2014-2015,0.0
2015-01-16,2003.25,2011.25,1986.0,0.008648296053062065,0.003985557648412917,0.00545754833454224,0.012799085359167517,0.00272877416727112,0.6756964119211539,0.0,28.0,28.0,False,False,False,0.0,0.0,0.0,0.0,2014-2015,0.0
2015-01-21,2025.0,2026.75,2016.5,0.004206365227216624,0.0008638243271771245,0.005372199022342564,0.012598923479651792,0.002686099511171282,0.3338670350693232,0.0,28.0,28.0,False,False,False,0.0,0.0,0.0,0.0,2014-2015,0.0
2015-01-22,2055.25,2057.25,2026.75,0.013963970164426241,0.0009726444535794517,0.00541880518355358,0.012708224616176302,0.00270940259177679,1.0988136097824004,1.0,27.0,27.0,False,False,True,270.0,67.5,27.0,175.5,2014-2015,108.0
2015-01-23,2050.0,2045.75,2057.25,-0.0035303463533684926,-0.0020753227249627657,0.0054765725414466625,0.01284370107910884,0.0027382862707233313,-0.27486986279296416,0.0,27.0,27.0,False,False,False,0.0,0.0,0.0,0.0,2014-2015,0.0
2015-01-26,2047.5,2050.5,2045.75,0.0008550663197334765,0.001464129104889448,0.005299088097326696,0.012427463162196943,0.002649544048663348,0.06880457488174253,0.0,28.0,28.0,False,False,False,0.0,0.0,0.0,0.0,2014-2015,0.0
2015-01-27,2029.75,2023.0,2050.5,-0.01017103308955806,-0.003331074574810423,0.005316827314519785,0.012469065314141641,0.0026584136572598924,-0.8157013243023681,-1.0,28.0,28.0,False,False,True,945.0,70.0,28.0,847.0,2014-2015,777.0
2015-01-28,2017.75,1996.25,2023.0,-0.0025985289632637376,-0.010712608675259477,0.004570930968635206,0.010719783326175772,0.002285465484317603,-0.2424049893731154,0.0,33.0,33.0,False,False,False,0.0,0.0,0.0,0.0,2014-2015,0.0
2015-01-29,2007.0,2015.75,1996.25,0.005370649267115869,0.004350264768793282,0.0042927736837449475,0.01006744666979629,0.0021463868418724738,0.5334668703265693,0.0,35.0,35.0,False,False,False,0.0,0.0,0.0,0.0,2014-2015,0.0
2015-01-30,2002.25,1989.5,2015.75,-0.006719786361339822,-0.006388197336808354,0.004358333570040116,0.010221198231741835,0.002179166785020058,-0.6574362622643976,0.0,35.0,35.0,False,False,False,0.0,0.0,0.0,0.0,2014-2015,0.0
2015-02-02,1991.0,2013.75,1989.5,0.0007536741972128633,0.011361630426987837,0.004233533714017366,0.009928516625985435,0.002116766857008683,0.07591005037351779,0.0,36.0,36.0,False,False,False,0.0,0.0,0.0,0.0,2014-2015,0.0
2015-02-03,2038.0,2043.75,2013.75,0.01197027929148603,0.002817420862893451,0.0046546284916720365,0.01091607141673084,0.0023273142458360182,1.0965739261415446,1.0,32.0,32.0,False,False,True,920.0,80.0,32.0,808.0,2014-2015,728.0
2015-02-04,2041.25,2036.0,2043.75,-0.0012239903608886173,-0.0025752666142615415,0.0046344228197065995,0.010868684915618586,0.0023172114098532997,-0.1126162337386109,0.0,32.0,32.0,False,False,False,0.0,0.0,0.0,0.0,2014-2015,0.0
2015-02-05,2053.5,2057.5,2036.0,0.008558555726199832,0.0019459991546115385,0.004722741348446341,0.011075810225161237,0.0023613706742231706,0.7727250243740286,1.0,31.0,31.0,False,False,True,620.0,77.5,31.0,511.5,2014-2015,434.0
2015-02-06,2053.75,2050.25,2057.5,-0.0018242631997470702,-0.001705653434957268,0.004636592104693593,0.010873772339863858,0.0023182960523467967,-0.1677672791676187,0.0,32.0,32.0,False,False,False,0.0,0.0,0.0,0.0,2014-2015,0.0
2015-02-09,2041.0,2041.25,2050.25,-0.004521853106675773,0.00012248147483001035,0.004509044350936649,0.010574646342688033,0.0022545221754683245,-0.42761270307658694,0.0,33.0,33.0,False,False,False,0.0,0.0,0.0,0.0,2014-2015,0.0
2015-02-10,2064.25,2063.25,2041.25,0.011204599012863062,-0.0004845548247443293,0.004286454049808429,0.01005262581449021,0.0021432270249042147,1.1145942582198132,1.0,34.0,34.0,False,False,True,-170.0,85.0,34.0,-289.0,2014-2015,-374.0
2015-02-11,2062.0,2064.5,2063.25,-0.0006060238958884078,0.0012116807492395818,0.00417741433362479,0.009796905012873003,0.002088707166812395,-0.061858708958808975,0.0,35.0,35.0,False,False,False,0.0,0.0,0.0,0.0,2014-2015,0.0
2015-02-12,2083.75,2084.0,2064.5,0.009281088738858839,0.00011996880825369963,0.003790749961481662,0.008890096680441823,0.001895374980740831,1.0439806306355697,1.0,38.0,38.0,False,False,True,47.5,95.0,38.0,-85.5,2014-2015,-180.5
2015-02-13,2088.75,2093.25,2084.0,0.002276677036346009,0.0021520811749377107,0.0035834320217651215,0.00840389301457153,0.0017917160108825607,0.27090742735521184,0.0,40.0,40.0,False,False,False,0.0,0.0,0.0,0.0,2014-2015,0.0
2015-02-18,2093.5,2096.75,2096.75,-0.001551220405322915,0.0015512204053229144,0.0026321052632126436,0.00617283400404339,0.0013160526316063218,-0.251297929655458,0.0,55.0,40.0,False,False,False,0.0,0.0,0.0,0.0,2014-2015,0.0
2015-02-19,2095.75,2095.0,2096.75,-0.00047704234655417767,-0.00035793116172859934,0.002159092388207924,0.005063520482282627,0.001079546194103962,-0.0942115961065744,0.0,67.0,40.0,False,False,False,0.0,0.0,0.0,0.0,2014-2015,0.0
2015-02-20,2104.75,2108.0,2095.0,0.0046431418615353656,0.0015429354434796203,0.002531007595441494,0.005935738956945793,0.001265503797720747,0.7822348481316087,1.0,57.0,40.0,True,False,True,650.0,100.0,40.0,510.0,2014-2015,410.0
2015-02-23,2102.5,2107.25,2108.0,-0.002612517814149784,0.002256667030488501,0.002409707402247539,0.005651264788032517,0.0012048537011237696,-0.4622890471673209,0.0,60.0,40.0,False,False,False,0.0,0.0,0.0,0.0,2014-2015,0.0
2015-02-24,2112.75,2113.75,2107.25,0.0026066365470002045,0.00047320478819828135,0.0023897819196233867,0.0056045353891713105,0.0011948909598116933,0.4650941364446667,0.0,60.0,40.0,False,False,False,0.0,0.0,0.0,0.0,2014-2015,0.0
2015-02-25,2110.75,2111.25,2113.75,-0.001420286663180737,0.00023685457240052622,0.002345045200009161,0.005499618481810628,0.0011725226000045806,-0.2582518529018287,0.0,61.0,40.0,False,False,False,0.0,0.0,0.0,0.0,2014-2015,0.0
2015-02-26,2105.0,2109.0,2111.25,-0.0029647220055280146,0.0018984343622928542,0.002070503180787105,0.004855760374964189,0.0010352515903935525,-0.6105577245561421,0.0,69.0,40.0,False,False,False,0.0,0.0,0.0,0.0,2014-2015,0.0
2015-02-27,2104.25,2101.75,2109.0,-0.0022547923870890937,-0.0011887780762792578,0.002050628699861321,0.004809150585687884,0.0010253143499306604,-0.46885460268168666,0.0,70.0,40.0,False,False,False,0.0,0.0,0.0,0.0,2014-2015,0.0
2015-03-02,2111.5,2115.25,2101.75,0.004628264358592127,0.001774413430612046,0.0019520337339549256,0.00457792489472458,0.0009760168669774628,1.0109961314405915,1.0,73.0,40.0,True,False,True,750.0,100.0,40.0,610.0,2014-2015,510.0
2015-03-03,2105.0,2106.25,2115.25,-0.004857541688128459,0.0005936479841901201,0.0019398694828530025,0.004549397197187124,0.0009699347414265012,-1.0677330374960134,-1.0,74.0,40.0,True,False,True,-250.0,100.0,40.0,-390.0,2014-2015,-490.0
2015-03-04,2097.0,2097.0,2106.25,-0.004401363198751934,0.0,0.0020189765806091146,0.004734919786201705,0.0010094882903045573,-0.9295539095674215,-1.0,71.0,40.0,True,False,True,-0.0,100.0,40.0,-140.0,2014-2015,-240.0
2015-03-05,2100.25,2099.5,2097.0,0.0015486333430366412,-0.00035716412070854113,0.0019941567174738854,0.0046767120475986355,0.0009970783587369427,0.33113720222133886,0.0,72.0,40.0,False,False,False,0.0,0.0,0.0,0.0,2014-2015,0.0
2015-03-06,2068.25,2069.25,2099.5,-0.014996382053955745,0.00048338369521285694,0.001874766918050944,0.004396718149210874,0.000937383459025472,-3.410812689152546,-1.0,78.0,40.0,True,False,True,-200.0,100.0,40.0,-340.0,2014-2015,-440.0
2015-03-09,2080.5,2078.5,2069.25,0.005422026657490842,-0.000961769730303839,0.001972111717458473,0.004625011939849837,0.0009860558587292366,1.172327061639301,1.0,74.0,40.0,True,False,True,-400.0,100.0,40.0,-540.0,2014-2015,-640.0
2015-03-10,2046.75,2044.25,2078.5,-0.015393310436134634,-0.0012221952144709546,0.0020669830984452013,0.004847505050118018,0.0010334915492226007,-3.1755119957553974,-1.0,71.0,40.0,True,False,True,500.0,100.0,40.0,360.0,2014-2015,260.0
2015-03-11,2046.5,2039.5,2044.25,0.0011000428903711129,-0.0034263371748445644,0.002103983508809429,0.004934278704064172,0.0010519917544047144,0.22293894535488049,0.0,70.0,40.0,False,False,False,0.0,0.0,0.0,0.0,2014-2015,0.0
2015-03-12,2063.25,2065.5,2039.5,0.011577729715180547,0.0010899183640256005,0.002171309801463756,0.005092172856122342,0.001085654900731878,2.2736325027263344,1.0,67.0,40.0,True,False,True,450.0,100.0,40.0,310.0,2014-2015,210.0
2015-03-13,2045.25,2052.75,2065.5,-0.009852296443011594,0.00366032619509062,0.002376215808407502,0.00557272003824806,0.001188107904203751,-1.7679510858953789,-1.0,62.0,40.0,True,False,True,-1500.0,100.0,40.0,-1640.0,2014-2015,-1740.0
2015-03-17,2066.5,2066.0,2073.5,-0.0033816457346489484,-0.00024198427220321574,0.0026254109453868694,0.0061571344371277505,0.0013127054726934347,-0.5492239562380672,0.0,56.0,40.0,False,False,False,0.0,0.0,0.0,0.0,2014-2015,0.0
2015-03-18,2087.75,2091.5,2066.0,0.01047256035375496,0.0017945808489142337,0.002629954400859533,0.006167789784704269,0.0013149772004297665,1.6979437885069057,1.0,55.0,40.0,True,False,True,750.0,100.0,40.0,610.0,2014-2015,510.0
2015-03-19,2083.0,2080.75,2091.5,-0.004072349621281115,-0.0010807566347674335,0.003418080045648472,0.00801610825722379,0.001709040022824236,-0.5080207864721986,0.0,42.0,40.0,False,False,False,0.0,0.0,0.0,0.0,2014-2015,0.0
2015-03-20,2106.0,2100.25,2080.75,0.0120620080677164,-0.002734028448964262,0.0032866557686644124,0.007707891007229074,0.0016433278843322062,1.5648908445129397,1.0,44.0,40.0,True,False,True,-1150.0,100.0,40.0,-1290.0,2014-2015,-1390.0
2015-03-23,2103.5,2096.5,2100.25,0.0015462387856191126,-0.0033333364197582274,0.003306380871151833,0.007754150473014638,0.0016531904355759164,0.1994078901357675,0.0,43.0,40.0,False,False,False,0.0,0.0,0.0,0.0,2014-2015,0.0
2015-03-24,2088.25,2083.75,2096.5,-0.003942892974801653,-0.002157239571011858,0.0032492468629067325,0.007620159346667288,0.0016246234314533663,-0.5174292026486422,0.0,45.0,40.0,False,False,False,0.0,0.0,0.0,0.0,2014-2015,0.0
2015-03-25,2062.75,2052.75,2083.75,-0.010129111080551152,-0.004859686395554386,0.003406984744244758,0.007990087468941805,0.001703492372122379,-1.2677096614929342,-1.0,43.0,40.0,True,False,True,2000.0,100.0,40.0,1860.0,2014-2015,1760.0
2015-03-26,2048.75,2048.25,2052.75,-0.0019505065308587203,-0.00024408103611535547,0.003637556676422216,0.00853082658117085,0.001818778338211108,-0.22864215000734606,0.0,41.0,40.0,False,False,False,0.0,0.0,0.0,0.0,2014-2015,0.0
2015-03-27,2050.5,2052.25,2048.25,0.0010978958101898612,0.0008530863962617035,0.0036569715103813324,0.008576358402758947,0.0018284857551906662,0.12801421753044703,0.0,40.0,40.0,False,False,False,0.0,0.0,0.0,0.0,2014-2015,0.0
2015-03-30,2080.75,2078.25,2052.25,0.013791653397829003,-0.0012022122150069938,0.0035690409558847918,0.008370142973468653,0.0017845204779423959,1.647720169362129,1.0,41.0,40.0,True,False,True,-500.0,100.0,40.0,-640.0,2014-2015,-740.0
2015-03-31,2071.0,2059.75,2078.25,-0.0034946110156133217,-0.0054469661998847565,0.0035848850970823225,0.008407300778255536,0.0017924425485411613,-0.4156638507155245,0.0,41.0,40.0,False,False,False,0.0,0.0,0.0,0.0,2014-2015,0.0
2015-04-01,2049.0,2052.5,2059.75,-0.005232746956799661,0.0017066930876834352,0.003997237876451051,0.009374353765734575,0.0019986189382255257,-0.5581981529144503,0.0,37.0,37.0,False,False,False,0.0,0.0,0.0,0.0,2014-2015,0.0
2015-04-02,2058.5,2059.0,2052.5,0.002918999883376119,0.0002428658178301117,0.0035297871991185623,0.008278084753784354,0.0017648935995592811,0.3526177817932691,0.0,42.0,40.0,False,False,False,0.0,0.0,0.0,0.0,2014-2015,0.0
2015-04-07,2077.5,2067.5,2073.75,0.0018066852249490513,-0.004825099831756908,0.003990818450101228,0.009359298876474458,0.001995409225050614,0.19303638539531384,0.0,36.0,36.0,False,False,False,0.0,0.0,0.0,0.0,2014-2015,0.0
2015-04-08,2073.0,2075.0,2067.5,0.002656685537933185,0.0009643202290191881,0.004053943355643943,0.009507339902371915,0.0020269716778219715,0.2794352116589824,0.0,36.0,36.0,False,False,False,0.0,0.0,0.0,0.0,2014-2015,0.0
2015-04-09,2079.75,2084.5,2075.0,0.002286540499198386,0.002281324156854534,0.003734132192721851,0.008757316243003296,0.0018670660963609254,0.26110059700370297,0.0,39.0,39.0,False,False,False,0.0,0.0,0.0,0.0,2014-2015,0.0
2015-04-10,2094.75,2095.5,2084.5,0.004905196172544175,0.00035797387173038865,0.0035598940012412914,0.008348691463361521,0.0017799470006206457,0.5875407174969602,0.0,41.0,40.0,False,False,False,0.0,0.0,0.0,0.0,2014-2015,0.0
2015-04-13,2089.25,2085.75,2095.5,-0.0029870384835806924,-0.0016766470993615948,0.0035392703411113963,0.00830032469311227,0.0017696351705556981,-0.3598700766560831,0.0,41.0,40.0,False,False,False,0.0,0.0,0.0,0.0,2014-2015,0.0
2015-04-14,2088.75,2089.5,2085.75,0.0014372981274195838,0.00035900197836656594,0.0035176638521515606,0.008249652984946437,0.0017588319260757803,0.17422528317764338,0.0,41.0,40.0,False,False,False,0.0,0.0,0.0,0.0,2014-2015,0.0
2015-04-15,2104.0,2099.5,2089.5,0.006915491969630327,-0.00214107373335251,0.0032311639159021827,0.0075777510768601924,0.0016155819579510913,0.9126047952073573,1.0,44.0,40.0,True,False,True,-900.0,100.0,40.0,-1040.0,2014-2015,-1140.0
2015-04-16,2101.5,2098.5,2099.5,0.0009521543209233095,-0.0014285716715258013,0.003052422168318227,0.007158564521957109,0.0015262110841591135,0.13300911348955702,0.0,47.0,40.0,False,False,False,0.0,0.0,0.0,0.0,2014-2015,0.0
2015-04-17,2068.0,2073.75,2098.5,-0.014640847145325797,0.002776605876334538,0.0031445642570849764,0.007374656874604414,0.0015722821285424882,-1.9852919795825958,-1.0,46.0,40.0,True,False,True,-1150.0,100.0,40.0,-1290.0,2014-2015,-1390.0
2015-04-20,2094.5,2093.25,2073.75,0.009956298882435264,-0.0005969793025483698,0.00237777049451334,0.00557636610035426,0.00118888524725667,1.7854457012431004,1.0,61.0,40.0,True,False,True,-250.0,100.0,40.0,-390.0,2014-2015,-490.0
2015-04-21,2092.75,2091.0,2093.25,-0.0002388915443754503,-0.0008365701115321374,0.002407520908589092,0.0056461370058753495,0.001203760454294546,-0.042310617706736595,0.0,60.0,40.0,False,False,False,0.0,0.0,0.0,0.0,2014-2015,0.0
2015-04-22,2101.0,2101.5,2091.0,0.004771001416366933,0.00023795360017103635,0.002407689428217042,0.005646532219434738,0.001203844714108521,0.8449436275145433,1.0,60.0,40.0,True,False,True,100.0,100.0,40.0,-40.0,2014-2015,-140.0
2015-04-23,2110.5,2107.0,2101.5,0.004273510777382085,-0.0016597514183643968,0.0024687913406182,0.005789828905875609,0.0012343956703091,0.73810657393438,0.0,58.0,40.0,False,False,False,0.0,0.0,0.0,0.0,2014-2015,0.0
2015-04-24,2109.75,2111.25,2107.0,0.0013043222338868135,0.0007107320839339431,0.002395829088397379,0.0056187172570312345,0.0011979145441986896,0.23213879151056965,0.0,60.0,40.0,False,False,False,0.0,0.0,0.0,0.0,2014-2015,0.0
2015-04-27,2105.75,2102.5,2111.25,-0.00260849092653671,-0.0015445853483700052,0.002427093788886378,0.005692039478981114,0.001213546894443189,-0.45826999903444715,0.0,59.0,40.0,False,False,False,0.0,0.0,0.0,0.0,2014-2015,0.0
2015-04-28,2106.75,2109.25,2102.5,0.00201936280535969,0.0011859583932733121,0.0023896251184073744,0.005604167657723939,0.0011948125592036872,0.3603323327731827,0.0,60.0,40.0,False,False,False,0.0,0.0,0.0,0.0,2014-2015,0.0
2015-04-29,2103.0,2100.0,2109.25,-0.0029675373430363143,-0.001427551991185446,0.0023749874480088807,0.005569839277761841,0.0011874937240044404,-0.5327868893604369,0.0,61.0,40.0,False,False,False,0.0,0.0,0.0,0.0,2014-2015,0.0
2015-04-30,2076.25,2078.75,2100.0,-0.011373962784009695,0.0012033695796327285,0.0023274228494754496,0.005458290406476401,0.0011637114247377248,-2.083795829279109,-1.0,63.0,40.0,True,False,True,-500.0,100.0,40.0,-640.0,2014-2015,-740.0
2015-05-01,2099.25,2101.25,2078.75,0.009813386556535068,0.0009522676591528794,0.002080529167907852,0.004879273398963658,0.001040264583953926,2.01123932891717,1.0,69.0,40.0,True,False,True,400.0,100.0,40.0,260.0,2014-2015,160.0
2015-05-04,2110.25,2108.25,2101.25,0.004274018141004027,-0.0009482044090784445,0.002074102614801517,0.0048642017959780095,0.0010370513074007585,0.8786679336655032,1.0,69.0,40.0,True,False,True,-400.0,100.0,40.0,-540.0,2014-2015,-640.0
2015-05-05,2083.5,2083.25,2108.25,-0.011809047592242808,-0.00011999760019198493,0.0021699053230030897,0.005088879062169221,0.0010849526615015449,-2.320559684750889,-1.0,67.0,40.0,True,False,True,50.0,100.0,40.0,-90.0,2014-2015,-190.0
2015-05-06,2065.5,2074.5,2083.25,-0.008556846425496893,0.0043478329361034225,0.002169215833645501,0.005087262066294689,0.0010846079168227506,-1.6820140802632717,-1.0,67.0,40.0,True,False,True,-1800.0,100.0,40.0,-1940.0,2014-2015,-2040.0
2015-05-07,2085.5,2083.0,2074.5,0.005288473864077299,-0.0011994723760279742,0.002419268254842732,0.005673686974877438,0.001209634127421366,0.9321053289499709,1.0,60.0,40.0,True,False,True,-500.0,100.0,40.0,-640.0,2014-2015,-740.0
2015-05-08,2110.75,2110.75,2083.0,0.0132341722886373,0.0,0.002737935478229796,0.0064210278582343665,0.001368967739114898,2.0610675706173294,1.0,52.0,40.0,True,False,True,0.0,100.0,40.0,-140.0,2014-2015,-240.0
2015-05-11,2101.5,2100.25,2110.75,-0.004391959104437873,-0.0005949902002148375,0.002687055367652841,0.006301703421978513,0.0013435276838264206,-0.6969479219094942,0.0,54.0,40.0,False,False,False,0.0,0.0,0.0,0.0,2014-2015,0.0
2015-05-12,2096.0,2093.75,2100.25,-0.0020256188040237108,-0.001074049867556252,0.0029552143809654166,0.006930592053068516,0.0014776071904827083,-0.29227211593371294,0.0,49.0,40.0,False,False,False,0.0,0.0,0.0,0.0,2014-2015,0.0
2015-05-13,2094.0,2094.75,2093.75,0.00011939585710559616,0.0003581020629135862,0.0029397631622740798,0.006894355733239353,0.0014698815811370399,0.01731791362751416,0.0,49.0,40.0,False,False,False,0.0,0.0,0.0,0.0,2014-2015,0.0
2015-05-14,2116.25,2116.5,2094.75,0.010211439953949252,0.00011812651363332286,0.002992202240078029,0.0070173362717204785,0.0014961011200390144,1.4551732393245647,1.0,48.0,40.0,True,False,True,50.0,100.0,40.0,-90.0,2014-2015,-190.0
2015-05-15,2117.75,2119.25,2116.5,0.0005904233506818809,0.0007080481768546754,0.0029545219981885348,0.006928968271524257,0.0014772609990942674,0.08521086077249386,0.0,48.0,40.0,False,False,False,0.0,0.0,0.0,0.0,2014-2015,0.0
2015-05-18,2126.75,2125.25,2119.25,0.0035327403674788762,-0.0007055503585254653,0.0029257384856872432,0.006861464951194691,0.0014628692428436216,0.5148667802877532,0.0,49.0,40.0,False,False,False,0.0,0.0,0.0,0.0,2014-2015,0.0
2015-05-19,2126.5,2124.75,2125.25,0.0005879931962200734,-0.0008232873149526379,0.002822212076707146,0.006618674001075604,0.001411106038353573,0.08883851903334691,0.0,50.0,40.0,False,False,False,0.0,0.0,0.0,0.0,2014-2015,0.0
2015-05-20,2128.75,2122.75,2124.75,0.0018808045981623287,-0.0028225350974251844,0.0026810264784524157,0.00628756442351856,0.0013405132392262078,0.29913086713309867,0.0,53.0,40.0,False,False,False,0.0,0.0,0.0,0.0,2014-2015,0.0
2015-05-21,2129.0,2129.25,2122.75,0.0029399680140067192,0.00011741912771076078,0.0024089709721330553,0.005649537706325026,0.0012044854860665277,0.5203909004298234,0.0,59.0,40.0,False,False,False,0.0,0.0,0.0,0.0,2014-2015,0.0
2015-05-22,2126.75,2124.25,2129.25,-0.0011748121651965371,-0.001176193972343019,0.0020413659993454842,0.004787427627448882,0.0010206829996727421,-0.24539528461186774,0.0,70.0,40.0,False,False,False,0.0,0.0,0.0,0.0,2014-2015,0.0
2015-05-27,2120.75,2121.25,2101.25,0.009237393965018718,0.00023573786059189242,0.001945559918982698,0.004562742452838621,0.000972779959491349,2.0245267096484603,1.0,73.0,40.0,True,False,True,100.0,100.0,40.0,-40.0,2014-2015,-140.0
2015-05-28,2118.75,2119.25,2121.25,-0.0011792454196756375,0.0002359603597545868,0.0019085904280671305,0.004476041311427107,0.0009542952140335653,-0.2634572242809921,0.0,75.0,40.0,False,False,False,0.0,0.0,0.0,0.0,2014-2015,0.0
2015-05-29,2105.75,2105.25,2119.25,-0.0063905542930418145,-0.00023747328537156756,0.0018373046279030172,0.004308861291156417,0.0009186523139515086,-1.4831190565725336,-1.0,78.0,40.0,True,False,True,100.0,100.0,40.0,-40.0,2014-2015,-140.0
2015-06-01,2115.75,2109.75,2105.25,0.004975134640113708,-0.002839902512139417,0.0019463180656442592,0.0045645204643634425,0.0009731590328221296,1.089957790518424,1.0,73.0,40.0,True,False,True,-1200.0,100.0,40.0,-1340.0,2014-2015,-1440.0
2015-06-02,2110.75,2107.75,2109.75,0.0004738775115334823,-0.0014223067468242961,0.0021613446603473306,0.005068802528651668,0.0010806723301736653,0.09348904575683609,0.0,66.0,40.0,False,False,False,0.0,0.0,0.0,0.0,2014-2015,0.0
2015-06-03,2113.5,2113.25,2107.75,0.002724313204059622,-0.00011829419780751851,0.0021890217089663403,0.00513371096116567,0.0010945108544831701,0.5306713261942262,0.0,65.0,40.0,False,False,False,0.0,0.0,0.0,0.0,2014-2015,0.0
2015-06-04,2095.0,2096.0,2113.25,-0.008673493452798905,0.0004772130846946639,0.002409222402660381,0.0056501273631789604,0.0012046112013301905,-1.5350969801712386,-1.0,60.0,40.0,True,False,True,-200.0,100.0,40.0,-340.0,2014-2015,-440.0
2015-06-05,2093.25,2091.75,2096.0,-0.001312884356391557,-0.0007168459088332354,0.0024443533296930517,0.005732516690084583,0.0012221766648465259,-0.229024079190633,0.0,59.0,40.0,False,False,False,0.0,0.0,0.0,0.0,2014-2015,0.0
2015-06-08,2084.75,2078.5,2091.75,-0.003352092208613309,-0.0030024642744025535,0.00243733504108137,0.0057160573443289725,0.001218667520540685,-0.5864343211915105,0.0,60.0,40.0,False,False,False,0.0,0.0,0.0,0.0,2014-2015,0.0
2015-06-09,2081.0,2077.75,2078.5,0.0012020677009422197,-0.0015629699604987088,0.0024091144083299974,0.005649874094024359,0.0012045572041649987,0.21276008649707745,0.0,60.0,40.0,False,False,False,0.0,0.0,0.0,0.0,2014-2015,0.0
2015-06-10,2107.5,2103.0,2077.75,0.014216833442874896,-0.002137514173310755,0.002441610430333861,0.005726084020893604,0.0012208052151669304,2.482819565867327,1.0,59.0,40.0,True,False,True,-900.0,100.0,40.0,-1040.0,2014-2015,-1140.0
2015-06-11,2110.0,2109.75,2103.0,0.003323050767412354,-0.00011849043203621748,0.0024657279294586585,0.005782644569884843,0.0012328639647293292,0.5746593495851898,0.0,58.0,40.0,False,False,False,0.0,0.0,0.0,0.0,2014-2015,0.0
2015-06-12,2091.0,2093.5,2109.75,-0.00892703660944235,0.0011948860305644661,0.002487041251346977,0.005832628740324422,0.0012435206256734884,-1.5305340022286094,-1.0,58.0,40.0,True,False,True,-500.0,100.0,40.0,-640.0,2014-2015,-740.0
2015-06-16,2088.0,2087.75,2075.75,0.005884135860389252,-0.00011973896919055372,0.002700597648193919,0.0063334628850154236,0.0013502988240969595,0.9290550789064776,1.0,54.0,40.0,True,False,True,-50.0,100.0,40.0,-190.0,2014-2015,-290.0
2015-06-17,2096.25,2091.5,2087.75,0.0040631031040798855,-0.0022685222551654984,0.002705896396767782,0.006345889551924519,0.001352948198383891,0.6402732147847843,0.0,53.0,40.0,False,False,False,0.0,0.0,0.0,0.0,2014-2015,0.0
2015-06-18,2115.5,2113.25,2091.5,0.011409679277869149,-0.0010641443510851355,0.0027080418499462666,0.0063509210856246825,0.0013540209249731333,1.7965392931263107,1.0,53.0,40.0,True,False,True,-450.0,100.0,40.0,-590.0,2014-2015,-690.0
2015-06-19,2103.25,2099.75,2113.25,-0.004743279378114116,-0.0016654774251864902,0.0027006651827976365,0.006333621267700229,0.0013503325913988182,-0.7489048014764585,0.0,53.0,40.0,False,False,False,0.0,0.0,0.0,0.0,2014-2015,0.0
2015-06-22,2116.5,2115.0,2099.75,0.007945490955241916,-0.0007089684806000765,0.002836143757345931,0.006651346688290096,0.0014180718786729655,1.1945687584185323,1.0,50.0,40.0,True,False,True,-300.0,100.0,40.0,-440.0,2014-2015,-540.0
2015-06-23,2116.25,2116.0,2115.0,0.0005908419669666447,-0.00011814046915507939,0.0027520409722991248,0.006454108174075805,0.0013760204861495624,0.0915450982584825,0.0,52.0,40.0,False,False,False,0.0,0.0,0.0,0.0,2014-2015,0.0
2015-06-24,2104.0,2100.25,2116.0,-0.005687219120589576,-0.00178390961264395,0.0027288269317484195,0.006399666423251701,0.0013644134658742097,-0.8886743065117249,-1.0,53.0,40.0,True,False,True,750.0,100.0,40.0,610.0,2014-2015,510.0
2015-06-25,2095.0,2093.0,2100.25,-0.0025028318887183984,-0.0009551099102383491,0.002711742987178649,0.0063596010218267005,0.0013558714935893246,-0.3935517149784181,0.0,53.0,40.0,False,False,False,0.0,0.0,0.0,0.0,2014-2015,0.0
2015-06-26,2091.0,2093.5,2093.0,-0.000956023017366124,0.0011948860305644661,0.0027387682193764176,0.00642298080933335,0.0013693841096882088,-0.1488441341716154,0.0,53.0,40.0,False,False,False,0.0,0.0,0.0,0.0,2014-2015,0.0
2015-06-29,2056.5,2048.75,2093.5,-0.017831797788719298,-0.003775657612439324,0.0031725216084938913,0.007440222675430062,0.0015862608042469457,-2.3966752833360028,-1.0,46.0,40.0,True,False,True,1550.0,100.0,40.0,1410.0,2014-2015,1310.0
2015-06-30,2056.5,2053.25,2048.75,0.0037756576124392638,-0.0015816050501771205,0.0031356922193799355,0.007353850101867679,0.0015678461096899677,0.5134259687289994,0.0,47.0,40.0,False,False,False,0.0,0.0,0.0,0.0,2014-2015,0.0
2015-07-01,2063.5,2069.25,2053.25,0.00497966657233486,0.0027826525728687226,0.004593974267600467,0.010773824652488264,0.0022969871338002334,0.4622004471907553,0.0,32.0,32.0,False,False,False,0.0,0.0,0.0,0.0,2015-2016,0.0
2015-07-02,2066.25,2067.0,2069.25,-0.0014508526302712225,0.00036291054653435134,0.003117767168112809,0.0073118121303881916,0.0015588835840564044,-0.19842586275451735,0.0,47.0,40.0,False,False,False,0.0,0.0,0.0,0.0,2015-2016,0.0
2015-07-07,2072.25,2074.5,2061.25,0.005322378597826932,0.0010851873012869833,0.004534194919117014,0.010633629653368882,0.002267097459558507,0.5005232240847064,0.0,32.0,32.0,False,False,False,0.0,0.0,0.0,0.0,2015-2016,0.0
2015-07-08,2039.0,2039.0,2074.5,-0.017260669198467433,0.0,0.004935517905340011,0.011574815483048754,0.0024677589526700054,-1.4912262941681944,-1.0,30.0,30.0,False,False,True,-0.0,75.0,30.0,-105.0,2015-2016,-180.0
2015-07-09,2050.0,2043.25,2039.0,0.0053803015579986435,-0.0032981157362147752,0.0045270205471854815,0.010616804259781634,0.0022635102735927407,0.5067722288504644,0.0,33.0,33.0,False,False,False,0.0,0.0,0.0,0.0,2015-2016,0.0
2015-07-10,2072.5,2069.25,2043.25,0.014213930613211037,-0.0015693852439448675,0.004260448041499133,0.0099916363188782,0.0021302240207495666,1.4225828642657092,1.0,34.0,34.0,False,False,True,-552.5,85.0,34.0,-671.5,2015-2016,-756.5
2015-07-13,2091.75,2092.5,2069.25,0.010814813410202923,0.00035848718792234945,0.004304950187944452,0.010096003103394747,0.002152475093972226,1.0711975124657478,1.0,34.0,34.0,False,False,True,127.5,85.0,34.0,8.5,2015-2016,-76.5
2015-07-14,2103.75,2101.5,2092.5,0.005361943141385373,-0.0010700910598444044,0.0036450207348942775,0.00854833134991565,0.0018225103674471387,0.627250269309961,0.0,39.0,39.0,False,False,False,0.0,0.0,0.0,0.0,2015-2016,0.0
2015-07-15,2097.5,2101.0,2101.5,-0.0019052161038101444,0.001667262503639284,0.0027253219112151916,0.006391446421477922,0.0013626609556075958,-0.2980884103804461,0.0,53.0,40.0,False,False,False,0.0,0.0,0.0,0.0,2015-2016,0.0
2015-07-16,2115.5,2117.25,2101.0,0.006877769315121734,0.0008268856415863077,0.001061963561873232,0.0024905253134842155,0.000530981780936616,2.7615737442555104,1.0,135.0,40.0,True,False,True,350.0,100.0,40.0,210.0,2015-2016,110.0
2015-07-17,2117.25,2119.0,2117.25,0.0,0.0008262024665906045,0.0007027054370979917,0.001647990328339016,0.00035135271854899584,0.0,0.0,203.0,40.0,False,False,False,0.0,0.0,0.0,0.0,2015-2016,0.0
2015-07-20,2124.0,2120.5,2119.0,0.0023568240935303002,-0.0016491934471840933,0.00108318836797478,0.0025403018960031645,0.00054159418398739,0.9277732293309142,1.0,131.0,40.0,True,False,True,-700.0,100.0,40.0,-840.0,2015-2016,-940.0
2015-07-21,2110.0,2111.5,2120.5,-0.004963962444533237,0.0007106479038860651,0.0017139482229581306,0.004019564878242088,0.0008569741114790653,-1.2349501985658136,-1.0,84.0,40.0,True,False,True,-300.0,100.0,40.0,-440.0,2015-2016,-540.0
2015-07-22,2108.75,2107.25,2111.5,-0.0013032405138202327,-0.0007115749825865103,0.0018020429427226543,0.004226165309212464,0.0009010214713613271,-0.3083742396397382,0.0,80.0,40.0,False,False,False,0.0,0.0,0.0,0.0,2015-2016,0.0
2015-07-23,2095.5,2095.75,2107.25,-0.0055915915124653765,0.00011929615284050913,0.0017805686306366173,0.0041758035832926066,0.0008902843153183087,-1.3390456234190082,-1.0,81.0,40.0,True,False,True,-50.0,100.0,40.0,-190.0,2015-2016,-290.0
2015-07-24,2073.0,2073.75,2095.75,-0.010914651082187116,0.00036172906887455854,0.0025401255352021264,0.005957122421120989,0.0012700627676010632,-1.8322019106891607,-1.0,57.0,40.0,True,False,True,-150.0,100.0,40.0,-290.0,2015-2016,-390.0
2015-07-27,2061.75,2061.25,2073.75,-0.00580342579118946,-0.00024254183965609593,0.0026524475244147907,0.006220540835309888,0.0013262237622073954,-0.9329455339714607,-1.0,55.0,40.0,True,False,True,100.0,100.0,40.0,-40.0,2015-2016,-140.0
2015-07-28,2088.0,2087.0,2061.25,0.012894075128720634,-0.00047904192532853795,0.0036197647084157594,0.00848910071760297,0.0018098823542078797,1.5188976497809157,1.0,40.0,40.0,False,False,True,-200.0,100.0,40.0,-340.0,2015-2016,-440.0
2015-07-29,2102.5,2101.0,2087.0,0.0073994847699024036,-0.0007136910021027271,0.0029229572159715674,0.006854942295541328,0.0014614786079857837,1.0794379370217695,1.0,49.0,40.0,True,False,True,-300.0,100.0,40.0,-440.0,2015-2016,-540.0
2015-07-30,2102.25,2101.5,2101.0,0.0005947778680069945,-0.0003568242678359265,0.003122934928297939,0.007323931602295853,0.0015614674641489695,0.08121018877627802,0.0,46.0,40.0,False,False,False,0.0,0.0,0.0,0.0,2015-2016,0.0
2015-07-31,2099.0,2098.5,2101.5,-0.0011903346245383563,-0.0002382370469874171,0.0022490006684025357,0.0052743740894643405,0.0011245003342012679,-0.2256826315971921,0.0,64.0,40.0,False,False,False,0.0,0.0,0.0,0.0,2015-2016,0.0
2015-08-03,2082.5,2091.0,2098.5,-0.007653708732647819,0.004073325387635869,0.0024710398100791686,0.005795102034173214,0.0012355199050395843,-1.3207202716215456,-1.0,59.0,40.0,True,False,True,-1700.0,100.0,40.0,-1840.0,2015-2016,-1940.0
2015-08-04,2088.5,2086.75,2091.0,-0.001196315491403572,-0.000838273206383946,0.0019403120114469177,0.004550435018732661,0.0009701560057234588,-0.26290134602048604,0.0,75.0,40.0,False,False,False,0.0,0.0,0.0,0.0,2015-2016,0.0
2015-08-05,2096.0,2094.5,2086.75,0.004422934710086805,-0.0007159050538431684,0.0027461329714562753,0.006440252683944629,0.0013730664857281377,0.686764157734534,0.0,53.0,40.0,False,False,False,0.0,0.0,0.0,0.0,2015-2016,0.0
2015-08-06,2077.75,2078.25,2094.5,-0.008029283953953817,0.00024061597806165452,0.0027964101336587608,0.0065581630809214975,0.0013982050668293804,-1.224319044049391,-1.0,52.0,40.0,True,False,True,-100.0,100.0,40.0,-240.0,2015-2016,-340.0
2015-08-07,2067.0,2072.75,2078.25,-0.005427912729429279,0.0027779473145597756,0.00285741510473249,0.006701232419797394,0.001428707552366245,-0.8099872365855635,-1.0,51.0,40.0,True,False,True,-1150.0,100.0,40.0,-1290.0,2015-2016,-1390.0
2015-08-10,2098.5,2099.5,2072.75,0.012346575777317488,0.0004764173506024383,0.003015681867757867,0.007072400879572628,0.0015078409338789335,1.74574037693174,1.0,48.0,40.0,True,False,True,200.0,100.0,40.0,60.0,2015-2016,-40.0
2015-08-11,2076.25,2080.0,2099.5,-0.011135839196743382,0.001804511767859139,0.0031176149908182403,0.0073114552429978255,0.0015588074954091201,-1.523067409515796,-1.0,47.0,40.0,True,False,True,-750.0,100.0,40.0,-890.0,2015-2016,-990.0
2015-08-12,2078.5,2082.0,2080.0,-0.0007214140026715788,0.001682490482222136,0.0038871203112490764,0.009116105184106212,0.0019435601556245382,-0.07913620873192126,0.0,37.0,37.0,False,False,False,0.0,0.0,0.0,0.0,2015-2016,0.0
2015-08-13,2087.75,2079.75,2082.0,0.002757960858424553,-0.0038392368693416458,0.003814983594464394,0.008946929587471815,0.001907491797232197,0.30825780302177225,0.0,38.0,38.0,False,False,False,0.0,0.0,0.0,0.0,2015-2016,0.0
2015-08-14,2084.75,2087.25,2079.75,0.002401249803097653,0.0011984661070151435,0.0035985385289785845,0.008439320914326488,0.0017992692644892923,0.28453116399701317,0.0,40.0,40.0,False,False,False,0.0,0.0,0.0,0.0,2015-2016,0.0
2015-08-17,2097.25,2099.25,2087.25,0.0047795526522941435,0.0009531753372685097,0.0035392400926962933,0.008300253754290814,0.0017696200463481466,0.5758321123403431,0.0,41.0,40.0,False,False,False,0.0,0.0,0.0,0.0,2015-2016,0.0
2015-08-18,2091.0,2093.0,2099.25,-0.003937717635039062,0.0009560230173661747,0.00311697912988298,0.007309964016921925,0.00155848956494149,-0.538678114683409,0.0,46.0,40.0,False,False,False,0.0,0.0,0.0,0.0,2015-2016,0.0
2015-08-19,2077.0,2076.5,2093.0,-0.007673898569887389,-0.00024076080530410912,0.003285730345006961,0.007705720696375363,0.0016428651725034805,-0.995870324432737,-1.0,44.0,40.0,True,False,True,100.0,100.0,40.0,-40.0,2015-2016,-140.0
2015-08-20,2039.25,2032.5,2076.5,-0.01810169089011844,-0.0033155307587241,0.0022396177375537084,0.005252369166101004,0.0011198088687768542,-3.4463858722931096,-1.0,66.0,40.0,True,False,True,1350.0,100.0,40.0,1210.0,2015-2016,1110.0
2015-08-21,1984.25,1968.25,2032.5,-0.02402555345098074,-0.008096185906408307,0.0038296366672173274,0.008981294089156914,0.0019148183336086637,-2.675065888331918,-1.0,40.0,40.0,False,False,True,3200.0,100.0,40.0,3060.0,2015-2016,2960.0
2015-08-24,1886.0,1886.25,1968.25,-0.04268663887117376,0.00013254688865591235,0.008841178716051102,0.020734401992590783,0.004420589358025551,-2.0587349896287037,-1.0,18.0,18.0,False,False,True,-22.5,45.0,18.0,-85.5,2015-2016,-130.5
2015-08-25,1922.5,1864.75,1886.25,0.0190356912977403,-0.030499426544526448,0.013049131533113389,0.030602926097461958,0.006524565766556694,0.6220219346711104,0.0,12.0,12.0,False,False,False,0.0,0.0,0.0,0.0,2015-2016,0.0
2015-08-26,1912.0,1938.0,1864.75,0.025022818776074037,0.013506698839365021,0.014276655532309983,0.03348172505315855,0.007138327766154992,0.7473575132806208,0.0,11.0,11.0,False,False,False,0.0,0.0,0.0,0.0,2015-2016,0.0
2015-08-27,1954.25,1985.5,1938.0,0.008349974649728177,0.015864283470866367,0.012873660428630621,0.030191409880532157,0.0064368302143153104,0.2765678940721598,0.0,12.0,12.0,False,False,False,0.0,0.0,0.0,0.0,2015-2016,0.0
2015-08-28,1982.5,1985.5,1985.5,-0.0015120970623030599,0.001512097062303103,0.008955472184407103,0.021002443935201717,0.004477736092203552,-0.07199624324522864,0.0,17.0,17.0,False,False,False,0.0,0.0,0.0,0.0,2015-2016,0.0
2015-08-31,1965.75,1968.25,1985.5,-0.009996919699680695,0.0012709711929510736,0.0065333495118852026,0.015322062757490533,0.0032666747559426013,-0.6524526010568308,0.0,24.0,24.0,False,False,False,0.0,0.0,0.0,0.0,2015-2016,0.0
2015-09-01,1917.5,1907.75,1968.25,-0.02612256882316538,-0.005097717071668718,0.004805425771028155,0.011269722384546058,0.0024027128855140774,-2.3179425305974464,-1.0,33.0,33.0,False,False,True,1608.75,82.5,33.0,1493.25,2015-2016,1410.75
2015-09-02,1932.75,1946.75,1907.75,0.013019322030841579,0.007217456256511306,0.005348502402983096,0.0125433499812027,0.002674251201491548,1.0379461667219814,1.0,29.0,29.0,False,False,True,2030.0,72.5,29.0,1928.5,2015-2016,1856.0
2015-09-03,1953.0,1948.0,1946.75,0.003205336419583421,-0.002563446674198501,0.00570171354463651,0.013371703533880898,0.002850856772318255,0.2397104012560417,0.0,27.0,27.0,False,False,False,0.0,0.0,0.0,0.0,2015-2016,0.0
2015-09-04,1916.0,1917.75,1948.0,-0.016563525671674576,0.0009129443085998862,0.00442057679424726,0.010367171531623542,0.00221028839712363,-1.5976899409014274,-1.0,36.0,36.0,False,False,True,-315.0,90.0,36.0,-441.0,2015-2016,-531.0
2015-09-09,1954.0,1940.25,1967.75,-0.007012204419831527,-0.0070617228684798795,0.005196203670774056,0.012186177794325494,0.002598101835387028,-0.5754227895063838,0.0,30.0,30.0,False,False,False,0.0,0.0,0.0,0.0,2015-2016,0.0
2015-09-10,1951.75,1951.0,1940.25,0.005909575266152205,-0.00038434437728911424,0.006756371095252763,0.015845094732194524,0.0033781855476263814,0.3729592890438804,0.0,23.0,23.0,False,False,False,0.0,0.0,0.0,0.0,2015-2016,0.0
2015-09-11,1953.0,1959.75,1951.0,0.00102459025356772,0.0034502621921525278,0.006434264247684219,0.015089687215103252,0.0032171321238421095,0.06790003258266404,0.0,24.0,24.0,False,False,False,0.0,0.0,0.0,0.0,2015-2016,0.0
2015-09-15,1970.75,1968.0,1942.75,0.014309685850665967,-0.0013963823278189008,0.004276975968217523,0.01003039774285677,0.0021384879841087616,1.4266319459621355,1.0,36.0,36.0,False,False,True,-495.0,90.0,36.0,-621.0,2015-2016,-711.0
2015-09-16,1982.5,1984.5,1968.0,0.007340875896804278,0.0010083187141170893,0.004025064306683064,0.009439612529184505,0.002012532153341532,0.7776670784005645,1.0,38.0,38.0,False,False,True,380.0,95.0,38.0,247.0,2015-2016,152.0
2015-09-17,2005.0,1979.75,1984.5,0.010277067517549391,-0.012673486650147739,0.003095226070810746,0.007258948571373537,0.001547613035405373,1.415779078264604,1.0,49.0,40.0,True,False,True,-5050.0,100.0,40.0,-5190.0,2015-2016,-5290.0
2015-09-18,1953.25,1946.0,1979.75,-0.013475922213668157,-0.0037186681309033386,0.0036826156701876053,0.008636499288410333,0.0018413078350938026,-1.5603454320608863,-1.0,42.0,40.0,True,False,True,1450.0,100.0,40.0,1310.0,2015-2016,1210.0
2015-09-21,1959.25,1957.0,1946.0,0.0067857631870237075,-0.0011490585368977154,0.0037485009008724987,0.008791013850582346,0.0018742504504362493,0.7718976789661406,1.0,41.0,40.0,True,False,True,-450.0,100.0,40.0,-590.0,2015-2016,-690.0
2015-09-22,1926.5,1931.0,1957.0,-0.015707803329863993,0.0023331183623020784,0.005009548961292032,0.01174843369882562,0.002504774480646016,-1.3370125526974845,-1.0,31.0,31.0,False,False,True,-697.5,77.5,31.0,-806.0,2015-2016,-883.5
2015-09-23,1927.25,1927.75,1931.0,-0.0019438870891428193,0.00025940337369854385,0.005713313827161176,0.013398908607866947,0.002856656913580588,-0.1450780168767998,0.0,27.0,27.0,False,False,False,0.0,0.0,0.0,0.0,2015-2016,0.0
2015-09-24,1923.25,1921.5,1927.75,-0.002337056374025913,-0.0009103323341453737,0.005825262158450179,0.013661450716548883,0.0029126310792250893,-0.1710694144066929,0.0,27.0,27.0,False,False,False,0.0,0.0,0.0,0.0,2015-2016,0.0
2015-09-25,1922.75,1920.5,1921.5,0.0006503219322646002,-0.0011708841512037076,0.005450837598586741,0.012783347288324674,0.0027254187992933705,0.05087258584131202,0.0,29.0,29.0,False,False,False,0.0,0.0,0.0,0.0,2015-2016,0.0
2015-09-28,1874.0,1871.25,1920.5,-0.02451038498759203,-0.001468527064529413,0.005921106781099473,0.013886226280833174,0.0029605533905497365,-1.7650860998443563,-1.0,27.0,27.0,False,False,True,371.25,67.5,27.0,276.75,2015-2016,209.25
2015-09-29,1868.5,1872.75,1871.25,-0.0014706868082994984,0.00227196890245363,0.005761173847916409,0.013511150305674857,0.0028805869239582043,-0.10884985919235841,0.0,28.0,28.0,False,False,False,0.0,0.0,0.0,0.0,2015-2016,0.0
2015-09-30,1903.25,1909.0,1872.75,0.016155012358329706,0.0030165935394257273,0.005089210864746081,0.011935257422534823,0.0025446054323730407,1.3535537430326063,1.0,31.0,31.0,False,False,True,891.25,77.5,31.0,782.75,2015-2016,705.25
2015-10-01,1909.5,1913.75,1909.0,0.00026188293982330995,0.0022232403063227177,0.003983615549564926,0.0093424065773785,0.001991807774782463,0.02803163592317076,0.0,40.0,40.0,False,False,False,0.0,0.0,0.0,0.0,2015-2016,0.0
2015-10-02,1920.25,1942.25,1913.75,0.00339071790689779,0.011391708951738737,0.007120992511524072,0.016700207750818565,0.003560496255762036,0.2030344746299095,0.0,22.0,22.0,False,False,False,0.0,0.0,0.0,0.0,2015-2016,0.0
2015-10-05,1977.0,1977.5,1942.25,0.017733449340086794,0.000252876471191991,0.007663902881350971,0.017973445428222393,0.0038319514406754854,0.9866471851991856,1.0,20.0,20.0,False,False,True,50.0,50.0,20.0,-20.0,2015-2016,-70.0
2015-10-06,1970.25,1970.5,1977.5,-0.0036729824080499775,0.00012687940129944126,0.007393679790763223,0.017339716106841912,0.0036968398953816117,-0.21182482950806159,0.0,21.0,21.0,False,False,False,0.0,0.0,0.0,0.0,2015-2016,0.0
2015-10-07,1978.0,1987.25,1970.5,0.0037989155475989388,0.004665540270564538,0.0043924675965351335,0.010301249619651067,0.0021962337982675668,0.3687820107137273,0.0,35.0,35.0,False,False,False,0.0,0.0,0.0,0.0,2015-2016,0.0
2015-10-08,2001.25,2005.0,1987.25,0.007020211857702452,0.0018720754297451314,0.003407764823355222,0.00799191691661862,0.001703882411677611,0.8784140189326072,1.0,44.0,40.0,True,False,True,750.0,100.0,40.0,610.0,2015-2016,510.0
2015-10-09,2005.25,2007.0,2005.0,0.00012468050636441294,0.0008723285493042542,0.003423391045953537,0.008028563656989443,0.0017116955229767685,0.015529615469370987,0.0,44.0,40.0,False,False,False,0.0,0.0,0.0,0.0,2015-2016,0.0
2015-10-12,2006.75,2008.75,2007.0,-0.00012457178465191278,0.000996140040035999,0.003150981656783172,0.0073897070109451655,0.001575490828391586,-0.016857472761424092,0.0,48.0,40.0,False,False,False,0.0,0.0,0.0,0.0,2015-2016,0.0
2015-10-13,2003.5,1995.25,2008.75,-0.0026169869755231076,-0.004126295320081018,0.003121050287764338,0.007319511728465651,0.001560525143882169,-0.35753573088019247,0.0,48.0,40.0,False,False,False,0.0,0.0,0.0,0.0,2015-2016,0.0
2015-10-14,1984.5,1985.75,1995.25,-0.005402362532998147,0.0006296832901213538,0.002490242903983025,0.005840137281315222,0.0012451214519915124,-0.9250403325761402,-1.0,61.0,40.0,True,False,True,-250.0,100.0,40.0,-390.0,2015-2016,-490.0
2015-10-15,2011.75,2016.75,1985.75,0.013008313513000747,0.002482314790841552,0.0031451358960678053,0.0073759974868514095,0.0015725679480339027,1.763600589098574,1.0,48.0,40.0,True,False,True,1000.0,100.0,40.0,860.0,2015-2016,760.0
2015-10-16,2020.75,2024.5,2016.75,0.0019814247968700364,0.001854026858262114,0.0031350235339351576,0.007352281895493403,0.0015675117669675788,0.2694979361556519,0.0,48.0,40.0,False,False,False,0.0,0.0,0.0,0.0,2015-2016,0.0
2015-10-19,2021.75,2026.75,2024.5,-0.0013592834962843276,0.002470051891884903,0.0030661933827056606,0.007190860882454472,0.0015330966913528303,-0.18902931352780677,0.0,49.0,40.0,False,False,False,0.0,0.0,0.0,0.0,2015-2016,0.0
2015-10-20,2025.5,2024.0,2026.75,-0.0006169412250713287,-0.0007408322353890842,0.0027328459233614652,0.006409091794051915,0.0013664229616807326,-0.0962603196983219,0.0,55.0,40.0,False,False,False,0.0,0.0,0.0,0.0,2015-2016,0.0
2015-10-21,2021.0,2011.25,2024.0,-0.0014833130037351999,-0.004836019097027995,0.0027845126541152956,0.006530261018145075,0.0013922563270576478,-0.22714451989187653,0.0,54.0,40.0,False,False,False,0.0,0.0,0.0,0.0,2015-2016,0.0
2015-10-22,2045.25,2045.75,2011.25,0.016763612087214688,0.0002444390136835944,0.003242497945978024,0.007604331733505212,0.001621248972989012,2.2044819551142214,1.0,46.0,40.0,True,False,True,100.0,100.0,40.0,-40.0,2015-2016,-140.0
2015-10-23,2070.75,2069.0,2045.75,0.012146390070882366,-0.0008454617328304714,0.003463419377070146,0.008122438414543829,0.001731709688535073,1.4954117779623115,1.0,42.0,40.0,True,False,True,-350.0,100.0,40.0,-490.0,2015-2016,-590.0
2015-10-26,2065.0,2063.5,2069.0,-0.0019351723504098947,-0.000726656202496675,0.0030066141457702014,0.007051135186514306,0.0015033070728851007,-0.2744483404758742,0.0,49.0,40.0,False,False,False,0.0,0.0,0.0,0.0,2015-2016,0.0
2015-10-27,2054.25,2059.5,2063.5,-0.004492752381339273,0.002552417064838131,0.0023809286321728753,0.005583772589679248,0.0011904643160864376,-0.8046087674923295,-1.0,62.0,40.0,True,False,True,-1050.0,100.0,40.0,-1190.0,2015-2016,-1290.0
2015-10-28,2068.0,2083.5,2059.5,0.004118721752184224,0.007467215234188412,0.002079197130727496,0.004876149494871952,0.001039598565363748,0.8446668332289066,1.0,70.0,40.0,True,False,True,3100.0,100.0,40.0,2960.0,2015-2016,2860.0
2015-10-29,2080.75,2082.5,2083.5,-0.0013207662363036812,0.0008406894147932238,0.0021383749902233453,0.005014933877277926,0.0010691874951116727,-0.26336663027361484,0.0,68.0,40.0,False,False,False,0.0,0.0,0.0,0.0,2015-2016,0.0
2015-10-30,2077.75,2072.25,2082.5,-0.0022835176078620355,-0.0026506039615000784,0.0023251566322250155,0.0054529756559230915,0.0011625783161125077,-0.41876541395919303,0.0,63.0,40.0,False,False,False,0.0,0.0,0.0,0.0,2015-2016,0.0
2015-11-02,2097.25,2097.25,2072.25,0.0119919892547683,0.0,0.002895413808424629,0.006790347279122629,0.0014477069042123146,1.7660347493033917,1.0,50.0,40.0,True,False,True,0.0,100.0,40.0,-140.0,2015-2016,-240.0
2015-11-03,2107.5,2103.25,2097.25,0.004875448149606623,-0.0020186434450875845,0.003104640664989956,0.007281027751828791,0.001552320332494978,0.6696098841790634,0.0,46.0,40.0,False,False,False,0.0,0.0,0.0,0.0,2015-2016,0.0
2015-11-04,2097.5,2096.75,2103.25,-0.002737608089561694,-0.0003576324768404018,0.0029992003096059885,0.007033748199521619,0.0014996001548029942,-0.38921041980830146,0.0,48.0,40.0,False,False,False,0.0,0.0,0.0,0.0,2015-2016,0.0
2015-11-05,2092.5,2094.25,2096.75,-0.002029003500890475,0.0008359706702885743,0.0021445033282090115,0.005029306103812672,0.0010722516641045057,-0.4034360722948054,0.0,67.0,40.0,False,False,False,0.0,0.0,0.0,0.0,2015-2016,0.0
2015-11-06,2088.25,2093.25,2094.25,-0.0028690993979032533,0.0023914874485255594,0.0019931833835198556,0.004674429377139859,0.0009965916917599278,-0.6137860188741942,0.0,73.0,40.0,False,False,False,0.0,0.0,0.0,0.0,2015-2016,0.0
2015-11-09,2068.75,2073.25,2093.25,-0.011773321959168253,0.002172864205940181,0.0023395870278447653,0.005486817933440772,0.0011697935139223826,-2.1457467883912864,-1.0,62.0,40.0,True,False,True,-900.0,100.0,40.0,-1040.0,2015-2016,-1140.0
2015-11-10,2076.25,2077.75,2073.25,0.001445957596191557,0.0007221955056311875,0.0025549852741285225,0.005991971597944604,0.0012774926370642612,0.24131582944878385,0.0,57.0,40.0,False,False,False,0.0,0.0,0.0,0.0,2015-2016,0.0
2015-11-11,2071.25,2070.0,2077.75,-0.0031332876923630326,-0.0006036824813579186,0.002390723075991254,0.0056067425965014624,0.001195361537995627,-0.5588427930182073,0.0,61.0,40.0,False,False,False,0.0,0.0,0.0,0.0,2015-2016,0.0
2015-11-12,2048.0,2041.5,2070.0,-0.01068490010001638,-0.00317887539976795,0.0022454740079063335,0.005266103337478873,0.0011227370039531667,-2.028995523876623,-1.0,66.0,40.0,True,False,True,1300.0,100.0,40.0,1160.0,2015-2016,1060.0
2015-11-13,2019.25,2018.0,2041.5,-0.010958676437224759,-0.0006192334088514738,0.0024986755154065257,0.00585991350807385,0.0012493377577032629,-1.8701089055539437,-1.0,60.0,40.0,True,False,True,250.0,100.0,40.0,110.0,2015-2016,10.0
2015-11-16,2040.75,2049.0,2018.0,0.011210465417911129,0.004034481907434327,0.0036679223349957,0.008602040362936093,0.00183396116749785,1.3032332963948934,1.0,40.0,40.0,False,False,True,1650.0,100.0,40.0,1510.0,2015-2016,1410.0
2015-11-17,2049.25,2046.5,2049.0,0.00012200329424026639,-0.0013428556006823713,0.003930696048387272,0.009218299346215668,0.001965348024193636,0.01323490262771209,0.0,38.0,38.0,False,False,False,0.0,0.0,0.0,0.0,2015-2016,0.0
2015-11-18,2073.5,2080.25,2046.5,0.013106983753978283,0.003250078094103228,0.0036152706730602606,0.008478561270474652,0.0018076353365301303,1.5458971558796697,1.0,40.0,40.0,False,False,True,1350.0,100.0,40.0,1210.0,2015-2016,1110.0
2015-11-19,2079.5,2078.5,2080.25,-0.0003605985975729114,-0.00048100049027428274,0.0031952949126672825,0.007493630807829126,0.0015976474563336412,-0.0481206783227389,0.0,46.0,40.0,False,False,False,0.0,0.0,0.0,0.0,2015-2016,0.0
2015-11-20,2083.5,2086.5,2078.5,0.0024026921698160906,0.0014388491690990783,0.003068515887961213,0.00719630764008093,0.0015342579439806066,0.3338784679568076,0.0,47.0,40.0,False,False,False,0.0,0.0,0.0,0.0,2015-2016,0.0
2015-11-23,2081.5,2083.5,2086.5,-0.0023992333965771463,0.0009603842274780554,0.002579846940402045,0.006050277373597005,0.0012899234702010225,-0.39654932301901336,0.0,56.0,40.0,False,False,False,0.0,0.0,0.0,0.0,2015-2016,0.0
2015-11-24,2088.75,2087.0,2083.5,0.002516629047095318,-0.0008381728324026834,0.0023628176512919927,0.005541298574604472,0.0011814088256459963,0.4541587162671433,0.0,61.0,40.0,False,False,False,0.0,0.0,0.0,0.0,2015-2016,0.0
2015-11-25,2089.0,2086.5,2087.0,0.0009578544793649559,-0.0011974615249584898,0.002090634641566333,0.004902972835417768,0.0010453173207831666,0.19536197966378083,0.0,69.0,40.0,False,False,False,0.0,0.0,0.0,0.0,2015-2016,0.0
2015-12-01,2093.75,2100.5,2080.0,0.006588822878012856,0.003218695036060101,0.0020455854903865182,0.004797323211087532,0.0010227927451932591,1.3734373499756751,1.0,71.0,40.0,True,False,True,1350.0,100.0,40.0,1210.0,2015-2016,1110.0
2015-12-02,2076.75,2078.0,2100.5,-0.011371239890255859,0.0006017209399917725,0.0025592040933900876,0.006001865606120749,0.0012796020466950438,-1.8946175466940445,-1.0,57.0,40.0,True,False,True,-250.0,100.0,40.0,-390.0,2015-2016,-490.0
2015-12-03,2048.0,2048.75,2078.0,-0.014542185499774245,0.0003661438986410372,0.004455854691678196,0.01044990553466529,0.002227927345839098,-1.391609278335934,-1.0,33.0,33.0,False,False,True,-123.75,82.5,33.0,-239.25,2015-2016,-321.75
2015-12-04,2091.5,2089.25,2048.75,0.02065166082421374,-0.001076362000707559,0.005054770965184117,0.011854488698698736,0.0025273854825920584,1.742096293573646,1.0,29.0,29.0,False,False,True,-326.25,72.5,29.0,-427.75,2015-2016,-500.25
2015-12-07,2068.5,2075.75,2089.25,-0.009981442980079306,0.0034988272406738744,0.005103526955803839,0.011968831632093009,0.0025517634779019193,-0.8339529944857145,-1.0,29.0,29.0,False,False,True,-1051.25,72.5,29.0,-1152.75,2015-2016,-1225.25
2015-12-08,2064.25,2062.25,2075.75,-0.005555569844601994,-0.0009693445566968612,0.00427976731405818,0.010036944029117839,0.00213988365702909,-0.5535120877913554,0.0,34.0,34.0,False,False,False,0.0,0.0,0.0,0.0,2015-2016,0.0
2015-12-09,2039.25,2046.25,2062.25,-0.011215526560151253,0.0034267565046548517,0.00465860956595995,0.010925407863521369,0.002329304782979975,-1.0265544957455142,-1.0,32.0,32.0,False,False,True,-1120.0,80.0,32.0,-1232.0,2015-2016,-1312.0
2015-12-10,2062.0,2051.0,2046.25,0.00766753589156047,-0.005348906504524654,0.004600525176768531,0.010789187896289793,0.0023002625883842653,0.7106684919443471,0.0,32.0,32.0,False,False,False,0.0,0.0,0.0,0.0,2015-2016,0.0
2015-12-11,2017.0,2010.5,2051.0,-0.016716220118168784,-0.0032278116168830877,0.004503863011005401,0.010562495023452769,0.0022519315055027004,-1.5826014668932291,-1.0,33.0,33.0,False,False,True,1072.5,82.5,33.0,957.0,2015-2016,874.5
2015-12-15,2041.25,2035.0,2013.75,0.013563709793490829,-0.003066546407979462,0.004600780274910073,0.010789786154461488,0.0023003901374550363,1.2570879162310689,1.0,32.0,32.0,False,False,True,-1000.0,80.0,32.0,-1112.0,2015-2016,-1192.0
2015-12-16,2061.75,2064.5,2035.0,0.01305931783676944,0.0013329296126800801,0.0036959884422888695,0.008667861218918481,0.0018479942211444347,1.506636701596717,1.0,40.0,40.0,False,False,True,550.0,100.0,40.0,410.0,2015-2016,310.0
2015-12-17,2043.75,2032.0,2064.5,-0.010101710680581423,-0.005765825947190971,0.0038415306519220373,0.009009187955809949,0.0019207653259610187,-1.1212676136995139,-1.0,39.0,39.0,False,False,True,2291.25,97.5,39.0,2154.75,2015-2016,2057.25
2015-12-18,2006.25,1994.0,2032.0,-0.01275322182004652,-0.006124636356542392,0.004524674624628782,0.010611302583716,0.002262337312314391,-1.2018526207722593,-1.0,33.0,33.0,False,False,True,2021.25,82.5,33.0,1905.75,2015-2016,1823.25
2015-12-21,2001.75,2012.0,1994.0,0.003879126430959617,0.0051074542668866655,0.0048790372893682005,0.011442356697409398,0.0024395186446841003,0.3390146395137174,0.0,31.0,31.0,False,False,False,0.0,0.0,0.0,0.0,2015-2016,0.0
2015-12-22,2029.0,2031.0,2012.0,0.008413808606184887,0.0009852217545698665,0.004710501202433519,0.011047104538280698,0.0023552506012167597,0.7616302151418185,1.0,32.0,32.0,False,False,True,320.0,80.0,32.0,208.0,2015-2016,128.0
2015-12-23,2056.5,2057.0,2031.0,0.012477226090094188,0.0002431019824784168,0.0032796681560367693,0.007691503603032955,0.0016398340780183847,1.6222089638200392,1.0,45.0,40.0,True,False,True,100.0,100.0,40.0,-40.0,2015-2016,-140.0
2015-12-28,2046.0,2047.75,2057.0,-0.005361943141385399,0.0008549618841397407,0.002132224672983154,0.005000510104822272,0.001066112336491577,-1.0722792333155324,-1.0,69.0,40.0,True,False,True,-350.0,100.0,40.0,-490.0,2015-2016,-590.0
2015-12-29,2072.5,2070.75,2047.75,0.012013978613738615,-0.0008447475310765543,0.0018388837962335597,0.004312564769168912,0.0009194418981167798,2.785808273449738,1.0,79.0,40.0,True,False,True,-350.0,100.0,40.0,-490.0,2015-2016,-590.0
2015-12-30,2063.0,2055.5,2070.75,-0.0037496264071216765,-0.003642106733318755,0.001869276756381138,0.004383842578800856,0.000934638378190569,-0.8553287075712784,-1.0,78.0,40.0,True,False,True,1500.0,100.0,40.0,1360.0,2015-2016,1260.0
2015-12-31,2042.75,2034.5,2055.5,-0.00622218807311632,-0.004046850823072189,0.0024893649640202976,0.0058380783295965445,0.0012446824820101488,-1.0657938660350794,-1.0,59.0,40.0,True,False,True,1650.0,100.0,40.0,1510.0,2015-2016,1410.0
2016-01-04,1990.25,2004.75,2034.5,-0.021989829473057092,0.0072591057184505006,0.0027569215612822805,0.006465554169817712,0.0013784607806411402,-3.4010741995959592,-1.0,55.0,40.0,True,False,True,-2900.0,100.0,40.0,-3040.0,2015-2016,-3140.0
2016-01-05,2008.75,2009.75,2004.75,0.0019932733645841856,0.0004976981563477966,0.004534531946337887,0.010634420052263019,0.0022672659731689435,0.18743601952793038,0.0,33.0,33.0,False,False,False,0.0,0.0,0.0,0.0,2015-2016,0.0
2016-01-06,1972.25,1983.0,2009.75,-0.0188353132328712,0.005435826544597039,0.005154341714845954,0.012088002805414392,0.002577170857422977,-1.5581824008540592,-1.0,30.0,30.0,False,False,True,-1612.5,75.0,30.0,-1717.5,2015-2016,-1792.5
2016-01-07,1938.0,1935.0,1983.0,-0.022954336069084435,-0.0015491869868293781,0.006709955065586004,0.015736239493665823,0.003354977532793002,-1.4586925979567134,-1.0,23.0,23.0,False,False,True,345.0,57.5,23.0,264.5,2015-2016,207.0
2016-01-08,1928.0,1913.75,1935.0,-0.0036241302933912338,-0.007418528198597387,0.006288027024988903,0.014746730528101793,0.0031440135124944516,-0.2457582232539604,0.0,25.0,25.0,False,False,False,0.0,0.0,0.0,0.0,2015-2016,0.0
2016-01-11,1904.5,1915.25,1913.75,-0.004845161053234743,0.005628655478271644,0.006654034767849657,0.015605094770767533,0.0033270173839248284,-0.31048584609117597,0.0,24.0,24.0,False,False,False,0.0,0.0,0.0,0.0,2015-2016,0.0
2016-01-12,1923.0,1930.5,1915.25,0.004038304191849415,0.0038925701155112275,0.006848697847566636,0.016061620159247676,0.003424348923783318,0.2514257062370082,0.0,23.0,23.0,False,False,False,0.0,0.0,0.0,0.0,2015-2016,0.0
2016-01-13,1887.75,1882.5,1930.5,-0.022393393020756075,-0.0027849630094863333,0.008226102800805902,0.01929192110941383,0.004113051400402951,-1.1607653221134535,-1.0,19.0,19.0,False,False,True,498.75,47.5,19.0,432.25,2015-2016,384.75
2016-01-14,1924.25,1913.0,1882.5,0.021935600740378182,-0.005863590974173962,0.009450442925734697,0.022163253218088933,0.0047252214628673486,0.9897283816833826,1.0,17.0,17.0,False,False,True,-956.25,42.5,17.0,-1015.75,2015-2016,-1058.25
2016-01-15,1876.25,1871.75,1913.0,-0.019397586492581147,-0.002401281836877099,0.008617292891068858,0.020209343191641888,0.004308646445534429,-0.95983260359513,-1.0,19.0,19.0,False,False,True,427.5,47.5,19.0,361.0,2015-2016,313.5
2016-01-20,1839.0,1851.75,1874.75,-0.01925337157717763,0.006909192289077475,0.005221898168006127,0.012246436731704518,0.0026109490840030636,-1.5721611109403784,-1.0,31.0,31.0,False,False,True,-1976.25,77.5,31.0,-2084.75,2015-2016,-2162.25
2016-01-21,1868.25,1861.0,1851.75,0.00887102591700101,-0.0038881861681487,0.0074921174955644345,0.017570572987822133,0.0037460587477822173,0.5048797169648006,0.0,22.0,22.0,False,False,False,0.0,0.0,0.0,0.0,2015-2016,0.0
2016-01-22,1897.5,1899.25,1861.0,0.01942325262753413,0.0009218411135460529,0.00701808594239129,0.016458870453993687,0.003509042971195645,1.180108482038702,1.0,23.0,23.0,False,False,True,201.25,57.5,23.0,120.75,2015-2016,63.25
2016-01-25,1883.75,1871.0,1899.25,-0.008194600442625795,-0.006791423666615596,0.006347132033120417,0.014885344058914066,0.0031735660165602086,-0.5505146814338141,0.0,25.0,25.0,False,False,False,0.0,0.0,0.0,0.0,2015-2016,0.0
2016-01-26,1892.0,1896.0,1871.0,0.011161423337733997,0.0021119332031435513,0.004464558109087433,0.010470316857755594,0.0022322790545437165,1.0660062622141646,1.0,36.0,36.0,False,False,True,720.0,90.0,36.0,594.0,2015-2016,504.0
2016-01-27,1880.0,1875.5,1896.0,-0.008474626990972232,-0.0023964863020528755,0.004278314664070161,0.010033537262919183,0.0021391573320350805,-0.8446300411213704,-1.0,38.0,38.0,False,False,True,855.0,95.0,38.0,722.0,2015-2016,627.0
2016-01-28,1886.5,1885.75,1875.5,0.00584796988242312,-0.0003976406706248788,0.005636436095158237,0.013218614344983915,0.0028182180475791185,0.44240415294680696,0.0,28.0,28.0,False,False,False,0.0,0.0,0.0,0.0,2015-2016,0.0
2016-01-29,1921.0,1931.25,1885.75,0.018520264034816474,0.0053215778774988644,0.005253773096705525,0.01232119006566197,0.0026268865483527627,1.5031229886170456,1.0,30.0,30.0,False,False,True,1537.5,75.0,30.0,1432.5,2015-2016,1357.5
2016-02-01,1932.25,1931.0,1931.25,0.0005176653409247328,-0.000647123558465907,0.005218304530727848,0.012238008905241952,0.002609152265363924,0.04229980096705104,0.0,30.0,30.0,False,False,False,0.0,0.0,0.0,0.0,2015-2016,0.0
2016-02-02,1893.75,1895.25,1931.0,-0.019479013170835204,0.0007917656787340257,0.004233504490611256,0.009928448091023149,0.002116752245305628,-1.9619393677897397,-1.0,38.0,38.0,False,False,True,-285.0,95.0,38.0,-418.0,2015-2016,-513.0
2016-02-03,1907.5,1906.0,1895.25,0.006442728222198712,-0.0007866789444646411,0.0041215482292874545,0.009665887384761113,0.0020607741146437273,0.6665428600333253,0.0,38.0,38.0,False,False,False,0.0,0.0,0.0,0.0,2015-2016,0.0
2016-02-04,1905.75,1909.75,1906.0,-0.00013117334576423877,0.0020967115530858395,0.006130040346741914,0.014376218925355877,0.003065020173370957,-0.00912432861834647,0.0,26.0,26.0,False,False,False,0.0,0.0,0.0,0.0,2015-2016,0.0
2016-02-05,1870.25,1873.25,1909.75,-0.02090023166895481,0.0016027784919057139,0.006625363005270409,0.015537853527235723,0.0033126815026352043,-1.3451170480092103,-1.0,24.0,24.0,False,False,True,-360.0,60.0,24.0,-444.0,2015-2016,-504.0
2016-02-08,1827.25,1847.5,1873.25,-0.02486278588391901,0.011021269461855736,0.0075380128215784,0.017678207068041202,0.0037690064107892,-1.4064087940720043,-1.0,22.0,22.0,False,False,True,-2227.5,55.0,22.0,-2304.5,2015-2016,-2359.5
2016-02-09,1851.25,1848.0,1847.5,0.002027712759651613,-0.0017571133803791139,0.0071805186231672265,0.016839808856904597,0.0035902593115836132,0.12041186315604868,0.0,23.0,23.0,False,False,False,0.0,0.0,0.0,0.0,2015-2016,0.0
2016-02-10,1858.25,1847.25,1848.0,0.005531211403773428,-0.005937137936645932,0.00748105619041761,0.017544631927829693,0.003740528095208805,0.31526517207805854,0.0,22.0,22.0,False,False,False,0.0,0.0,0.0,0.0,2015-2016,0.0
2016-02-11,1825.5,1824.5,1847.25,-0.011844124573065464,-0.0005479452191892714,0.007363520511341763,0.017268986327090244,0.0036817602556708817,-0.6858610197916089,0.0,22.0,22.0,False,False,False,0.0,0.0,0.0,0.0,2015-2016,0.0
2016-02-12,1856.0,1860.5,1824.5,0.017117657469643475,0.0024216344405314115,0.0064553436926393865,0.015139122895516277,0.0032276718463196932,1.1306901719328255,1.0,25.0,25.0,False,False,True,562.5,62.5,25.0,475.0,2015-2016,412.5
2016-02-17,1921.5,1923.0,1891.5,0.01573596593181463,0.0007803355838811049,0.004081898436555512,0.009572900378409296,0.002040949218277756,1.6438033730409962,1.0,39.0,39.0,False,False,True,292.5,97.5,39.0,156.0,2015-2016,58.5
2016-02-18,1920.25,1914.75,1923.0,-0.001431080709988381,-0.0028683200890883926,0.003842840859521365,0.009012260664996212,0.0019214204297606824,-0.15879264517356062,0.0,41.0,40.0,False,False,False,0.0,0.0,0.0,0.0,2015-2016,0.0
2016-02-19,1908.75,1914.5,1914.75,-0.003138488256860735,0.003007914384507019,0.0038666924000520433,0.009068197485796793,0.0019333462000260216,-0.34609835766991637,0.0,41.0,40.0,False,False,False,0.0,0.0,0.0,0.0,2015-2016,0.0
2016-02-22,1939.0,1941.75,1914.5,0.012715884325302495,0.0014172520571049563,0.0031998030561910563,0.007504203341544853,0.0015999015280955282,1.6945015675287844,1.0,49.0,40.0,True,False,True,550.0,100.0,40.0,410.0,2015-2016,310.0
2016-02-23,1919.75,1917.75,1941.75,-0.011394659089103728,-0.0010423453712472925,0.0035082725491066987,0.008227628427042988,0.0017541362745533493,-1.3849263114084225,-1.0,45.0,40.0,True,False,True,400.0,100.0,40.0,260.0,2015-2016,160.0
2016-02-24,1917.25,1925.75,1917.75,-0.00026075619443702774,0.004423634588106654,0.004132007359563515,0.009690416219501554,0.0020660036797817576,-0.026908668165590958,0.0,38.0,38.0,False,False,False,0.0,0.0,0.0,0.0,2015-2016,0.0
2016-02-25,1938.5,1949.25,1925.75,0.0065989758779085705,0.005530205078725428,0.00537478677840816,0.012604992305568118,0.00268739338920408,0.5235208176202968,0.0,29.0,29.0,False,False,False,0.0,0.0,0.0,0.0,2015-2016,0.0
2016-02-26,1944.0,1945.25,1949.25,-0.0026969771693249557,0.0006427974766551217,0.0055810652860531895,0.01308875828715367,0.0027905326430265947,-0.20605294330876137,0.0,28.0,28.0,False,False,False,0.0,0.0,0.0,0.0,2015-2016,0.0
2016-02-29,1937.5,1928.25,1945.25,-0.00399202126953745,-0.004785626413393562,0.005037179486280585,0.011813233023754872,0.0025185897431402927,-0.3379279204524295,0.0,31.0,31.0,False,False,False,0.0,0.0,0.0,0.0,2015-2016,0.0
2016-03-01,1973.5,1975.5,1928.25,0.023195760288793187,0.0010129147485436177,0.005624615194816252,0.013190891876354239,0.002812307597408126,1.7584679266739727,1.0,27.0,27.0,False,False,True,270.0,67.5,27.0,175.5,2015-2016,108.0
2016-03-02,1978.5,1984.0,1975.5,0.0015174509740336296,0.0027760270193391296,0.005307751284036968,0.01244778013593502,0.002653875642018484,0.1219053483803878,0.0,29.0,29.0,False,False,False,0.0,0.0,0.0,0.0,2015-2016,0.0
2016-03-03,1987.5,1991.5,1984.0,0.0017625586836688128,0.0020105560932120394,0.005150133228046627,0.012078133029010106,0.0025750666140233135,0.14592972932450535,0.0,30.0,30.0,False,False,False,0.0,0.0,0.0,0.0,2015-2016,0.0
2016-03-04,1994.25,1997.5,1991.5,0.0013799161695399824,0.001628358849190807,0.003500459765378436,0.008209305825079422,0.001750229882689218,0.16809169970551466,0.0,43.0,40.0,False,False,False,0.0,0.0,0.0,0.0,2015-2016,0.0
2016-03-07,1991.5,1999.75,1997.5,-0.0030082750187307742,0.0041340491072323834,0.0037263046858708225,0.0087389591122562,0.0018631523429354113,-0.34423722323082323,0.0,41.0,40.0,False,False,False,0.0,0.0,0.0,0.0,2015-2016,0.0
2016-03-08,1985.25,1977.5,1999.75,-0.007277321953610901,-0.003911430133511359,0.003722112781134416,0.00872912822423654,0.001861056390567208,-0.833682558746854,-1.0,41.0,40.0,True,False,True,1550.0,100.0,40.0,1410.0,2015-2016,1310.0
2016-03-09,1986.75,1988.0,1977.5,0.004666717178479855,0.0006289703962306653,0.002898726653137391,0.006798116588647921,0.0014493633265686954,0.6864720717312705,0.0,53.0,40.0,False,False,False,0.0,0.0,0.0,0.0,2015-2016,0.0
2016-03-10,1983.5,1989.0,1988.0,-0.002266147262134489,0.0027690388995873735,0.004139393241134912,0.00970773764716289,0.002069696620567456,-0.2334372172487352,0.0,37.0,37.0,False,False,False,0.0,0.0,0.0,0.0,2015-2016,0.0
2016-03-11,2015.25,2021.25,1989.0,0.013111257309738052,0.002972874727606291,0.004548208768233542,0.010666495042744856,0.002274104384116771,1.2292001503020504,1.0,33.0,33.0,False,False,True,990.0,82.5,33.0,874.5,2015-2016,792.0
2016-03-15,2002.0,2006.75,2009.5,-0.003739254014089859,0.002369817136520413,0.0033093339993844383,0.0077610761726161345,0.0016546669996922191,-0.48179581425618406,0.0,46.0,40.0,False,False,False,0.0,0.0,0.0,0.0,2015-2016,0.0
2016-03-16,2013.0,2018.75,2006.75,0.003109648628105272,0.002852361331175104,0.0023488644840757747,0.005508575496899272,0.0011744322420378873,0.5645104854886105,0.0,64.0,40.0,False,False,False,0.0,0.0,0.0,0.0,2015-2016,0.0
2016-03-17,2031.75,2031.0,2018.75,0.006418982662347569,-0.00036920805292952637,0.00330931493034079,0.007761031451744708,0.001654657465170395,0.8270785529292706,1.0,45.0,40.0,True,False,True,-150.0,100.0,40.0,-290.0,2015-2016,-390.0
2016-03-18,2035.75,2039.0,2031.0,0.0023360187668560826,0.0015951902272144144,0.0031129511296288247,0.0073005175189855935,0.0015564755648144123,0.31997988646436015,0.0,48.0,40.0,False,False,False,0.0,0.0,0.0,0.0,2015-2016,0.0
2016-03-21,2043.75,2041.75,2039.0,0.002326864071108393,-0.0009790724071784057,0.00321914143254887,0.007549555854163896,0.001609570716274435,0.3082120479743229,0.0,46.0,40.0,False,False,False,0.0,0.0,0.0,0.0,2015-2016,0.0
2016-03-22,2042.5,2041.25,2041.75,0.0003672644957727754,-0.0006121824494831111,0.0018399236468268872,0.004315003434974315,0.0009199618234134436,0.0851133727486735,0.0,80.0,40.0,False,False,False,0.0,0.0,0.0,0.0,2015-2016,0.0
2016-03-23,2027.25,2027.75,2041.25,-0.006882170460008209,0.00024660912578740237,0.0020648174841836186,0.004842426234486905,0.0010324087420918093,-1.4212236029522982,-1.0,72.0,40.0,True,False,True,-100.0,100.0,40.0,-240.0,2015-2016,-340.0
2016-03-24,2023.25,2026.75,2027.75,-0.0022216745746428037,0.001728395492005364,0.0018234541676963427,0.00427637908273932,0.0009117270838481713,-0.5195223649863299,0.0,82.0,40.0,False,False,False,0.0,0.0,0.0,0.0,2015-2016,0.0
2016-03-28,2027.75,2028.0,2026.75,0.0004932790826376117,0.0001232817606196348,0.0022206131921623366,0.005207799556495019,0.0011103065960811683,0.0947192911874667,0.0,67.0,40.0,False,False,False,0.0,0.0,0.0,0.0,2015-2016,0.0
2016-03-29,2044.5,2046.75,2028.0,0.008103175093623117,0.0010999084518604864,0.0028398384238083915,0.006660011449191504,0.0014199192119041958,1.2166908653898496,1.0,52.0,40.0,True,False,True,450.0,100.0,40.0,310.0,2015-2016,210.0
2016-03-30,2057.25,2056.25,2046.75,0.005116970229264715,-0.0004862039721402814,0.0030970467090232507,0.007263218346455972,0.0015485233545116254,0.7045045302488392,0.0,47.0,40.0,False,False,False,0.0,0.0,0.0,0.0,2015-2016,0.0
2016-03-31,2050.5,2051.0,2056.25,-0.002800269681568135,0.0002438132402665713,0.0027932555385195893,0.006550764899543181,0.0013966277692597946,-0.427472169206288,0.0,53.0,40.0,False,False,False,0.0,0.0,0.0,0.0,2015-2016,0.0
2016-04-01,2061.25,2064.5,2051.0,0.004985115801428129,0.001575471452336262,0.0029547356482365803,0.006929469325300477,0.0014773678241182901,0.7194080192009455,0.0,50.0,40.0,False,False,False,0.0,0.0,0.0,0.0,2015-2016,0.0
2016-04-04,2057.5,2058.0,2064.5,-0.0033964127749200003,0.0002429838427701021,0.00268833442847274,0.006304703085492226,0.00134416721423637,-0.5387109795440641,0.0,55.0,40.0,False,False,False,0.0,0.0,0.0,0.0,2015-2016,0.0
2016-04-05,2044.5,2037.5,2058.0,-0.006581376589297919,-0.0034296946896792157,0.003038864261811061,0.007126768412781397,0.0015194321309055306,-0.9234727730866976,-1.0,49.0,40.0,True,False,True,1400.0,100.0,40.0,1260.0,2015-2016,1160.0
2016-04-06,2051.75,2059.5,2037.5,0.0069695213948033075,0.003770147366314349,0.0027074857318373845,0.00634961687305357,0.0013537428659186922,1.0976286497505827,1.0,54.0,40.0,True,False,True,1550.0,100.0,40.0,1410.0,2015-2016,1310.0
2016-04-07,2026.75,2034.75,2059.5,-0.016029710008318872,0.003939436339334371,0.0032394693553504154,0.007597229058900317,0.0016197346776752077,-2.109941648993684,-1.0,46.0,40.0,True,False,True,-1600.0,100.0,40.0,-1740.0,2015-2016,-1840.0
2016-04-08,2039.75,2041.0,2034.75,0.0024542901017586944,0.0006126325009352671,0.003190854052958307,0.007483216068646054,0.0015954270264791535,0.3279726362628938,0.0,46.0,40.0,False,False,False,0.0,0.0,0.0,0.0,2015-2016,0.0
2016-04-11,2047.75,2035.25,2041.0,0.0033017455858666738,-0.006122967941624309,0.0030119659038211383,0.007063686171666744,0.0015059829519105691,0.46742529404977734,0.0,49.0,40.0,False,False,False,0.0,0.0,0.0,0.0,2015-2016,0.0
2016-04-12,2055.5,2055.25,2035.25,0.009900465883845924,-0.00012163230569030452,0.002898721096249643,0.0067981035565909875,0.0014493605481248216,1.4563570268427426,1.0,51.0,40.0,True,False,True,-50.0,100.0,40.0,-190.0,2015-2016,-290.0
2016-04-13,2071.5,2075.75,2055.25,0.007875487485213668,0.0020495516246835746,0.002722404280306448,0.006384603970480063,0.001361202140153224,1.2335122932646838,1.0,54.0,40.0,True,False,True,850.0,100.0,40.0,710.0,2015-2016,610.0
2016-04-14,2076.5,2075.75,2075.75,0.00036124992866819536,-0.0003612499286682031,0.0024154454510988085,0.0056647217054138325,0.0012077227255494042,0.06377187573450345,0.0,60.0,40.0,False,False,False,0.0,0.0,0.0,0.0,2015-2016,0.0
2016-04-15,2074.5,2073.5,2075.75,-0.0006023733692174042,-0.00048216008648661,0.0013488971422064052,0.0031634442070928546,0.0006744485711032026,-0.19041694108807244,0.0,108.0,40.0,False,False,False,0.0,0.0,0.0,0.0,2015-2016,0.0
2016-04-18,2086.75,2088.5,2073.5,0.006369831044410122,0.0008382732063840582,0.0025054289090996403,0.005875751620179088,0.0012527144545498201,1.084087867590287,1.0,58.0,40.0,True,False,True,350.0,100.0,40.0,210.0,2015-2016,110.0
2016-04-19,2091.25,2094.75,2088.5,0.001315868363803781,0.0016722411923621328,0.002627186590593276,0.006161298694257744,0.001313593295296638,0.21356996781054524,0.0,55.0,40.0,False,False,False,0.0,0.0,0.0,0.0,2015-2016,0.0
2016-04-20,2104.0,2096.5,2094.75,0.004406080364204716,-0.0035710072467831306,0.002729620518352441,0.0064015275488088445,0.0013648102591762206,0.6882857772008762,0.0,53.0,40.0,False,False,False,0.0,0.0,0.0,0.0,2015-2016,0.0
2016-04-21,2085.25,2085.5,2096.5,-0.0053805354890961,0.00011988251527879747,0.002164226399230743,0.005075560805388896,0.0010821131996153715,-1.0600868939218306,-1.0,67.0,40.0,True,False,True,-50.0,100.0,40.0,-190.0,2015-2016,-290.0
2016-04-22,2086.0,2085.75,2085.5,0.00023972192371787013,-0.0001198537785338398,0.002137826403955325,0.005013647328439353,0.0010689132019776626,0.047813878403068825,0.0,68.0,40.0,False,False,False,0.0,0.0,0.0,0.0,2015-2016,0.0
2016-04-25,2078.5,2082.25,2085.75,-0.0034820230894917524,0.001802560122757629,0.0019409862073327178,0.004552016148236643,0.0009704931036663589,-0.7649408473299498,-1.0,75.0,40.0,True,False,True,-750.0,100.0,40.0,-890.0,2015-2016,-990.0
2016-04-26,2082.5,2086.0,2082.25,0.00012005522554787644,0.0016792615197199939,0.0020668316675608238,0.004847149913214714,0.0010334158337804119,0.0247682097103231,0.0,70.0,40.0,False,False,False,0.0,0.0,0.0,0.0,2015-2016,0.0
2016-04-27,2086.75,2089.5,2086.0,0.00035947517012817906,0.0013169711571239654,0.0017612912460098621,0.004130594108961851,0.0008806456230049311,0.08702747368671537,0.0,82.0,40.0,False,False,False,0.0,0.0,0.0,0.0,2015-2016,0.0
2016-04-28,2082.0,2070.75,2089.5,-0.003595832713055841,-0.005418109696540702,0.0029997105402497924,0.007034944796448041,0.0014998552701248962,-0.5111387249081735,0.0,48.0,40.0,False,False,False,0.0,0.0,0.0,0.0,2015-2016,0.0
2016-04-29,2047.75,2058.75,2070.75,-0.011169231082662072,0.005357373096138656,0.003688863298491519,0.00865115127553943,0.0018444316492457595,-1.2910687522298157,-1.0,40.0,40.0,False,False,True,-2200.0,100.0,40.0,-2340.0,2015-2016,-2440.0
2016-05-02,2073.25,2075.5,2058.75,0.007018421839463048,0.0010846641617803636,0.004178395714771263,0.009799206555670908,0.0020891978573856313,0.7162234819309335,0.0,35.0,35.0,False,False,False,0.0,0.0,0.0,0.0,2015-2016,0.0
2016-05-03,2058.5,2057.0,2075.5,-0.008224526283134038,-0.0007289515570022205,0.0035950660571827183,0.00843117724610805,0.0017975330285913591,-0.975489666870732,-1.0,41.0,40.0,True,False,True,300.0,100.0,40.0,160.0,2015-2016,60.0
2016-05-04,2043.75,2044.75,2057.0,-0.006462255007393621,0.0004891769695199883,0.0032039819957674735,0.007514003823569142,0.0016019909978837368,-0.860028176605859,-1.0,46.0,40.0,True,False,True,-200.0,100.0,40.0,-340.0,2015-2016,-440.0
2016-05-05,2042.0,2044.75,2044.75,-0.0013458128904726353,0.0013458128904726581,0.0029417099383567107,0.006898921327848763,0.0014708549691783554,-0.19507584251468624,0.0,50.0,40.0,False,False,False,0.0,0.0,0.0,0.0,2015-2016,0.0
2016-05-06,2050.0,2052.0,2044.75,0.002564260517370308,0.0009751341582062914,0.0026518147019155038,0.0062190567349979745,0.0013259073509577519,0.41232306226438425,0.0,56.0,40.0,False,False,False,0.0,0.0,0.0,0.0,2015-2016,0.0
2016-05-09,2058.25,2053.75,2052.0,0.0030411798878753385,-0.0021887168270575633,0.0019235080812114087,0.0045110263091308585,0.0009617540406057043,0.6741658504007448,0.0,76.0,40.0,False,False,False,0.0,0.0,0.0,0.0,2015-2016,0.0
2016-05-10,2075.0,2079.5,2053.75,0.010293763313320728,0.002166326518167733,0.0014846972847303247,0.0034819237714330846,0.0007423486423651624,2.956343673510129,1.0,98.0,40.0,True,False,True,900.0,100.0,40.0,760.0,2015-2016,660.0
2016-05-11,2062.25,2060.25,2079.5,-0.008329860442125317,-0.0009702850973481731,0.0016000482378386706,0.003752445735618104,0.0008000241189193353,-2.219848341325373,-1.0,92.0,40.0,True,False,True,400.0,100.0,40.0,260.0,2015-2016,160.0
2016-05-12,2064.5,2060.5,2060.25,0.002060731682651999,-0.0019393945472729207,0.0023111248246203164,0.005420068150159146,0.0011555624123101582,0.38020401691655686,0.0,63.0,40.0,False,False,False,0.0,0.0,0.0,0.0,2015-2016,0.0
2016-05-13,2042.5,2042.5,2060.5,-0.008774124044714116,0.0,0.002537549125563014,0.005951080204933462,0.001268774562781507,-1.4743750281571306,-1.0,58.0,40.0,True,False,True,-0.0,100.0,40.0,-140.0,2015-2016,-240.0
2016-05-16,2066.75,2062.5,2042.5,0.011802777398626988,-0.002058485923948988,0.0029885894313067983,0.007008863484121574,0.0014942947156533991,1.6839787827749706,1.0,49.0,40.0,True,False,True,-850.0,100.0,40.0,-990.0,2015-2016,-1090.0
2016-05-17,2043.0,2043.5,2062.5,-0.009499523391214031,0.0002447081867099061,0.0027642712670948254,0.006482790757804325,0.0013821356335474127,-1.4653447482903879,-1.0,54.0,40.0,True,False,True,-100.0,100.0,40.0,-240.0,2015-2016,-340.0
2016-05-18,2041.25,2043.75,2043.5,-0.0011016587196571125,0.0012239903608886815,0.00251102626150108,0.005888878575137587,0.00125551313075054,-0.1870744498465692,0.0,59.0,40.0,False,False,False,0.0,0.0,0.0,0.0,2015-2016,0.0
2016-05-19,2030.5,2036.75,2043.75,-0.006504287519211046,0.0030733320643986286,0.00267810373205013,0.0062807099756249365,0.001339051866025065,-1.035597495259899,-1.0,56.0,40.0,True,False,True,-1250.0,100.0,40.0,-1390.0,2015-2016,-1490.0
2016-05-20,2049.0,2049.0,2036.75,0.0059964690481485675,0.0,0.0028253592387507704,0.006626054750299671,0.0014126796193753852,0.9049833232780593,1.0,52.0,40.0,True,False,True,0.0,100.0,40.0,-140.0,2015-2016,-240.0
2016-05-23,2049.5,2046.0,2049.0,0.00024399170549248243,-0.0017091934328204129,0.002538895242706898,0.0059542371294665835,0.001269447621353449,0.040977828089010064,0.0,58.0,40.0,False,False,False,0.0,0.0,0.0,0.0,2015-2016,0.0
2016-05-24,2072.5,2073.0,2046.0,0.012868940497878237,0.00024122542632964834,0.002401091071560908,0.005631057701410305,0.001200545535780454,2.2853504936834863,1.0,61.0,40.0,True,False,True,100.0,100.0,40.0,-40.0,2015-2016,-140.0
2016-05-25,2087.0,2087.0,2073.0,0.006730794641421219,0.0,0.0021205529519492225,0.004973137492681364,0.0010602764759746113,1.353430234198528,1.0,68.0,40.0,True,False,True,0.0,100.0,40.0,-140.0,2015-2016,-240.0
2016-05-26,2088.25,2087.5,2087.0,0.0005987665588148598,-0.0003592169110051423,0.0022920267133798807,0.005375279109186646,0.0011460133566899404,0.11139264522869798,0.0,63.0,40.0,False,False,False,0.0,0.0,0.0,0.0,2015-2016,0.0
2016-05-27,2093.25,2096.75,2087.5,0.0027507043595306133,0.0016706447799795482,0.001331322181509133,0.0031222272707764733,0.0006656610907545665,0.8810070891625179,1.0,109.0,40.0,True,False,True,700.0,100.0,40.0,560.0,2015-2016,460.0
2016-06-01,2098.0,2097.0,2093.0,0.0023860665102427825,-0.0004767580543225193,0.001797566191165573,0.00421566639618439,0.0008987830955827865,0.5659998410695916,0.0,80.0,40.0,False,False,False,0.0,0.0,0.0,0.0,2015-2016,0.0
2016-06-02,2100.0,2103.25,2097.0,0.0014295928095943715,0.0015464227194086828,0.0022428850929759833,0.005260031793783795,0.0011214425464879916,0.2717840624621009,0.0,64.0,40.0,False,False,False,0.0,0.0,0.0,0.0,2015-2016,0.0
2016-06-03,2099.25,2097.5,2103.25,-0.0019036293672503892,-0.0008339787223113841,0.002659730726706606,0.006237621458715644,0.001329865363353303,-0.3051851382533809,0.0,54.0,40.0,False,False,False,0.0,0.0,0.0,0.0,2015-2016,0.0
2016-06-06,2110.0,2108.0,2097.5,0.005941788128751043,-0.0009483168088592445,0.0024642507668750173,0.005779180316553777,0.0012321253834375087,1.0281368296696842,1.0,58.0,40.0,True,False,True,-400.0,100.0,40.0,-540.0,2015-2016,-640.0
2016-06-07,2114.5,2111.25,2108.0,0.003078747251290408,-0.0015381887905334432,0.002035273370200392,0.0047731391455684315,0.001017636685100196,0.6450151896679646,0.0,70.0,40.0,False,False,False,0.0,0.0,0.0,0.0,2015-2016,0.0
2016-06-08,2118.75,2118.0,2111.25,0.0035461030067504905,-0.0003540449674085694,0.0016366109744656125,0.003838192953666745,0.0008183054872328063,0.9238990977154466,1.0,87.0,40.0,True,False,True,-150.0,100.0,40.0,-290.0,2015-2016,-390.0
2016-06-09,2114.75,2114.75,2118.0,-0.0015356449772279187,0.0,0.0015764044477434595,0.0036969961327758365,0.0007882022238717297,-0.4153764088670825,0.0,91.0,40.0,False,False,False,0.0,0.0,0.0,0.0,2015-2016,0.0
2016-06-10,2091.0,2095.25,2114.75,-0.011294181755490325,0.0020304575503819213,0.0018719089882444412,0.004390015709708429,0.0009359544941222206,-2.572697343773389,-1.0,77.0,40.0,True,False,True,-850.0,100.0,40.0,-990.0,2015-2016,-1090.0
2016-06-14,2056.5,2066.5,2070.0,-0.0065430985889359475,0.004850846281308253,0.003069377892156126,0.0071983292191113565,0.001534688946078063,-0.9089746231061799,-1.0,48.0,40.0,True,False,True,-2000.0,100.0,40.0,-2140.0,2015-2016,-2240.0
2016-06-15,2074.0,2063.25,2066.5,0.003622754837685582,-0.005196700316679019,0.003271038261571939,0.007671264706531228,0.0016355191307859695,0.47225001043194476,0.0,45.0,40.0,False,False,False,0.0,0.0,0.0,0.0,2015-2016,0.0
2016-06-16,2064.0,2070.0,2063.25,0.00036343812865973467,0.00290275965796141,0.0035105786137123642,0.00823303662792778,0.0017552893068561821,0.04414387365008122,0.0,42.0,40.0,False,False,False,0.0,0.0,0.0,0.0,2015-2016,0.0
2016-06-17,2064.5,2062.0,2070.0,-0.002660540933269866,-0.0012116807492397134,0.0033906156482668647,0.007951698536067418,0.0016953078241334324,-0.3345877514347595,0.0,43.0,40.0,False,False,False,0.0,0.0,0.0,0.0,2015-2016,0.0
2016-06-20,2084.25,2075.25,2062.0,0.010732692713817538,-0.004327449955577853,0.003970373696579174,0.009311351679411682,0.001985186848289587,1.1526460478931948,1.0,37.0,37.0,False,False,True,-1665.0,92.5,37.0,-1794.5,2015-2016,-1887.0
2016-06-21,2082.25,2080.25,2075.25,0.003367411480304928,-0.0009609610349106441,0.0029511370842987897,0.006921029944797204,0.0014755685421493948,0.486547740316647,0.0,49.0,40.0,False,False,False,0.0,0.0,0.0,0.0,2015-2016,0.0
2016-06-22,2080.75,2076.5,2080.25,0.00024032684566524453,-0.0020446215553962368,0.0024320636553920414,0.005703694849072305,0.0012160318276960207,0.04213529160037957,0.0,60.0,40.0,False,False,False,0.0,0.0,0.0,0.0,2015-2016,0.0
2016-06-23,2098.25,2104.75,2076.5,0.010419879892128706,0.0030930312548365355,0.001923761611490934,0.0045116208903401974,0.000961880805745467,2.309564598931316,1.0,75.0,40.0,True,False,True,1300.0,100.0,40.0,1160.0,2015-2016,1060.0
2016-06-24,2034.75,2027.5,2104.75,-0.033823734010622594,-0.0035694542175828295,0.011111939271423827,0.0260598075404436,0.005555969635711914,-1.2979272374951252,-1.0,13.0,13.0,False,False,True,471.25,32.5,13.0,425.75,2015-2016,393.25
2016-06-27,1985.25,1991.0,2027.5,-0.021058656214247618,0.0028921742888758603,0.011420759471287364,0.026784055106639476,0.005710379735643682,-0.7862385337247685,-1.0,13.0,13.0,False,False,True,-373.75,32.5,13.0,-419.25,2015-2016,-451.75
2016-06-28,2022.5,2026.75,1991.0,0.015697344868450487,0.0020991549351697895,0.01162400362479901,0.027260704897000977,0.005812001812399505,0.575823146457867,0.0,13.0,13.0,False,False,False,0.0,0.0,0.0,0.0,2015-2016,0.0
2016-06-29,2061.5,2061.75,2026.75,0.017000348279138166,0.0001212635665100451,0.005227144932299955,0.012258741484670441,0.0026135724661499773,1.3867939298986853,1.0,28.0,28.0,False,False,True,35.0,70.0,28.0,-63.0,2015-2016,-133.0
2016-06-30,2087.75,2090.75,2061.75,0.012531794319873949,0.0014359222282964142,0.004646361694885156,0.010896684059764619,0.002323180847442578,1.1500557647758993,1.0,31.0,31.0,False,False,True,465.0,77.5,31.0,356.5,2015-2016,279.0
2016-07-01,2093.0,2094.0,2090.75,0.0010755901843645438,0.00047766898448252685,0.004315418065890142,0.010120552453238932,0.002157709032945071,0.1062778133243425,0.0,33.0,33.0,False,False,False,0.0,0.0,0.0,0.0,2016-2017,0.0
2016-07-06,2091.5,2093.25,2079.75,0.005633817718256064,0.000836370202288155,0.003223378863234773,0.007559493509999056,0.0016116894316173865,0.745263913621214,0.0,45.0,40.0,False,False,False,0.0,0.0,0.0,0.0,2016-2017,0.0
2016-07-07,2083.0,2090.75,2093.25,-0.0049087198235692265,0.0037136910006631777,0.003708617003820529,0.008697477820934479,0.0018543085019102645,-0.5643842875637045,0.0,39.0,39.0,False,False,False,0.0,0.0,0.0,0.0,2016-2017,0.0
2016-07-08,2123.25,2122.25,2090.75,0.015425080398483521,-0.00047108704204144945,0.0037889588335349045,0.008885896113067157,0.0018944794167674523,1.7359060022995503,1.0,38.0,38.0,False,False,True,-190.0,95.0,38.0,-323.0,2016-2017,-418.0
2016-07-11,2133.0,2130.0,2122.25,0.005052592853273389,-0.0014074597678797173,0.002813105042296344,0.006597316112212764,0.001406552521148172,0.7658558067151237,1.0,50.0,40.0,True,False,True,-600.0,100.0,40.0,-740.0,2016-2017,-840.0
2016-07-12,2146.5,2145.25,2130.0,0.007716628961144593,-0.0005825129773849385,0.0021635612025415613,0.005074000780871735,0.0010817806012707806,1.5208174563620867,1.0,65.0,40.0,True,False,True,-250.0,100.0,40.0,-390.0,2016-2017,-490.0
2016-07-13,2146.25,2145.25,2145.25,0.0004660375244549156,-0.0004660375244549554,0.0015015147656920987,0.003521364260304902,0.0007507573828460494,0.13234573023540686,0.0,94.0,40.0,False,False,False,0.0,0.0,0.0,0.0,2016-2017,0.0
2016-07-14,2157.25,2157.0,2145.25,0.005578166701186606,-0.00011589499926045602,0.0027366583024994845,0.006418032615647609,0.0013683291512497423,0.8691396624546046,1.0,51.0,40.0,True,False,True,-50.0,100.0,40.0,-190.0,2016-2017,-290.0
2016-07-15,2154.25,2154.5,2157.0,-0.0012757322692801935,0.00011604293601654338,0.002734982117300303,0.0064141016129102965,0.0013674910586501516,-0.19889492656499252,0.0,51.0,40.0,False,False,False,0.0,0.0,0.0,0.0,2016-2017,0.0
2016-07-18,2161.75,2160.25,2154.5,0.003359400784647014,-0.0006941231190309275,0.0030295191685203813,0.007104852226357585,0.0015147595842601906,0.47283190101889905,0.0,46.0,40.0,False,False,False,0.0,0.0,0.0,0.0,2016-2017,0.0
2016-07-19,2154.75,2157.75,2160.25,-0.002549248194000006,0.0013913045722584057,0.002023908568910934,0.004746486324030764,0.001011954284455467,-0.5370811206372883,0.0,69.0,40.0,False,False,False,0.0,0.0,0.0,0.0,2016-2017,0.0
2016-07-20,2167.75,2167.0,2157.75,0.004623751157502772,-0.00034604072091081476,0.0022995592513750268,0.005392944476648597,0.0011497796256875134,0.8573704360435334,1.0,61.0,40.0,True,False,True,-150.0,100.0,40.0,-290.0,2016-2017,-390.0
2016-07-21,2156.0,2158.75,2167.0,-0.005089069507471293,0.0012746974320005163,0.0020057482810120035,0.004703896673748727,0.0010028741405060018,-1.0818837785855544,-1.0,70.0,40.0,True,False,True,-550.0,100.0,40.0,-690.0,2016-2017,-790.0
2016-07-22,2167.5,2168.25,2158.75,0.004045079193808639,0.0003459609098681106,0.00208395012493268,0.0048872962543351234,0.00104197506246634,0.8276721899599555,1.0,67.0,40.0,True,False,True,150.0,100.0,40.0,10.0,2016-2017,-90.0
2016-07-25,2158.75,2163.0,2168.25,-0.004391040103676759,0.0019667964921704297,0.001618151114725593,0.003794900745142386,0.0008090755573627965,-1.1570895785080686,-1.0,87.0,40.0,True,False,True,-850.0,100.0,40.0,-990.0,2016-2017,-1090.0
2016-07-26,2159.5,2163.5,2163.0,-0.001619433552302994,0.0018505672641835637,0.0019127807268401098,0.004485868433128683,0.0009563903634200549,-0.36100781296733553,0.0,73.0,40.0,False,False,False,0.0,0.0,0.0,0.0,2016-2017,0.0
2016-07-27,2162.25,2161.5,2163.5,-0.0005779344783181895,-0.0003469210789347638,0.0020343021363481845,0.004770861400284998,0.0010171510681740922,-0.12113839196495318,0.0,69.0,40.0,False,False,False,0.0,0.0,0.0,0.0,2016-2017,0.0
2016-07-28,2163.5,2164.0,2161.5,0.0009248555572530978,0.0002310803014327367,0.0019727185692311627,0.004626435133409087,0.0009863592846155813,0.19990673825174726,0.0,71.0,40.0,False,False,False,0.0,0.0,0.0,0.0,2016-2017,0.0
2016-07-29,2168.0,2167.25,2164.0,0.0018467225931647112,-0.0003460008107869994,0.0017522555026596805,0.004109403412456146,0.0008761277513298402,0.4493894630950689,0.0,80.0,40.0,False,False,False,0.0,0.0,0.0,0.0,2016-2017,0.0
2016-08-01,2165.0,2165.0,2167.25,-0.0010387213121596062,0.0,0.0016122969734499624,0.0037811715668926607,0.0008061484867249812,-0.2747088551216468,0.0,87.0,40.0,False,False,False,0.0,0.0,0.0,0.0,2016-2017,0.0
2016-08-02,2149.25,2151.5,2165.0,-0.007301417382036799,0.0010463292241008845,0.002380844328909684,0.005583574881002109,0.001190422164454842,-1.307659973698854,-1.0,59.0,40.0,True,False,True,-450.0,100.0,40.0,-590.0,2016-2017,-690.0
2016-08-03,2153.25,2158.0,2151.5,0.0008130553906286199,0.0022035381487969744,0.0024324008718228478,0.005704485691703068,0.0012162004359114239,0.14252913138360124,0.0,58.0,40.0,False,False,False,0.0,0.0,0.0,0.0,2016-2017,0.0
2016-08-04,2158.75,2160.0,2158.0,0.000347483642808478,0.0005788712173223089,0.002277194706670542,0.0053404949701770016,0.001138597353335271,0.0650658122044746,0.0,62.0,40.0,False,False,False,0.0,0.0,0.0,0.0,2016-2017,0.0
2016-08-05,2175.75,2177.75,2160.0,0.007265210991412432,0.0009188010293783283,0.0015207667843582537,0.0035665142461849763,0.0007603833921791268,2.037062097588387,1.0,91.0,40.0,True,False,True,400.0,100.0,40.0,260.0,2016-2017,160.0
2016-08-08,2174.0,2176.0,2177.75,-0.0017234450178465874,0.0009195402946785818,0.0013129589823046167,0.003079161751301653,0.0006564794911523083,-0.5597124013111803,0.0,106.0,40.0,False,False,False,0.0,0.0,0.0,0.0,2016-2017,0.0
2016-08-09,2176.0,2177.5,2176.0,0.0,0.0006891007508246539,0.0013759057756300348,0.0032267850670235974,0.0006879528878150174,0.0,0.0,101.0,40.0,False,False,False,0.0,0.0,0.0,0.0,2016-2017,0.0
2016-08-10,2169.0,2172.0,2177.5,-0.003911197899783429,0.0013821702269516739,0.0010477715714988921,0.0024572421458266824,0.0005238857857494461,-1.5917022693209573,-1.0,133.0,40.0,True,False,True,-600.0,100.0,40.0,-740.0,2016-2017,-840.0
2016-08-11,2182.5,2182.25,2172.0,0.004822606659931159,-0.00011455409829813275,0.0011408338647300744,0.002675492569235106,0.0005704169323650372,1.8025117002324136,1.0,121.0,40.0,True,False,True,-50.0,100.0,40.0,-190.0,2016-2017,-290.0
2016-08-12,2179.0,2180.0,2182.25,-0.0014903986708392676,0.00045882083851476915,0.0011605191418218622,0.002721658636189012,0.0005802595709109311,-0.5476067611940454,0.0,120.0,40.0,False,False,False,0.0,0.0,0.0,0.0,2016-2017,0.0
2016-08-15,2189.75,2187.0,2180.0,0.004462505260063642,-0.0012566403664305383,0.0010501877142071495,0.0024629085027450793,0.0005250938571035748,1.811884304711229,1.0,131.0,40.0,True,False,True,-550.0,100.0,40.0,-690.0,2016-2017,-790.0
2016-08-16,2179.5,2175.25,2187.0,-0.003435248998320557,-0.0019518922323135002,0.0012275853587145878,0.0028789428565217006,0.0006137926793572939,-1.1932327835332508,-1.0,113.0,40.0,True,False,True,850.0,100.0,40.0,710.0,2016-2017,610.0
2016-08-17,2177.5,2179.0,2175.25,0.001033829280524032,0.0006886262179619789,0.0015008798109290649,0.0035198751593912476,0.0007504399054645324,0.29371191695981336,0.0,93.0,40.0,False,False,False,0.0,0.0,0.0,0.0,2016-2017,0.0
2016-08-18,2181.5,2184.25,2179.0,0.001146657619044519,0.0012598066145396354,0.0016104058568248872,0.003776736505281702,0.0008052029284124436,0.3036107013134058,0.0,86.0,40.0,False,False,False,0.0,0.0,0.0,0.0,2016-2017,0.0
2016-08-19,2181.5,2181.25,2184.25,-0.0012598066145397154,-0.00011460661292694689,0.0016853051749146377,0.003952390976265799,0.0008426525874573188,-0.3187454434808914,0.0,82.0,40.0,False,False,False,0.0,0.0,0.0,0.0,2016-2017,0.0
2016-08-22,2178.75,2180.5,2181.25,-0.0011467891165065712,0.0008028904485905621,0.0016378915415483693,0.003841196149679982,0.0008189457707741847,-0.2985500015671193,0.0,85.0,40.0,False,False,False,0.0,0.0,0.0,0.0,2016-2017,0.0
2016-08-23,2186.5,2185.0,2180.5,0.002747883570154191,-0.0006862633232847244,0.0015590416377361553,0.0036562767339292966,0.0007795208188680776,0.7515524042954808,1.0,89.0,40.0,True,False,True,-300.0,100.0,40.0,-440.0,2016-2017,-540.0
2016-08-24,2177.75,2174.5,2185.0,-0.0033235948306891724,-0.001493480661308285,0.0014017088058201573,0.003287298536751073,0.0007008544029100787,-1.0110413744089006,-1.0,99.0,40.0,True,False,True,650.0,100.0,40.0,510.0,2016-2017,410.0
2016-08-25,2168.5,2171.75,2174.5,-0.0027630687622721833,0.0014976098646088895,0.0012525842706526567,0.0029375705017880786,0.0006262921353263283,-0.9405965782235091,-1.0,111.0,40.0,True,False,True,-650.0,100.0,40.0,-790.0,2016-2017,-890.0
2016-08-26,2161.75,2167.75,2171.75,-0.004615215299490275,0.0027716844167301764,0.001818164084491804,0.004263972737922647,0.000909082042245902,-1.0823744857568554,-1.0,77.0,40.0,True,False,True,-1200.0,100.0,40.0,-1340.0,2016-2017,-1440.0
2016-08-29,2180.25,2179.0,2167.75,0.005749785849825149,-0.0005734931624751104,0.0022144951571505317,0.005193451492575758,0.0011072475785752658,1.1071222785164534,1.0,63.0,40.0,True,False,True,-250.0,100.0,40.0,-390.0,2016-2017,-490.0
2016-08-30,2171.75,2175.0,2179.0,-0.003332761804589955,0.0014953703827546732,0.0021948740350533503,0.005147435882420739,0.0010974370175266751,-0.6474605766284207,0.0,63.0,40.0,False,False,False,0.0,0.0,0.0,0.0,2016-2017,0.0
2016-08-31,2164.5,2168.5,2175.0,-0.004839276640749268,0.001846296393385648,0.001773832344031877,0.0041600055908658255,0.0008869161720159385,-1.163286090618466,-1.0,79.0,40.0,True,False,True,-800.0,100.0,40.0,-940.0,2016-2017,-1040.0
2016-09-01,2166.0,2169.0,2168.5,-0.0011535357144849523,0.0013840832659385552,0.001501883806323417,0.0035222297373014772,0.0007509419031617085,-0.3275015545603572,0.0,93.0,40.0,False,False,False,0.0,0.0,0.0,0.0,2016-2017,0.0
2016-09-02,2177.25,2178.5,2169.0,0.003796380745974573,0.0005739539846477554,0.0023687985778440123,0.0055553250906834415,0.0011843992889220062,0.6833768832613043,0.0,59.0,40.0,False,False,False,0.0,0.0,0.0,0.0,2016-2017,0.0
2016-09-07,2183.25,2185.0,2185.5,-0.0010300430095269704,0.0008012362358482554,0.0014824916970813304,0.003476751209898827,0.0007412458485406652,-0.2962659527073105,0.0,93.0,40.0,False,False,False,0.0,0.0,0.0,0.0,2016-2017,0.0
2016-09-08,2181.5,2179.75,2185.0,-0.0016031149660261912,-0.0008025222557398319,0.0013019644442570093,0.003053377274036415,0.0006509822221285046,-0.5250300968890594,0.0,106.0,40.0,False,False,False,0.0,0.0,0.0,0.0,2016-2017,0.0
2016-09-09,2138.5,2127.0,2179.75,-0.0191055426409611,-0.005392112466726182,0.0028544716151169946,0.006694329324756695,0.0014272358075584973,-2.8539890576201206,-1.0,50.0,40.0,True,False,True,2300.0,100.0,40.0,2160.0,2016-2017,2060.0
2016-09-13,2117.0,2119.5,2151.0,-0.015932858132864897,0.00118021965782677,0.005227272759430729,0.012259041265864799,0.0026136363797153645,-1.2996822334899722,-1.0,27.0,27.0,False,False,True,-337.5,67.5,27.0,-432.0,2016-2017,-499.5
2016-09-14,2120.75,2118.5,2119.5,0.0005895878951522181,-0.0010615086212302054,0.004760499247097009,0.011164360346605692,0.0023802496235485046,0.05280982312000265,0.0,30.0,30.0,False,False,False,0.0,0.0,0.0,0.0,2016-2017,0.0
2016-09-15,2142.5,2140.0,2118.5,0.011265080405320954,-0.0011675424560377012,0.003412311085604612,0.008002578846670034,0.001706155542802306,1.407681276393607,1.0,41.0,40.0,True,False,True,-500.0,100.0,40.0,-640.0,2016-2017,-740.0
2016-09-16,2127.5,2130.5,2140.0,-0.005858247568367981,0.0014091124924375574,0.002878952237161514,0.006751741472480643,0.001439476118580757,-0.8676646746984544,-1.0,49.0,40.0,True,False,True,-600.0,100.0,40.0,-740.0,2016-2017,-840.0
2016-09-19,2138.5,2131.0,2130.5,0.00374795472699649,-0.003513295568346191,0.003285506964668941,0.007705196823046421,0.0016427534823344706,0.4864190770294499,0.0,43.0,40.0,False,False,False,0.0,0.0,0.0,0.0,2016-2017,0.0
2016-09-20,2137.25,2131.5,2131.0,0.0029286028077259297,-0.0026939987010780333,0.002153521545358899,0.005050455697735343,0.0010767607726794495,0.5798690223219133,0.0,66.0,40.0,False,False,False,0.0,0.0,0.0,0.0,2016-2017,0.0
2016-09-21,2146.5,2155.25,2131.5,0.007012651459350294,0.004068117425419202,0.0024244446624921514,0.005685826726886492,0.0012122223312460757,1.2333565189719313,1.0,58.0,40.0,True,False,True,1750.0,100.0,40.0,1610.0,2016-2017,1510.0
2016-09-22,2170.25,2168.75,2155.25,0.006935642181883023,-0.0006914035767480306,0.002983884732461585,0.006997829987317168,0.0014919423662307924,0.991113272893618,1.0,47.0,40.0,True,False,True,-300.0,100.0,40.0,-440.0,2016-2017,-540.0
2016-09-23,2160.0,2157.25,2168.75,-0.004042743016958596,-0.0012739592897938112,0.0031142945933410084,0.007303668220669782,0.0015571472966705042,-0.5535222705650034,0.0,45.0,40.0,False,False,False,0.0,0.0,0.0,0.0,2016-2017,0.0
2016-09-26,2139.0,2139.0,2157.25,-0.00849583230601126,0.0,0.0030058367384103485,0.007049312004648077,0.0015029183692051743,-1.2052002096671839,-1.0,47.0,40.0,True,False,True,-0.0,100.0,40.0,-140.0,2016-2017,-240.0
2016-09-27,2151.0,2152.75,2139.0,0.005594420185324532,0.0008132443085446159,0.002038839055205864,0.004781501418140548,0.001019419527602932,1.1700132858059709,1.0,69.0,40.0,True,False,True,350.0,100.0,40.0,210.0,2016-2017,110.0
2016-09-28,2161.75,2164.0,2152.75,0.004171984264265001,0.0010402821258324584,0.0020729047679747723,0.004861392596161001,0.0010364523839873861,0.8581870691866319,1.0,67.0,40.0,True,False,True,450.0,100.0,40.0,310.0,2016-2017,210.0
2016-09-29,2148.25,2143.75,2164.0,-0.007304803773039788,-0.0020969252790823865,0.0033971993565038694,0.007967138700503881,0.0016985996782519347,-0.9168666503292827,-1.0,41.0,40.0,True,False,True,900.0,100.0,40.0,760.0,2016-2017,660.0
2016-09-30,2166.0,2160.5,2143.75,0.010325516646685967,-0.0025424721889480933,0.003528883956033165,0.008275966460983004,0.0017644419780165825,1.247650856895754,1.0,40.0,40.0,False,False,True,-1100.0,100.0,40.0,-1240.0,2016-2017,-1340.0
2016-10-03,2151.0,2153.25,2160.5,-0.004406826104257784,0.0010454784015529657,0.0038186366647785706,0.008955496796758493,0.0019093183323892853,-0.49208058517232306,0.0,37.0,37.0,False,False,False,0.0,0.0,0.0,0.0,2016-2017,0.0
2016-10-04,2136.25,2143.5,2153.25,-0.007926373239482414,0.003388051608231201,0.003086822184268327,0.007239239710432372,0.0015434110921341635,-1.0949179135565608,-1.0,46.0,40.0,True,False,True,-1450.0,100.0,40.0,-1590.0,2016-2017,-1690.0
2016-10-05,2156.5,2153.0,2143.5,0.00604653004986601,-0.0016243187235347493,0.002685000583009348,0.006296884524841072,0.001342500291504674,0.9602415330966578,1.0,52.0,40.0,True,False,True,-700.0,100.0,40.0,-840.0,2016-2017,-940.0
2016-10-06,2154.25,2154.5,2153.0,0.0005804167555130828,0.00011604293601654338,0.0023911846677643154,0.005607825125164948,0.0011955923338821577,0.10350122240946492,0.0,59.0,40.0,False,False,False,0.0,0.0,0.0,0.0,2016-2017,0.0
2016-10-07,2150.0,2146.75,2154.5,-0.002090835934184213,-0.0015127715691143977,0.0016981053854788813,0.0039824101309455925,0.0008490526927394407,-0.5250177318346064,0.0,83.0,40.0,False,False,False,0.0,0.0,0.0,0.0,2016-2017,0.0
2016-10-10,2159.0,2157.5,2146.75,0.00569008096221325,-0.0006950075572243218,0.0017415225239447035,0.004084232346198857,0.0008707612619723518,1.3931824832416637,1.0,80.0,40.0,True,False,True,-300.0,100.0,40.0,-440.0,2016-2017,-540.0
2016-10-11,2126.0,2130.5,2157.5,-0.014707864055689716,0.0021144140380733884,0.002745432316939736,0.006438609503451345,0.001372716158469868,-2.2843230433225883,-1.0,52.0,40.0,True,False,True,-900.0,100.0,40.0,-1040.0,2016-2017,-1140.0
2016-10-12,2134.5,2133.5,2130.5,0.0018757332580499747,-0.00046860356996212486,0.0030399498429343353,0.007129314326185983,0.0015199749214671677,0.2631014950709079,0.0,47.0,40.0,False,False,False,0.0,0.0,0.0,0.0,2016-2017,0.0
2016-10-13,2131.0,2126.25,2133.5,-0.001172470529437491,-0.002231488388545585,0.003754334448464308,0.008804694732362497,0.001877167224232154,-0.13316424533470347,0.0,38.0,38.0,False,False,False,0.0,0.0,0.0,0.0,2016-2017,0.0
2016-10-14,2128.25,2127.25,2126.25,0.0009401810540950148,-0.00046998003449971233,0.003275235772485133,0.007681108742200867,0.0016376178862425666,0.12240173725565887,0.0,43.0,40.0,False,False,False,0.0,0.0,0.0,0.0,2016-2017,0.0
2016-10-17,2122.5,2120.0,2127.25,-0.002235426544164362,-0.0011785505194442526,0.0031716305443388157,0.007438132944752072,0.0015858152721694079,-0.3005359759994009,0.0,45.0,40.0,False,False,False,0.0,0.0,0.0,0.0,2016-2017,0.0
2016-10-18,2137.0,2133.0,2120.0,0.00798688765308951,-0.0018735368477970193,0.002106710368018461,0.0049406737557686035,0.0010533551840092306,1.6165583982881333,1.0,67.0,40.0,True,False,True,-800.0,100.0,40.0,-940.0,2016-2017,-1040.0
2016-10-19,2140.5,2138.5,2133.0,0.003510007113650151,-0.0009347979180375006,0.0018648572950816038,0.004373478023336224,0.0009324286475408019,0.8025665374151371,1.0,76.0,40.0,True,False,True,-400.0,100.0,40.0,-540.0,2016-2017,-640.0
2016-10-20,2137.0,2134.75,2138.5,-0.0007016723478157009,-0.0010534325314320437,0.0016593565150531597,0.003891535974685512,0.0008296782575265798,-0.18030730086528504,0.0,85.0,40.0,False,False,False,0.0,0.0,0.0,0.0,2016-2017,0.0
2016-10-21,2135.75,2135.5,2134.75,0.0004683292440125266,-0.00011706175020680085,0.0017198688652154315,0.004033450015118049,0.0008599344326077157,0.11611132957075204,0.0,82.0,40.0,False,False,False,0.0,0.0,0.0,0.0,2016-2017,0.0
2016-10-24,2145.0,2144.25,2135.5,0.004438741080596148,-0.0003497114915865191,0.0016878869467591123,0.003958445767939595,0.0008439434733795561,1.1213343167529488,1.0,84.0,40.0,True,False,True,-150.0,100.0,40.0,-290.0,2016-2017,-390.0
2016-10-25,2137.0,2137.5,2144.25,-0.0033868645513832835,0.00023394549176760323,0.0016416621678033208,0.003850039052085296,0.0008208310839016604,-0.8796961551724668,-1.0,86.0,40.0,True,False,True,-100.0,100.0,40.0,-240.0,2016-2017,-340.0
2016-10-26,2133.5,2133.25,2137.5,-0.001873098182860661,-0.00011718521136046531,0.0015379611959662099,0.0036068387157784003,0.0007689805979831049,-0.5193185308416052,0.0,92.0,40.0,False,False,False,0.0,0.0,0.0,0.0,2016-2017,0.0
2016-10-27,2130.75,2127.75,2133.25,-0.0011726080142872286,-0.0014089470453366106,0.0013654330299952906,0.0032022243014366847,0.0006827165149976453,-0.36618547106807464,0.0,104.0,40.0,False,False,False,0.0,0.0,0.0,0.0,2016-2017,0.0
2016-10-28,2125.0,2121.0,2127.75,-0.0012932809985532407,-0.0018841267938347322,0.002042526573742883,0.004790149415670885,0.0010212632868714414,-0.269987611309638,0.0,70.0,40.0,False,False,False,0.0,0.0,0.0,0.0,2016-2017,0.0
2016-10-31,2120.75,2120.75,2121.0,-0.00011787587683827849,0.0,0.002511116961847309,0.0058890912863042745,0.0012555584809236546,-0.020015970394687502,0.0,57.0,40.0,False,False,False,0.0,0.0,0.0,0.0,2016-2017,0.0
2016-11-01,2098.25,2105.25,2120.75,-0.010666135724907187,0.0033305609471645323,0.0034380562850187552,0.008062956691205981,0.0017190281425093776,-1.3228566310594738,-1.0,42.0,40.0,True,False,True,-1400.0,100.0,40.0,-1540.0,2016-2017,-1640.0
2016-11-02,2094.5,2092.0,2105.25,-0.005119363523012027,-0.001194315202276032,0.0033498988583765235,0.007856209199571881,0.0016749494291882618,-0.6516327904418588,0.0,43.0,40.0,False,False,False,0.0,0.0,0.0,0.0,2016-2017,0.0
2016-11-03,2088.25,2083.5,2092.0,-0.001794151548797844,-0.0022772227735074783,0.0031512032563556897,0.007390226708008819,0.0015756016281778449,-0.24277354669695245,0.0,46.0,40.0,False,False,False,0.0,0.0,0.0,0.0,2016-2017,0.0
2016-11-04,2087.25,2080.25,2083.5,0.001798238211601733,-0.0033593312935705257,0.0024120303084505974,0.005656712485964225,0.0012060151542252987,0.3178945749962774,0.0,60.0,40.0,False,False,False,0.0,0.0,0.0,0.0,2016-2017,0.0
2016-11-07,2121.25,2126.5,2080.25,0.019517458767896793,0.002471898145252153,0.0037709364515885447,0.008843629880911776,0.0018854682257942723,2.2069511083931235,1.0,38.0,38.0,False,False,True,997.5,95.0,38.0,864.5,2016-2017,769.5
2016-11-08,2134.25,2136.25,2126.5,0.003637861196727602,0.0009366585393849188,0.004064345665924792,0.00953173548241185,0.002032172832962396,0.3816578002442742,0.0,35.0,35.0,False,False,False,0.0,0.0,0.0,0.0,2016-2017,0.0
2016-11-09,2160.0,2159.5,2136.25,0.011056266248410147,-0.00023150827745483892,0.011197978422823145,0.0262615872362862,0.005598989211411573,0.42100525565848,0.0,13.0,13.0,False,False,False,0.0,0.0,0.0,0.0,2016-2017,0.0
2016-11-10,2170.75,2164.0,2159.5,0.00519601653999871,-0.003114368974382359,0.010911273054397215,0.025589203547040713,0.0054556365271986075,0.20305503180069112,0.0,13.0,13.0,False,False,False,0.0,0.0,0.0,0.0,2016-2017,0.0
2016-11-11,2153.25,2160.0,2164.0,-0.00498003229708908,0.0031298930089275656,0.010865340763149066,0.025481482775663155,0.005432670381574533,-0.19543730405851448,0.0,13.0,13.0,False,False,False,0.0,0.0,0.0,0.0,2016-2017,0.0
2016-11-14,2163.25,2160.25,2160.0,0.0015034988086376048,-0.001387764765339514,0.0030030330941432574,0.007042736876020426,0.0015015165470716287,0.21348217817945414,0.0,47.0,40.0,False,False,False,0.0,0.0,0.0,0.0,2016-2017,0.0
2016-11-15,2175.75,2177.5,2160.25,0.007149476948114344,0.0008039970570348216,0.0024444698806049365,0.005732790026201546,0.0012222349403024683,1.247119973945997,1.0,57.0,40.0,True,False,True,350.0,100.0,40.0,210.0,2016-2017,110.0
2016-11-16,2173.75,2174.25,2177.5,-0.001723643058165096,0.00022999080138183463,0.002202692608658641,0.005165772062849535,0.0011013463043293204,-0.33366610783331824,0.0,63.0,40.0,False,False,False,0.0,0.0,0.0,0.0,2016-2017,0.0
2016-11-17,2182.25,2184.5,2174.25,0.0036726771455846768,0.0010305147760313511,0.0016651812042749001,0.0039051960817463745,0.0008325906021374501,0.9404590880215886,1.0,83.0,40.0,True,False,True,450.0,100.0,40.0,310.0,2016-2017,210.0
2016-11-18,2179.75,2180.0,2184.5,-0.002176778083566151,0.00011468547521036789,0.00179977719561415,0.004220851661239713,0.000899888597807075,-0.5157201101274443,0.0,77.0,40.0,False,False,False,0.0,0.0,0.0,0.0,2016-2017,0.0
2016-11-21,2192.5,2195.75,2180.0,0.00571756846320346,0.0014812285508885698,0.001283009596631983,0.0030089242160236773,0.0006415047983159915,1.9002035454250432,1.0,107.0,40.0,True,False,True,650.0,100.0,40.0,510.0,2016-2017,410.0
2016-11-22,2198.0,2200.0,2195.75,0.0010241821663398408,0.0009095043828406127,0.0014393751670982243,0.003375633984027997,0.0007196875835491121,0.3034043889787271,0.0,96.0,40.0,False,False,False,0.0,0.0,0.0,0.0,2016-2017,0.0
2016-11-23,2199.25,2201.75,2200.0,-0.0003409672136233293,0.0011361055527848792,0.0016041197273845597,0.003761994224984101,0.0008020598636922798,-0.09063469884108348,0.0,86.0,40.0,False,False,False,0.0,0.0,0.0,0.0,2016-2017,0.0
2016-11-29,2207.5,2203.75,2200.0,0.003403293131707865,-0.0017001987660350704,0.0017723178467899893,0.004156453780000046,0.0008861589233949946,0.8187972997760189,1.0,77.0,40.0,True,False,True,-750.0,100.0,40.0,-890.0,2016-2017,-990.0
2016-11-30,2200.75,2198.0,2203.75,-0.0013622433710644719,-0.0012503553774488323,0.0018192634272988539,0.0042665509253364655,0.0009096317136494269,-0.31928445128240057,0.0,76.0,40.0,False,False,False,0.0,0.0,0.0,0.0,2016-2017,0.0
2016-12-01,2190.25,2189.75,2198.0,-0.0035321634170934657,-0.00022831050327488654,0.002200831243623462,0.005161406774901642,0.001100415621811731,-0.6843412215191615,0.0,63.0,40.0,False,False,False,0.0,0.0,0.0,0.0,2016-2017,0.0
2016-12-02,2188.5,2191.25,2189.75,-0.0005710044122483098,0.0012557796044942889,0.0020927938954360442,0.004908036734607745,0.0010463969477180221,-0.1163406965196533,0.0,66.0,40.0,False,False,False,0.0,0.0,0.0,0.0,2016-2017,0.0
2016-12-05,2201.5,2203.75,2191.25,0.004666788960364279,0.0010215085162714411,0.002865900720085115,0.006721132951788269,0.0014329503600425575,0.694345580401382,0.0,48.0,40.0,False,False,False,0.0,0.0,0.0,0.0,2016-2017,0.0
2016-12-06,2209.75,2211.25,2203.75,0.002718932228977352,0.0006785795329376632,0.0024653248004140715,0.005781699148472856,0.0012326624002070357,0.4702652557934487,0.0,56.0,40.0,False,False,False,0.0,0.0,0.0,0.0,2016-2017,0.0
2016-12-07,2234.25,2240.0,2211.25,0.010347634787506287,0.002570264587584253,0.003374942274109692,0.007914941215489213,0.001687471137054846,1.307354597562442,1.0,40.0,40.0,False,False,True,1150.0,100.0,40.0,1010.0,2016-2017,910.0
2016-12-08,2245.25,2245.75,2240.0,0.0023410077019736667,0.0002226675582568903,0.0029483103916703828,0.006914400762970976,0.0014741551958351914,0.3385698605308761,0.0,46.0,40.0,False,False,False,0.0,0.0,0.0,0.0,2016-2017,0.0
2016-12-09,2255.25,2259.5,2245.75,0.004221290427432018,0.0018827183145861265,0.0029406165729215774,0.006896357158614665,0.0014703082864607887,0.6121043806669646,0.0,46.0,40.0,False,False,False,0.0,0.0,0.0,0.0,2016-2017,0.0
2016-12-13,2267.25,2266.5,2251.25,0.007082025837511372,-0.000330851946773191,0.002025513713004843,0.004750250720608194,0.0010127568565024216,1.490874114662443,1.0,66.0,40.0,True,False,True,-150.0,100.0,40.0,-290.0,2016-2017,-390.0
2016-12-14,2252.75,2248.75,2266.5,-0.006085099265757211,-0.0017771858504038807,0.002012475908184965,0.004719674358007865,0.0010062379540924824,-1.2893048977908044,-1.0,67.0,40.0,True,False,True,800.0,100.0,40.0,660.0,2016-2017,560.0
2016-12-15,2257.75,2257.25,2248.75,0.003994235866165274,-0.00022148394331954045,0.0023498136694979936,0.005510801534030957,0.0011749068347489968,0.7248012546813006,0.0,57.0,40.0,False,False,False,0.0,0.0,0.0,0.0,2016-2017,0.0
2016-12-16,2253.5,2254.0,2257.25,-0.0016626950568856167,0.00022185246901870696,0.002259730268312687,0.005299537231721927,0.0011298651341563434,-0.3137434429053673,0.0,59.0,40.0,False,False,False,0.0,0.0,0.0,0.0,2016-2017,0.0
2016-12-19,2257.75,2258.5,2254.0,0.0016623265311865732,0.00033213396375069305,0.0023148273506448944,0.005428751343367564,0.0011574136753224472,0.3062078968154394,0.0,58.0,40.0,False,False,False,0.0,0.0,0.0,0.0,2016-2017,0.0
2016-12-20,2264.0,2267.0,2258.5,0.0024322842284146256,0.0013242111844554507,0.0013013066372656533,0.0030518345798968257,0.0006506533186328267,0.796990847550084,1.0,103.0,40.0,True,False,True,600.0,100.0,40.0,460.0,2016-2017,360.0
2016-12-21,2265.0,2261.0,2267.0,-0.0008826125903945971,-0.0017675656391645807,0.0008133404967478263,0.0019074525420243109,0.00040667024837391316,-0.4627179816793303,0.0,164.0,40.0,False,False,False,0.0,0.0,0.0,0.0,2016-2017,0.0
2016-12-22,2256.75,2256.75,2261.0,-0.0018814680997055087,0.0,0.0009445484928526759,0.0022151625683968297,0.00047227424642633795,-0.849358925863024,-1.0,142.0,40.0,True,False,True,-0.0,100.0,40.0,-140.0,2016-2017,-240.0
2016-12-23,2257.25,2259.0,2256.75,0.00022153300932419058,0.0007749792804146062,0.0007635538120511284,0.0017906924167589348,0.0003817769060255642,0.12371360220821978,0.0,175.0,40.0,False,False,False,0.0,0.0,0.0,0.0,2016-2017,0.0
2016-12-27,2265.25,2264.0,2259.0,0.0027628906341668038,-0.0005519677790964248,0.0013430394713008697,0.003149706751127263,0.0006715197356504349,0.8771897997100777,1.0,99.0,40.0,True,False,True,-250.0,100.0,40.0,-390.0,2016-2017,-490.0
2016-12-28,2246.25,2245.25,2264.0,-0.007871001225304701,-0.0004452855467096727,0.0019779858080108265,0.004638787903300531,0.0009889929040054132,-1.696779716896396,-1.0,68.0,40.0,True,False,True,200.0,100.0,40.0,60.0,2016-2017,-40.0
2016-12-29,2244.25,2245.25,2245.25,-0.00044548391426125437,0.0004454839142613587,0.002010225137192022,0.004714395832139338,0.001005112568596011,-0.09449438064242878,0.0,67.0,40.0,False,False,False,0.0,0.0,0.0,0.0,2016-2017,0.0
2016-12-30,2229.75,2237.0,2245.25,-0.006927402004742401,0.003246210943812805,0.002062693463566686,0.0048374449645989795,0.001031346731783343,-1.4320373782932903,-1.0,66.0,40.0,True,False,True,-1450.0,100.0,40.0,-1590.0,2016-2017,-1690.0
2017-01-03,2244.0,2252.5,2237.0,0.0031243051524572807,0.0037807228399061523,0.0022152497637673834,0.005195221201959832,0.0011076248818836917,0.6013805824627209,0.0,61.0,40.0,False,False,False,0.0,0.0,0.0,0.0,2016-2017,0.0
2017-01-04,2264.5,2265.0,2252.5,0.005313273513775554,0.0002207749208657822,0.002549918090736334,0.005980087999524285,0.001274959045368167,0.8884942017907135,1.0,52.0,40.0,True,False,True,100.0,100.0,40.0,-40.0,2016-2017,-140.0
2017-01-05,2259.5,2263.25,2265.0,-0.0024312090657999663,0.0016582835042154207,0.0021831145086555316,0.0051198573484485446,0.0010915572543277658,-0.47485875100342173,0.0,61.0,40.0,False,False,False,0.0,0.0,0.0,0.0,2016-2017,0.0
2017-01-06,2273.75,2271.75,2263.25,0.0046286174767822255,-0.0008799912568756198,0.0018688036283294061,0.004382732995165727,0.0009344018141647031,1.0561030028267102,1.0,71.0,40.0,True,False,True,-400.0,100.0,40.0,-540.0,2016-2017,-640.0
2017-01-09,2265.25,2264.5,2271.75,-0.0028653314732863936,-0.0003311441059014046,0.0016840615883904804,0.003949474507349993,0.0008420307941952402,-0.725496890270844,0.0,79.0,40.0,False,False,False,0.0,0.0,0.0,0.0,2016-2017,0.0
2017-01-10,2265.25,2263.75,2264.5,0.0003311441059013626,-0.0006623979045469019,0.0017719809842049105,0.004155663767211072,0.0008859904921024553,0.07968500929121086,0.0,75.0,40.0,False,False,False,0.0,0.0,0.0,0.0,2016-2017,0.0
2017-01-11,2266.0,2270.0,2263.75,0.0009934323903284677,0.0017636688874967138,0.0013135257504620563,0.0030804909404505633,0.0006567628752310281,0.32249157992432365,0.0,102.0,40.0,False,False,False,0.0,0.0,0.0,0.0,2016-2017,0.0
2017-01-12,2265.5,2265.25,2270.0,-0.0019843463682555195,-0.00011035700502288958,0.001556330101951836,0.003649917618841248,0.000778165050975918,-0.5436688099512494,0.0,86.0,40.0,False,False,False,0.0,0.0,0.0,0.0,2016-2017,0.0
2017-01-13,2269.25,2269.75,2265.25,0.0017642523045667256,0.00022031284512996144,0.001463436420578673,0.0034320626252908985,0.0007317182102893365,0.5140501491918986,0.0,91.0,40.0,False,False,False,0.0,0.0,0.0,0.0,2016-2017,0.0
2017-01-18,2264.25,2266.5,2262.25,0.0008836850238151454,0.0009932131258461483,0.0010142839534779773,0.0023787067201645595,0.0005071419767389886,0.3714980986617854,0.0,132.0,40.0,False,False,False,0.0,0.0,0.0,0.0,2016-2017,0.0
2017-01-19,2256.5,2258.75,2266.5,-0.004421851113848089,0.0009966226393823639,0.0013629683598201155,0.0031964441375204804,0.0006814841799100578,-1.3833656787376774,-1.0,98.0,40.0,True,False,True,-450.0,100.0,40.0,-590.0,2016-2017,-690.0
2017-01-20,2262.75,2266.25,2258.75,0.0017693248008418304,0.0015455953617805433,0.001535720415775355,0.0036015836204176576,0.0007678602078876775,0.4912630074202333,0.0,87.0,40.0,False,False,False,0.0,0.0,0.0,0.0,2016-2017,0.0
2017-01-23,2259.25,2261.25,2266.25,-0.0030935832869956404,0.000884857927439657,0.0017189918146600582,0.004031393149244507,0.0008594959073300291,-0.7673732559612514,-1.0,78.0,40.0,True,False,True,-400.0,100.0,40.0,-540.0,2016-2017,-640.0
2017-01-24,2278.25,2275.25,2261.25,0.00748984666673124,-0.0013176679187711152,0.0019550060929435604,0.004584895694446652,0.0009775030464717802,1.633591506956885,1.0,68.0,40.0,True,False,True,-600.0,100.0,40.0,-740.0,2016-2017,-840.0
2017-01-25,2291.25,2294.5,2275.25,0.007007583696449661,0.0014174346809733152,0.0018573721566567387,0.00435592381772,0.0009286860783283694,1.6087479923185635,1.0,71.0,40.0,True,False,True,650.0,100.0,40.0,510.0,2016-2017,410.0
2017-01-26,2293.5,2292.75,2294.5,-0.0004359197976615527,-0.00032706459817315425,0.0016054505940934125,0.003765115384076815,0.0008027252970467063,-0.11577860256424459,0.0,82.0,40.0,False,False,False,0.0,0.0,0.0,0.0,2016-2017,0.0
2017-01-27,2289.25,2289.25,2292.75,-0.0015277174512120988,0.0,0.001190847585286109,0.0027927851407868205,0.0005954237926430545,-0.5470229087446699,0.0,111.0,40.0,False,False,False,0.0,0.0,0.0,0.0,2016-2017,0.0
2017-01-30,2272.25,2275.25,2289.25,-0.007453722988961775,0.0013194064585852236,0.0014971946273386577,0.0035112326377961032,0.0007485973136693288,-2.1228223128047294,-1.0,89.0,40.0,True,False,True,-600.0,100.0,40.0,-740.0,2016-2017,-840.0
2017-01-31,2269.75,2275.0,2275.25,-0.0024202432055984826,0.0023103591331843066,0.0018357601086077373,0.004305239072334451,0.0009178800543038686,-0.562162324771001,0.0,73.0,40.0,False,False,False,0.0,0.0,0.0,0.0,2016-2017,0.0
2017-02-01,2272.5,2275.0,2275.0,-0.0010995053334168876,0.0010995053334168679,0.0025924272885135186,0.006079780905120065,0.0012962136442567593,-0.18084620985123712,0.0,51.0,40.0,False,False,False,0.0,0.0,0.0,0.0,2016-2017,0.0
2017-02-02,2272.0,2276.25,2275.0,-0.001319551544008795,0.0018688512007757003,0.0023717238234013294,0.005562185399615138,0.0011858619117006647,-0.23723616693900534,0.0,56.0,40.0,False,False,False,0.0,0.0,0.0,0.0,2016-2017,0.0
2017-02-03,2292.0,2292.0,2276.25,0.006895446792812489,0.0,0.0022884330972403766,0.0053668513322989025,0.0011442165486201883,1.2848216516291702,1.0,58.0,40.0,True,False,True,0.0,100.0,40.0,-140.0,2016-2017,-240.0
2017-02-06,2285.75,2287.75,2292.0,-0.0027306007900941994,0.0008746037509516015,0.0016392352319265766,0.003844347382943115,0.0008196176159632883,-0.7102898146534653,0.0,81.0,40.0,False,False,False,0.0,0.0,0.0,0.0,2016-2017,0.0
2017-02-07,2288.25,2288.0,2287.75,0.0002185314694012605,-0.00010925976520021964,0.0015328022085803975,0.0035947398179088283,0.0007664011042901988,0.0607920129052308,0.0,86.0,40.0,False,False,False,0.0,0.0,0.0,0.0,2016-2017,0.0
2017-02-08,2290.0,2290.75,2288.0,0.0008737440485967712,0.00032745729703736445,0.00146593266797315,0.003437916844350635,0.000732966333986575,0.2541492677557205,0.0,90.0,40.0,False,False,False,0.0,0.0,0.0,0.0,2016-2017,0.0
2017-02-09,2307.25,2303.75,2290.75,0.00717706430036343,-0.0015181091616530533,0.0017145817679781758,0.004021050673015378,0.0008572908839890879,1.7848728812415995,1.0,76.0,40.0,True,False,True,-700.0,100.0,40.0,-840.0,2016-2017,-940.0
2017-02-10,2312.25,2312.75,2303.75,0.0036828464503364613,0.00021621621705848716,0.0016811741979297261,0.00394270297648905,0.0008405870989648631,0.9340917822868844,1.0,78.0,40.0,True,False,True,100.0,100.0,40.0,-40.0,2016-2017,-140.0
2017-02-13,2325.75,2325.5,2312.75,0.005605274997239966,-0.00010749798451635717,0.0015639431188318048,0.003667771726018052,0.0007819715594159024,1.528250778934212,1.0,83.0,40.0,True,False,True,-50.0,100.0,40.0,-190.0,2016-2017,-290.0
2017-02-14,2332.0,2335.25,2325.5,0.002791198806231207,0.0013926832825751254,0.0016380030248641776,0.003841457601230694,0.0008190015124320888,0.7265988840634311,0.0,79.0,40.0,False,False,False,0.0,0.0,0.0,0.0,2016-2017,0.0
2017-02-15,2346.5,2346.75,2335.25,0.004805904481514213,0.00010653598262878553,0.0016975053756209375,0.003981002983098718,0.0008487526878104688,1.2072094650311995,1.0,76.0,40.0,True,False,True,50.0,100.0,40.0,-90.0,2016-2017,-190.0
2017-02-16,2342.0,2345.5,2346.75,-0.002026127059438552,0.0014933336108501382,0.0016471031256771534,0.0038627992293652756,0.0008235515628385767,-0.5245230049845173,0.0,78.0,40.0,False,False,False,0.0,0.0,0.0,0.0,2016-2017,0.0
2017-02-17,2344.0,2348.25,2345.5,-0.0006397270716094581,0.0018114981777216245,0.0014800377742673,0.003470996250778668,0.00074001888713365,-0.1843064715111532,0.0,87.0,40.0,False,False,False,0.0,0.0,0.0,0.0,2016-2017,0.0
2017-02-22,2359.75,2360.75,2362.5,-0.0011646991628440101,0.0004236839381247533,0.0012143601389108187,0.0028479269668243365,0.0006071800694554093,-0.40896384507456024,0.0,106.0,40.0,False,False,False,0.0,0.0,0.0,0.0,2016-2017,0.0
2017-02-23,2363.75,2362.25,2360.75,0.0012699758294886327,-0.0006347863099319209,0.0010182870631318083,0.0023880948444688745,0.0005091435315659041,0.5317945526451996,0.0,126.0,40.0,False,False,False,0.0,0.0,0.0,0.0,2016-2017,0.0
2017-02-24,2357.5,2365.25,2362.25,-0.002012819155122784,0.0032819890769409765,0.0009261009731056922,0.0021718992997213763,0.0004630504865528461,-0.9267552852846354,-1.0,138.0,40.0,True,False,True,-1550.0,100.0,40.0,-1690.0,2016-2017,-1790.0
2017-02-27,2369.0,2369.0,2365.25,0.001584200574231869,0.0,0.0009757786944451009,0.002288403883262616,0.00048788934722255044,0.6922731541484922,0.0,131.0,40.0,False,False,False,0.0,0.0,0.0,0.0,2016-2017,0.0
2017-02-28,2362.5,2362.75,2369.0,-0.002747544790887656,0.00010581450726772289,0.0009318018415201838,0.002185269021249382,0.0004659009207600919,-1.2573027687532972,-1.0,137.0,40.0,True,False,True,-50.0,100.0,40.0,-190.0,2016-2017,-290.0
2017-03-01,2400.25,2395.0,2362.75,0.015746703702567776,-0.002189667732717509,0.0017972384444262513,0.004214897761948717,0.0008986192222131256,3.735963383198989,1.0,70.0,40.0,True,False,True,-1050.0,100.0,40.0,-1190.0,2016-2017,-1290.0
2017-03-02,2387.0,2380.5,2395.0,-0.0033458835061854876,-0.0027267977042566534,0.0019782358467566787,0.004639374296137587,0.0009891179233783394,-0.721192836062189,0.0,64.0,40.0,False,False,False,0.0,0.0,0.0,0.0,2016-2017,0.0
2017-03-03,2380.5,2381.75,2380.5,0.0,0.0005249619523152957,0.002064413955581072,0.004841479876028443,0.001032206977790536,0.0,0.0,62.0,40.0,False,False,False,0.0,0.0,0.0,0.0,2016-2017,0.0
2017-03-06,2375.25,2374.5,2381.75,-0.002732816500029861,-0.00031580609768230063,0.0012028514682390938,0.0028209367416776984,0.0006014257341195469,-0.96876206391093,-1.0,106.0,40.0,True,False,True,150.0,100.0,40.0,10.0,2016-2017,-90.0
2017-03-07,2371.0,2367.25,2374.5,-0.001475081923771027,-0.0015828632017959696,0.0012200058580024628,0.0028611673517258285,0.0006100029290012314,-0.5155524799628626,0.0,105.0,40.0,False,False,False,0.0,0.0,0.0,0.0,2016-2017,0.0
2017-03-08,2367.0,2362.5,2367.25,-0.00010561334962552895,-0.0019029501460860756,0.0013090831988228574,0.0030700722333393995,0.0006545415994114287,-0.03440093313721498,0.0,98.0,40.0,False,False,False,0.0,0.0,0.0,0.0,2016-2017,0.0
2017-03-09,2359.75,2364.75,2362.5,-0.0011646991628440101,0.0021166268882261995,0.0013581633307616428,0.0031851753455093457,0.0006790816653808214,-0.36566249468371465,0.0,94.0,40.0,False,False,False,0.0,0.0,0.0,0.0,2016-2017,0.0
2017-03-10,2369.5,2373.0,2364.75,0.0020066543143630344,0.0014760150281206794,0.0016870635888024317,0.0039565148223716,0.0008435317944012158,0.5071772518117884,0.0,76.0,40.0,False,False,False,0.0,0.0,0.0,0.0,2016-2017,0.0
2017-03-14,2360.5,2362.5,2371.0,-0.004438346079064082,0.0008469193815563151,0.0016308535363984335,0.003824690564543493,0.0008154267681992168,-1.1604457940230344,-1.0,79.0,40.0,True,False,True,-400.0,100.0,40.0,-540.0,2016-2017,-640.0
2017-03-15,2381.5,2382.0,2362.5,0.008010160873017293,0.00020992967433038003,0.0012335891580903344,0.0028930230141271103,0.0006167945790451672,2.7687857420775264,1.0,103.0,40.0,True,False,True,100.0,100.0,40.0,-40.0,2016-2017,-140.0
2017-03-16,2375.25,2377.5,2382.0,-0.002837775828386495,0.0009468203326865002,0.0015732523319764362,0.0036896037660406195,0.0007866261659882181,-0.7691275292229451,-1.0,81.0,40.0,True,False,True,-450.0,100.0,40.0,-590.0,2016-2017,-690.0
2017-03-17,2379.25,2373.0,2377.5,0.0007357965329074941,-0.002630334516689242,0.0012453252426195451,0.0029205465720443255,0.0006226626213097726,0.2519379557068494,0.0,102.0,40.0,False,False,False,0.0,0.0,0.0,0.0,2016-2017,0.0
2017-03-20,2367.5,2369.75,2373.0,-0.002320431375530217,0.0009499182729176822,0.0014394479677621653,0.0033758047167187343,0.0007197239838810826,-0.687371329282834,0.0,89.0,40.0,False,False,False,0.0,0.0,0.0,0.0,2016-2017,0.0
2017-03-21,2346.5,2340.0,2369.75,-0.009859608098678686,-0.002773926882725208,0.003336512710972328,0.007824815901197902,0.001668256355486164,-1.2600434595744645,-1.0,39.0,39.0,False,False,True,1267.5,97.5,39.0,1131.0,2016-2017,1033.5
2017-03-22,2344.5,2345.25,2340.0,0.0019212301778938723,0.0003198464764192637,0.0035025637621223706,0.008214240134822606,0.0017512818810611853,0.23389018903272701,0.0,37.0,37.0,False,False,False,0.0,0.0,0.0,0.0,2016-2017,0.0
2017-03-23,2348.75,2342.25,2345.25,0.0014912657216147208,-0.0027712658963774195,0.003657452533673406,0.008577486502373938,0.001828726266836703,0.17385812512814708,0.0,35.0,35.0,False,False,False,0.0,0.0,0.0,0.0,2016-2017,0.0
2017-03-24,2337.5,2341.5,2342.25,-0.0020300236684555367,0.0017097674607543796,0.0020398581457952646,0.004783891397421154,0.0010199290728976323,-0.4243456842581875,0.0,63.0,40.0,False,False,False,0.0,0.0,0.0,0.0,2016-2017,0.0
2017-03-27,2338.0,2337.75,2341.5,-0.0014958865915826911,-0.00010693471645754804,0.002458846137699447,0.005766505337623229,0.0012294230688497236,-0.25940955639507796,0.0,53.0,40.0,False,False,False,0.0,0.0,0.0,0.0,2016-2017,0.0
2017-03-28,2356.75,2354.5,2337.75,0.008094622960703651,-0.0009551605926504346,0.0033143856177288824,0.007772923267763831,0.0016571928088644412,1.0413872209795234,1.0,39.0,39.0,False,False,True,-438.75,97.5,39.0,-575.25,2016-2017,-672.75
2017-03-29,2358.5,2357.5,2354.5,0.0016974330407069991,-0.0004240882167037644,0.0030896736246799894,0.0072459269309549015,0.0015448368123399947,0.23426030332371894,0.0,41.0,40.0,False,False,False,0.0,0.0,0.0,0.0,2016-2017,0.0
2017-03-30,2364.0,2364.5,2357.5,0.0027533640183763654,0.00021148355794173263,0.002582076951318668,0.006055507212770957,0.001291038475659334,0.45468759620491733,0.0,50.0,40.0,False,False,False,0.0,0.0,0.0,0.0,2016-2017,0.0
2017-03-31,2360.75,2358.5,2364.5,-0.001587217940751897,-0.0009535414188622225,0.0012364550344098584,0.0028997440898545107,0.0006182275172049292,-0.5473648334365716,0.0,104.0,40.0,False,False,False,0.0,0.0,0.0,0.0,2016-2017,0.0
2017-04-03,2352.5,2355.0,2358.5,-0.0025472312647816524,0.0010621349909833693,0.0016472704114437037,0.0038631915492631868,0.0008236352057218519,-0.6593592971768322,0.0,78.0,40.0,False,False,False,0.0,0.0,0.0,0.0,2016-2017,0.0
2017-04-04,2353.5,2356.25,2355.0,-0.0006371456093211491,0.0011677903551238352,0.0016065709295021834,0.0037677428035056085,0.0008032854647510917,-0.16910538817255036,0.0,80.0,40.0,False,False,False,0.0,0.0,0.0,0.0,2016-2017,0.0
2017-04-05,2362.0,2348.5,2356.25,0.002437345560986787,-0.005731891290257805,0.0022220379097893104,0.005211140815500447,0.0011110189548946552,0.4677182304759344,0.0,58.0,40.0,False,False,False,0.0,0.0,0.0,0.0,2016-2017,0.0
2017-04-06,2350.75,2354.5,2348.5,0.0009575996901364071,0.0015939645264229675,0.0035498246316243982,0.008325076698390239,0.0017749123158121991,0.1150259300699982,0.0,36.0,36.0,False,False,False,0.0,0.0,0.0,0.0,2016-2017,0.0
2017-04-07,2355.0,2352.5,2354.5,0.0002123367669088688,-0.001062134990983423,0.003927062263446719,0.00920977736513918,0.0019635311317233593,0.023055580877840248,0.0,33.0,33.0,False,False,False,0.0,0.0,0.0,0.0,2016-2017,0.0
2017-04-10,2358.5,2353.5,2352.5,0.002547231264781666,-0.002122241883119417,0.003772627140482385,0.00884759489782809,0.0018863135702411925,0.2879009826056752,0.0,34.0,34.0,False,False,False,0.0,0.0,0.0,0.0,2016-2017,0.0
2017-04-11,2347.75,2350.5,2353.5,-0.002446159156474025,0.0011706487794622476,0.0024057274988197445,0.005641931087152365,0.0012028637494098722,-0.43356771266567656,0.0,54.0,40.0,False,False,False,0.0,0.0,0.0,0.0,2016-2017,0.0
2017-04-12,2342.0,2341.25,2350.5,-0.0036228063065225505,-0.0003202903993643654,0.0017977070563298552,0.0042159967542776695,0.0008988535281649276,-0.8593000701072051,-1.0,72.0,40.0,True,False,True,150.0,100.0,40.0,10.0,2016-2017,-90.0
2017-04-13,2334.75,2325.25,2341.25,-0.0027801557684710683,-0.004077258867250883,0.0019936916379579613,0.004675621339453105,0.0009968458189789807,-0.5946066985818522,0.0,65.0,40.0,False,False,False,0.0,0.0,0.0,0.0,2016-2017,0.0
2017-04-17,2338.25,2345.5,2325.25,0.005575226192083923,0.003095812453852339,0.0021744803637184086,0.005099608483705703,0.0010872401818592043,1.0932655339910733,1.0,59.0,40.0,True,False,True,1450.0,100.0,40.0,1310.0,2016-2017,1210.0
2017-04-18,2338.5,2338.0,2345.5,-0.00298890060257184,-0.0002138351339271846,0.0025594916034120683,0.006002539876889853,0.0012797458017060341,-0.4979393163349553,0.0,51.0,40.0,False,False,False,0.0,0.0,0.0,0.0,2016-2017,0.0
2017-04-19,2334.75,2334.25,2338.0,-0.0013910440421864817,-0.00021417862579202178,0.002210107163328938,0.0051831607348883525,0.001105053581664469,-0.26837756213563485,0.0,59.0,40.0,False,False,False,0.0,0.0,0.0,0.0,2016-2017,0.0
2017-04-20,2354.75,2352.5,2334.25,0.008743924338891191,-0.0009559722433917964,0.0029020984363874102,0.006806024121295221,0.0014510492181937051,1.284733081026339,1.0,44.0,40.0,True,False,True,-450.0,100.0,40.0,-590.0,2016-2017,-690.0
2017-04-21,2347.75,2345.5,2352.5,-0.0020211697748117657,-0.0009588239162102268,0.0025571375572761225,0.005997019149342157,0.0012785687786380613,-0.33702906802181515,0.0,50.0,40.0,False,False,False,0.0,0.0,0.0,0.0,2016-2017,0.0
2017-04-24,2371.5,2370.75,2345.5,0.01102406754912373,-0.0003163055537996449,0.0031998083807206323,0.0075042158286735714,0.0015999041903603161,1.4690499048549246,1.0,40.0,40.0,False,False,True,-150.0,100.0,40.0,-290.0,2016-2017,-390.0
2017-04-25,2385.75,2385.0,2370.75,0.006307179533526412,-0.0003144159749215958,0.0026008733414303138,0.006099588654974684,0.0013004366707151569,1.0340335865734849,1.0,49.0,40.0,True,False,True,-150.0,100.0,40.0,-290.0,2016-2017,-390.0
2017-04-26,2389.75,2383.5,2385.0,0.00198963362143039,-0.0026187622989915786,0.0023922188168486506,0.005610250419746535,0.0011961094084243253,0.3546425689711511,0.0,53.0,40.0,False,False,False,0.0,0.0,0.0,0.0,2016-2017,0.0
2017-04-27,2386.25,2385.25,2383.5,0.0011531003950770644,-0.00041915540800203927,0.0014299924603966051,0.0033536295863364593,0.0007149962301983026,0.3438365404978203,0.0,89.0,40.0,False,False,False,0.0,0.0,0.0,0.0,2016-2017,0.0
2017-04-28,2379.25,2380.5,2385.25,-0.002518628679502474,0.0005252376821207461,0.0011488964507847031,0.0026944010095828873,0.0005744482253923516,-0.934763856807037,-1.0,111.0,40.0,True,False,True,-250.0,100.0,40.0,-390.0,2016-2017,-490.0
2017-05-01,2388.25,2385.5,2380.5,0.0032503305155443386,-0.0011521341939560727,0.0012508966156951802,0.0029336126000832326,0.0006254483078475901,1.1079617381831943,1.0,101.0,40.0,True,False,True,-550.0,100.0,40.0,-690.0,2016-2017,-790.0
2017-05-02,2383.5,2386.75,2385.5,-0.0008387503112813571,0.001362612233262229,0.001121995768541775,0.0026313133176117712,0.0005609978842708875,-0.3187572934273834,0.0,113.0,40.0,False,False,False,0.0,0.0,0.0,0.0,2016-2017,0.0
2017-05-03,2383.25,2383.75,2386.75,-0.0014675055044550004,0.00020977554094133645,0.0008970018772847654,0.002103655870903833,0.0004485009386423827,-0.6975977034801271,0.0,141.0,40.0,False,False,False,0.0,0.0,0.0,0.0,2016-2017,0.0
2017-05-04,2383.25,2385.75,2383.75,-0.00020977554094127554,0.0010484379236756442,0.0011585654673957298,0.0027170768635300644,0.0005792827336978649,-0.07720633293705656,0.0,110.0,40.0,False,False,False,0.0,0.0,0.0,0.0,2016-2017,0.0
2017-05-05,2390.75,2395.5,2385.75,0.0020935839322888373,0.001984853093524857,0.0012056663022080624,0.002827538112482367,0.0006028331511040312,0.7404264236250478,0.0,105.0,40.0,False,False,False,0.0,0.0,0.0,0.0,2016-2017,0.0
2017-05-08,2394.25,2395.0,2395.5,-0.0005219479214481565,0.0003132014432869369,0.0015804997470899365,0.0037066004610737916,0.0007902498735449683,-0.14081580330267096,0.0,80.0,40.0,False,False,False,0.0,0.0,0.0,0.0,2016-2017,0.0
2017-05-09,2394.25,2392.75,2395.0,-0.00031320144328691985,-0.000626697325712873,0.0013560079335815862,0.003180120491058337,0.0006780039667907931,-0.09848728819161412,0.0,93.0,40.0,False,False,False,0.0,0.0,0.0,0.0,2016-2017,0.0
2017-05-10,2395.5,2396.5,2392.75,0.0011486452471609365,0.00041736227650913466,0.0013253948771381882,0.003108326509859098,0.0006626974385690941,0.3695381561485332,0.0,95.0,40.0,False,False,False,0.0,0.0,0.0,0.0,2016-2017,0.0
2017-05-11,2390.75,2391.75,2396.5,-0.0024022153700339545,0.00041819132862454136,0.0014246428535096085,0.003341083646110645,0.0007123214267548043,-0.7189928850869607,0.0,89.0,40.0,False,False,False,0.0,0.0,0.0,0.0,2016-2017,0.0
2017-05-12,2387.25,2387.75,2391.75,-0.0018832397279648176,0.00020942408453498624,0.0014149485114219606,0.0033183483986561333,0.0007074742557109803,-0.5675232078486675,0.0,90.0,40.0,False,False,False,0.0,0.0,0.0,0.0,2016-2017,0.0
2017-05-15,2397.75,2400.25,2387.75,0.0041792976932136594,0.0010421009696726263,0.0015771992111733957,0.0036988600182343884,0.0007885996055866978,1.1298880391825703,1.0,80.0,40.0,True,False,True,500.0,100.0,40.0,360.0,2016-2017,260.0
2017-05-16,2396.5,2398.75,2400.25,-0.0015635589780471748,0.000938428722223617,0.0012200498283351274,0.0028612704712964758,0.0006100249141675637,-0.5464561962010909,0.0,103.0,40.0,False,False,False,0.0,0.0,0.0,0.0,2016-2017,0.0
2017-05-17,2362.5,2355.75,2398.75,-0.015227387954011795,-0.002861232281032235,0.002180332243765966,0.005113332358905533,0.001090166121882983,-2.977977351206463,-1.0,59.0,40.0,True,False,True,1350.0,100.0,40.0,1210.0,2016-2017,1110.0
2017-05-18,2369.25,2364.5,2355.75,0.005714301263438635,-0.0020068662663737663,0.0031655991731580975,0.007423988125532379,0.0015827995865790488,0.7697077590663386,1.0,40.0,40.0,False,False,True,-950.0,100.0,40.0,-1090.0,2016-2017,-1190.0
2017-05-19,2386.0,2380.0,2364.5,0.009051740573931023,-0.002517835992340994,0.0034426872483234593,0.008073817262839756,0.0017213436241617296,1.121122794739512,1.0,37.0,37.0,False,False,True,-1110.0,92.5,37.0,-1239.5,2016-2017,-1332.0
2017-05-22,2391.5,2392.25,2380.0,0.0048202964548311866,0.00031356153902064134,0.0030314119000064196,0.007109291075153199,0.0015157059500032098,0.6780277251100333,0.0,42.0,40.0,False,False,False,0.0,0.0,0.0,0.0,2016-2017,0.0
2017-05-23,2398.25,2397.5,2392.25,0.0025049590386847925,-0.00031277694046364643,0.0017552119631987848,0.004116336927009101,0.0008776059815993924,0.6085408175041872,0.0,72.0,40.0,False,False,False,0.0,0.0,0.0,0.0,2016-2017,0.0
2017-05-24,2400.25,2402.5,2397.5,0.001146370820139776,0.0009369632667144069,0.0014105979553609002,0.0033081454402997365,0.0007052989776804501,0.3465297523424207,0.0,89.0,40.0,False,False,False,0.0,0.0,0.0,0.0,2016-2017,0.0
2017-05-25,2415.25,2413.75,2402.5,0.005292939553171456,-0.0006212466548947391,0.0011405508475355976,0.0026748288350804685,0.0005702754237677988,1.978795608808451,1.0,110.0,40.0,True,False,True,-300.0,100.0,40.0,-440.0,2016-2017,-540.0
2017-05-26,2414.0,2413.75,2413.75,0.00010356791475265507,-0.00010356791475257088,0.0009296879585401171,0.002180311526227318,0.00046484397927005854,0.04750142973002709,0.0,135.0,40.0,False,False,False,0.0,0.0,0.0,0.0,2016-2017,0.0
2017-05-31,2407.25,2410.5,2411.75,-0.0018676079302695839,0.0013491777252836476,0.0007677112825903666,0.001800442549428057,0.0003838556412951833,-1.037304928648161,-1.0,164.0,40.0,True,False,True,-650.0,100.0,40.0,-790.0,2016-2017,-890.0
2017-06-01,2424.25,2429.75,2410.5,0.00568800333897864,0.0022661731989243716,0.0014825135663479126,0.003476802497875143,0.0007412567831739563,1.6359868995880202,1.0,84.0,40.0,True,False,True,1100.0,100.0,40.0,960.0,2016-2017,860.0
2017-06-02,2437.5,2437.25,2429.75,0.003184552488422342,-0.00010256936262138355,0.0018187507890916122,0.004265348682173298,0.0009093753945458061,0.7466101192926942,0.0,68.0,40.0,False,False,False,0.0,0.0,0.0,0.0,2016-2017,0.0
2017-06-05,2437.0,2435.5,2437.25,-0.00010257988417473108,-0.0006157003786088818,0.0017171423216781386,0.004027055703729467,0.0008585711608390693,-0.025472675751599755,0.0,72.0,40.0,False,False,False,0.0,0.0,0.0,0.0,2016-2017,0.0
2017-06-06,2434.75,2428.5,2435.5,-0.0003079924052887069,-0.002570299055509166,0.0013695188919688726,0.0032118064971333607,0.0006847594459844363,-0.09589382348021273,0.0,91.0,40.0,False,False,False,0.0,0.0,0.0,0.0,2016-2017,0.0
2017-06-07,2432.25,2432.0,2428.5,0.0015429720697374971,-0.00010279076947943028,0.0007040025078617811,0.001651032228915058,0.00035200125393089054,0.9345499395559527,1.0,177.0,40.0,True,False,True,-50.0,100.0,40.0,-190.0,2016-2017,-290.0
2017-06-08,2429.0,2433.5,2432.0,-0.0012343140838851636,0.0018509002713363865,0.0008338239333377261,0.001955490458922616,0.00041691196666886307,-0.6312043499129181,0.0,149.0,40.0,False,False,False,0.0,0.0,0.0,0.0,2016-2017,0.0
2017-06-09,2420.0,2430.0,2433.5,-0.005563010122776955,0.004123717183862156,0.0014995586924408265,0.003516776861902334,0.0007497793462204132,-1.5818490456536243,-1.0,83.0,40.0,True,False,True,-2000.0,100.0,40.0,-2140.0,2016-2017,-2240.0
2017-06-13,2436.25,2438.5,2426.5,0.004010081976499719,0.0009231243283366256,0.0017381588328902787,0.004076343791432431,0.0008690794164451394,0.9837447923131558,1.0,71.0,40.0,True,False,True,450.0,100.0,40.0,310.0,2016-2017,210.0
2017-06-14,2430.25,2435.75,2438.5,-0.003388963448928871,0.002260584604272363,0.001264164483586828,0.002964728508412353,0.000632082241793414,-1.1430940267591994,-1.0,98.0,40.0,True,False,True,-1100.0,100.0,40.0,-1240.0,2016-2017,-1340.0
2017-06-15,2429.25,2431.0,2435.75,-0.002672149585902207,0.0007201275965749052,0.001680254613811725,0.003940546360569273,0.0008401273069058625,-0.6781165202472516,0.0,74.0,40.0,False,False,False,0.0,0.0,0.0,0.0,2016-2017,0.0
2017-06-16,2428.5,2430.5,2431.0,-0.001028912530323895,0.0008232146997107561,0.0017450707723844015,0.004092553726399521,0.0008725353861922007,-0.25141087915028903,0.0,71.0,40.0,False,False,False,0.0,0.0,0.0,0.0,2016-2017,0.0
2017-06-19,2446.25,2450.25,2430.5,0.006459242224775824,0.0016338204390033222,0.0019562179816963224,0.004587737825499206,0.0009781089908481612,1.4079362139821,1.0,63.0,40.0,True,False,True,800.0,100.0,40.0,660.0,2016-2017,560.0
2017-06-20,2439.25,2434.5,2450.25,-0.004499445161229799,-0.0019492183653038108,0.0015930676267123132,0.0037360747513979714,0.0007965338133561566,-1.204324179955497,-1.0,78.0,40.0,True,False,True,950.0,100.0,40.0,810.0,2016-2017,710.0
2017-06-21,2433.25,2433.25,2434.5,-0.0005135843161525499,0.0,0.00147271701383634,0.0034538275457290345,0.00073635850691817,-0.1487000463551351,0.0,84.0,40.0,False,False,False,0.0,0.0,0.0,0.0,2016-2017,0.0
2017-06-22,2437.5,2432.0,2433.25,0.0017451115653992358,-0.002258959785944572,0.0012327623459510528,0.002891083967782861,0.0006163811729755264,0.6036184299197446,0.0,101.0,40.0,False,False,False,0.0,0.0,0.0,0.0,2016-2017,0.0
2017-06-23,2435.0,2435.5,2432.0,0.0012327924306325744,0.0002053177299071165,0.0014140268714284059,0.0033161869612808067,0.0007070134357142029,0.3717499782209006,0.0,88.0,40.0,False,False,False,0.0,0.0,0.0,0.0,2016-2017,0.0
2017-06-26,2439.75,2436.25,2435.5,0.001743500774973072,-0.001435603199799981,0.0017031297964848313,0.003994193419228661,0.0008515648982424156,0.4365088497165889,0.0,73.0,40.0,False,False,False,0.0,0.0,0.0,0.0,2016-2017,0.0
2017-06-27,2425.25,2417.5,2436.25,-0.004525359980377687,-0.0032006635139435234,0.0017398438033048695,0.004080295397326148,0.0008699219016524347,-1.109076559344991,-1.0,72.0,40.0,True,False,True,1550.0,100.0,40.0,1410.0,2016-2017,1310.0
2017-06-28,2438.5,2437.75,2417.5,0.008649147822657823,-0.0003076134348788884,0.0021885115833913398,0.005132514610647434,0.0010942557916956699,1.6851676963013629,1.0,57.0,40.0,True,False,True,-150.0,100.0,40.0,-290.0,2016-2017,-390.0
2017-06-29,2417.25,2416.75,2437.75,-0.008444952351571444,-0.00020686801894213784,0.0028191974152136264,0.006611603993185735,0.0014095987076068132,-1.2772925239132977,-1.0,44.0,40.0,True,False,True,100.0,100.0,40.0,-40.0,2016-2017,-140.0
2017-06-30,2427.75,2420.5,2416.75,0.004541240129748652,-0.0029907720947143527,0.002970347961078751,0.006966083444401582,0.0014851739805393754,0.6519072253431447,0.0,42.0,40.0,False,False,False,0.0,0.0,0.0,0.0,2016-2017,0.0
2017-07-06,2413.0,2407.75,2429.5,-0.006814688220925991,-0.0021780851840581014,0.0023686157432870557,0.005554896305639746,0.0011843078716435279,-1.2267894567189688,-1.0,53.0,40.0,True,False,True,1050.0,100.0,40.0,910.0,2017-2018,810.0
2017-07-07,2422.5,2422.75,2407.75,0.0061073633239475695,0.00010319384973824156,0.0017940619462946622,0.004207448213499989,0.0008970309731473311,1.4515599513147959,1.0,70.0,40.0,True,False,True,50.0,100.0,40.0,-90.0,2017-2018,-190.0
2017-07-10,2427.5,2425.25,2422.75,0.001958662550820611,-0.0009273093240870728,0.0019283994399457644,0.004522497562178145,0.0009641997199728822,0.4330931136814746,0.0,65.0,40.0,False,False,False,0.0,0.0,0.0,0.0,2017-2018,0.0
2017-07-11,2423.25,2423.25,2425.25,-0.0008249974686755578,0.0,0.0017170274256642915,0.004026786248692423,0.0008585137128321457,-0.2048773929690087,0.0,73.0,40.0,False,False,False,0.0,0.0,0.0,0.0,2017-2018,0.0
2017-07-12,2442.0,2441.5,2423.25,0.007707761297932668,-0.00020477116893502812,0.0018985862300423806,0.004452579387387267,0.0009492931150211903,1.7310777927433005,1.0,65.0,40.0,True,False,True,-100.0,100.0,40.0,-240.0,2017-2018,-340.0
2017-07-13,2445.5,2445.5,2441.5,0.001636996477696983,0.0,0.0017510027756305307,0.004106465507156005,0.0008755013878152654,0.39863879894871196,0.0,71.0,40.0,False,False,False,0.0,0.0,0.0,0.0,2017-2018,0.0
2017-07-14,2456.25,2456.5,2445.5,0.004386195638159537,0.00010177599113164404,0.0015793106108818148,0.003703811689468216,0.0007896553054409074,1.184238294466125,1.0,78.0,40.0,True,False,True,50.0,100.0,40.0,-90.0,2017-2018,-190.0
2017-07-17,2457.0,2456.5,2456.5,0.00020352091247608265,-0.00020352091247622032,0.0013773024883396328,0.0032300606486761196,0.0006886512441698164,0.0630083873377109,0.0,89.0,40.0,False,False,False,0.0,0.0,0.0,0.0,2017-2018,0.0
2017-07-18,2455.75,2458.0,2456.5,-0.0003053590537239182,0.000915797571001208,0.0014204029704286082,0.0033311402388991784,0.0007102014852143041,-0.09166802710918841,0.0,87.0,40.0,False,False,False,0.0,0.0,0.0,0.0,2017-2018,0.0
2017-07-19,2469.0,2471.0,2458.0,0.004465199219199392,0.0008097166434305575,0.0011577685454685037,0.0027152079159466595,0.0005788842727342518,1.6445146587025163,1.0,106.0,40.0,True,False,True,400.0,100.0,40.0,260.0,2017-2018,160.0
2017-07-20,2473.25,2471.5,2471.0,0.0009101482147219011,-0.0007078214563179519,0.00115650844347952,0.002712252714832602,0.00057825422173976,0.33556910451026123,0.0,106.0,40.0,False,False,False,0.0,0.0,0.0,0.0,2017-2018,0.0
2017-07-21,2467.75,2469.75,2471.5,-0.0015184494490166661,0.0008101266265859705,0.001185582985087256,0.002780438558915886,0.000592791492543628,-0.5461186848195347,0.0,103.0,40.0,False,False,False,0.0,0.0,0.0,0.0,2017-2018,0.0
2017-07-24,2468.5,2469.0,2469.75,-0.0005062522256658144,0.00020253164626190905,0.0012313428917316283,0.0028877550525622923,0.0006156714458658141,-0.17530996100816065,0.0,99.0,40.0,False,False,False,0.0,0.0,0.0,0.0,2017-2018,0.0
2017-07-25,2476.5,2474.5,2469.0,0.003033062683112899,-0.0008079176363516864,0.0010849691581501393,0.0025444782191548863,0.0005424845790750697,1.192017546182922,1.0,113.0,40.0,True,False,True,-400.0,100.0,40.0,-540.0,2017-2018,-640.0
2017-07-26,2474.25,2474.75,2474.5,-0.00010103561514021975,0.00020206102311636452,0.0010392191601144133,0.0024371849632555563,0.0005196095800572067,-0.041455866773959515,0.0,118.0,40.0,False,False,False,0.0,0.0,0.0,0.0,2017-2018,0.0
2017-07-27,2465.0,2472.5,2474.75,-0.003947573323126252,0.003037977020076801,0.0014533048198149326,0.003408301915343655,0.0007266524099074663,-1.1582228984336391,-1.0,84.0,40.0,True,False,True,-1500.0,100.0,40.0,-1640.0,2017-2018,-1740.0
2017-07-28,2468.75,2469.25,2472.5,-0.001517834847435125,0.00020251113880467416,0.0015936837007993713,0.003737519573201549,0.0007968418503996856,-0.40610753140081934,0.0,77.0,40.0,False,False,False,0.0,0.0,0.0,0.0,2017-2018,0.0
2017-07-31,2468.75,2467.5,2469.25,-0.00020251113880470083,-0.0005064573417953089,0.0016409844168780998,0.00384844958527485,0.0008204922084390499,-0.05262148673573901,0.0,75.0,40.0,False,False,False,0.0,0.0,0.0,0.0,2017-2018,0.0
2017-08-01,2473.5,2473.0,2467.5,0.0024286593601267024,-0.00020216314634707866,0.0017548580396771231,0.004115506902777214,0.0008774290198385616,0.590123991406211,0.0,70.0,40.0,False,False,False,0.0,0.0,0.0,0.0,2017-2018,0.0
2017-08-02,2473.25,2473.75,2473.0,0.0001010866819158584,0.00020214271344355664,0.001717883989260937,0.004028795068388921,0.0008589419946304685,0.025091045883423913,0.0,71.0,40.0,False,False,False,0.0,0.0,0.0,0.0,2017-2018,0.0
2017-08-03,2469.75,2469.75,2473.75,-0.0016182869921921304,0.0,0.0013800132510593908,0.0032364179507670668,0.0006900066255296954,-0.5000241059127046,0.0,89.0,40.0,False,False,False,0.0,0.0,0.0,0.0,2017-2018,0.0
2017-08-04,2471.75,2473.5,2469.75,0.0008094708526590842,0.0007077498905209294,0.0010322275537752498,0.0024207881929757093,0.0005161137768876249,0.3343831794156502,0.0,119.0,40.0,False,False,False,0.0,0.0,0.0,0.0,2017-2018,0.0
2017-08-07,2476.75,2477.75,2473.5,0.0013130651853763375,0.0004036734336782826,0.0009747067681001653,0.002285889993151788,0.00048735338405008264,0.574421861642555,0.0,125.0,40.0,False,False,False,0.0,0.0,0.0,0.0,2017-2018,0.0
2017-08-08,2477.0,2472.25,2477.75,-0.0003027397974582351,-0.0019194833392593758,0.0007870071087938467,0.0018456952730898655,0.00039350355439692335,-0.16402479969048223,0.0,155.0,40.0,False,False,False,0.0,0.0,0.0,0.0,2017-2018,0.0
2017-08-09,2465.25,2471.25,2472.25,-0.0028354449376617624,0.002430873272388279,0.0013182710088021862,0.003091619557702053,0.0006591355044010931,-0.917139022037142,0.0,93.0,40.0,False,False,False,0.0,0.0,0.0,0.0,2017-2018,0.0
2017-08-10,2448.5,2436.75,2471.25,-0.009248503342454644,-0.004810407925052702,0.0017190268280913848,0.004031475263019556,0.0008595134140456924,-2.294074188496337,-1.0,72.0,40.0,True,False,True,2350.0,100.0,40.0,2210.0,2017-2018,2110.0
2017-08-11,2437.75,2439.5,2436.75,0.0004102984979090815,0.0007176175406634169,0.002016263651606296,0.004728557403726654,0.001008131825803148,0.0867703324455189,0.0,62.0,40.0,False,False,False,0.0,0.0,0.0,0.0,2017-2018,0.0
2017-08-14,2462.0,2463.5,2439.5,0.00918092748850702,0.0006090752396189202,0.0022151539344220923,0.005194996462224129,0.0011075769672110462,1.7672634727024237,1.0,55.0,40.0,True,False,True,300.0,100.0,40.0,160.0,2017-2018,60.0
2017-08-15,2464.75,2463.5,2463.5,0.0005072794711329465,-0.0005072794711329628,0.0022345110772433374,0.00524039298610109,0.0011172555386216687,0.0968017994983174,0.0,55.0,40.0,False,False,False,0.0,0.0,0.0,0.0,2017-2018,0.0
2017-08-16,2467.0,2467.25,2463.5,0.0014197345453390209,0.00010133252275981204,0.0020547187908959894,0.004818742699411946,0.0010273593954479947,0.2946275893735264,0.0,60.0,40.0,False,False,False,0.0,0.0,0.0,0.0,2017-2018,0.0
2017-08-17,2440.5,2429.0,2467.25,-0.010901233724914375,-0.004723286325029657,0.002087764129526344,0.004896240887962203,0.001043882064763172,-2.226449632352837,-1.0,59.0,40.0,True,False,True,2300.0,100.0,40.0,2160.0,2017-2018,2060.0
2017-08-18,2429.5,2424.5,2429.0,0.00020582484378517293,-0.0020601573005506867,0.0024158301583054524,0.005665623923786313,0.0012079150791527262,0.03632871622859518,0.0,52.0,40.0,False,False,False,0.0,0.0,0.0,0.0,2017-2018,0.0
2017-08-21,2424.5,2426.75,2424.5,0.0,0.0009275960469287705,0.002202983460141338,0.005166454170038641,0.001101491730070669,0.0,0.0,57.0,40.0,False,False,False,0.0,0.0,0.0,0.0,2017-2018,0.0
2017-08-22,2450.5,2451.25,2426.75,0.009739171757266442,0.00030601316095381153,0.002401793985969781,0.005632706181820896,0.0012008969929848904,1.7290395491777701,1.0,51.0,40.0,True,False,True,150.0,100.0,40.0,10.0,2017-2018,-90.0
2017-08-23,2445.0,2442.5,2451.25,-0.0025529756015836187,-0.0010230179920346257,0.002405034583643918,0.005640306057021907,0.001202517291821959,-0.45263068630917436,0.0,51.0,40.0,False,False,False,0.0,0.0,0.0,0.0,2017-2018,0.0
2017-08-24,2440.5,2437.5,2442.5,-0.0008191685897356495,-0.001230012455199932,0.0021839587492178416,0.005121837268067815,0.0010919793746089208,-0.1599364733516175,0.0,57.0,40.0,False,False,False,0.0,0.0,0.0,0.0,2017-2018,0.0
2017-08-25,2447.25,2442.5,2437.5,0.003992021269537457,-0.001942840224601896,0.0015169098721195436,0.003557468985210625,0.0007584549360597718,1.1221520935624132,1.0,81.0,40.0,True,False,True,-950.0,100.0,40.0,-1090.0,2017-2018,-1190.0
2017-08-28,2441.5,2443.25,2442.5,-0.0004095004152228133,0.000716515717230193,0.0015361892463623989,0.0036026831256047364,0.0007680946231811994,-0.11366539907782638,0.0,81.0,40.0,False,False,False,0.0,0.0,0.0,0.0,2017-2018,0.0
2017-08-29,2446.25,2445.5,2443.25,0.0012271194913408884,-0.00030663873087412107,0.0020246804049066642,0.004748296439889951,0.0010123402024533321,0.25843363127710045,0.0,61.0,40.0,False,False,False,0.0,0.0,0.0,0.0,2017-2018,0.0
2017-08-30,2458.75,2457.0,2445.5,0.005403489723857024,-0.0007119971820897528,0.002112068578431149,0.004953239873050664,0.0010560342892155744,1.090900069923134,1.0,58.0,40.0,True,False,True,-350.0,100.0,40.0,-490.0,2017-2018,-590.0
2017-08-31,2471.5,2470.5,2457.0,0.005884160225834924,-0.00040469446120930505,0.002077400052298761,0.004871934972380062,0.0010387000261493804,1.2077665771799833,1.0,59.0,40.0,True,False,True,-200.0,100.0,40.0,-340.0,2017-2018,-440.0
2017-09-01,2478.0,2475.25,2470.5,0.0030312239032830794,-0.0011103821864637611,0.0020126938990525267,0.0047201855919082195,0.0010063469495262634,0.6421832032366449,0.0,61.0,40.0,False,False,False,0.0,0.0,0.0,0.0,2017-2018,0.0
2017-09-06,2467.0,2465.0,2457.0,0.0040617440081776425,-0.0008110300525662674,0.0018632795816457028,0.004369777957354106,0.0009316397908228514,0.9295081003697091,0.0,66.0,40.0,False,False,False,0.0,0.0,0.0,0.0,2017-2018,0.0
2017-09-07,2464.5,2464.5,2465.0,-0.00020286033135802692,0.0,0.0015935047492830594,0.0037370998946953723,0.0007967523746415297,-0.054282822796890465,0.0,77.0,40.0,False,False,False,0.0,0.0,0.0,0.0,2017-2018,0.0
2017-09-08,2462.75,2461.25,2464.5,-0.0007103354096438954,-0.0006092607824532462,0.001608133746712641,0.0037714079347424354,0.0008040668733563205,-0.18834754074207755,0.0,76.0,40.0,False,False,False,0.0,0.0,0.0,0.0,2017-2018,0.0
2017-09-12,2491.25,2494.25,2485.5,0.002310745992277287,0.0012034902666120295,0.001130385345490087,0.0026509886195800786,0.0005651926727450435,0.8716544368430045,0.0,107.0,40.0,False,False,False,0.0,0.0,0.0,0.0,2017-2018,0.0
2017-09-13,2493.5,2495.0,2494.25,-0.0003007368074392635,0.0006013831994417929,0.001102761079622352,0.00258620397359029,0.000551380539811176,-0.11628503030322335,0.0,110.0,40.0,False,False,False,0.0,0.0,0.0,0.0,2017-2018,0.0
2017-09-14,2494.0,2494.25,2495.0,-0.0004008819456373024,0.00010023555363482186,0.0010799766750471214,0.0025327698084413623,0.0005399883375235607,-0.15827808129314389,0.0,112.0,40.0,False,False,False,0.0,0.0,0.0,0.0,2017-2018,0.0
2017-09-15,2495.75,2497.5,2494.25,0.0006012024229179969,0.0007009463061740754,0.0010708504035043538,0.00251136680450505,0.0005354252017521769,0.23939251798642938,0.0,113.0,40.0,False,False,False,0.0,0.0,0.0,0.0,2017-2018,0.0
2017-09-18,2499.5,2502.0,2497.5,0.00080048033091636,0.0009997001732314009,0.0007801157419601575,0.0018295335852881356,0.0003900578709800788,0.43753246037857857,0.0,155.0,40.0,False,False,False,0.0,0.0,0.0,0.0,2017-2018,0.0
2017-09-19,2504.75,2505.0,2502.0,0.0010985171125158769,9.980537959276919e-05,0.0008184722855940968,0.0019194876536646273,0.0004092361427970484,0.5722970452134044,0.0,147.0,40.0,False,False,False,0.0,0.0,0.0,0.0,2017-2018,0.0
2017-09-20,2501.25,2506.0,2505.0,-0.0014981276210219922,0.0018972495580705136,0.0007848467178373041,0.0018406287071948918,0.00039242335891865205,-0.8139216861966315,0.0,154.0,40.0,False,False,False,0.0,0.0,0.0,0.0,2017-2018,0.0
2017-09-21,2501.0,2499.25,2506.0,-0.001997204578394576,-0.000699965030328925,0.0008618322450973634,0.002021175772364341,0.0004309161225486817,-0.9881399756035449,0.0,140.0,40.0,False,False,False,0.0,0.0,0.0,0.0,2017-2018,0.0
2017-09-22,2497.5,2498.75,2499.25,-0.0007004553245815047,0.0005003752919012798,0.0009877596674390113,0.0023165017555369445,0.0004938798337195057,-0.30237634092323207,0.0,123.0,40.0,False,False,False,0.0,0.0,0.0,0.0,2017-2018,0.0
2017-09-25,2491.0,2494.25,2498.75,-0.003106370552429356,0.0013038465314360846,0.0009878168077457655,0.0023166357614346047,0.0004939084038728828,-1.3408972632390421,-1.0,123.0,40.0,True,False,True,-650.0,100.0,40.0,-790.0,2017-2018,-890.0
2017-09-26,2496.75,2495.0,2494.25,0.0010018033296274667,-0.0007011569376249279,0.0011294446453087286,0.0026487824821021222,0.0005647223226543643,0.3782127586529556,0.0,107.0,40.0,False,False,False,0.0,0.0,0.0,0.0,2017-2018,0.0
2017-09-27,2506.75,2504.75,2495.0,0.004698364218415619,-0.0007981642646624049,0.0011969057530732128,0.002806992803618964,0.0005984528765366064,1.67380700526135,1.0,101.0,40.0,True,False,True,-400.0,100.0,40.0,-540.0,2017-2018,-640.0
2017-09-28,2506.5,2507.0,2504.75,0.0006984285641857085,0.00019946145473539285,0.0012216212128582007,0.0028649556946623586,0.0006108106064291003,0.2437833735044967,0.0,99.0,40.0,False,False,False,0.0,0.0,0.0,0.0,2017-2018,0.0
2017-09-29,2513.75,2515.5,2507.0,0.0026888429285683016,0.0006959288445115232,0.001180942528075076,0.00276955572256453,0.000590471264037538,0.9708571330272819,0.0,102.0,40.0,False,False,False,0.0,0.0,0.0,0.0,2017-2018,0.0
2017-10-02,2525.0,2526.25,2515.5,0.0037694717780869793,0.0004949270083705664,0.001084159016218977,0.0025425782679140774,0.0005420795081094885,1.4825391318944299,1.0,110.0,40.0,True,False,True,250.0,100.0,40.0,110.0,2017-2018,10.0
2017-10-03,2530.75,2532.0,2526.25,0.001779711761030232,0.0004938027852056712,0.000933188170329213,0.002188520250496466,0.0004665940851646065,0.8132032411518716,0.0,128.0,40.0,False,False,False,0.0,0.0,0.0,0.0,2017-2018,0.0
2017-10-04,2535.0,2535.5,2532.0,0.001184132761216772,0.00019721920979028253,0.000883939057035881,0.002073020841922279,0.0004419695285179405,0.5712112185609985,0.0,135.0,40.0,False,False,False,0.0,0.0,0.0,0.0,2017-2018,0.0
2017-10-05,2549.0,2549.5,2535.5,0.005310269141041696,0.00019613611909493126,0.0009699292104927937,0.002274685627404248,0.00048496460524639684,2.3345068334130623,1.0,122.0,40.0,True,False,True,100.0,100.0,40.0,-40.0,2017-2018,-140.0
2017-10-06,2545.75,2547.0,2549.5,-0.001471959443435613,0.000490893927682117,0.0009044115442753871,0.0021210330803177607,0.00045220577213769353,-0.6939823131919719,0.0,131.0,40.0,False,False,False,0.0,0.0,0.0,0.0,2017-2018,0.0
2017-10-09,2542.75,2542.5,2547.0,-0.0016700234737513921,-9.832358299054987e-05,0.0009177605218576071,0.002152339207732348,0.00045888026092880357,-0.7759109102095892,0.0,130.0,40.0,False,False,False,0.0,0.0,0.0,0.0,2017-2018,0.0
2017-10-10,2546.0,2549.0,2542.5,0.00137565119463678,0.0011776252587635406,0.0009900496230829444,0.0023218721775577445,0.0004950248115414722,0.5924749897661271,0.0,120.0,40.0,False,False,False,0.0,0.0,0.0,0.0,2017-2018,0.0
2017-10-11,2550.25,2553.0,2549.0,0.0004902681865129281,0.0010777446788555534,0.0009846757644892297,0.0023092693620382332,0.0004923378822446148,0.21230446069756112,0.0,120.0,40.0,False,False,False,0.0,0.0,0.0,0.0,2017-2018,0.0
2017-10-12,2549.75,2549.0,2553.0,-0.0012738231108563043,-0.00029418975451209206,0.0008106508602733465,0.0019011447853702628,0.00040532543013667324,-0.6700295109865697,0.0,146.0,40.0,False,False,False,0.0,0.0,0.0,0.0,2017-2018,0.0
2017-10-13,2553.25,2551.75,2549.0,0.0016659320820928765,-0.0005876591746005669,0.0008081858280560373,0.0018953637723899928,0.00040409291402801863,0.8789511049861366,0.0,147.0,40.0,False,False,False,0.0,0.0,0.0,0.0,2017-2018,0.0
2017-10-16,2553.75,2555.5,2551.75,0.0007834688482239968,0.0006850320765023451,0.0008272597739698863,0.0019400961406481616,0.00041362988698494317,0.4038299091519505,0.0,143.0,40.0,False,False,False,0.0,0.0,0.0,0.0,2017-2018,0.0
2017-10-17,2555.25,2557.0,2555.5,-9.783299914858122e-05,0.0006846300820008992,0.0007582557448760971,0.00177826734787175,0.00037912787243804855,-0.055015911564517475,0.0,156.0,40.0,False,False,False,0.0,0.0,0.0,0.0,2017-2018,0.0
2017-10-18,2560.5,2559.25,2557.0,0.0013678556114182835,-0.0004883051027247966,0.0007526125002147732,0.0017650327660237433,0.0003763062501073866,0.7749746280913422,0.0,157.0,40.0,False,False,False,0.0,0.0,0.0,0.0,2017-2018,0.0
2017-10-19,2557.75,2560.25,2559.25,-0.0005862810408308379,0.0009769441964975955,0.0011276316428218078,0.002644530614383496,0.0005638158214109039,-0.22169569058572391,0.0,105.0,40.0,False,False,False,0.0,0.0,0.0,0.0,2017-2018,0.0
2017-10-20,2571.5,2572.75,2560.25,0.004384476259423886,0.0004859795012302061,0.0013198946872138787,0.0030954274211075967,0.0006599473436069394,1.4164364602853605,1.0,89.0,40.0,True,False,True,250.0,100.0,40.0,110.0,2017-2018,10.0
2017-10-23,2568.5,2563.5,2572.75,-0.0016532948088785154,-0.0019485586835673095,0.0013453703213839245,0.003155173079108936,0.0006726851606919622,-0.5239949655457343,0.0,88.0,40.0,False,False,False,0.0,0.0,0.0,0.0,2017-2018,0.0
2017-10-24,2567.75,2567.5,2563.5,0.001656516822158384,-9.736624320038111e-05,0.0014724489009843868,0.0034531987653559286,0.0007362244504921934,0.47970503139793724,0.0,80.0,40.0,False,False,False,0.0,0.0,0.0,0.0,2017-2018,0.0
2017-10-25,2553.25,2554.75,2567.5,-0.005565605344504984,0.0005873140341100127,0.001593140485366281,0.0037362456200873764,0.0007965702426831405,-1.4896251238361642,-1.0,74.0,40.0,True,False,True,-300.0,100.0,40.0,-440.0,2017-2018,-540.0
2017-10-26,2559.5,2557.75,2554.75,0.0018575554053195486,-0.000683961138588553,0.0014325988972748508,0.003359742222641813,0.0007162994486374254,0.5528862877637458,0.0,82.0,40.0,False,False,False,0.0,0.0,0.0,0.0,2017-2018,0.0
2017-10-27,2578.25,2578.75,2557.75,0.007982908437129023,0.00019391118928326135,0.0015312210497508733,0.0035910316717624358,0.0007656105248754366,2.223012539795035,1.0,77.0,40.0,True,False,True,100.0,100.0,40.0,-40.0,2017-2018,-140.0
2017-10-30,2569.75,2569.25,2578.75,-0.00349616749243019,-0.0001945903878489053,0.0015466735768859892,0.0036272710601642595,0.0007733367884429946,-0.9638561426594536,0.0,76.0,40.0,False,False,False,0.0,0.0,0.0,0.0,2017-2018,0.0
2017-10-31,2574.0,2572.0,2569.25,0.001847081650889414,-0.0007773027985620139,0.0014460591320085276,0.0033913092712046936,0.0007230295660042638,0.5446514909662827,0.0,81.0,40.0,False,False,False,0.0,0.0,0.0,0.0,2017-2018,0.0
2017-11-01,2577.25,2576.0,2572.0,0.00203913261898419,-0.00048513075224983085,0.0014662476821518367,0.003438655618084775,0.0007331238410759184,0.5930028608447636,0.0,80.0,40.0,False,False,False,0.0,0.0,0.0,0.0,2017-2018,0.0
2017-11-02,2571.0,2576.75,2576.0,-0.0019428799583547218,0.0022339866510125744,0.0014581021450234175,0.0034195526402250927,0.0007290510725117088,-0.5681678753823282,0.0,81.0,40.0,False,False,False,0.0,0.0,0.0,0.0,2017-2018,0.0
2017-11-03,2584.5,2584.75,2576.75,0.0030031507191919994,9.67258307084412e-05,0.0013339240219533274,0.0031283291274884707,0.0006669620109766637,0.959985537584094,0.0,88.0,40.0,False,False,False,0.0,0.0,0.0,0.0,2017-2018,0.0
2017-11-06,2589.25,2588.0,2584.75,0.0017394670021857901,-0.00048288184819700726,0.0013621385724484133,0.003194498113637713,0.0006810692862242066,0.544519652323408,0.0,86.0,40.0,False,False,False,0.0,0.0,0.0,0.0,2017-2018,0.0
2017-11-07,2583.5,2587.0,2588.0,-0.0017403078935518592,0.0013538344587899177,0.001487638376708263,0.0034888212435152904,0.0007438191883541315,-0.49882403599398745,0.0,79.0,40.0,False,False,False,0.0,0.0,0.0,0.0,2017-2018,0.0
2017-11-08,2590.75,2591.75,2587.0,0.0014485058782977794,0.0003859141388947034,0.0014201120040775112,0.0033304578623197965,0.0007100560020387556,0.4349269494401702,0.0,82.0,40.0,False,False,False,0.0,0.0,0.0,0.0,2017-2018,0.0
2017-11-09,2576.25,2582.0,2591.75,-0.005998469998552695,0.0022294392019190246,0.0015666468902664793,0.003674112632092131,0.0007833234451332397,-1.6326309504390497,-1.0,75.0,40.0,True,False,True,-1150.0,100.0,40.0,-1290.0,2017-2018,-1390.0
2017-11-10,2581.0,2580.5,2582.0,-0.00038737168797393706,-0.00019374212983202241,0.001573625752177754,0.003690479514039268,0.000786812876088877,-0.10496513705070123,0.0,74.0,40.0,False,False,False,0.0,0.0,0.0,0.0,2017-2018,0.0
2017-11-13,2583.0,2583.0,2580.5,0.0009683355070587335,0.0,0.0015383260519262888,0.0036076943788510103,0.0007691630259631444,0.26840840863220017,0.0,76.0,40.0,False,False,False,0.0,0.0,0.0,0.0,2017-2018,0.0
2017-11-14,2576.0,2577.0,2583.0,-0.002713705871596273,0.0003881234281209339,0.0015071324587387326,0.003534538918304793,0.0007535662293693663,-0.7677679986892882,0.0,78.0,40.0,False,False,False,0.0,0.0,0.0,0.0,2017-2018,0.0
2017-11-15,2567.25,2563.5,2577.0,-0.0037906445739606166,-0.0014617748546491283,0.0016233539527809257,0.003807102481947657,0.0008116769763904628,-0.9956770514938645,0.0,73.0,40.0,False,False,False,0.0,0.0,0.0,0.0,2017-2018,0.0
2017-11-16,2586.75,2584.75,2563.5,0.009028749261304782,-0.0007734700182574449,0.0017230578380476914,0.004040928819333089,0.0008615289190238457,2.2343252417880692,1.0,68.0,40.0,True,False,True,-400.0,100.0,40.0,-540.0,2017-2018,-640.0
2017-11-17,2580.5,2577.5,2584.75,-0.001645612878020703,-0.0011632416976669027,0.0015815135490885059,0.0037089780375095067,0.0007907567745442529,-0.443683640447139,0.0,74.0,40.0,False,False,False,0.0,0.0,0.0,0.0,2017-2018,0.0
2017-11-20,2582.75,2581.5,2577.5,0.0020347858384396973,-0.0004840974098509694,0.0016979257170567775,0.003981988771146304,0.0008489628585283888,0.5109973823090262,0.0,69.0,40.0,False,False,False,0.0,0.0,0.0,0.0,2017-2018,0.0
2017-11-21,2598.75,2597.75,2581.5,0.006659934852518829,-0.00038487443946656665,0.0017332233717746834,0.004064769109133139,0.0008666116858873417,1.638453421020792,1.0,67.0,40.0,True,False,True,-200.0,100.0,40.0,-340.0,2017-2018,-440.0
2017-11-22,2596.5,2595.75,2597.75,-0.00048130144838242137,-0.0002888921008103443,0.0014653711951989438,0.0034366000739762107,0.0007326855975994719,-0.1400516318518106,0.0,79.0,40.0,False,False,False,0.0,0.0,0.0,0.0,2017-2018,0.0
2017-11-28,2622.0,2626.75,2600.25,0.008329791090402706,0.0018099552452393861,0.001045005685560291,0.002450755568328538,0.0005225028427801455,3.3988665365284803,1.0,110.0,40.0,True,False,True,950.0,100.0,40.0,810.0,2017-2018,710.0
2017-11-29,2624.0,2625.5,2626.75,-0.0010474695049049456,0.0005714830139342433,0.0015384388786525635,0.0036079589809785346,0.0007692194393262818,-0.2903218995635188,0.0,75.0,40.0,False,False,False,0.0,0.0,0.0,0.0,2017-2018,0.0
2017-11-30,2646.75,2646.75,2625.5,0.00806111814557526,0.0,0.0017268119795556237,0.004049733061579796,0.0008634059897778118,1.9905307394336325,1.0,66.0,40.0,True,False,True,0.0,100.0,40.0,-140.0,2017-2018,-240.0
2017-12-01,2636.0,2641.75,2646.75,-0.004069855601091256,0.0021789596987423325,0.0022317413988382205,0.005233897514480588,0.0011158706994191102,-0.7775955852844298,0.0,51.0,40.0,False,False,False,0.0,0.0,0.0,0.0,2017-2018,0.0
2017-12-04,2647.75,2638.25,2641.75,0.0022686464026384365,-0.003594404172579034,0.0024959262959167753,0.00585346601686288,0.0012479631479583877,0.38757317392854707,0.0,46.0,40.0,False,False,False,0.0,0.0,0.0,0.0,2017-2018,0.0
2017-12-05,2632.0,2629.0,2638.25,-0.002371805105991773,-0.0011404677153266406,0.002925793083925156,0.0068615929954124735,0.001462896541962578,-0.3456639161747885,0.0,39.0,39.0,False,False,False,0.0,0.0,0.0,0.0,2017-2018,0.0
2017-12-06,2632.25,2629.25,2629.0,0.0012354480069874947,-0.0011403593367308755,0.002843727620866997,0.006669132424779875,0.0014218638104334985,0.18524868428119007,0.0,40.0,40.0,False,False,False,0.0,0.0,0.0,0.0,2017-2018,0.0
2017-12-07,2636.25,2637.5,2629.25,0.002658818392846546,0.00047404599133756746,0.0026933554855623986,0.00631647850814438,0.0013466777427811993,0.42093365621656154,0.0,43.0,40.0,False,False,False,0.0,0.0,0.0,0.0,2017-2018,0.0
2017-12-08,2648.25,2651.75,2637.5,0.0040675456922835765,0.0013207549089740984,0.0023627347464454176,0.005541104145505001,0.0011813673732227088,0.7340677210666054,0.0,48.0,40.0,False,False,False,0.0,0.0,0.0,0.0,2017-2018,0.0
2017-12-12,2671.75,2667.75,2663.25,0.0031865069136991623,-0.001498267908331862,0.0013239050135693143,0.0031048324700773816,0.0006619525067846571,1.0263055879532672,1.0,85.0,40.0,True,False,True,-800.0,100.0,40.0,-940.0,2017-2018,-1040.0
2017-12-13,2674.25,2667.0,2667.75,0.0024335466895659746,-0.0027147220042259873,0.0009482721024564374,0.0022238952069812863,0.0004741360512282187,1.0942721949876717,1.0,119.0,40.0,True,False,True,-1450.0,100.0,40.0,-1590.0,2017-2018,-1690.0
2017-12-14,2659.25,2655.5,2667.0,-0.002910117050240024,-0.0014111672693204371,0.0011307911958510438,0.0026519404230446594,0.0005653955979255219,-1.0973538564259884,-1.0,101.0,40.0,True,False,True,750.0,100.0,40.0,610.0,2017-2018,510.0
2017-12-15,2680.5,2677.25,2655.5,0.009370383405138667,-0.0012131959866080646,0.0015927840583835108,0.0037354097247187705,0.0007963920291917554,2.508528942121373,1.0,71.0,40.0,True,False,True,-650.0,100.0,40.0,-790.0,2017-2018,-890.0
2017-12-18,2696.25,2694.75,2677.25,0.007071770422381695,-0.000556483041628285,0.0016250869096281163,0.003811166626001235,0.0008125434548140581,1.855539554249708,1.0,69.0,40.0,True,False,True,-300.0,100.0,40.0,-440.0,2017-2018,-540.0
2017-12-19,2686.25,2684.25,2694.75,-0.0031592667050176376,-0.0007448096424753409,0.0016786203201640554,0.0039367136022286685,0.0008393101600820277,-0.8025137269902236,0.0,67.0,40.0,False,False,False,0.0,0.0,0.0,0.0,2017-2018,0.0
2017-12-20,2683.5,2682.75,2684.25,-0.0002794466973612927,-0.0002795248096467249,0.00169971999428466,0.00398619672423988,0.00084985999714233,-0.07010358913346904,0.0,66.0,40.0,False,False,False,0.0,0.0,0.0,0.0,2017-2018,0.0
2017-12-21,2693.5,2688.5,2682.75,0.003999075313351562,-0.0018580458708556428,0.0016716243055443884,0.0039203064936146476,0.0008358121527721942,1.0200925156911105,1.0,67.0,40.0,True,False,True,-1000.0,100.0,40.0,-1140.0,2017-2018,-1240.0
2017-12-22,2688.0,2689.0,2688.5,-0.0001859946066926083,0.0003719546258244224,0.0013246688666436852,0.0031066238643264912,0.0006623344333218426,-0.0598703334601891,0.0,85.0,40.0,False,False,False,0.0,0.0,0.0,0.0,2017-2018,0.0
2017-12-26,2686.75,2687.25,2689.0,-0.0008370925476019962,0.0001860811319102193,0.0012110505947307759,0.0028401653977343845,0.0006055252973653879,-0.2947337321515675,0.0,93.0,40.0,False,False,False,0.0,0.0,0.0,0.0,2017-2018,0.0
2017-12-27,2683.5,2685.0,2687.25,-0.0013964532362893372,0.0005588153260815102,0.001152265410961957,0.002702301921537692,0.0005761327054809785,-0.5167643279085236,0.0,98.0,40.0,False,False,False,0.0,0.0,0.0,0.0,2017-2018,0.0
2017-12-28,2684.5,2687.0,2685.0,-0.00018623708034085185,0.0009308387528670697,0.0009938121286036687,0.0023306960351531583,0.0004969060643018343,-0.07990620721531091,0.0,113.0,40.0,False,False,False,0.0,0.0,0.0,0.0,2017-2018,0.0
2017-12-29,2683.25,2677.5,2687.0,-0.0013965832538574822,-0.00214522303972994,0.0009752086944920786,0.002287067114881239,0.0004876043472460393,-0.6106437562633587,0.0,116.0,40.0,False,False,False,0.0,0.0,0.0,0.0,2017-2018,0.0
2018-01-02,2691.25,2695.75,2677.5,0.005122246356668934,0.0016706890836090291,0.0015761876396024573,0.003696487672615129,0.0007880938198012287,1.385706327283687,1.0,71.0,40.0,True,False,True,900.0,100.0,40.0,760.0,2017-2018,660.0
2018-01-03,2710.5,2712.25,2695.75,0.0054566609382112425,0.0006454290021672299,0.0016462795654073987,0.003860867809331065,0.0008231397827036993,1.4133249848708664,1.0,68.0,40.0,True,False,True,350.0,100.0,40.0,210.0,2017-2018,110.0
2018-01-04,2726.5,2724.0,2712.25,0.00524018666355625,-0.0009173470967133136,0.0017703331365492361,0.004151799221904091,0.0008851665682746181,1.2621483803720654,1.0,63.0,40.0,True,False,True,-500.0,100.0,40.0,-640.0,2017-2018,-740.0
2018-01-05,2735.75,2741.25,2724.0,0.004304233029149373,0.002008399433545513,0.0017938754371727241,0.004207010810837545,0.0008969377185863621,1.023109571779891,1.0,62.0,40.0,True,False,True,1100.0,100.0,40.0,960.0,2017-2018,860.0
2018-01-08,2747.75,2746.75,2741.25,0.002368374216911833,-0.00036400036801936917,0.0017384999361084777,0.0040771437493876145,0.0008692499680542389,0.5808905357500731,0.0,63.0,40.0,False,False,False,0.0,0.0,0.0,0.0,2017-2018,0.0
2018-01-09,2757.0,2752.75,2746.75,0.003724737442806401,-0.001542720030096232,0.0012956156778663895,0.003038488097069415,0.0006478078389331948,1.2258522409216825,1.0,85.0,40.0,True,False,True,-850.0,100.0,40.0,-990.0,2017-2018,-1090.0
2018-01-10,2746.25,2748.75,2752.75,-0.002364067294880507,0.0009099181701510826,0.0018283907652745493,0.004287956430279683,0.0009141953826372746,-0.5513272658711016,0.0,60.0,40.0,False,False,False,0.0,0.0,0.0,0.0,2017-2018,0.0
2018-01-11,2763.5,2768.25,2748.75,0.005351729404346611,0.0017173593049001012,0.001752797024092481,0.0041106733927874905,0.0008763985120462405,1.3019106343346698,1.0,62.0,40.0,True,False,True,950.0,100.0,40.0,810.0,2017-2018,710.0
2018-01-12,2785.25,2786.5,2768.25,0.0061222843612082235,0.0004486920701651367,0.0017935972202182096,0.004206358334243493,0.0008967986101091048,1.4554833123387019,1.0,61.0,40.0,True,False,True,250.0,100.0,40.0,110.0,2017-2018,10.0
2018-01-17,2807.0,2804.5,2777.5,0.01056505484809742,-0.0008910274134908532,0.002377288184435228,0.005575234982958511,0.001188644092217614,1.8949972297833175,1.0,45.0,40.0,True,False,True,-500.0,100.0,40.0,-640.0,2017-2018,-740.0
2018-01-18,2804.75,2800.0,2804.5,8.913847668247893e-05,-0.0016949912617787624,0.002314345819317231,0.005427622052303504,0.0011571729096586155,0.016423117863309626,0.0,47.0,40.0,False,False,False,0.0,0.0,0.0,0.0,2017-2018,0.0
2018-01-19,2808.25,2812.5,2800.0,0.0029420963583832328,0.0015122539909970434,0.002387893832772557,0.005600107433010787,0.0011939469163862785,0.5253642708781879,0.0,45.0,40.0,False,False,False,0.0,0.0,0.0,0.0,2017-2018,0.0
2018-01-22,2825.25,2835.25,2812.5,0.004523088727584514,0.0035332604551798026,0.002545090001769591,0.005968765127234565,0.0012725450008847954,0.7577930495114225,0.0,42.0,40.0,False,False,False,0.0,0.0,0.0,0.0,2017-2018,0.0
2018-01-23,2842.0,2840.75,2835.25,0.002377912961606108,-0.0004399278589274209,0.002067742147444967,0.004849285177813507,0.0010338710737224834,0.49036360502895493,0.0,51.0,40.0,False,False,False,0.0,0.0,0.0,0.0,2017-2018,0.0
2018-01-24,2842.5,2839.25,2840.75,0.0006158448265725429,-0.0011440138529354245,0.0018736529191037742,0.004394105590101758,0.0009368264595518871,0.1401524869952616,0.0,57.0,40.0,False,False,False,0.0,0.0,0.0,0.0,2017-2018,0.0
2018-01-25,2834.75,2840.0,2839.25,-0.001586182919806558,0.0018503023033025116,0.0020679684729248723,0.004849815958112407,0.0010339842364624362,-0.327060435593089,0.0,52.0,40.0,False,False,False,0.0,0.0,0.0,0.0,2017-2018,0.0
2018-01-26,2862.75,2872.75,2840.0,0.007978649138197005,0.0034870578442943055,0.0020180377748074325,0.004732718091437893,0.0010090188874037162,1.685849227451647,1.0,52.0,40.0,True,False,True,2000.0,100.0,40.0,1860.0,2017-2018,1760.0
2018-01-29,2862.75,2853.25,2872.75,-0.003487057844294256,-0.003324005859739433,0.0020415446958469527,0.004787846707892239,0.0010207723479234764,-0.728314429646677,0.0,52.0,40.0,False,False,False,0.0,0.0,0.0,0.0,2017-2018,0.0
2018-01-30,2823.5,2823.5,2853.25,-0.010481445320818022,0.0,0.0023568950404039214,0.005527408820880116,0.0011784475202019607,-1.8962674302692681,-1.0,45.0,40.0,True,False,True,-0.0,100.0,40.0,-140.0,2017-2018,-240.0
2018-01-31,2819.25,2825.75,2823.5,-0.0015063580004942932,0.0023029239584434723,0.0022424633138119644,0.005259042633964755,0.0011212316569059822,-0.28643198113012075,0.0,48.0,40.0,False,False,False,0.0,0.0,0.0,0.0,2017-2018,0.0
2018-02-01,2827.25,2822.25,2825.75,0.0005306916805958697,-0.0017700686097800792,0.0021798647517825807,0.005112235993022303,0.0010899323758912904,0.10380813431152464,0.0,49.0,40.0,False,False,False,0.0,0.0,0.0,0.0,2017-2018,0.0
2018-02-02,2768.25,2760.0,2822.25,-0.01931908756343863,-0.0029846718670220114,0.0024815699601493414,0.005819797425094436,0.0012407849800746707,-3.319546395229581,-1.0,44.0,40.0,True,False,True,1650.0,100.0,40.0,1510.0,2017-2018,1410.0
2018-02-05,2688.75,2645.25,2760.0,-0.026154278129255856,-0.016310822797668736,0.0028984811561042893,0.006797540847071397,0.0014492405780521446,-3.847608821729107,-1.0,39.0,39.0,False,False,True,8482.5,97.5,39.0,8346.0,2017-2018,8248.5
2018-02-06,2670.0,2695.0,2645.25,0.009312893610024206,0.009319731948802227,0.01010071579097923,0.02368827826575318,0.005050357895489615,0.39314354152484443,0.0,11.0,11.0,False,False,False,0.0,0.0,0.0,0.0,2017-2018,0.0
2018-02-07,2692.75,2679.0,2695.0,-0.0008352281122179676,-0.005119385686270876,0.011265910738404017,0.026420902638087107,0.005632955369202009,-0.031612398851731234,0.0,10.0,10.0,False,False,False,0.0,0.0,0.0,0.0,2017-2018,0.0
2018-02-08,2623.75,2578.25,2679.0,-0.020838998409765986,-0.017493717938664322,0.011544118204820961,0.0270733569805784,0.005772059102410481,-0.7697234748064397,0.0,10.0,10.0,False,False,False,0.0,0.0,0.0,0.0,2017-2018,0.0
2018-02-09,2585.75,2618.5,2578.25,0.0029047270617346653,0.012586033461629332,0.01235448110235121,0.028973826433454426,0.006177240551175605,0.10025348458568602,0.0,9.0,9.0,False,False,False,0.0,0.0,0.0,0.0,2017-2018,0.0
2018-02-12,2660.75,2654.0,2618.5,0.01600640320161139,-0.0025401020290008102,0.013464482360464998,0.0315770101306948,0.006732241180232499,0.5069005309673755,0.0,8.0,8.0,False,False,False,0.0,0.0,0.0,0.0,2017-2018,0.0
2018-02-13,2663.5,2661.75,2654.0,0.0035731114649010186,-0.0006572461623382686,0.009281128964151397,0.02176617678120471,0.004640564482075699,0.16415889206534573,0.0,12.0,12.0,False,False,False,0.0,0.0,0.0,0.0,2017-2018,0.0
2018-02-14,2693.75,2698.75,2661.75,0.011950473657342385,0.0018544279769591575,0.008619499200602117,0.020214517446144813,0.004309749600301059,0.5911827323694786,0.0,13.0,13.0,False,False,False,0.0,0.0,0.0,0.0,2017-2018,0.0
2018-02-15,2722.5,2731.75,2698.75,0.008761872978098386,0.0033918536437391855,0.008039118773484311,0.018853404695121607,0.0040195593867421555,0.46473690666416106,0.0,14.0,14.0,False,False,False,0.0,0.0,0.0,0.0,2017-2018,0.0
2018-02-16,2740.0,2732.5,2731.75,0.003015490931261222,-0.0027409793314222934,0.006106059643738835,0.014319979191707235,0.0030530298218694176,0.21057928163802825,0.0,18.0,18.0,False,False,False,0.0,0.0,0.0,0.0,2017-2018,0.0
2018-02-21,2733.25,2700.0,2715.25,0.006607347154448697,-0.01223960432217377,0.0038188225702544785,0.008955932783745511,0.0019094112851272393,0.7377620303761817,0.0,29.0,29.0,False,False,False,0.0,0.0,0.0,0.0,2017-2018,0.0
2018-02-22,2703.5,2703.25,2700.0,0.0012954568296391536,-9.24769964130905e-05,0.003825460191369436,0.008971499385088177,0.001912730095684718,0.14439691449930597,0.0,29.0,29.0,False,False,False,0.0,0.0,0.0,0.0,2017-2018,0.0
2018-02-23,2735.25,2747.25,2703.25,0.011768086531252803,0.004377571970134175,0.0037187554170992594,0.008721254507645559,0.0018593777085496297,1.3493570817061025,1.0,30.0,30.0,False,False,True,1800.0,75.0,30.0,1695.0,2017-2018,1620.0
2018-02-26,2772.5,2779.25,2747.25,0.009149028897488701,0.0024316668892022807,0.003863414720697309,0.009060510646346246,0.0019317073603486545,1.0097696757498045,1.0,28.0,28.0,False,False,True,945.0,70.0,28.0,847.0,2017-2018,777.0
2018-02-27,2760.25,2743.75,2779.25,-0.006859851794477981,-0.005995657495764898,0.003920880586267229,0.00919528004710677,0.0019604402931336145,-0.7460188008777813,0.0,28.0,28.0,False,False,False,0.0,0.0,0.0,0.0,2017-2018,0.0
2018-02-28,2739.0,2713.5,2743.75,-0.001732707560403351,-0.009353575759618597,0.0038247765196489877,0.00896989603278211,0.0019123882598244938,-0.19316919104422808,0.0,29.0,29.0,False,False,False,0.0,0.0,0.0,0.0,2017-2018,0.0
2018-03-01,2670.25,2675.75,2713.5,-0.016067213533654662,0.0020576138946801622,0.004303963195016229,0.010093688399802061,0.0021519815975081145,-1.5918079593154215,-1.0,26.0,26.0,False,False,True,-715.0,65.0,26.0,-806.0,2017-2018,-871.0
2018-03-02,2675.75,2690.0,2675.75,0.0,0.005311478731399736,0.004563195205087465,0.010701641352546478,0.0022815976025437326,0.0,0.0,25.0,25.0,False,False,False,0.0,0.0,0.0,0.0,2017-2018,0.0
2018-03-05,2724.0,2721.0,2690.0,0.01256019467351817,-0.0011019284861566439,0.0054639652628392845,0.012814134389974575,0.0027319826314196423,0.9801828427322348,0.0,20.0,20.0,False,False,False,0.0,0.0,0.0,0.0,2017-2018,0.0
2018-03-06,2727.75,2727.75,2721.0,0.002477633751961856,0.0,0.005362693827329963,0.012576631821408142,0.0026813469136649816,0.19700296447769017,0.0,21.0,21.0,False,False,False,0.0,0.0,0.0,0.0,2017-2018,0.0
2018-03-07,2716.5,2726.25,2727.75,-0.0041328065436303345,0.003582751524260969,0.0055403464562418315,0.012993264166619289,0.0027701732281209157,-0.31807300233669056,0.0,20.0,20.0,False,False,False,0.0,0.0,0.0,0.0,2017-2018,0.0
2018-03-08,2734.5,2739.0,2726.25,0.003021565270988651,0.0016442864762507459,0.004441594189366707,0.010416461692272887,0.0022207970946833537,0.29007597399701485,0.0,25.0,25.0,False,False,False,0.0,0.0,0.0,0.0,2017-2018,0.0
2018-03-09,2780.25,2786.25,2739.0,0.014947961435873148,0.0021557540011273454,0.0042823795508950815,0.010043070267531935,0.0021411897754475408,1.4883856268733027,1.0,25.0,25.0,False,False,True,750.0,62.5,25.0,662.5,2017-2018,600.0
2018-03-12,2781.0,2783.0,2786.25,-0.0018860304661137543,0.0007189072919259501,0.002978455492899983,0.006985097291915371,0.0014892277464499915,-0.2700077589895085,0.0,37.0,37.0,False,False,False,0.0,0.0,0.0,0.0,2017-2018,0.0
2018-03-14,2756.75,2754.25,2769.5,-0.004614348834370714,-0.0009072764186136161,0.003126971085771814,0.007333397230608148,0.001563485542885907,-0.6292239039106371,0.0,35.0,35.0,False,False,False,0.0,0.0,0.0,0.0,2017-2018,0.0
2018-03-15,2751.75,2751.5,2754.25,-0.0009081003166731613,-9.085540368766358e-05,0.0032757806825096216,0.00768238666948414,0.0016378903412548108,-0.11820549469090168,0.0,34.0,34.0,False,False,False,0.0,0.0,0.0,0.0,2017-2018,0.0
2018-03-16,2758.25,2753.75,2751.5,0.0024502031406018958,-0.0016328015238626023,0.002852777263621388,0.0066903557182778585,0.001426388631810694,0.3662291279831372,0.0,38.0,38.0,False,False,False,0.0,0.0,0.0,0.0,2017-2018,0.0
2018-03-19,2706.75,2716.25,2753.75,-0.017214965925545254,0.0035035993796316495,0.003278363127102888,0.007688443038893704,0.001639181563551444,-2.2390704904048206,-1.0,34.0,34.0,False,False,True,-1615.0,85.0,34.0,-1734.0,2017-2018,-1819.0
2018-03-20,2723.5,2720.5,2716.25,0.002665565253089758,-0.0011021308977490726,0.003076143632590622,0.007214196286891774,0.001538071816295311,0.36948887264588315,0.0,36.0,36.0,False,False,False,0.0,0.0,0.0,0.0,2017-2018,0.0
2018-03-21,2719.5,2714.75,2720.5,-0.0003676470629646021,-0.0017481717660056278,0.003052276593431531,0.007158223118585712,0.0015261382967157655,-0.05136010108570632,0.0,36.0,36.0,False,False,False,0.0,0.0,0.0,0.0,2017-2018,0.0
2018-03-22,2667.5,2645.5,2714.75,-0.01755816392110135,-0.008281620831721986,0.0034073886923607077,0.007991034811246406,0.0017036943461803539,-2.197232816004052,-1.0,33.0,33.0,False,False,True,3630.0,82.5,33.0,3514.5,2017-2018,3432.0
2018-03-23,2610.25,2588.0,2645.5,-0.013414081173966712,-0.008560625549428578,0.004558532099279044,0.010690705400059706,0.002279266049639522,-1.2547423834064118,-1.0,25.0,25.0,False,False,True,2781.25,62.5,25.0,2693.75,2017-2018,2631.25
2018-03-26,2644.25,2660.0,2588.0,0.021502094587371116,0.005938651567582547,0.005748156453079132,0.013480621808726554,0.002874078226539566,1.5950372981646839,1.0,20.0,20.0,False,False,True,1575.0,50.0,20.0,1505.0,2017-2018,1455.0
2018-03-27,2638.25,2613.25,2660.0,-0.008210304224545212,-0.009521161138383001,0.006271406148755577,0.014707751118188358,0.0031357030743777883,-0.558229749644861,0.0,18.0,18.0,False,False,False,0.0,0.0,0.0,0.0,2017-2018,0.0
2018-03-28,2610.0,2605.0,2613.25,-0.0012444360960773885,-0.0019175461292718174,0.0068945451831123735,0.016169141691842494,0.0034472725915561868,-0.0769636459247073,0.0,17.0,17.0,False,False,False,0.0,0.0,0.0,0.0,2017-2018,0.0
2018-03-29,2650.75,2641.75,2605.0,0.017409943618440307,-0.0034010424847673755,0.0071585187423356044,0.016788214563021157,0.0035792593711678022,1.0370336615061266,1.0,16.0,16.0,False,False,True,-720.0,40.0,16.0,-776.0,2017-2018,-816.0
2018-04-02,2566.5,2579.5,2641.75,-0.028898473320782256,0.00505247868434664,0.007829865552382393,0.018362662392096482,0.003914932776191197,-1.5737627095524296,-1.0,15.0,15.0,False,False,True,-975.0,37.5,15.0,-1027.5,2017-2018,-1065.0
2018-04-03,2599.5,2614.0,2579.5,0.007723537139065796,0.005562496360396791,0.007084092559209515,0.0166136696918821,0.0035420462796047574,0.46489049573675645,0.0,16.0,16.0,False,False,False,0.0,0.0,0.0,0.0,2017-2018,0.0
2018-04-04,2632.25,2643.25,2614.0,0.006957378552701397,0.004170226875767088,0.0071838229526311834,0.016847558196401293,0.0035919114763155917,0.4129606481601305,0.0,16.0,16.0,False,False,False,0.0,0.0,0.0,0.0,2017-2018,0.0
2018-04-05,2668.25,2662.5,2643.25,0.00941360618143844,-0.0021572957763937887,0.00688587373463916,0.016148805342552867,0.00344293686731958,0.5829289524366946,0.0,16.0,16.0,False,False,False,0.0,0.0,0.0,0.0,2017-2018,0.0
2018-04-06,2589.25,2602.75,2662.5,-0.027897272548692304,0.00520031988587403,0.00741450279973938,0.017388550391576264,0.00370725139986969,-1.6043472239184988,-1.0,16.0,16.0,False,False,True,-1080.0,40.0,16.0,-1136.0,2017-2018,-1176.0
2018-04-09,2644.0,2613.75,2602.75,0.01572434361671457,-0.011506950228733518,0.005986770685573393,0.01404022178703118,0.0029933853427866965,1.1199498024482062,1.0,19.0,19.0,False,False,True,-2873.75,47.5,19.0,-2940.25,2017-2018,-2987.75
2018-04-10,2660.5,2656.5,2613.75,0.0177281032935806,-0.0015046081454260197,0.006613787250638053,0.015510705976255998,0.0033068936253190266,1.1429591483920218,1.0,17.0,17.0,False,False,True,-340.0,42.5,17.0,-399.5,2017-2018,-442.0
2018-04-11,2649.5,2642.5,2656.5,-0.002638523958181172,-0.002645504188424054,0.006048861192074026,0.014185836932144175,0.003024430596037013,-0.18599705965902158,0.0,19.0,19.0,False,False,False,0.0,0.0,0.0,0.0,2017-2018,0.0
2018-04-12,2669.75,2663.75,2642.5,0.010259396307261897,-0.002249930638827667,0.005806464261613388,0.013617365740761474,0.002903232130806694,0.7534053577302389,0.0,20.0,20.0,False,False,False,0.0,0.0,0.0,0.0,2017-2018,0.0
2018-04-13,2658.0,2656.25,2663.75,-0.0021609441396362498,-0.000658606600463697,0.004549737303017219,0.010670079774564255,0.0022748686515086094,-0.20252370978402534,0.0,25.0,25.0,False,False,False,0.0,0.0,0.0,0.0,2017-2018,0.0
2018-04-16,2681.5,2678.0,2656.25,0.009460985750252998,-0.0013060921718620647,0.004296033182965795,0.010075090873053588,0.0021480165914828974,0.9390471877089418,0.0,26.0,26.0,False,False,False,0.0,0.0,0.0,0.0,2017-2018,0.0
2018-04-17,2706.25,2706.5,2678.0,0.010493665499682203,9.23744862325835e-05,0.0029817771615789712,0.00699288729547579,0.0014908885807894856,1.500619852184851,1.0,37.0,37.0,False,False,True,46.25,92.5,37.0,-83.25,2017-2018,-175.75
2018-04-18,2714.0,2708.75,2706.5,0.0027672741577817782,-0.0019362875442456246,0.002758020845307882,0.006468132219376814,0.001379010422653941,0.4278320331009555,0.0,40.0,40.0,False,False,False,0.0,0.0,0.0,0.0,2017-2018,0.0
2018-04-19,2689.0,2693.25,2708.75,-0.007317896581704122,0.0015792655054371913,0.0023233393104265983,0.005448713658521108,0.0011616696552132991,-1.3430503124824416,-1.0,48.0,40.0,True,False,True,-850.0,100.0,40.0,-990.0,2017-2018,-1090.0
2018-04-20,2669.25,2670.75,2693.25,-0.008951108715890162,0.0005617977675850907,0.002395761436393597,0.005618558599018873,0.0011978807181967986,-1.593132572730171,-1.0,47.0,40.0,True,False,True,-300.0,100.0,40.0,-440.0,2017-2018,-540.0
2018-04-23,2660.0,2669.5,2670.75,-0.004033209050252068,0.0035650661644961446,0.0021291778878249753,0.004993364760260913,0.0010645889439124877,-0.8077136848383023,0.0,53.0,40.0,False,False,False,0.0,0.0,0.0,0.0,2017-2018,0.0
2018-04-24,2626.5,2633.5,2669.5,-0.01623902754622463,0.0026615985294278304,0.003877001530570027,0.009092374539922607,0.0019385007652850134,-1.7860051271450215,-1.0,30.0,30.0,False,False,True,-1050.0,75.0,30.0,-1155.0,2017-2018,-1230.0
2018-04-25,2643.25,2639.0,2633.5,0.003695460689191981,-0.0016091631093118428,0.004326758259303499,0.01014714756419166,0.0021633791296517494,0.36418714380708506,0.0,26.0,26.0,False,False,False,0.0,0.0,0.0,0.0,2017-2018,0.0
2018-04-26,2673.25,2666.25,2639.0,0.012894903133441887,-0.002621969851205687,0.004605464524173387,0.010800771692745284,0.0023027322620866935,1.1938872054950667,1.0,25.0,25.0,False,False,True,-875.0,62.5,25.0,-962.5,2017-2018,-1025.0
2018-04-27,2670.0,2668.75,2666.25,0.0014054816087349464,-0.0004682744173605029,0.004505395557605017,0.010566089163814522,0.0022526977788025087,0.1330181476745693,0.0,25.0,25.0,False,False,False,0.0,0.0,0.0,0.0,2017-2018,0.0
2018-04-30,2654.5,2646.25,2668.75,-0.005353884953208484,-0.0031127695746513,0.004558541421875812,0.010690727263487108,0.002279270710937906,-0.5007970759383259,0.0,25.0,25.0,False,False,False,0.0,0.0,0.0,0.0,2017-2018,0.0
2018-05-01,2645.25,2651.75,2646.25,-0.00037796466480384766,0.0024542206013085798,0.003186167075191255,0.007472224131453792,0.0015930835375956274,-0.05058261879656855,0.0,36.0,36.0,False,False,False,0.0,0.0,0.0,0.0,2017-2018,0.0
2018-05-02,2647.5,2633.5,2651.75,-0.0016040009100180446,-0.005302038552117469,0.003066803409276884,0.0071922915215762604,0.001533401704638442,-0.223016670723952,0.0,37.0,37.0,False,False,False,0.0,0.0,0.0,0.0,2017-2018,0.0
2018-05-03,2625.25,2627.5,2633.5,-0.00313763033734133,0.0008566941650034379,0.003175461516749366,0.007447117371437019,0.001587730758374683,-0.4213214564571692,0.0,36.0,36.0,False,False,False,0.0,0.0,0.0,0.0,2017-2018,0.0
2018-05-04,2664.25,2661.5,2627.5,0.013889768349959457,-0.0010327184882534454,0.004080559484226948,0.009569760256857521,0.002040279742113474,1.4514228128135493,1.0,28.0,28.0,False,False,True,-385.0,70.0,28.0,-483.0,2017-2018,-553.0
2018-05-07,2671.75,2670.5,2661.5,0.003843814792194001,-0.00046796762518106264,0.003968165254918489,0.009306172424626719,0.0019840826274592446,0.4130392836932828,0.0,29.0,29.0,False,False,False,0.0,0.0,0.0,0.0,2017-2018,0.0
2018-05-08,2658.5,2669.5,2670.5,-0.004503666835431816,0.004129134995847737,0.003780044229161042,0.008864989512643279,0.001890022114580521,-0.508028444817523,0.0,30.0,30.0,False,False,False,0.0,0.0,0.0,0.0,2017-2018,0.0
2018-05-09,2697.75,2696.0,2669.5,0.010526903303602004,-0.0006488992116453731,0.003774696137970339,0.008852447127040357,0.0018873480689851694,1.1891517850975821,1.0,30.0,30.0,False,False,True,-262.5,75.0,30.0,-367.5,2017-2018,-442.5
2018-05-10,2720.5,2721.5,2696.0,0.009046493893782311,0.0003675119482746932,0.0032871824672665835,0.007709126224941225,0.0016435912336332918,1.1734785019493286,1.0,34.0,34.0,False,False,True,170.0,85.0,34.0,51.0,2017-2018,-34.0
2018-05-11,2724.0,2726.75,2721.5,0.0009181893951482845,0.001009035539449414,0.0023068660982483377,0.005410080551513194,0.0011534330491241689,0.16971824844483469,0.0,48.0,40.0,False,False,False,0.0,0.0,0.0,0.0,2017-2018,0.0
2018-05-14,2730.5,2730.0,2726.75,0.0013743187833560148,-0.0001831334132029289,0.0024466312050351654,0.005737858781286365,0.0012233156025175827,0.23951770786661078,0.0,45.0,40.0,False,False,False,0.0,0.0,0.0,0.0,2017-2018,0.0
2018-05-15,2705.25,2709.5,2730.0,-0.009107279727247319,0.0015697865544109302,0.0028875315440279443,0.006771861730547976,0.0014437657720139721,-1.3448708921749295,-1.0,39.0,39.0,False,False,True,-828.75,97.5,39.0,-965.25,2017-2018,-1062.75
2018-05-16,2727.0,2722.5,2709.5,0.006437987839419712,-0.0016515280384729533,0.0025017937289456365,0.005867226367037019,0.0012508968644728182,1.0972796065257202,1.0,44.0,40.0,True,False,True,-900.0,100.0,40.0,-1040.0,2017-2018,-1140.0
2018-05-17,2721.5,2719.5,2722.5,-0.0003673769328607715,-0.0007351590112392704,0.0023362674705234665,0.005479032881453043,0.0011681337352617332,-0.06705141962268035,0.0,48.0,40.0,False,False,False,0.0,0.0,0.0,0.0,2017-2018,0.0
2018-05-18,2715.75,2712.75,2719.5,-0.0013798815491551364,-0.0011052778135432356,0.0023737200097779547,0.005566866871635372,0.0011868600048889773,-0.2478739982423489,0.0,47.0,40.0,False,False,False,0.0,0.0,0.0,0.0,2017-2018,0.0
2018-05-21,2732.0,2732.75,2712.75,0.007071061190363745,0.00027448648326415087,0.0024680397328270135,0.005788066229361116,0.0012340198664135067,1.221662107889226,1.0,45.0,40.0,True,False,True,150.0,100.0,40.0,10.0,2017-2018,-90.0
2018-05-22,2731.0,2724.5,2732.75,-0.0006405857002397872,-0.002382917450551973,0.0018204858187132653,0.00426941768731388,0.0009102429093566327,-0.15004053179037025,0.0,61.0,40.0,False,False,False,0.0,0.0,0.0,0.0,2017-2018,0.0
2018-05-23,2726.75,2732.0,2724.5,0.0008254987856992145,0.001923517881828412,0.0020499631523448756,0.004807589738407861,0.0010249815761724378,0.1717074107019366,0.0,54.0,40.0,False,False,False,0.0,0.0,0.0,0.0,2017-2018,0.0
2018-05-24,2725.75,2726.75,2732.0,-0.0022903221041895286,0.0003668042223612693,0.00270040369651998,0.00633300802802138,0.00135020184825999,-0.36164838163091567,0.0,41.0,40.0,False,False,False,0.0,0.0,0.0,0.0,2017-2018,0.0
2018-05-25,2714.75,2720.0,2726.75,-0.0044105557118425025,0.0019320121930331401,0.0027992835906233884,0.006564901934837529,0.0013996417953116942,-0.6718387807801514,0.0,40.0,40.0,False,False,False,0.0,0.0,0.0,0.0,2017-2018,0.0
2018-05-30,2727.25,2723.5,2688.25,0.014403351207230549,-0.0013759576541369336,0.0035434296395825404,0.008310079112661701,0.0017717148197912702,1.7332387588566753,1.0,31.0,31.0,False,False,True,-581.25,77.5,31.0,-689.75,2017-2018,-767.25
2018-05-31,2707.25,2705.25,2723.5,-0.005984458315240307,-0.0007390300567307074,0.003305941960147241,0.00775312113546809,0.0016529709800736205,-0.771877313752173,0.0,34.0,34.0,False,False,False,0.0,0.0,0.0,0.0,2017-2018,0.0
2018-06-01,2733.75,2733.5,2705.25,0.010479963539219506,-9.145365592361677e-05,0.003264617404642959,0.007656206462265599,0.0016323087023214795,1.3688193481812545,1.0,34.0,34.0,False,False,True,-42.5,85.0,34.0,-161.5,2017-2018,-246.5
2018-06-04,2746.75,2746.5,2733.5,0.00483555524593641,-9.102079831523307e-05,0.003180883233662884,0.007459832424665252,0.001590441616831442,0.6482123150579214,0.0,35.0,35.0,False,False,False,0.0,0.0,0.0,0.0,2017-2018,0.0
2018-06-05,2750.75,2749.25,2746.5,0.0015462279673469604,-0.0005454545589782141,0.002400957117888894,0.005630743552203154,0.001200478558944447,0.2746045798413185,0.0,46.0,40.0,False,False,False,0.0,0.0,0.0,0.0,2017-2018,0.0
2018-06-06,2767.25,2771.75,2749.25,0.006525900074689612,0.0016248423867277102,0.0018983056368747375,0.0044519213380794604,0.0009491528184373687,1.4658614964443324,1.0,58.0,40.0,True,False,True,900.0,100.0,40.0,760.0,2017-2018,660.0
2018-06-07,2768.5,2769.5,2771.75,-0.0011732323894391868,0.00036114121013673537,0.002009080938144967,0.004711712447517997,0.0010045404690724835,-0.2490033936721274,0.0,54.0,40.0,False,False,False,0.0,0.0,0.0,0.0,2017-2018,0.0
2018-06-08,2775.75,2778.0,2769.5,0.002254182461216539,0.0008102633799139871,0.002276271087702815,0.0053383288916958515,0.0011381355438514075,0.4222636909320217,0.0,48.0,40.0,False,False,False,0.0,0.0,0.0,0.0,2017-2018,0.0
2018-06-11,2787.25,2781.25,2778.0,0.003324202333391774,-0.002154979733130517,0.0023177095237678393,0.0054355106384867645,0.0011588547618839196,0.6115713047922992,0.0,47.0,40.0,False,False,False,0.0,0.0,0.0,0.0,2017-2018,0.0
2018-06-13,2788.5,2780.0,2791.0,-0.0008961377067137395,-0.0030528891449256123,0.0022258816316670853,0.005220155142336393,0.0011129408158335426,-0.1716687880492099,0.0,49.0,40.0,False,False,False,0.0,0.0,0.0,0.0,2017-2018,0.0
2018-06-14,2784.0,2788.25,2780.0,0.0014378147696274175,0.0015254164203360747,0.0021242912851063816,0.0049819046610592695,0.0010621456425531908,0.2886074438288637,0.0,51.0,40.0,False,False,False,0.0,0.0,0.0,0.0,2017-2018,0.0
2018-06-15,2784.75,2784.25,2788.25,-0.0012560561493471661,-0.00017956545208955472,0.0017700754050611995,0.004151194787987446,0.0008850377025305998,-0.30257702023087163,0.0,61.0,40.0,False,False,False,0.0,0.0,0.0,0.0,2017-2018,0.0
2018-06-18,2773.75,2777.5,2784.25,-0.003778342026405895,0.0013510472669812817,0.0019506129618550756,0.004574592888800452,0.0009753064809275378,-0.8259406067928047,0.0,56.0,40.0,False,False,False,0.0,0.0,0.0,0.0,2017-2018,0.0
2018-06-19,2767.5,2766.5,2777.5,-0.00360685693099313,-0.00036140224462751896,0.0024006762373357986,0.005630084828916721,0.0012003381186678993,-0.6406398909778277,0.0,46.0,40.0,False,False,False,0.0,0.0,0.0,0.0,2017-2018,0.0
2018-06-20,2771.25,2771.5,2766.5,0.0017154985923568476,9.020792933820593e-05,0.002517155884607188,0.005903253815546921,0.001258577942303594,0.2906022078601598,0.0,43.0,40.0,False,False,False,0.0,0.0,0.0,0.0,2017-2018,0.0
2018-06-21,2754.25,2752.25,2771.5,-0.006243516639685047,-0.0007264142696617979,0.002729519430593739,0.006401290477000574,0.0013647597152968696,-0.975352807706134,0.0,40.0,40.0,False,False,False,0.0,0.0,0.0,0.0,2017-2018,0.0
2018-06-22,2765.25,2757.0,2752.25,0.004712287831851134,-0.002987914758566857,0.002774918888364715,0.006507761643108786,0.0013874594441823575,0.7241027084698286,0.0,39.0,39.0,False,False,False,0.0,0.0,0.0,0.0,2017-2018,0.0
2018-06-25,2705.25,2718.75,2757.0,-0.018948802572038684,0.0049778863852360765,0.002895404023068455,0.006790324330428222,0.0014477020115342275,-2.7905592796395493,-1.0,39.0,39.0,False,False,True,-2632.5,97.5,39.0,-2769.0,2017-2018,-2866.5
2018-06-26,2731.75,2725.0,2718.75,0.004770213613860498,-0.0024740013535102714,0.0026337844179095122,0.006176771970870077,0.0013168922089547561,0.7722826156375904,0.0,42.0,40.0,False,False,False,0.0,0.0,0.0,0.0,2017-2018,0.0
2018-06-27,2710.5,2701.0,2725.0,-0.005335308396951592,-0.0035110449077772883,0.0033613860028953117,0.007883148941415027,0.0016806930014476558,-0.6767991365635548,0.0,33.0,33.0,False,False,False,0.0,0.0,0.0,0.0,2017-2018,0.0
2018-06-28,2723.0,2718.5,2701.0,0.008112138881144069,-0.0016539560877842521,0.003230856513768854,0.007577030154954809,0.001615428256884427,1.0706224886592723,1.0,34.0,34.0,False,False,True,-765.0,85.0,34.0,-884.0,2017-2018,-969.0
2018-06-29,2738.5,2721.0,2718.5,0.00733006763780058,-0.00641086544052972,0.003304001196949607,0.007748569642323956,0.0016520005984748034,0.9459897731011606,0.0,33.0,33.0,False,False,False,0.0,0.0,0.0,0.0,2017-2018,0.0
2018-07-02,2716.0,2728.0,2721.0,-0.0018392501046595102,0.004408530284765956,0.0031506476137279056,0.007388923610539725,0.0015753238068639528,-0.24891989707891457,0.0,35.0,35.0,False,False,False,0.0,0.0,0.0,0.0,2018-2019,0.0
2018-07-06,2763.0,2761.25,2738.25,0.008998015719560583,-0.0006335701890896072,0.003077134292270427,0.007216519589779163,0.0015385671461352135,1.2468636172351797,1.0,36.0,36.0,False,False,True,-315.0,90.0,36.0,-441.0,2018-2019,-531.0
2018-07-09,2785.0,2786.75,2761.25,0.008564397627057482,0.0006281689083483803,0.0023494030858528165,0.0055098386300309245,0.0011747015429264083,1.5543826602067679,1.0,46.0,40.0,True,False,True,350.0,100.0,40.0,210.0,2018-2019,110.0
2018-07-10,2795.25,2796.25,2786.75,0.003045505757744517,0.0003576857768618428,0.0021504616936130682,0.005043279709309659,0.0010752308468065341,0.6038740528554574,0.0,50.0,40.0,False,False,False,0.0,0.0,0.0,0.0,2018-2019,0.0
2018-07-11,2778.5,2776.0,2796.25,-0.006368020084363467,-0.0009001710932808397,0.0017627719065613666,0.004134066565754714,0.0008813859532806833,-1.5403767653656353,-1.0,62.0,40.0,True,False,True,500.0,100.0,40.0,360.0,2018-2019,260.0
2018-07-12,2796.5,2800.0,2776.0,0.007357592634947602,0.0012507819016526766,0.0017128325107133658,0.004016948301093952,0.0008564162553566829,1.8316373733124418,1.0,63.0,40.0,True,False,True,700.0,100.0,40.0,560.0,2018-2019,460.0
2018-07-13,2802.75,2802.75,2800.0,0.000981660870407639,0.0,0.00197051258555301,0.004621261643104126,0.000985256292776505,0.21242269886892884,0.0,55.0,40.0,False,False,False,0.0,0.0,0.0,0.0,2018-2019,0.0
2018-07-16,2796.5,2799.5,2802.75,-0.002232442772060335,0.001072194527305292,0.0014662388324040824,0.003438634863586606,0.0007331194162020412,-0.6492235612744954,0.0,74.0,40.0,False,False,False,0.0,0.0,0.0,0.0,2018-2019,0.0
2018-07-17,2810.0,2811.75,2799.5,0.0037436535388435267,0.000622581956339699,0.0019198975247902898,0.004502558803761185,0.0009599487623951449,0.831450226861288,0.0,56.0,40.0,False,False,False,0.0,0.0,0.0,0.0,2018-2019,0.0
2018-07-18,2816.25,2817.25,2811.75,0.0015991474623230847,0.00035501908600443424,0.0016272724515470312,0.003816292176131352,0.0008136362257735156,0.4190317167864676,0.0,66.0,40.0,False,False,False,0.0,0.0,0.0,0.0,2018-2019,0.0
2018-07-19,2808.25,2805.25,2817.25,-0.0031997183107801016,-0.001068851976702979,0.0018992440833831077,0.004454122190225766,0.0009496220416915539,-0.7183723692631606,0.0,57.0,40.0,False,False,False,0.0,0.0,0.0,0.0,2018-2019,0.0
2018-07-20,2804.75,2803.0,2805.25,-0.00017825311990153904,-0.0006241362602857338,0.001709931847896886,0.004010145643799777,0.000854965923948443,-0.04445053515129613,0.0,63.0,40.0,False,False,False,0.0,0.0,0.0,0.0,2018-2019,0.0
2018-07-23,2808.5,2808.0,2803.0,0.0019602608076991876,-0.0001780468267857144,0.0018952386734703453,0.004444728671336079,0.0009476193367351726,0.44103047736993495,0.0,57.0,40.0,False,False,False,0.0,0.0,0.0,0.0,2018-2019,0.0
2018-07-24,2817.0,2820.5,2808.0,0.0032000027306708497,0.0012416853036582851,0.0019963086115387836,0.00468175868651637,0.0009981543057693918,0.683504414673693,0.0,54.0,40.0,False,False,False,0.0,0.0,0.0,0.0,2018-2019,0.0
2018-07-25,2833.5,2847.0,2820.5,0.00459852242964323,0.004753111668363672,0.0016585697496196644,0.003889690846191237,0.0008292848748098322,1.1822333988692382,1.0,64.0,40.0,True,False,True,2700.0,100.0,40.0,2560.0,2018-2019,2460.0
2018-07-26,2839.25,2837.75,2847.0,-0.002725875506281894,-0.0005284481363068956,0.0020008662952231268,0.0046924474022070365,0.0010004331476115634,-0.5809069921593177,0.0,53.0,40.0,False,False,False,0.0,0.0,0.0,0.0,2018-2019,0.0
2018-07-27,2813.25,2819.0,2837.75,-0.008671086005342391,0.002041813484006181,0.00232867388992852,0.00546122435640503,0.00116433694496426,-1.587754950073196,-1.0,46.0,40.0,True,False,True,-1150.0,100.0,40.0,-1290.0,2018-2019,-1390.0
2018-07-30,2806.0,2803.25,2819.0,-0.00462223045170625,-0.000980523321416114,0.002324110015823414,0.005450521122890811,0.001162055007911707,-0.8480345910951617,0.0,46.0,40.0,False,False,False,0.0,0.0,0.0,0.0,2018-2019,0.0
2018-07-31,2820.5,2816.25,2803.25,0.006134715839040723,-0.001507961433576569,0.002071933455518932,0.004859114666535707,0.001035966727759466,1.26251719912888,1.0,52.0,40.0,True,False,True,-850.0,100.0,40.0,-990.0,2018-2019,-1090.0
2018-08-01,2814.75,2813.0,2816.25,-0.00053276506321428,-0.000621918193383059,0.0020321576249288714,0.004765832075205864,0.0010160788124644357,-0.11178846732472561,0.0,53.0,40.0,False,False,False,0.0,0.0,0.0,0.0,2018-2019,0.0
2018-08-02,2826.0,2826.75,2813.0,0.0046107547546158,0.00026535757088172533,0.0030892621228348943,0.007244961873585186,0.0015446310614174472,0.6364084221652581,0.0,35.0,35.0,False,False,False,0.0,0.0,0.0,0.0,2018-2019,0.0
2018-08-03,2837.0,2839.75,2826.75,0.0036195139934968885,0.0009688643026797038,0.0029971766238675577,0.007029002235781386,0.0014985883119337789,0.5149399405610691,0.0,36.0,36.0,False,False,False,0.0,0.0,0.0,0.0,2018-2019,0.0
2018-08-06,2850.5,2850.5,2839.75,0.003778397360105543,0.0,0.002629359427374135,0.0061663944481979765,0.0013146797136870676,0.6127401339383527,0.0,40.0,40.0,False,False,False,0.0,0.0,0.0,0.0,2018-2019,0.0
2018-08-07,2861.75,2859.0,2850.5,0.003938908326949157,-0.000961412476273856,0.0010063825335793817,0.0023601762479558822,0.0005031912667896909,1.668904316091052,1.0,105.0,40.0,True,False,True,-550.0,100.0,40.0,-690.0,2018-2019,-790.0
2018-08-08,2859.75,2858.0,2859.0,0.0002622950834709586,-0.0006121289159701335,0.0009765208083947114,0.0022901442947450353,0.0004882604041973557,0.11453212099902214,0.0,108.0,40.0,False,False,False,0.0,0.0,0.0,0.0,2018-2019,0.0
2018-08-09,2859.0,2853.25,2858.0,0.00034983383249916734,-0.0020132178886024155,0.0009866115374226683,0.0023138091519754535,0.0004933057687113342,0.1511939012776792,0.0,107.0,40.0,False,False,False,0.0,0.0,0.0,0.0,2018-2019,0.0
2018-08-10,2828.75,2833.75,2853.25,-0.00862377748596223,0.001766004873991569,0.0013206959746910039,0.003097306606813025,0.0006603479873455019,-2.784282791698065,-1.0,81.0,40.0,True,False,True,-1000.0,100.0,40.0,-1140.0,2018-2019,-1240.0
2018-08-13,2827.0,2823.0,2833.75,-0.002384844128148457,-0.0014159294401010314,0.002533419421256905,0.00594139518985307,0.0012667097106284525,-0.40139463071256054,0.0,42.0,40.0,False,False,False,0.0,0.0,0.0,0.0,2018-2019,0.0
2018-08-14,2842.0,2840.75,2823.0,0.006707880403556647,-0.0004399278589274209,0.002700115017800272,0.006332331016413158,0.001350057508900136,1.0593066575594483,1.0,39.0,39.0,False,False,True,-243.75,97.5,39.0,-380.25,2018-2019,-477.75
2018-08-15,2814.25,2819.5,2840.75,-0.00937230556320508,0.0018637680123233403,0.002955889499231978,0.006932175345747128,0.001477944749615989,-1.3520006485345133,-1.0,36.0,36.0,False,False,True,-945.0,90.0,36.0,-1071.0,2018-2019,-1161.0
2018-08-16,2845.25,2842.5,2819.5,0.009091372914762419,-0.0009669905373080935,0.002411955099933787,0.005656536106357964,0.0012059775499668934,1.6072332508482863,1.0,44.0,40.0,True,False,True,-550.0,100.0,40.0,-690.0,2018-2019,-790.0
2018-08-17,2856.25,2851.75,2842.5,0.004825629017823738,-0.0015767347345075782,0.0023343769513199555,0.005474599220919845,0.0011671884756599778,0.8814579520969816,0.0,45.0,40.0,False,False,False,0.0,0.0,0.0,0.0,2018-2019,0.0
2018-08-20,2858.75,2858.0,2851.75,0.002451625428983542,-0.00026238684717821384,0.0016405840387094122,0.0038475106152386996,0.0008202920193547061,0.6371978336520959,0.0,64.0,40.0,False,False,False,0.0,0.0,0.0,0.0,2018-2019,0.0
2018-08-21,2867.75,2863.25,2858.0,0.003405670671564451,-0.0015704068835514383,0.001320863730274494,0.003097700028529325,0.000660431865137247,1.099419130386663,1.0,80.0,40.0,True,False,True,-900.0,100.0,40.0,-1040.0,2018-2019,-1140.0
2018-08-22,2863.5,2862.5,2863.25,8.730955608642405e-05,-0.0003492839714168641,0.002054288095854197,0.004817732630006095,0.0010271440479270985,0.018122540786642532,0.0,51.0,40.0,False,False,False,0.0,0.0,0.0,0.0,2018-2019,0.0
2018-08-23,2860.25,2858.0,2862.5,-0.000786335281441773,-0.0007869540912405473,0.001983093690967347,0.004650766950659829,0.0009915468454836736,-0.16907647486619629,0.0,53.0,40.0,False,False,False,0.0,0.0,0.0,0.0,2018-2019,0.0
2018-08-24,2874.5,2875.5,2858.0,0.005756666573532867,0.0003478260904631707,0.0020261895799967952,0.004751835769203492,0.0010130947899983976,1.2114616020279265,1.0,52.0,40.0,True,False,True,200.0,100.0,40.0,60.0,2018-2019,-40.0
2018-08-27,2897.75,2897.5,2875.5,0.0077080016150455595,-8.627755494761793e-05,0.0014239480211305643,0.0033394541197400924,0.0007119740105652821,2.308162154252165,1.0,73.0,40.0,True,False,True,-50.0,100.0,40.0,-190.0,2018-2019,-290.0
2018-08-28,2899.75,2899.25,2897.5,0.0007762301480787212,-0.0001724435251729585,0.0012264032142522917,0.0028761704820135297,0.0006132016071261459,0.2698832190000446,0.0,85.0,40.0,False,False,False,0.0,0.0,0.0,0.0,2018-2019,0.0
2018-08-29,2913.5,2914.5,2899.25,0.004903024746316171,0.00034317090247563227,0.0013263007653727954,0.0031104510060852185,0.0006631503826863977,1.5763066953068865,1.0,78.0,40.0,True,False,True,200.0,100.0,40.0,60.0,2018-2019,-40.0
2018-08-30,2900.0,2901.5,2914.5,-0.004987541511039051,0.0005171076560976483,0.001180967333729409,0.002769613896980538,0.0005904836668647045,-1.8008075120061036,-1.0,88.0,40.0,True,False,True,-300.0,100.0,40.0,-440.0,2018-2019,-540.0
2018-08-31,2894.75,2901.5,2901.5,-0.002329093138280566,0.0023290931382805484,0.001618213728402935,0.0037950475872318788,0.0008091068642014675,-0.6137190864527249,0.0,65.0,40.0,False,False,False,0.0,0.0,0.0,0.0,2018-2019,0.0
2018-09-05,2888.75,2889.0,2897.25,-0.0029381286259098855,8.653887764470335e-05,0.0017121579191457547,0.0040153662436338685,0.0008560789595728773,-0.7317212049008279,0.0,61.0,40.0,False,False,False,0.0,0.0,0.0,0.0,2018-2019,0.0
2018-09-06,2877.5,2880.0,2889.0,-0.003988559870197582,0.0008684325339539724,0.002019787417112885,0.004736821366359667,0.0010098937085564425,-0.8420329925303607,0.0,52.0,40.0,False,False,False,0.0,0.0,0.0,0.0,2018-2019,0.0
2018-09-07,2877.0,2873.75,2880.0,-0.001042209578443754,-0.0011302874741565788,0.0018507226544187023,0.004340329352673866,0.0009253613272093512,-0.2401222335355033,0.0,57.0,40.0,False,False,False,0.0,0.0,0.0,0.0,2018-2019,0.0
2018-09-10,2881.75,2878.75,2873.75,0.00277995140373074,-0.0010415763462270032,0.001956805975463559,0.004589116793115469,0.0009784029877317796,0.6057704628265694,0.0,54.0,40.0,False,False,False,0.0,0.0,0.0,0.0,2018-2019,0.0
2018-09-11,2890.5,2889.0,2878.75,0.004073325387635869,-0.0005190760562955422,0.0017910313547379584,0.004200340846300414,0.0008955156773689792,0.9697606781658165,0.0,58.0,40.0,False,False,False,0.0,0.0,0.0,0.0,2018-2019,0.0
2018-09-12,2885.5,2888.75,2889.0,-0.0012122263152141283,0.00112568743756938,0.0017196494368293428,0.0040329354099379175,0.0008598247184146714,-0.3005816339698803,0.0,61.0,40.0,False,False,False,0.0,0.0,0.0,0.0,2018-2019,0.0
2018-09-13,2905.75,2905.25,2888.75,0.0058676499352268855,-0.0001720874208342321,0.001917647736339666,0.004497282582158648,0.000958823868169833,1.304710083930389,1.0,54.0,40.0,True,False,True,-100.0,100.0,40.0,-240.0,2018-2019,-340.0
2018-09-14,2904.0,2906.0,2905.25,-0.0004303481582963693,0.0006884681855414845,0.001438797489911656,0.003374279210938012,0.000719398744955828,-0.12753780330369796,0.0,72.0,40.0,False,False,False,0.0,0.0,0.0,0.0,2018-2019,0.0
2018-09-18,2914.75,2911.25,2895.0,0.006798941806305184,-0.0012015106148500544,0.00148557541030421,0.003483983158448512,0.000742787705152105,1.9514852676075765,1.0,70.0,40.0,True,False,True,-700.0,100.0,40.0,-840.0,2018-2019,-940.0
2018-09-19,2913.0,2914.25,2911.25,0.0006009357608838362,0.0004290188405072275,0.001437381613861659,0.0033709586872685804,0.0007186908069308295,0.1782685036020902,0.0,72.0,40.0,False,False,False,0.0,0.0,0.0,0.0,2018-2019,0.0
2018-09-20,2938.0,2937.0,2914.25,0.008116580933880872,-0.00034042553520250666,0.0016585762058054768,0.0038897059872890784,0.0008292881029027384,2.086682376612661,1.0,62.0,40.0,True,False,True,-200.0,100.0,40.0,-340.0,2018-2019,-440.0
2018-09-21,2936.25,2934.5,2937.0,-0.0002553952254975612,-0.0005961759747333719,0.0012209960059507072,0.0028634894544963298,0.0006104980029753536,-0.08919020990160541,0.0,84.0,40.0,False,False,False,0.0,0.0,0.0,0.0,2018-2019,0.0
2018-09-24,2923.75,2924.75,2934.5,-0.0036700421000004473,0.0003419680293222062,0.0015115982626300636,0.003545012156780883,0.0007557991313150318,-1.0352692565469508,-1.0,68.0,40.0,True,False,True,-200.0,100.0,40.0,-340.0,2018-2019,-440.0
2018-09-25,2921.5,2920.5,2924.75,-0.0011118239332191598,-0.0003423485141276512,0.0011532500519409877,0.002704611109320599,0.0005766250259704939,-0.41108458417093874,0.0,90.0,40.0,False,False,False,0.0,0.0,0.0,0.0,2018-2019,0.0
2018-09-26,2927.5,2912.0,2920.5,0.0023939819915084447,-0.005308686155295817,0.001149642516449641,0.0026961506886592317,0.0005748212582248205,0.8879258869239789,0.0,90.0,40.0,False,False,False,0.0,0.0,0.0,0.0,2018-2019,0.0
2018-09-27,2922.25,2919.75,2912.0,0.0035137371713031594,-0.0008558713292049103,0.001827237860927696,0.004285252629920659,0.000913618930463848,0.8199603325062812,0.0,57.0,40.0,False,False,False,0.0,0.0,0.0,0.0,2018-2019,0.0
2018-09-28,2918.5,2919.0,2919.75,-0.00042821051482912594,0.0001713062102689966,0.0018514091878187263,0.004341939416213425,0.0009257045939093632,-0.09862194604331107,0.0,56.0,40.0,False,False,False,0.0,0.0,0.0,0.0,2018-2019,0.0
2018-10-01,2932.5,2929.25,2919.0,0.004614209673515808,-0.0011088839793655882,0.002021484128318743,0.0047408005068495795,0.0010107420641593714,0.9732975827287247,0.0,51.0,40.0,False,False,False,0.0,0.0,0.0,0.0,2018-2019,0.0
2018-10-02,2931.0,2928.25,2929.25,0.0005972441626275564,-0.0009386867609083749,0.0015334757808759861,0.003596319484964133,0.0007667378904379931,0.16607094145127457,0.0,67.0,40.0,False,False,False,0.0,0.0,0.0,0.0,2018-2019,0.0
2018-10-03,2931.25,2930.25,2928.25,0.0010239782446055435,-0.0003412095912998283,0.0014244733131787033,0.0033406860387906433,0.0007122366565893517,0.30651735383557094,0.0,72.0,40.0,False,False,False,0.0,0.0,0.0,0.0,2018-2019,0.0
2018-10-04,2901.75,2906.5,2930.25,-0.009773740354557648,0.0016356048926731174,0.002664754403222922,0.006249403024467836,0.001332377201611461,-1.5639478389041688,-1.0,39.0,39.0,False,False,True,-926.25,97.5,39.0,-1062.75,2018-2019,-1160.25
2018-10-05,2890.5,2890.25,2906.5,-0.005520110618874526,-8.649396709966915e-05,0.00342616958476316,0.008035079908100411,0.00171308479238158,-0.6870013343998649,0.0,31.0,31.0,False,False,False,0.0,0.0,0.0,0.0,2018-2019,0.0
2018-10-08,2887.25,2889.75,2890.25,-0.0010385115602342338,0.0008655011791797959,0.0036432910177638953,0.008544274803671459,0.0018216455088819476,-0.12154472838209597,0.0,29.0,29.0,False,False,False,0.0,0.0,0.0,0.0,2018-2019,0.0
2018-10-09,2892.5,2886.0,2889.75,0.0009511868934549451,-0.0022497197340154416,0.0034452262292453415,0.008079771700904698,0.0017226131146226707,0.11772447646614075,0.0,30.0,30.0,False,False,False,0.0,0.0,0.0,0.0,2018-2019,0.0
2018-10-10,2827.0,2792.5,2886.0,-0.020655381640225887,-0.012278826750234617,0.003566302503764357,0.008363720733977047,0.0017831512518821785,-2.4696402829801336,-1.0,30.0,30.0,False,False,True,5175.0,75.0,30.0,5070.0,2018-2019,4995.0
2018-10-11,2733.75,2731.75,2792.5,-0.021262958952378223,-0.000731863540122815,0.00765632043095236,0.017955663005798532,0.00382816021547618,-1.1841923601212412,-1.0,14.0,14.0,False,False,True,140.0,35.0,14.0,91.0,2018-2019,56.0
2018-10-12,2752.75,2768.75,2731.75,0.00765798254284572,0.005795542799745263,0.00805251602276376,0.018884824029700913,0.00402625801138188,0.4055098702959427,0.0,14.0,14.0,False,False,False,0.0,0.0,0.0,0.0,2018-2019,0.0
2018-10-15,2775.5,2752.75,2768.75,0.002434956336770123,-0.00823049913651548,0.008435671869176818,0.019783404139943058,0.004217835934588409,0.12308075594805755,0.0,13.0,13.0,False,False,False,0.0,0.0,0.0,0.0,2018-2019,0.0
2018-10-16,2803.25,2811.0,2752.75,0.018179046347289667,0.002760833565541776,0.0058413092716915836,0.013699084532972462,0.0029206546358457918,1.32702636468403,1.0,18.0,18.0,False,False,True,697.5,45.0,18.0,634.5,2018-2019,589.5
2018-10-17,2814.5,2812.0,2811.0,0.0012443339975494584,-0.0008886519735257803,0.004916922119988742,0.011531204500709812,0.002458461059994371,0.10791014914988825,0.0,22.0,22.0,False,False,False,0.0,0.0,0.0,0.0,2018-2019,0.0
2018-10-18,2771.0,2772.0,2812.0,-0.014687708067577101,0.00036081544681544744,0.005498937420996858,0.012896151370863234,0.002749468710498429,-1.1389218104838317,-1.0,20.0,20.0,False,False,True,-100.0,50.0,20.0,-170.0,2018-2019,-220.0
2018-10-19,2771.75,2769.0,2772.0,-9.019165733289145e-05,-0.0009926454814991317,0.004803611813810787,0.011265468277786064,0.0024018059069053936,-0.008006028254567709,0.0,23.0,23.0,False,False,False,0.0,0.0,0.0,0.0,2018-2019,0.0
2018-10-22,2762.25,2757.5,2769.0,-0.002440679177677464,-0.0017210928656268788,0.004491541726396559,0.010533599049697478,0.0022457708631982796,-0.23170420348850848,0.0,24.0,24.0,False,False,False,0.0,0.0,0.0,0.0,2018-2019,0.0
2018-10-23,2749.25,2741.25,2757.5,-0.0029963249366136533,-0.00291412645894589,0.0037797878580578307,0.008864388269111846,0.0018898939290289153,-0.3380182417160598,0.0,29.0,29.0,False,False,False,0.0,0.0,0.0,0.0,2018-2019,0.0
2018-10-24,2697.75,2657.75,2741.25,-0.015995928488254915,-0.014938192075128467,0.004493376624841582,0.010537902267989582,0.002246688312420791,-1.517942383736551,-1.0,25.0,25.0,False,False,True,5000.0,62.5,25.0,4912.5,2018-2019,4850.0
2018-10-25,2718.5,2706.75,2657.75,0.022600357417260863,-0.004331604394967679,0.005624252374353308,0.01319004098694555,0.002812126187176654,1.7134410302158192,1.0,20.0,20.0,False,False,True,-1175.0,50.0,20.0,-1245.0,2018-2019,-1295.0
2018-10-26,2649.0,2657.25,2706.75,-0.021566442918937914,0.003109543141621392,0.006005559797587799,0.01408428616058391,0.0030027798987938997,-1.5312414610896976,-1.0,19.0,19.0,False,False,True,-783.75,47.5,19.0,-850.25,2018-2019,-897.75
2018-10-29,2650.25,2642.25,2657.25,-0.002637778260484044,-0.00302314826375035,0.005670197371970335,0.013297791557399526,0.0028350986859851674,-0.19836213021524302,0.0,20.0,20.0,False,False,False,0.0,0.0,0.0,0.0,2018-2019,0.0
2018-10-30,2667.75,2683.0,2642.25,0.009604593607217467,0.005700150928949972,0.0058938801130758705,0.01382237408444048,0.0029469400565379352,0.6948584627028096,0.0,19.0,19.0,False,False,False,0.0,0.0,0.0,0.0,2018-2019,0.0
2018-10-31,2733.75,2711.5,2683.0,0.018738721565353486,-0.008172305709862233,0.006219642383714881,0.01458635432852102,0.0031098211918574406,1.2846747818756363,1.0,18.0,18.0,False,False,True,-2002.5,45.0,18.0,-2065.5,2018-2019,-2110.5
2018-11-01,2735.5,2738.75,2711.5,0.008812247222765291,0.0011873774057955695,0.006082413233328644,0.014264523443681627,0.003041206616664322,0.6177736857145841,0.0,18.0,18.0,False,False,False,0.0,0.0,0.0,0.0,2018-2019,0.0
2018-11-02,2719.25,2721.75,2738.75,-0.0071455049357166105,0.0009189487873298532,0.005917687836285491,0.01387820814451444,0.0029588439181427455,-0.5148722991693256,0.0,19.0,19.0,False,False,False,0.0,0.0,0.0,0.0,2018-2019,0.0
2018-11-05,2741.25,2738.0,2721.75,0.007138964970808477,-0.0011862938837037666,0.004984197294156716,0.011688978769290977,0.002492098647078358,0.6107432575345081,0.0,22.0,22.0,False,False,False,0.0,0.0,0.0,0.0,2018-2019,0.0
2018-11-06,2743.0,2754.5,2738.0,0.001824485089209081,0.004183725975168013,0.004528400063442283,0.010620039512177552,0.0022642000317211414,0.17179645020312972,0.0,24.0,24.0,False,False,False,0.0,0.0,0.0,0.0,2018-2019,0.0
2018-11-07,2804.75,2813.0,2754.5,0.0180784705123029,0.002937121064782679,0.003205123727266785,0.00751668142127807,0.0016025618636333924,2.405113307200533,1.0,34.0,34.0,False,False,True,1402.5,85.0,34.0,1283.5,2018-2019,1198.5
2018-11-08,2801.5,2807.25,2813.0,-0.004096541484517674,0.002050368447308899,0.0036971978123863623,0.00867069744320085,0.0018485989061931812,-0.4724581282362686,0.0,29.0,29.0,False,False,False,0.0,0.0,0.0,0.0,2018-2019,0.0
2018-11-09,2778.75,2781.25,2807.25,-0.010204170174241736,0.0008992806361440172,0.003907255937505205,0.009163327413469041,0.0019536279687526023,-1.1135878610255459,-1.0,28.0,28.0,False,False,True,-350.0,70.0,28.0,-448.0,2018-2019,-518.0
2018-11-12,2739.0,2727.75,2781.25,-0.015307576651472136,-0.004115796727870011,0.0038634491272234437,0.009060591336802457,0.0019317245636117219,-1.6894677270450962,-1.0,29.0,29.0,False,False,True,1631.25,72.5,29.0,1529.75,2018-2019,1457.25
2018-11-13,2722.75,2722.75,2727.75,-0.0018346945794122718,0.0,0.003400979122364313,0.007976003037184015,0.0017004895611821564,-0.2300268155439449,0.0,33.0,33.0,False,False,False,0.0,0.0,0.0,0.0,2018-2019,0.0
2018-11-14,2715.75,2703.5,2722.75,-0.0025742406419355193,-0.004520928491800757,0.005151274211219171,0.012080808871737202,0.0025756371056095853,-0.21308512279818456,0.0,22.0,22.0,False,False,False,0.0,0.0,0.0,0.0,2018-2019,0.0
2018-11-15,2727.75,2731.5,2703.5,0.008929863713148595,0.0013738153005642992,0.00613347233745842,0.014384267657028011,0.00306673616872921,0.6208076716916173,0.0,18.0,18.0,False,False,False,0.0,0.0,0.0,0.0,2018-2019,0.0
2018-11-16,2739.25,2737.75,2731.5,0.002833251449730375,-0.0005477451296341651,0.0061119764256677735,0.014333855275310699,0.0030559882128338867,0.19766150803897814,0.0,18.0,18.0,False,False,False,0.0,0.0,0.0,0.0,2018-2019,0.0
2018-11-19,2695.5,2692.75,2737.75,-0.015552699264145127,-0.0010207396608438244,0.005795476461510074,0.013591597065376288,0.002897738230755037,-1.1442878411812707,-1.0,19.0,19.0,False,False,True,261.25,47.5,19.0,194.75,2018-2019,147.25
2018-11-20,2642.25,2642.5,2692.75,-0.018932149341422858,9.461185493597201e-05,0.004872951875707491,0.01142808513733978,0.0024364759378537456,-1.6566335579321618,-1.0,23.0,23.0,False,False,True,-28.75,57.5,23.0,-109.25,2018-2019,-166.75
2018-11-21,2662.5,2650.5,2642.5,0.00754009227328786,-0.004517229589819812,0.00508302782623727,0.01192075691190216,0.002541513913118635,0.6325179121603872,0.0,22.0,22.0,False,False,False,0.0,0.0,0.0,0.0,2018-2019,0.0
2018-11-27,2677.25,2682.5,2673.5,0.001401672892198184,0.0019590472238690576,0.0030091267570197507,0.007057027782215904,0.0015045633785098753,0.19862085504757063,0.0,38.0,38.0,False,False,False,0.0,0.0,0.0,0.0,2018-2019,0.0
2018-11-28,2727.5,2744.25,2682.5,0.01663624320237229,0.0061223748601999745,0.004141488992548865,0.009712652619893227,0.0020707444962744324,1.7128423977913436,1.0,27.0,27.0,False,False,True,2261.25,67.5,27.0,2166.75,2018-2019,2099.25
2018-11-29,2754.0,2738.75,2744.25,0.0035465867211742176,-0.005552788378923883,0.0037303618429663293,0.008748473989046622,0.0018651809214831646,0.40539489808332985,0.0,29.0,29.0,False,False,False,0.0,0.0,0.0,0.0,2018-2019,0.0
2018-11-30,2751.25,2756.25,2738.75,0.004553741930995141,0.001815706354484655,0.0038014016364627005,0.008915077072541614,0.0019007008182313503,0.5107910895151586,0.0,29.0,29.0,False,False,False,0.0,0.0,0.0,0.0,2018-2019,0.0
2018-12-03,2785.0,2791.0,2756.25,0.010376813166228299,0.0021520811749377107,0.004465034820512648,0.010471434845146451,0.002232517410256324,0.9909638287094906,0.0,24.0,24.0,False,False,False,0.0,0.0,0.0,0.0,2018-2019,0.0
2018-12-04,2721.25,2703.5,2791.0,-0.025308620987564978,-0.00654410372669771,0.00676685971515971,0.015869692726249694,0.003383429857579855,-1.5947770019329088,-1.0,16.0,16.0,False,False,True,1420.0,40.0,16.0,1364.0,2018-2019,1324.0
2018-12-07,2628.5,2633.25,2696.75,-0.025634002996035674,0.0018054834571485736,0.00905079683409304,0.021226000054794997,0.00452539841704652,-1.2076699769085744,-1.0,13.0,13.0,False,False,True,-308.75,32.5,13.0,-354.25,2018-2019,-386.75
2018-12-10,2629.5,2637.75,2633.25,-0.0014251106872524115,0.003132566992802678,0.008227685548431677,0.019295632981617707,0.0041138427742158385,-0.07385664355297729,0.0,14.0,14.0,False,False,False,0.0,0.0,0.0,0.0,2018-2019,0.0
2018-12-11,2646.5,2637.75,2637.75,0.003311731275840672,-0.0033117312758407457,0.0083762913217048,0.01964414441209821,0.0041881456608524,0.16858618051092525,0.0,14.0,14.0,False,False,False,0.0,0.0,0.0,0.0,2018-2019,0.0
2018-12-12,2665.0,2651.5,2637.75,0.010277776577743331,-0.0050785400227602185,0.006077355381902425,0.014252661730661436,0.0030386776909512125,0.7211127838411389,0.0,19.0,19.0,False,False,False,0.0,0.0,0.0,0.0,2018-2019,0.0
2018-12-13,2645.75,2649.25,2651.5,-0.0021709386033508657,0.0013220020811114763,0.0061298462595241,0.014375763750483269,0.00306492312976205,-0.1510137924517496,0.0,19.0,19.0,False,False,False,0.0,0.0,0.0,0.0,2018-2019,0.0
2018-12-14,2603.0,2600.5,2649.25,-0.01761195506038001,-0.0009608917814381756,0.004848457171359553,0.011370639963686887,0.0024242285856797764,-1.5488974337966286,-1.0,24.0,24.0,False,False,True,300.0,60.0,24.0,216.0,2018-2019,156.0
2018-12-18,2536.0,2548.75,2551.5,-0.006093384946909633,0.005015006331548386,0.0049328938388075415,0.011568661501539394,0.0024664469194037707,-0.5267147756115789,0.0,24.0,24.0,False,False,False,0.0,0.0,0.0,0.0,2018-2019,0.0
2018-12-19,2518.75,2506.25,2548.75,-0.011840296193671846,-0.004975134640113843,0.005606773653200874,0.013149049752368082,0.002803386826600437,-0.9004678221359277,0.0,21.0,21.0,False,False,False,0.0,0.0,0.0,0.0,2018-2019,0.0
2018-12-20,2474.5,2466.0,2506.25,-0.01274925666293861,-0.0034409506676511357,0.009679583404045337,0.022700635273429786,0.004839791702022669,-0.5616255452489967,0.0,13.0,13.0,False,False,False,0.0,0.0,0.0,0.0,2018-2019,0.0
2018-12-21,2440.25,2415.5,2466.0,-0.010496911669215148,-0.010194188060613105,0.01019172257034201,0.023901708081840157,0.005095861285171005,-0.43916993853633435,0.0,12.0,12.0,False,False,False,0.0,0.0,0.0,0.0,2018-2019,0.0
2018-12-26,2422.5,2468.0,2415.5,0.0028937597704598817,0.018608041260357117,0.010415647298599751,0.0244268581190573,0.0052078236492998755,0.11846631099077919,0.0,12.0,12.0,False,False,False,0.0,0.0,0.0,0.0,2018-2019,0.0
2018-12-27,2428.75,2491.0,2468.0,-0.01603138433362856,0.025307514570530588,0.01118250709466057,0.02622530375556663,0.005591253547330285,-0.611294514757554,0.0,11.0,11.0,False,False,False,0.0,0.0,0.0,0.0,2018-2019,0.0
2018-12-28,2518.75,2486.25,2491.0,0.011078510432812617,-0.01298719552681119,0.012501473457600528,0.02931855406327191,0.006250736728800264,0.37786687600296587,0.0,10.0,10.0,False,False,False,0.0,0.0,0.0,0.0,2018-2019,0.0
2018-12-31,2494.75,2509.5,2486.25,0.0034129725962399426,0.005895006330566482,0.010378597605794482,0.024339968887542078,0.005189298802897241,0.14022091038854217,0.0,12.0,12.0,False,False,False,0.0,0.0,0.0,0.0,2018-2019,0.0
2019-01-02,2506.5,2510.75,2509.5,-0.0011961723914302779,0.0016941555698903445,0.009602166494037391,0.022519076526040734,0.004801083247018696,-0.053118181380441665,0.0,13.0,13.0,False,False,False,0.0,0.0,0.0,0.0,2018-2019,0.0
2019-01-03,2456.0,2448.25,2510.75,-0.02204750300641533,-0.003160526666129263,0.006532602731500637,0.015320311402248087,0.0032663013657503186,-1.439102798078902,-1.0,19.0,19.0,False,False,True,736.25,47.5,19.0,669.75,2018-2019,622.25
2019-01-04,2524.75,2532.5,2448.25,0.030768564305762483,0.0030649092161721208,0.007416057292673504,0.017392196000654638,0.003708028646336752,1.7691017456682503,1.0,16.0,16.0,False,False,True,620.0,40.0,16.0,564.0,2018-2019,524.0
2019-01-07,2548.75,2550.5,2532.5,0.006396085765826577,0.000686375474316259,0.006060961447116332,0.014214214545618333,0.003030480723558166,0.4499781359919202,0.0,20.0,20.0,False,False,False,0.0,0.0,0.0,0.0,2018-2019,0.0
2019-01-08,2570.0,2574.5,2550.5,0.007616480526284199,0.001749441596930562,0.004124724899551232,0.009673337336895606,0.002062362449775616,0.7873684397662597,0.0,29.0,29.0,False,False,False,0.0,0.0,0.0,0.0,2018-2019,0.0
2019-01-09,2589.0,2586.25,2574.5,0.005616360265341487,-0.0010627506917848422,0.0029010791169942645,0.006803633605422269,0.0014505395584971323,0.8254942272119763,0.0,40.0,40.0,False,False,False,0.0,0.0,0.0,0.0,2018-2019,0.0
2019-01-10,2590.0,2596.75,2586.25,0.0014489256338306152,0.0026027874143373956,0.0027924656992963123,0.006548912562372889,0.0013962328496481562,0.22124675204178038,0.0,42.0,40.0,False,False,False,0.0,0.0,0.0,0.0,2018-2019,0.0
2019-01-11,2589.75,2596.25,2596.75,-0.0026993171697093764,0.0025067502521106764,0.003145461670830264,0.0073767614963914045,0.001572730835415132,-0.3659217084664917,0.0,37.0,37.0,False,False,False,0.0,0.0,0.0,0.0,2018-2019,0.0
2019-01-14,2588.25,2581.25,2596.25,-0.0030861245440995757,-0.002708193936879655,0.003588323288856185,0.008415364052696247,0.0017941616444280925,-0.3667250192355962,0.0,33.0,33.0,False,False,False,0.0,0.0,0.0,0.0,2018-2019,0.0
2019-01-15,2603.5,2610.5,2581.25,0.008582915893610935,0.0026850802476532896,0.003481744820578906,0.00816541538906345,0.001740872410289453,1.0511303448329983,1.0,33.0,33.0,False,False,True,1155.0,82.5,33.0,1039.5,2018-2019,957.0
2019-01-16,2621.75,2616.25,2610.5,0.004300259863907458,-0.0021000389543050445,0.0031987897339756577,0.00750182689030041,0.0015993948669878288,0.5732283518122149,0.0,36.0,36.0,False,False,False,0.0,0.0,0.0,0.0,2018-2019,0.0
2019-01-17,2632.5,2635.75,2616.25,0.00619197024792098,0.0012338064489285658,0.0027210913386315106,0.006381524849318135,0.0013605456693157553,0.97029634673954,0.0,42.0,40.0,False,False,False,0.0,0.0,0.0,0.0,2018-2019,0.0
2019-01-18,2666.75,2670.5,2635.75,0.011692731048533227,0.001405218274232719,0.0028429425707178525,0.006667291318983975,0.0014214712853589263,1.7537453351168517,1.0,40.0,40.0,False,False,True,750.0,100.0,40.0,610.0,2018-2019,510.0
2019-01-23,2628.75,2639.25,2636.0,-0.002754168605488339,0.003986337852894725,0.003664147940986783,0.008593188624364489,0.0018320739704933914,-0.3205060107349877,0.0,31.0,31.0,False,False,False,0.0,0.0,0.0,0.0,2018-2019,0.0
2019-01-24,2636.5,2641.5,2639.25,-0.0010425058992797386,0.001894657633846105,0.0031305408148585203,0.007341768987391442,0.0015652704074292602,-0.1419965543822082,0.0,37.0,37.0,False,False,False,0.0,0.0,0.0,0.0,2018-2019,0.0
2019-01-25,2665.0,2663.25,2641.5,0.008857119995574363,-0.000656876108638,0.0027107891267924645,0.006357364020932684,0.0013553945633962322,1.3932063613804109,1.0,42.0,40.0,True,False,True,-350.0,100.0,40.0,-490.0,2018-2019,-590.0
2019-01-28,2639.5,2642.5,2663.25,-0.008957676227636085,0.0011359334807216992,0.002643494319414585,0.006199543708392941,0.0013217471597072926,-1.4448928258234852,-1.0,43.0,40.0,True,False,True,-600.0,100.0,40.0,-740.0,2018-2019,-840.0
2019-01-29,2634.75,2638.75,2642.5,-0.0029371379303466433,0.001517019348484197,0.0027511671166324638,0.006452058800880446,0.0013755835583162319,-0.4552249167267109,0.0,42.0,40.0,False,False,False,0.0,0.0,0.0,0.0,2018-2019,0.0
2019-01-30,2689.5,2680.5,2638.75,0.01904998255076683,-0.003351958445704818,0.0027604512152185736,0.006473831942042468,0.0013802256076092868,2.942613080060376,1.0,41.0,40.0,True,False,True,-1800.0,100.0,40.0,-1940.0,2018-2019,-2040.0
2019-01-31,2700.25,2702.5,2680.5,0.007341017030991037,0.0008329092147797928,0.0030528727711645826,0.0071596212793030925,0.0015264363855822913,1.0253359423091721,1.0,37.0,37.0,False,False,True,416.25,92.5,37.0,286.75,2018-2019,194.25
2019-02-01,2698.0,2704.5,2702.5,-0.0016665127456621449,0.002406294543780418,0.0031124269264098652,0.007299288153465815,0.0015562134632049326,-0.228311680622015,0.0,36.0,36.0,False,False,False,0.0,0.0,0.0,0.0,2018-2019,0.0
2019-02-04,2717.5,2723.75,2704.5,0.004795287683882925,0.0022972672634651212,0.003114019938636565,0.007303024098292667,0.0015570099693182826,0.6566167137534146,0.0,36.0,36.0,False,False,False,0.0,0.0,0.0,0.0,2018-2019,0.0
2019-02-05,2734.25,2735.0,2723.75,0.0038475679565055138,0.00027426064074631096,0.0020407100785604392,0.004785889356855197,0.0010203550392802196,0.8039400139901577,0.0,54.0,40.0,False,False,False,0.0,0.0,0.0,0.0,2018-2019,0.0
2019-02-06,2729.25,2731.0,2735.0,-0.002104589695702731,0.0006409963133260629,0.0016409035034202404,0.003848259826395887,0.0008204517517101202,-0.5468938664866084,0.0,68.0,40.0,False,False,False,0.0,0.0,0.0,0.0,2018-2019,0.0
2019-02-07,2695.5,2704.25,2731.0,-0.013084126581981582,0.0032408936186754654,0.0018982668613479424,0.004451830401408474,0.0009491334306739712,-2.9390442587035697,-1.0,59.0,40.0,True,False,True,-1750.0,100.0,40.0,-1890.0,2018-2019,-1990.0
2019-02-08,2698.5,2707.5,2704.25,-0.0021285464517014235,0.0033296368164481794,0.0019907835587931228,0.004668801289280318,0.0009953917793965614,-0.4559085554976645,0.0,56.0,40.0,False,False,False,0.0,0.0,0.0,0.0,2018-2019,0.0
2019-02-11,2705.5,2708.75,2707.5,-0.0007389617923557566,0.001200535767778897,0.002486109859835262,0.005830444433611865,0.001243054929917631,-0.12674193207223175,0.0,45.0,40.0,False,False,False,0.0,0.0,0.0,0.0,2018-2019,0.0
2019-02-12,2744.25,2744.0,2708.75,0.013020539716857068,-9.110372165009207e-05,0.00258907354781863,0.006071915686015231,0.001294536773909315,2.144387437204675,1.0,43.0,40.0,True,False,True,-50.0,100.0,40.0,-190.0,2018-2019,-290.0
2019-02-13,2756.5,2752.0,2744.0,0.004545049183962475,-0.0016338389765039696,0.002530549403380512,0.005934664401313866,0.001265274701690256,0.7658477171777824,0.0,43.0,40.0,False,False,False,0.0,0.0,0.0,0.0,2018-2019,0.0
2019-02-14,2750.0,2745.5,2752.0,-0.0007270083926172484,-0.001637703941689688,0.0029613254504651048,0.006944923781413872,0.0014806627252325524,-0.10468198291288396,0.0,37.0,37.0,False,False,False,0.0,0.0,0.0,0.0,2018-2019,0.0
2019-02-15,2771.25,2775.75,2745.5,0.009335274211593966,0.0016224990038538466,0.0034519694661519448,0.008095585993234176,0.0017259847330759724,1.153131375467551,1.0,32.0,32.0,False,False,True,720.0,80.0,32.0,608.0,2018-2019,528.0
2019-02-20,2785.75,2786.0,2780.25,0.001976285228211959,8.973841258766512e-05,0.0013052999624742856,0.00306119975764316,0.0006526499812371428,0.6455917237277959,0.0,83.0,40.0,False,False,False,0.0,0.0,0.0,0.0,2018-2019,0.0
2019-02-21,2766.75,2775.25,2786.0,-0.006933529194856294,0.0030674870678618796,0.0018347726812116404,0.004302923349824284,0.0009173863406058202,-1.6113531734511224,-1.0,60.0,40.0,True,False,True,-1700.0,100.0,40.0,-1840.0,2018-2019,-1940.0
2019-02-22,2782.75,2792.0,2775.25,0.0026988141605787464,0.003318537508927891,0.001963489703926672,0.004604791525774351,0.000981744851963336,0.5860882399284968,0.0,55.0,40.0,False,False,False,0.0,0.0,0.0,0.0,2018-2019,0.0
2019-02-25,2801.75,2796.5,2792.0,0.00348603704987435,-0.0018755866704947225,0.0020086781122596086,0.004710767737077422,0.0010043390561298043,0.7400146312535248,0.0,54.0,40.0,False,False,False,0.0,0.0,0.0,0.0,2018-2019,0.0
2019-02-26,2800.0,2794.25,2796.5,0.0012507819016526766,-0.0020556828975743973,0.0017213485946241723,0.004036920288187565,0.0008606742973120862,0.3098356698576859,0.0,63.0,40.0,False,False,False,0.0,0.0,0.0,0.0,2018-2019,0.0
2019-02-27,2793.25,2792.75,2794.25,-0.00035794183827358956,-0.00017901897648959976,0.0016413164992617798,0.0038492283874978364,0.0008206582496308899,-0.09299054310109853,0.0,66.0,40.0,False,False,False,0.0,0.0,0.0,0.0,2018-2019,0.0
2019-02-28,2788.0,2785.0,2792.75,-0.0017022805705432119,-0.001076619519030127,0.0016770106059083869,0.003932938487671869,0.0008385053029541934,-0.43282664498291945,0.0,65.0,40.0,False,False,False,0.0,0.0,0.0,0.0,2018-2019,0.0
2019-03-01,2802.75,2804.25,2785.0,0.006353204672318616,0.0005350454916298838,0.0018070826934408766,0.00423798457230963,0.0009035413467204383,1.499109910363885,1.0,60.0,40.0,True,False,True,300.0,100.0,40.0,160.0,2018-2019,60.0
2019-03-04,2786.0,2793.5,2804.25,-0.0065292481855817736,0.002688414559452501,0.0034637474239489533,0.008123207752668988,0.0017318737119744766,-0.8037770772804009,0.0,31.0,31.0,False,False,False,0.0,0.0,0.0,0.0,2018-2019,0.0
2019-03-05,2795.5,2790.0,2793.5,0.0007156915674964315,-0.001969385651288733,0.003532968515589924,0.008285545602241484,0.001766484257794962,0.08637832701117666,0.0,31.0,31.0,False,False,False,0.0,0.0,0.0,0.0,2018-2019,0.0
2019-03-06,2774.5,2771.75,2790.0,-0.00557104504945536,-0.0009916611134948782,0.0033345078807476376,0.007820114157557073,0.0016672539403738188,-0.7123994531552593,0.0,33.0,33.0,False,False,False,0.0,0.0,0.0,0.0,2018-2019,0.0
2019-03-07,2742.25,2749.0,2771.75,-0.010700138361017507,0.0024584578738022617,0.0019249250756280315,0.004514349455602513,0.0009624625378140157,-2.370250346423259,-1.0,57.0,40.0,True,False,True,-1350.0,100.0,40.0,-1490.0,2018-2019,-1590.0
2019-03-08,2736.0,2743.25,2749.0,-0.00474020942280458,0.0026463491284675045,0.0016541626859466628,0.0038793553657380407,0.0008270813429733314,-1.2219064705104075,-1.0,67.0,40.0,True,False,True,-1450.0,100.0,40.0,-1590.0,2018-2019,-1690.0
2019-03-12,2800.5,2797.25,2788.0,0.004473479769472413,-0.0011611809620564373,0.0029635323496482566,0.006950099418768371,0.0014817661748241283,0.6436569464592147,0.0,36.0,36.0,False,False,False,0.0,0.0,0.0,0.0,2018-2019,0.0
2019-03-13,2819.0,2816.25,2797.25,0.007745420426282047,-0.0009759993676583644,0.0027078948646671592,0.006350576374589889,0.0013539474323335796,1.2196405443249607,1.0,40.0,40.0,False,False,True,-550.0,100.0,40.0,-690.0,2018-2019,-790.0
2019-03-14,2813.25,2814.0,2816.25,-0.0010658141163477697,0.0002665600442278578,0.0021540865057568226,0.005051780647312392,0.0010770432528784113,-0.21097790873299213,0.0,50.0,40.0,False,False,False,0.0,0.0,0.0,0.0,2018-2019,0.0
2019-03-15,2830.0,2828.25,2814.0,0.005669752962949012,-0.0006185658307071711,0.002128780243893026,0.004992432202578306,0.001064390121946513,1.1356694959264362,1.0,50.0,40.0,True,False,True,-350.0,100.0,40.0,-490.0,2018-2019,-590.0
2019-03-18,2836.5,2838.25,2828.25,0.002912751960045714,0.0006167672780212303,0.001748300911226108,0.0041001290734643,0.000874150455613054,0.7104049428338259,0.0,61.0,40.0,False,False,False,0.0,0.0,0.0,0.0,2018-2019,0.0
2019-03-19,2843.75,2840.0,2838.25,0.0019359386546175424,-0.001319551544008795,0.001487211254670024,0.0034878195535455285,0.000743605627335012,0.5550569990496131,0.0,71.0,40.0,False,False,False,0.0,0.0,0.0,0.0,2018-2019,0.0
2019-03-20,2846.0,2829.5,2840.0,0.002110447494546062,-0.0058144820672192035,0.001981722462973577,0.0046475511359636845,0.0009908612314867885,0.4540988216815939,0.0,54.0,40.0,False,False,False,0.0,0.0,0.0,0.0,2018-2019,0.0
2019-03-21,2861.5,2861.0,2829.5,0.011245945266578385,-0.00017474879904669178,0.002672568606881254,0.006267728956462592,0.001336284303440627,1.7942615809802696,1.0,40.0,40.0,False,False,True,-100.0,100.0,40.0,-240.0,2018-2019,-340.0
2019-03-22,2825.25,2805.75,2861.0,-0.012574357809850119,-0.006925973343894954,0.003533494626055719,0.00828677944065157,0.0017667473130278594,-1.5173998415072365,-1.0,30.0,30.0,False,False,True,2925.0,75.0,30.0,2820.0,2018-2019,2745.0
2019-03-25,2800.75,2803.25,2805.75,-0.0017836444575325154,0.0008922199021574382,0.003622975166299942,0.00849662990873108,0.001811487583149971,-0.20992375526438478,0.0,30.0,30.0,False,False,False,0.0,0.0,0.0,0.0,2018-2019,0.0
2019-03-26,2816.0,2823.0,2803.25,0.004537979936942832,0.0024827109755562664,0.003836380053446477,0.008997108731678805,0.0019181900267232386,0.5043820267465049,0.0,28.0,28.0,False,False,False,0.0,0.0,0.0,0.0,2018-2019,0.0
2019-03-27,2809.75,2809.75,2823.0,-0.004704637855112802,0.0,0.0034189369840036633,0.008018117955806984,0.0017094684920018316,-0.5867508910498814,0.0,31.0,31.0,False,False,False,0.0,0.0,0.0,0.0,2018-2019,0.0
2019-03-28,2815.0,2819.75,2809.75,0.001866750175414302,0.0016859669462354306,0.0033175267683003065,0.007780289918835925,0.0016587633841501533,0.23993324090596385,0.0,32.0,32.0,False,False,False,0.0,0.0,0.0,0.0,2018-2019,0.0
2019-03-29,2837.75,2838.0,2819.75,0.0063632561154225555,8.80940845391061e-05,0.0023114950916512693,0.005420936503317808,0.0011557475458256346,1.1738296715942005,1.0,46.0,40.0,True,False,True,50.0,100.0,40.0,-90.0,2018-2019,-190.0
2019-04-01,2867.75,2870.75,2838.0,0.010428171441389088,0.0010455694949217079,0.00222200929710343,0.005211073712804055,0.001111004648551715,2.001156002795773,1.0,47.0,40.0,True,False,True,600.0,100.0,40.0,460.0,2018-2019,360.0
2019-04-02,2871.5,2871.25,2870.75,0.0002612216480524531,-8.706630104325212e-05,0.001769662971141235,0.004150227544708402,0.0008848314855706176,0.06294152434738531,0.0,60.0,40.0,False,False,False,0.0,0.0,0.0,0.0,2018-2019,0.0
2019-04-03,2875.0,2876.75,2871.25,0.0013051992281427351,0.0006085104721170395,0.0020300342217671333,0.004760852253378726,0.0010150171108835667,0.27415243294232644,0.0,52.0,40.0,False,False,False,0.0,0.0,0.0,0.0,2018-2019,0.0
2019-04-04,2882.0,2883.0,2876.75,0.0018233128558994556,0.0003469210789346803,0.0015877861122919228,0.003723688502161404,0.0007938930561459614,0.489652358096312,0.0,66.0,40.0,False,False,False,0.0,0.0,0.0,0.0,2018-2019,0.0
2019-04-05,2893.5,2896.25,2883.0,0.003635423375491381,0.0009499547326924594,0.0016015649535080904,0.0037560027491576127,0.0008007824767540452,0.9678968888685519,0.0,65.0,40.0,False,False,False,0.0,0.0,0.0,0.0,2018-2019,0.0
2019-04-08,2895.25,2898.75,2896.25,-0.00034533368209892294,0.0012081465052543882,0.0014243578924682404,0.0033404153532309603,0.0007121789462341202,-0.10338046188325196,0.0,73.0,40.0,False,False,False,0.0,0.0,0.0,0.0,2018-2019,0.0
2019-04-09,2880.75,2883.5,2898.75,-0.006228932675617488,0.0009541571613434394,0.0015974589966307525,0.0037463734267343023,0.0007987294983153762,-1.6626566458024505,-1.0,66.0,40.0,True,False,True,-550.0,100.0,40.0,-690.0,2018-2019,-790.0
2019-04-10,2890.25,2893.25,2883.5,0.0023381694999638192,0.0010374341727560034,0.0015135055011611445,0.0035494850276128454,0.0007567527505805723,0.6587348535841892,0.0,69.0,40.0,False,False,False,0.0,0.0,0.0,0.0,2018-2019,0.0
2019-04-11,2887.75,2892.25,2893.25,-0.00190278555939747,0.0015570937402085354,0.0014635506971084349,0.003432330627508985,0.0007317753485542174,-0.5543712905007689,0.0,72.0,40.0,False,False,False,0.0,0.0,0.0,0.0,2018-2019,0.0
2019-04-12,2908.0,2912.0,2892.25,0.0054308137444116075,0.0013745706631665632,0.0014126580635092296,0.003312976822162669,0.0007063290317546148,1.6392549769987348,1.0,74.0,40.0,True,False,True,800.0,100.0,40.0,660.0,2018-2019,560.0
2019-04-15,2908.5,2909.75,2912.0,-0.0012026459657604525,0.0004296824712694551,0.0014815320094353187,0.0034745005428691465,0.0007407660047176593,-0.34613491951488967,0.0,70.0,40.0,False,False,False,0.0,0.0,0.0,0.0,2018-2019,0.0
2019-04-16,2913.25,2911.5,2909.75,0.0012021296312870033,-0.0006008841761980198,0.0013915356050427919,0.0032634402661240714,0.0006957678025213959,0.3683626888365727,0.0,75.0,40.0,False,False,False,0.0,0.0,0.0,0.0,2018-2019,0.0
2019-04-17,2903.5,2903.5,2911.5,-0.0027515064650700553,0.0,0.0012568802347397044,0.002947645430616841,0.0006284401173698522,-0.9334591048470371,0.0,83.0,40.0,False,False,False,0.0,0.0,0.0,0.0,2018-2019,0.0
2019-04-18,2910.5,2908.5,2903.5,0.0024079818996855726,-0.0006874033609740543,0.0014773067626134126,0.0034645914607278404,0.0007386533813067063,0.6950262179482785,0.0,70.0,40.0,False,False,False,0.0,0.0,0.0,0.0,2018-2019,0.0
2019-04-22,2909.0,2911.75,2908.5,0.00017189514438545838,0.0009448954875595437,0.0014856740374413384,0.003484214459587679,0.0007428370187206692,0.04933540870667313,0.0,70.0,40.0,False,False,False,0.0,0.0,0.0,0.0,2018-2019,0.0
2019-04-23,2937.5,2937.0,2911.75,0.00880460446965327,-0.00017022725379429215,0.0019617189700449392,0.004600638786721685,0.0009808594850224696,1.9137786898343392,1.0,52.0,40.0,True,False,True,-100.0,100.0,40.0,-240.0,2018-2019,-340.0
2019-04-24,2935.5,2930.5,2937.0,-0.0005108556943794219,-0.0017047395877566973,0.0018197425796542069,0.004267674637215917,0.0009098712898271034,-0.11970352423883147,0.0,57.0,40.0,False,False,False,0.0,0.0,0.0,0.0,2018-2019,0.0
2019-04-25,2934.0,2928.0,2930.5,0.0011936227864431733,-0.0020470836217247996,0.0019745638510152196,0.0046307627027897145,0.0009872819255076098,0.25775943684700103,0.0,52.0,40.0,False,False,False,0.0,0.0,0.0,0.0,2018-2019,0.0
2019-04-26,2933.75,2941.5,2928.0,0.0019618720840311873,0.002638187139277376,0.0015894165539640428,0.0037275122268185966,0.0007947082769820214,0.5263221056435354,0.0,65.0,40.0,False,False,False,0.0,0.0,0.0,0.0,2018-2019,0.0
2019-04-29,2949.0,2945.0,2941.5,0.002546474510765678,-0.0013573127295891565,0.0017105416111439398,0.004011575665371648,0.0008552708055719699,0.6347816227790789,0.0,60.0,40.0,False,False,False,0.0,0.0,0.0,0.0,2018-2019,0.0
2019-04-30,2945.0,2946.5,2945.0,0.0,0.0005092081922809708,0.001781328091173192,0.004177584676127464,0.000890664045586596,0.0,0.0,58.0,40.0,False,False,False,0.0,0.0,0.0,0.0,2018-2019,0.0
2019-05-01,2944.5,2924.75,2946.5,-0.0006790018933426064,-0.0067300164569145905,0.0016574998688666553,0.003887181753418714,0.0008287499344333276,-0.17467716623886576,0.0,62.0,40.0,False,False,False,0.0,0.0,0.0,0.0,2018-2019,0.0
2019-05-02,2913.25,2918.75,2924.75,-0.003939710474338195,0.0018861459638347168,0.003337307190690081,0.007826679121292406,0.0016686535953450406,-0.5033693618050918,0.0,31.0,31.0,False,False,False,0.0,0.0,0.0,0.0,2018-2019,0.0
2019-05-03,2945.5,2945.75,2918.75,0.009123139544534612,8.487163170800598e-05,0.003502136071575599,0.008213237111582153,0.0017510680357877995,1.1107848733198427,1.0,29.0,29.0,False,False,True,36.25,72.5,29.0,-65.25,2018-2019,-137.75
2019-05-06,2935.25,2933.75,2945.75,-0.003570825083128909,-0.0005111603450879882,0.005947293624331017,0.013947639871929802,0.0029736468121655084,-0.25601643833056953,0.0,17.0,17.0,False,False,False,0.0,0.0,0.0,0.0,2018-2019,0.0
2019-05-07,2874.5,2885.0,2933.75,-0.02040272210188766,0.003646153878854237,0.0057883212753346725,0.013574816666375502,0.0028941606376673363,-1.5029832522471347,-1.0,18.0,18.0,False,False,True,-945.0,45.0,18.0,-1008.0,2018-2019,-1053.0
2019-05-08,2892.25,2880.25,2885.0,0.002509845966798255,-0.004157649990835289,0.0058563264128429025,0.013734302850734282,0.0029281632064214512,0.18274287337883116,0.0,18.0,18.0,False,False,False,0.0,0.0,0.0,0.0,2018-2019,0.0
2019-05-09,2866.0,2871.25,2880.25,-0.004959766530045767,0.0018301456151907465,0.004037534202149873,0.00946885702629494,0.0020187671010749365,-0.5237978054027571,0.0,26.0,26.0,False,False,False,0.0,0.0,0.0,0.0,2018-2019,0.0
2019-05-10,2874.25,2883.75,2871.25,0.0010442956305415701,0.00329975985411393,0.0036213626115093366,0.008492848132529363,0.0018106813057546683,0.12296176903737417,0.0,29.0,29.0,False,False,False,0.0,0.0,0.0,0.0,2018-2019,0.0
2019-05-13,2820.25,2813.0,2883.75,-0.022265997002933764,-0.0025740039951728773,0.004702502696226517,0.011028346378496513,0.0023512513481132587,-2.0189787515514426,-1.0,23.0,23.0,False,False,True,833.75,57.5,23.0,753.25,2018-2019,695.75
2019-05-14,2845.5,2836.0,2813.0,0.011487269553321819,-0.0033441903911604555,0.004906612552976522,0.011507026422914275,0.002453306276488261,0.9982830603783864,0.0,22.0,22.0,False,False,False,0.0,0.0,0.0,0.0,2018-2019,0.0
2019-05-15,2855.25,2852.75,2836.0,0.006764796278698282,-0.0008759636159273603,0.005550164912017257,0.01301629048647238,0.0027750824560086283,0.5197176788370562,0.0,19.0,19.0,False,False,False,0.0,0.0,0.0,0.0,2018-2019,0.0
2019-05-16,2885.0,2877.75,2852.75,0.011241458627410883,-0.0025161611470285055,0.004382345640356145,0.01027751152825998,0.0021911728201780725,1.0937918771971549,1.0,24.0,24.0,False,False,True,-870.0,60.0,24.0,-954.0,2018-2019,-1014.0
2019-05-17,2876.5,2860.75,2877.75,-0.00043446149182326655,-0.005490449105524,0.004316925932320637,0.010124088713473584,0.0021584629661603183,-0.04291363935255388,0.0,24.0,24.0,False,False,False,0.0,0.0,0.0,0.0,2018-2019,0.0
2019-05-20,2838.25,2841.25,2860.75,-0.007896163153181087,0.001056431122109824,0.0036609568245956118,0.008585704793058199,0.0018304784122978059,-0.9196872410015045,0.0,29.0,29.0,False,False,False,0.0,0.0,0.0,0.0,2018-2019,0.0
2019-05-21,2867.25,2866.0,2841.25,0.00910928607787895,-0.0004360528565147458,0.0031035108633005746,0.007278378132004116,0.0015517554316502873,1.2515543865224668,1.0,34.0,34.0,False,False,True,-212.5,85.0,34.0,-331.5,2018-2019,-416.5
2019-05-22,2862.5,2857.5,2866.0,-0.001221960525622115,-0.0017482521935293935,0.002542620725317039,0.00596297416064036,0.0012713103626585194,-0.20492467226973352,0.0,42.0,40.0,False,False,False,0.0,0.0,0.0,0.0,2018-2019,0.0
2019-05-23,2809.0,2822.5,2857.5,-0.017118568564722058,0.0047944689195734864,0.0022930948850406695,0.005377784193782626,0.0011465474425203348,-3.1832011006527945,-1.0,47.0,40.0,True,False,True,-2700.0,100.0,40.0,-2840.0,2018-2019,-2940.0
2019-05-24,2829.5,2828.0,2822.5,0.0024770005587614963,-0.0005302695661151112,0.0023290364609784395,0.005462074660888329,0.0011645182304892197,0.4534907910538607,0.0,46.0,40.0,False,False,False,0.0,0.0,0.0,0.0,2018-2019,0.0
2019-05-29,2774.5,2782.75,2801.5,-0.009684437239383331,0.0029690966073792346,0.0026961394127754616,0.006323007396181556,0.0013480697063877308,-1.5316188377751594,-1.0,40.0,40.0,False,False,True,-1650.0,100.0,40.0,-1790.0,2018-2019,-1890.0
2019-05-30,2785.25,2789.25,2782.75,0.0008979885660907611,0.0014351065338632431,0.0030242908405167294,0.007092590710324657,0.0015121454202583647,0.126609387566036,0.0,36.0,36.0,False,False,False,0.0,0.0,0.0,0.0,2018-2019,0.0
2019-05-31,2758.5,2752.0,2789.25,-0.01108568876080369,-0.002359133659251168,0.0031626648556238542,0.007417106540928909,0.0015813324278119271,-1.4946109644820247,-1.0,35.0,35.0,False,False,True,1137.5,87.5,35.0,1015.0,2018-2019,927.5
2019-06-03,2738.5,2743.5,2752.0,-0.004917594829458261,0.0018241522752541282,0.002868617194628005,0.006727503649291835,0.0014343085973140025,-0.7309687345878895,0.0,38.0,38.0,False,False,False,0.0,0.0,0.0,0.0,2018-2019,0.0
2019-06-04,2791.25,2803.5,2743.5,0.017255046655337468,0.004379112409359674,0.003840475472086652,0.00900671333974528,0.001920237736043326,1.9157983611173153,1.0,28.0,28.0,False,False,True,1715.0,70.0,28.0,1617.0,2018-2019,1547.0
2019-06-05,2820.5,2827.0,2803.5,0.006045537616303649,0.0023019045135594853,0.0035143153441146687,0.00824180003751237,0.0017571576720573343,0.7335215109305635,0.0,31.0,31.0,False,False,False,0.0,0.0,0.0,0.0,2018-2019,0.0
2019-06-06,2839.5,2845.25,2827.0,0.004411901623896853,0.0020229568445119263,0.003266518845992612,0.007660665737501995,0.001633259422996306,0.5759162160409697,0.0,33.0,33.0,False,False,False,0.0,0.0,0.0,0.0,2018-2019,0.0
2019-06-07,2875.25,2873.5,2845.25,0.01048868981069158,-0.0006088280248945883,0.0025557081162012906,0.005993666812869591,0.0012778540581006453,1.7499621080321455,1.0,41.0,40.0,True,False,True,-350.0,100.0,40.0,-490.0,2018-2019,-590.0
2019-06-10,2894.75,2886.75,2873.5,0.007367952544586258,-0.0027674496604172586,0.002229533956445534,0.005228720603186809,0.001114766978222767,1.409131048252153,1.0,47.0,40.0,True,False,True,-1600.0,100.0,40.0,-1740.0,2018-2019,-1840.0
2019-06-11,2884.5,2886.25,2886.75,-0.0007797271350210455,0.0006065069717610602,0.0022636276036810754,0.00530867729333853,0.0011318138018405377,-0.14687785524267372,0.0,46.0,40.0,False,False,False,0.0,0.0,0.0,0.0,2018-2019,0.0
2019-06-12,2881.25,2880.75,2886.25,-0.001733853923746483,-0.00017355085083477947,0.0020189079037012305,0.004734758724576168,0.0010094539518506153,-0.3661968908250312,0.0,52.0,40.0,False,False,False,0.0,0.0,0.0,0.0,2018-2019,0.0
2019-06-13,2888.5,2893.25,2880.75,0.0026866593271964445,0.0016431015068669873,0.0020150893130067996,0.00472580333558943,0.0010075446565033998,0.5685084918713293,0.0,52.0,40.0,False,False,False,0.0,0.0,0.0,0.0,2018-2019,0.0
2019-06-14,2888.0,2888.25,2893.25,-0.0018162167154703404,8.656135041102394e-05,0.001692469401909213,0.003969192577866954,0.0008462347009546065,-0.4575783814567083,0.0,62.0,40.0,False,False,False,0.0,0.0,0.0,0.0,2018-2019,0.0
2019-06-18,2925.5,2923.5,2895.0,0.01048029522119511,-0.0006838776125655731,0.0026264844274328136,0.006159651975680843,0.0013132422137164068,1.701442754001811,1.0,39.0,39.0,False,False,True,-390.0,97.5,39.0,-526.5,2018-2019,-624.0
2019-06-19,2928.75,2931.0,2923.5,0.001794182206280288,0.0007679508888870585,0.00246078683697941,0.005771056680867136,0.001230393418489705,0.3108931874172307,0.0,42.0,40.0,False,False,False,0.0,0.0,0.0,0.0,2018-2019,0.0
2019-06-20,2954.75,2958.25,2931.0,0.008070383181457648,0.0011838323723181937,0.00273276583097279,0.006408903960750873,0.001366382915486395,1.2592454545866085,1.0,37.0,37.0,False,False,True,647.5,92.5,37.0,518.0,2018-2019,425.5
2019-06-21,2959.5,2954.75,2958.25,0.0004224578661114337,-0.001606290238429715,0.0020044486889182643,0.004700848860129819,0.0010022243444591321,0.08986842135991735,0.0,51.0,40.0,False,False,False,0.0,0.0,0.0,0.0,2018-2019,0.0
2019-06-24,2953.0,2950.75,2954.75,-0.0005924421484272796,-0.0007622274347442897,0.0023566258572698196,0.005526777530472881,0.0011783129286349098,-0.10719486086797295,0.0,43.0,40.0,False,False,False,0.0,0.0,0.0,0.0,2018-2019,0.0
2019-06-25,2926.75,2922.0,2950.75,-0.008166782949396535,-0.0016242790491370373,0.0020286417671587583,0.004757586657858746,0.0010143208835793791,-1.716581018215687,-1.0,51.0,40.0,True,False,True,950.0,100.0,40.0,810.0,2018-2019,710.0
2019-06-26,2920.75,2918.75,2922.0,-0.00042788071338699596,-0.000684990180050325,0.0022603627191470875,0.00530102046040242,0.0011301813595735438,-0.08071666890991663,0.0,46.0,40.0,False,False,False,0.0,0.0,0.0,0.0,2018-2019,0.0
2019-06-27,2929.5,2928.0,2918.75,0.0036763175676359458,-0.0005121639036411111,0.0023397890310656575,0.005487291672986176,0.0011698945155328288,0.6699694105444369,0.0,44.0,40.0,False,False,False,0.0,0.0,0.0,0.0,2018-2019,0.0
2019-06-28,2936.25,2943.25,2928.0,0.0028136608919203635,0.0023811559851836927,0.002119945499420228,0.004971712890223695,0.001059972749710114,0.565933905285059,0.0,49.0,40.0,False,False,False,0.0,0.0,0.0,0.0,2018-2019,0.0
2019-07-01,2956.25,2968.25,2943.25,0.00440716028193699,0.004050980305658591,0.0024920103799816514,0.005844282379954755,0.0012460051899908257,0.7540977652026302,0.0,41.0,40.0,False,False,False,0.0,0.0,0.0,0.0,2019-2020,0.0
2019-07-02,2966.75,2976.75,2968.25,-0.0005054760006531182,0.0033650237860360765,0.0022445790524048075,0.005264004480784524,0.0011222895262024038,-0.09602499437420393,0.0,45.0,40.0,False,False,False,0.0,0.0,0.0,0.0,2019-2020,0.0
2019-07-08,2976.75,2979.75,2995.0,-0.006112130218265295,0.0010073030315335349,0.0023835767119346715,0.005589982887203247,0.0011917883559673357,-1.0934076797010173,-1.0,43.0,40.0,True,False,True,-600.0,100.0,40.0,-740.0,2019-2020,-840.0
2019-07-09,2979.5,2983.5,2979.75,-8.390317578442288e-05,0.0013416067751030314,0.002399218113669213,0.005626665225803959,0.0011996090568346066,-0.01491170567597337,0.0,42.0,40.0,False,False,False,0.0,0.0,0.0,0.0,2019-2020,0.0
2019-07-10,2996.25,2997.0,2983.5,0.004264398786457518,0.000250281568069194,0.002568607181406943,0.006023917802233382,0.0012843035907034715,0.7079111844581415,0.0,39.0,39.0,False,False,False,0.0,0.0,0.0,0.0,2019-2020,0.0
2019-07-11,2998.25,3003.25,2997.0,0.0004169967951673009,0.001666250489654029,0.002509989693773985,0.005886447608335942,0.0012549948468869926,0.07084014382066046,0.0,40.0,40.0,False,False,False,0.0,0.0,0.0,0.0,2019-2020,0.0
2019-07-12,3013.75,3017.0,3003.25,0.0034901148938964203,0.0010778096636803237,0.0025295759194989198,0.005932381379243789,0.0012647879597494599,0.5883160017506008,0.0,40.0,40.0,False,False,False,0.0,0.0,0.0,0.0,2019-2020,0.0
2019-07-15,3016.5,3017.75,3017.0,-0.00016574127824461356,0.00041430170042002645,0.0023441115930801755,0.005497428979484031,0.0011720557965400878,-0.030148871202001312,0.0,43.0,40.0,False,False,False,0.0,0.0,0.0,0.0,2019-2020,0.0
2019-07-16,3008.0,3007.25,3017.75,-0.0032361145115059873,-0.0002493661955485225,0.0022871529442887637,0.005363849107509288,0.0011435764721443818,-0.6033194533708056,0.0,44.0,40.0,False,False,False,0.0,0.0,0.0,0.0,2019-2020,0.0
2019-07-17,2995.5,2987.25,3007.25,-0.003914877350202355,-0.002757930794116346,0.002235251856793487,0.005242130268139378,0.0011176259283967435,-0.7468103900424219,0.0,45.0,40.0,False,False,False,0.0,0.0,0.0,0.0,2019-2020,0.0
2019-07-18,2998.25,2997.25,2987.25,0.003675553381967175,-0.000333583524067478,0.0022782610625607215,0.005342995796413441,0.0011391305312803608,0.6879199464155372,0.0,44.0,40.0,False,False,False,0.0,0.0,0.0,0.0,2019-2020,0.0
2019-07-19,2991.5,2980.0,2997.25,-0.0019202677576765608,-0.003851633330636357,0.0022383576950477206,0.005249414104486937,0.0011191788475238603,-0.36580611082581804,0.0,45.0,40.0,False,False,False,0.0,0.0,0.0,0.0,2019-2020,0.0
2019-07-22,2988.0,2987.75,2980.0,0.0026809667532577425,-8.367150571756035e-05,0.0025164027217769495,0.005901487492142588,0.0012582013608884747,0.4542866111005504,0.0,40.0,40.0,False,False,False,0.0,0.0,0.0,0.0,2019-2020,0.0
2019-07-23,3006.0,3007.75,2987.75,0.006089695565929533,0.000581999600714134,0.0025273959497816904,0.005927268897084973,0.0012636979748908452,1.0274032900590089,1.0,40.0,40.0,False,False,True,350.0,100.0,40.0,210.0,2019-2020,110.0
2019-07-24,3017.0,3021.75,3007.75,0.0030706692454272096,0.0015731735805053202,0.0022423259520319683,0.00525872049203591,0.0011211629760159842,0.58391946293354,0.0,45.0,40.0,False,False,False,0.0,0.0,0.0,0.0,2019-2020,0.0
2019-07-25,3003.75,3006.5,3021.75,-0.005974625688887695,0.0009151034289446714,0.002312323567697965,0.005422879451870837,0.0011561617838489824,-1.101744145691181,-1.0,44.0,40.0,True,False,True,-550.0,100.0,40.0,-690.0,2019-2020,-790.0
2019-07-26,3028.0,3026.75,3006.5,0.007125724077715989,-0.00041289896948975966,0.0022918409874582413,0.0053748435432917135,0.0011459204937291207,1.3257546978478156,1.0,44.0,40.0,True,False,True,-250.0,100.0,40.0,-390.0,2019-2020,-490.0
2019-07-29,3022.0,3021.5,3026.75,-0.001570572755164773,-0.00016546703107171625,0.002287920278304847,0.005365648665290331,0.0011439601391524236,-0.29270883226563077,0.0,44.0,40.0,False,False,False,0.0,0.0,0.0,0.0,2019-2020,0.0
2019-07-30,3014.75,3014.75,3021.5,-0.0022364888179113116,0.0,0.0022902297365179933,0.0053710648248901285,0.0011451148682589966,-0.4163957968906215,0.0,44.0,40.0,False,False,False,0.0,0.0,0.0,0.0,2019-2020,0.0
2019-07-31,2982.0,2979.5,3014.75,-0.010922691659018196,-0.000838715137650187,0.0022603279440832186,0.005300938905648611,0.0011301639720416093,-2.0605201933904804,-1.0,45.0,40.0,True,False,True,500.0,100.0,40.0,360.0,2019-2020,260.0
2019-08-01,2957.0,2954.0,2979.5,-0.0075802603345563645,-0.0010150567611521256,0.003035070003545262,0.007117870088398025,0.001517535001772631,-1.0649618833184418,-1.0,34.0,34.0,False,False,True,510.0,85.0,34.0,391.0,2019-2020,306.0
2019-08-02,2927.5,2931.75,2954.0,-0.009011367619452672,0.0014506978693015619,0.003103404773527434,0.007278129329432169,0.001551702386763717,-1.2381433760748695,-1.0,33.0,33.0,False,False,True,-701.25,82.5,33.0,-816.75,2019-2020,-899.25
2019-08-05,2831.25,2844.5,2931.75,-0.034881204109829776,0.004668994959358007,0.0035068879139605563,0.008224381169787453,0.0017534439569802782,-4.241194977436975,-1.0,30.0,30.0,False,False,True,-1987.5,75.0,30.0,-2092.5,2019-2020,-2167.5
2019-08-06,2873.5,2881.5,2844.5,0.010143493757094042,0.0027801929289248194,0.003954484784087016,0.009274088876631847,0.001977242392043508,1.093745584286221,1.0,27.0,27.0,False,False,True,1080.0,67.5,27.0,985.5,2019-2020,918.0
2019-08-07,2884.25,2883.25,2881.5,0.0009539089306779824,-0.0003467707013509724,0.004895873791733983,0.011481841795427784,0.0024479368958669917,0.08307978351154788,0.0,21.0,21.0,False,False,False,0.0,0.0,0.0,0.0,2019-2020,0.0
2019-08-08,2929.5,2938.75,2883.25,0.01591362987879515,0.003152560869435951,0.005096022984743066,0.011951233260030655,0.002548011492371533,1.33154709079407,1.0,20.0,20.0,False,False,True,925.0,50.0,20.0,855.0,2019-2020,805.0
2019-08-09,2922.25,2918.5,2938.75,-0.0056304533663995935,-0.001284081844034009,0.0051012950632441665,0.011963597380074948,0.0025506475316220832,-0.4706321340917877,0.0,20.0,20.0,False,False,False,0.0,0.0,0.0,0.0,2019-2020,0.0
2019-08-12,2876.0,2883.75,2918.5,-0.014669345802908358,0.0026910906470260557,0.005183982975218774,0.012157517722811245,0.002591991487609387,-1.206606984860417,-1.0,20.0,20.0,False,False,True,-775.0,50.0,20.0,-845.0,2019-2020,-895.0
2019-08-13,2931.5,2927.25,2883.75,0.016422706916306287,-0.0014508216754357667,0.005929753588577313,0.013906504841866283,0.0029648767942886565,1.1809370580927596,1.0,17.0,17.0,False,False,True,-361.25,42.5,17.0,-420.75,2019-2020,-463.25
2019-08-14,2847.25,2841.0,2927.25,-0.027709799574373577,-0.002197513300272585,0.0061984469709851385,0.014536646679569247,0.0030992234854925692,-1.9062030043915659,-1.0,17.0,17.0,False,False,True,531.25,42.5,17.0,471.75,2019-2020,429.25
2019-08-15,2843.0,2847.75,2841.0,0.0007037297968118593,0.001669376129021649,0.006138303488759384,0.014395597711128078,0.003069151744379692,0.04888506965347208,0.0,17.0,17.0,False,False,False,0.0,0.0,0.0,0.0,2019-2020,0.0
2019-08-16,2888.0,2889.75,2847.75,0.014035012232695366,0.00060577216165984,0.006266701199174661,0.014696717033356607,0.0031333505995873303,0.9549760127272374,0.0,17.0,17.0,False,False,False,0.0,0.0,0.0,0.0,2019-2020,0.0
2019-08-19,2927.5,2924.5,2889.75,0.01297882329749571,-0.0010252905887919675,0.005910428768868948,0.013861184122408353,0.002955214384434474,0.9363430413216867,0.0,17.0,17.0,False,False,False,0.0,0.0,0.0,0.0,2019-2020,0.0
2019-08-20,2909.25,2901.25,2924.5,-0.005228209894894209,-0.0027536373995394638,0.005683147310255294,0.013328161854709784,0.002841573655127647,-0.3922678874916808,0.0,18.0,18.0,False,False,False,0.0,0.0,0.0,0.0,2019-2020,0.0
2019-08-21,2920.75,2924.75,2901.25,0.006698754008611056,0.0013685743304531366,0.004974237203098637,0.011665620285256932,0.0024871186015493186,0.5742304176552853,0.0,21.0,21.0,False,False,False,0.0,0.0,0.0,0.0,2019-2020,0.0
2019-08-22,2929.0,2923.25,2924.75,0.0014520609000225838,-0.00196505680730563,0.004846820262324072,0.01136680107171818,0.002423410131162036,0.1277457827282178,0.0,21.0,21.0,False,False,False,0.0,0.0,0.0,0.0,2019-2020,0.0
2019-08-23,2858.5,2847.75,2923.25,-0.022398999316401894,-0.00376780292400461,0.005317784330329391,0.01247130971515953,0.0026588921651646957,-1.796042262439745,-1.0,20.0,20.0,False,False,True,1075.0,50.0,20.0,1005.0,2019-2020,955.0
2019-08-26,2869.0,2879.5,2847.75,0.007434328201343479,0.003653130965362289,0.005594307182945816,0.013119813288091236,0.002797153591472908,0.5666489330371467,0.0,19.0,19.0,False,False,False,0.0,0.0,0.0,0.0,2019-2020,0.0
2019-08-27,2876.25,2868.0,2879.5,-0.001129305597151414,-0.002872439630064637,0.0049323059045453645,0.011567282673474868,0.0024661529522726823,-0.0976292902170571,0.0,21.0,21.0,False,False,False,0.0,0.0,0.0,0.0,2019-2020,0.0
2019-08-28,2889.0,2888.25,2868.0,0.007295498746724193,-0.00025963910310727504,0.004596553553426615,0.010779873613932291,0.0022982767767133075,0.6767703414718361,0.0,23.0,23.0,False,False,False,0.0,0.0,0.0,0.0,2019-2020,0.0
2019-08-29,2926.0,2924.75,2888.25,0.012985520216941762,-0.0004272956523587084,0.004410645842538241,0.010343881385420528,0.0022053229212691205,1.2553817791496107,1.0,23.0,23.0,False,False,True,-143.75,57.5,23.0,-224.25,2019-2020,-281.75
2019-08-30,2920.25,2923.25,2924.75,-0.0015397778919053415,0.0010267819846222518,0.004293282755465119,0.010068640548805878,0.0021466413777325596,-0.15292808243988373,0.0,24.0,24.0,False,False,False,0.0,0.0,0.0,0.0,2019-2020,0.0
2019-09-04,2934.25,2938.0,2906.25,0.009588293644566792,0.0012771937535892338,0.004342625514317178,0.01018435957568231,0.002171312757158589,0.9414724188903568,0.0,24.0,24.0,False,False,False,0.0,0.0,0.0,0.0,2019-2020,0.0
2019-09-05,2978.0,2976.25,2938.0,0.013522856510131668,-0.0005878154428817093,0.004488988329480127,0.01052761080312852,0.0022444941647400637,1.2845133395426285,1.0,23.0,23.0,False,False,True,-201.25,57.5,23.0,-281.75,2019-2020,-339.25
2019-09-06,2982.0,2979.0,2976.25,0.0019300975236112995,-0.0010065426114013946,0.004329348379215533,0.01015322193381928,0.0021646741896077667,0.19009704862082788,0.0,23.0,23.0,False,False,False,0.0,0.0,0.0,0.0,2019-2020,0.0
2019-09-09,2973.75,2979.25,2979.0,-0.0017638910961149017,0.0018478083537481424,0.003297025029377025,0.007732209079161152,0.0016485125146885125,-0.22812252980441416,0.0,31.0,31.0,False,False,False,0.0,0.0,0.0,0.0,2019-2020,0.0
2019-09-10,2965.5,2979.5,2979.25,-0.004625938692134293,0.004709848908252269,0.0033043741991502953,0.0077494444100242345,0.0016521870995751477,-0.5969381090275898,0.0,31.0,31.0,False,False,False,0.0,0.0,0.0,0.0,2019-2020,0.0
2019-09-11,2992.0,3000.5,2979.5,0.004186558907334375,0.0028368813351997567,0.003221370222277637,0.007554782829398467,0.0016106851111388186,0.5541600601731289,0.0,31.0,31.0,False,False,False,0.0,0.0,0.0,0.0,2019-2020,0.0
2019-09-12,3018.75,3010.0,3000.5,0.006063896971315182,-0.002902759657961351,0.002903989329353287,0.006810458658378865,0.0014519946646766434,0.8903801161548507,0.0,34.0,34.0,False,False,False,0.0,0.0,0.0,0.0,2019-2020,0.0
2019-09-13,3009.25,3007.5,3010.0,-0.00024920048307719444,-0.0005817094110102372,0.0028628192875456084,0.006713906351915202,0.0014314096437728042,-0.03711706270763038,0.0,35.0,35.0,False,False,False,0.0,0.0,0.0,0.0,2019-2020,0.0
2019-09-17,3002.0,3008.25,3000.5,0.0004997917638397538,0.002079781124864771,0.0024596028472146877,0.005768279978741175,0.0012298014236073438,0.08664485178974002,0.0,41.0,40.0,False,False,False,0.0,0.0,0.0,0.0,2019-2020,0.0
2019-09-18,2988.75,3009.25,3008.25,-0.006503274545737441,0.006835638487309627,0.0023890546825081505,0.005602829866958095,0.0011945273412540753,-1.1607124792579537,-1.0,42.0,40.0,True,False,True,-4100.0,100.0,40.0,-4240.0,2019-2020,-4340.0
2019-09-19,3013.25,3008.25,3009.25,0.001328352208608831,-0.0016607161501810423,0.002147350266972063,0.005035982767033407,0.0010736751334860315,0.2637721910615941,0.0,47.0,40.0,False,False,False,0.0,0.0,0.0,0.0,2019-2020,0.0
2019-09-20,3000.25,2992.25,3008.25,-0.002662895806721252,-0.0026700057580708613,0.002242582097727683,0.005259321206939906,0.0011212910488638415,-0.5063192951986739,0.0,45.0,40.0,False,False,False,0.0,0.0,0.0,0.0,2019-2020,0.0
2019-09-23,2997.25,2993.75,2992.25,0.0016695888342831298,-0.0011684194285376348,0.002370211188280596,0.0055586379558105635,0.001185105594140298,0.3003593411831891,0.0,43.0,40.0,False,False,False,0.0,0.0,0.0,0.0,2019-2020,0.0
2019-09-24,2967.75,2968.75,2993.75,-0.008722692225581955,0.00033689884930789053,0.00291290053183669,0.0068313572806624305,0.001456450265918345,-1.2768607858168008,-1.0,35.0,35.0,False,False,True,-175.0,87.5,35.0,-297.5,2019-2020,-385.0
2019-09-25,2985.5,2986.5,2968.75,0.005626248204095772,0.0003348961853136262,0.0029538398497160902,0.00692736849155141,0.0014769199248580451,0.8121768332314818,0.0,34.0,34.0,False,False,False,0.0,0.0,0.0,0.0,2019-2020,0.0
2019-09-26,2979.5,2979.75,2986.5,-0.002346631985327105,8.390317578441177e-05,0.002914800030448791,0.006835811999775411,0.0014574000152243955,-0.3432850384715383,0.0,35.0,35.0,False,False,False,0.0,0.0,0.0,0.0,2019-2020,0.0
2019-09-27,2949.0,2962.75,2979.75,-0.010373274547541758,0.004651761253281833,0.0030191179345155296,0.007080459170408601,0.0015095589672577648,-1.4650567566147175,-1.0,34.0,34.0,False,False,True,-2337.5,85.0,34.0,-2456.5,2019-2020,-2541.5
2019-09-30,2980.25,2977.75,2962.75,0.005889298529552945,-0.0008392078371006768,0.0029674751471963664,0.006959346098647095,0.0014837375735981832,0.8462430875075795,0.0,34.0,34.0,False,False,False,0.0,0.0,0.0,0.0,2019-2020,0.0
2019-10-01,2947.0,2940.75,2977.75,-0.010380278023315545,-0.0021230528971439783,0.0036881649136953332,0.008649513418012206,0.0018440824568476666,-1.2000996497327934,-1.0,28.0,28.0,False,False,True,875.0,70.0,28.0,777.0,2019-2020,707.0
2019-10-02,2892.25,2888.0,2940.75,-0.01662990493155242,-0.0014705248962813909,0.003988720023260963,0.00935437762931325,0.0019943600116304814,-1.777767115092755,-1.0,26.0,26.0,False,False,True,552.5,65.0,26.0,461.5,2019-2020,396.5
2019-10-03,2904.25,2911.0,2888.0,0.005610960380867415,0.0023214833520390906,0.00398840671085689,0.009353642846594342,0.001994203355428445,0.5998690000132262,0.0,26.0,26.0,False,False,False,0.0,0.0,0.0,0.0,2019-2020,0.0
2019-10-04,2942.75,2950.5,2911.0,0.010847853546966742,0.0026301292046334085,0.004213637247632133,0.009881855276236388,0.0021068186238160664,1.0977547478410619,1.0,24.0,24.0,False,False,True,930.0,60.0,24.0,846.0,2019-2020,786.0
2019-10-07,2944.0,2937.75,2950.5,-0.002205446648456604,-0.0021252186347164694,0.004295820819449398,0.010074592836461527,0.002147910409724699,-0.21891174008290915,0.0,24.0,24.0,False,False,False,0.0,0.0,0.0,0.0,2019-2020,0.0
2019-10-08,2910.75,2891.5,2937.75,-0.00923320229692496,-0.006635381318852422,0.004282911568297625,0.01004431795893663,0.0021414557841488123,-0.9192463176367287,0.0,24.0,24.0,False,False,False,0.0,0.0,0.0,0.0,2019-2020,0.0
2019-10-09,2925.5,2918.5,2891.5,0.011690007630017782,-0.0023956205844450898,0.004413611535582669,0.01035083655211772,0.0022068057677913345,1.1293780527938175,1.0,23.0,23.0,False,False,True,-805.0,57.5,23.0,-885.5,2019-2020,-943.0
2019-10-10,2934.0,2938.5,2918.5,0.005296894059081263,0.0015325673497782106,0.004486075264036846,0.01052077905909624,0.002243037632018423,0.5034697553601396,0.0,23.0,23.0,False,False,False,0.0,0.0,0.0,0.0,2019-2020,0.0
2019-10-11,2989.75,2968.75,2938.5,0.017290524796211647,-0.007048783065965481,0.004492017203430053,0.010534714142183146,0.0022460086017150266,1.6412903627804059,1.0,23.0,23.0,False,False,True,-2415.0,57.5,23.0,-2495.5,2019-2020,-2553.0
2019-10-14,2968.0,2966.25,2968.75,-0.00025266349568029686,-0.0005897965372977257,0.004645147156961979,0.010893835715856733,0.0023225735784809893,-0.023193253714348532,0.0,22.0,22.0,False,False,False,0.0,0.0,0.0,0.0,2019-2020,0.0
2019-10-15,2999.0,2995.25,2966.25,0.010980370999035793,-0.0012511992290006814,0.004164908501890724,0.00976757623774542,0.002082454250945362,1.1241653744768019,1.0,24.0,24.0,False,False,True,-450.0,60.0,24.0,-534.0,2019-2020,-594.0
2019-10-16,2991.25,2990.5,2995.25,-0.001336340297425339,-0.00025076273797140796,0.0037967412289310488,0.008904147448074783,0.0018983706144655244,-0.15008065681956748,0.0,27.0,27.0,False,False,False,0.0,0.0,0.0,0.0,2019-2020,0.0
2019-10-17,3001.25,2997.75,2990.5,0.0035882710508511576,-0.0011668612759203323,0.0038178724291312613,0.008953704505296313,0.0019089362145656306,0.40075826142448817,0.0,26.0,26.0,False,False,False,0.0,0.0,0.0,0.0,2019-2020,0.0
2019-10-18,2991.5,2985.25,2997.75,-0.0020870734294561447,-0.0020914384165924677,0.0035664337328512605,0.008364028493465727,0.0017832168664256303,-0.24952968908303455,0.0,28.0,28.0,False,False,False,0.0,0.0,0.0,0.0,2019-2020,0.0
2019-10-21,3004.75,3005.75,2985.25,0.006510874419404271,0.00033275102212022774,0.0033858566293012006,0.007940537647288493,0.0016929283146506003,0.8199538505591724,0.0,30.0,30.0,False,False,False,0.0,0.0,0.0,0.0,2019-2020,0.0
2019-10-22,3002.0,2995.25,3005.75,-0.001248387661611235,-0.002251032673398876,0.0028415987871907656,0.0066641398672673555,0.0014207993935953828,-0.187329150719512,0.0,35.0,35.0,False,False,False,0.0,0.0,0.0,0.0,2019-2020,0.0
2019-10-23,2995.25,3003.75,2995.25,0.0,0.002833807530670157,0.002646527164371381,0.006206656360284169,0.0013232635821856906,0.0,0.0,38.0,38.0,False,False,False,0.0,0.0,0.0,0.0,2019-2020,0.0
2019-10-24,3005.75,3008.75,3003.75,0.0006656128043398784,0.000997589242263275,0.0024837199809120297,0.005824839670729066,0.0012418599904560148,0.1142714378362567,0.0,41.0,40.0,False,False,False,0.0,0.0,0.0,0.0,2019-2020,0.0
2019-10-25,3021.0,3021.0,3008.75,0.00406319228939029,0.0,0.0023567567189665775,0.005527084428355296,0.0011783783594832887,0.7351420703011371,0.0,42.0,40.0,False,False,False,0.0,0.0,0.0,0.0,2019-2020,0.0
2019-10-28,3039.0,3038.0,3021.0,0.005940611530121155,-0.00032910976107494803,0.0020388452255377895,0.004781515888851602,0.0010194226127688947,1.2424117514640192,1.0,49.0,40.0,True,False,True,-200.0,100.0,40.0,-340.0,2019-2020,-440.0
2019-10-29,3035.0,3035.75,3038.0,-0.00098797966211958,0.00024708644032978537,0.001869845749283417,0.004385176985438894,0.0009349228746417085,-0.22529983747524784,0.0,53.0,40.0,False,False,False,0.0,0.0,0.0,0.0,2019-2020,0.0
2019-10-30,3040.0,3045.25,3035.75,0.0013990044663389854,0.0017254841798008836,0.0018769950427796958,0.004401943564882169,0.0009384975213898479,0.3178151754374965,0.0,53.0,40.0,False,False,False,0.0,0.0,0.0,0.0,2019-2020,0.0
2019-10-31,3025.5,3036.0,3045.25,-0.0065066325176921895,0.0034644924531444877,0.002035269348076395,0.004773129712851541,0.0010176346740381976,-1.3631794879098367,-1.0,49.0,40.0,True,False,True,-2100.0,100.0,40.0,-2240.0,2019-2020,-2340.0
2019-11-01,3061.0,3064.75,3036.0,0.008200800429891877,0.0012243400296910458,0.0020987780983221923,0.004922070934371329,0.0010493890491610962,1.666128046352368,1.0,47.0,40.0,True,False,True,750.0,100.0,40.0,610.0,2019-2020,510.0
2019-11-04,3077.0,3076.5,3064.75,0.003989096346938164,-0.0001625091414968108,0.002112625807476418,0.0049545466909985455,0.001056312903738209,0.8051385112962164,0.0,47.0,40.0,False,False,False,0.0,0.0,0.0,0.0,2019-2020,0.0
2019-11-05,3076.5,3073.0,3076.5,0.0,-0.001138304050060392,0.002138125117895638,0.0050143478747260144,0.001069062558947819,0.0,0.0,46.0,40.0,False,False,False,0.0,0.0,0.0,0.0,2019-2020,0.0
2019-11-06,3072.75,3074.0,3073.0,-8.135703539445519e-05,0.00040671900345102104,0.0019140814330600323,0.004488918859605095,0.0009570407165300161,-0.018123971036004074,0.0,51.0,40.0,False,False,False,0.0,0.0,0.0,0.0,2019-2020,0.0
2019-11-07,3086.25,3084.75,3074.0,0.003977116560848077,-0.0004861448807461197,0.001966419137353549,0.00461166165613074,0.0009832095686767746,0.862404238949512,0.0,50.0,40.0,False,False,False,0.0,0.0,0.0,0.0,2019-2020,0.0
2019-11-08,3084.25,3091.75,3084.75,-0.0001621008270692232,0.002428757670592485,0.0019945091083361645,0.004677538477425661,0.0009972545541680822,-0.034655156307434015,0.0,49.0,40.0,False,False,False,0.0,0.0,0.0,0.0,2019-2020,0.0
2019-11-11,3085.75,3086.0,3091.75,-0.0019425339981283417,8.10142990680748e-05,0.0019981485640753853,0.004686073757703872,0.0009990742820376926,-0.4145333809428052,0.0,49.0,40.0,False,False,False,0.0,0.0,0.0,0.0,2019-2020,0.0
2019-11-12,3085.75,3091.0,3086.0,-8.101429906806394e-05,0.001699923508078195,0.0020208393247071513,0.00473928830833868,0.0010104196623535757,-0.017094190898983917,0.0,48.0,40.0,False,False,False,0.0,0.0,0.0,0.0,2019-2020,0.0
2019-11-13,3093.0,3092.5,3091.0,0.0006468305529532651,-0.00016166841842669673,0.00205486624069763,0.004819088499848644,0.001027433120348815,0.13422259271096193,0.0,48.0,40.0,False,False,False,0.0,0.0,0.0,0.0,2019-2020,0.0
2019-11-14,3093.75,3096.25,3092.5,0.0004041220503574785,0.0008077544865688867,0.00175002121672891,0.004104163547485327,0.000875010608364455,0.09846636121630416,0.0,56.0,40.0,False,False,False,0.0,0.0,0.0,0.0,2019-2020,0.0
2019-11-15,3116.0,3119.0,3096.25,0.006358426187069483,0.0009623096171642964,0.0017279455155925678,0.004052391439225801,0.0008639727577962839,1.569055280672551,1.0,56.0,40.0,True,False,True,600.0,100.0,40.0,460.0,2019-2020,360.0
2019-11-18,3122.25,3120.75,3119.0,0.0010414581353911422,-0.00048053821203417524,0.0017518509550745053,0.0041084546642715936,0.0008759254775372526,0.2534914512865355,0.0,55.0,40.0,False,False,False,0.0,0.0,0.0,0.0,2019-2020,0.0
2019-11-19,3121.0,3119.25,3120.75,8.01057396190212e-05,-0.0005608749796487135,0.0017569621053991347,0.004120441374288328,0.0008784810526995673,0.019441057969877527,0.0,55.0,40.0,False,False,False,0.0,0.0,0.0,0.0,2019-2020,0.0
2019-11-20,3103.75,3108.25,3119.25,-0.004981530468754339,0.0014488090106704785,0.0019178522351997074,0.0044977621744966495,0.0009589261175998537,-1.1075575531762811,-1.0,51.0,40.0,True,False,True,-900.0,100.0,40.0,-1040.0,2019-2020,-1140.0
2019-11-21,3106.75,3102.75,3108.25,-0.00048270314694297023,-0.001288348676473422,0.001861462720550184,0.00436551704039619,0.000930731360275092,-0.11057181600169926,0.0,52.0,40.0,False,False,False,0.0,0.0,0.0,0.0,2019-2020,0.0
2019-11-22,3108.75,3109.5,3102.75,0.001931901107983873,0.00024122542632964834,0.0017705985141586093,0.004152421587564745,0.0008852992570793047,0.46524686071600635,0.0,55.0,40.0,False,False,False,0.0,0.0,0.0,0.0,2019-2020,0.0
2019-11-25,3129.0,3133.25,3109.5,0.006251523124938064,0.0013573398227495165,0.0017193016893065243,0.004032119869707184,0.0008596508446532622,1.5504308718361728,1.0,56.0,40.0,True,False,True,850.0,100.0,40.0,710.0,2019-2020,610.0
2019-11-26,3137.0,3139.75,3133.25,0.0011961246990464334,0.0008762497075579732,0.0016540234505447145,0.003879028829776229,0.0008270117252723573,0.30835674379750216,0.0,58.0,40.0,False,False,False,0.0,0.0,0.0,0.0,2019-2020,0.0
2019-11-27,3152.5,3153.25,3139.75,0.0040526099408384544,0.00023787812822792612,0.0016234009503977736,0.0038072127011290254,0.0008117004751988868,1.0644558786107896,1.0,59.0,40.0,True,False,True,150.0,100.0,40.0,10.0,2019-2020,-90.0
2019-12-03,3085.25,3093.25,3114.75,-0.009516200845679699,0.0025896267607922936,0.002206484502162161,0.005174664841373778,0.0011032422510810806,-1.8389984931185077,-1.0,44.0,40.0,True,False,True,-1600.0,100.0,40.0,-1740.0,2019-2020,-1840.0
2019-12-04,3118.25,3113.0,3093.25,0.008049628911733279,-0.001685055564210274,0.0022627775605125367,0.0053066837654014085,0.0011313887802562683,1.516884982710928,1.0,43.0,40.0,True,False,True,-1050.0,100.0,40.0,-1190.0,2019-2020,-1290.0
2019-12-05,3113.5,3118.0,3113.0,0.00016060387089839327,0.0014442753052151727,0.0021828104386713383,0.005119144241125569,0.0010914052193356691,0.03137318726207265,0.0,44.0,40.0,False,False,False,0.0,0.0,0.0,0.0,2019-2020,0.0
2019-12-06,3147.25,3146.25,3118.0,0.009337285028646912,-0.0003177881968429955,0.0023284724584509047,0.005460751957716465,0.0011642362292254523,1.7098899750340437,1.0,41.0,40.0,True,False,True,-200.0,100.0,40.0,-340.0,2019-2020,-440.0
2019-12-09,3140.75,3136.5,3146.25,-0.0017496425649983502,-0.0013540963477292579,0.00232573882985884,0.005454341030401603,0.00116286941492942,-0.32077982569225677,0.0,41.0,40.0,False,False,False,0.0,0.0,0.0,0.0,2019-2020,0.0
2019-12-10,3136.75,3132.75,3136.5,7.970350301122504e-05,-0.0012760189944147208,0.0024088067992224333,0.005649152686721367,0.0012044033996112167,0.014108930565564701,0.0,40.0,40.0,False,False,False,0.0,0.0,0.0,0.0,2019-2020,0.0
2019-12-11,3144.0,3141.75,3132.75,0.0035846615037027105,-0.0007159050538431684,0.002407972326570103,0.005647195674881551,0.0012039861632850515,0.6347684249099264,0.0,40.0,40.0,False,False,False,0.0,0.0,0.0,0.0,2019-2020,0.0
2019-12-12,3164.25,3168.25,3141.75,0.007136091177303735,0.0012633242896158549,0.0025407992396732377,0.005958702398155371,0.0012703996198366188,1.1975914721824077,1.0,38.0,38.0,False,False,True,760.0,95.0,38.0,627.0,2019-2020,532.0
2019-12-13,3169.75,3169.75,3168.25,0.0004733354458837968,0.0,0.0026721324855929107,0.006266706161380572,0.0013360662427964554,0.07553177597519903,0.0,36.0,36.0,False,False,False,0.0,0.0,0.0,0.0,2019-2020,0.0
2019-12-17,3198.5,3195.5,3195.75,0.0008601478420612407,-0.0009383797998558872,0.0020699099799074334,0.004854369195586812,0.0010349549899537167,0.17719044584478977,0.0,46.0,40.0,False,False,False,0.0,0.0,0.0,0.0,2019-2020,0.0
2019-12-18,3200.75,3196.75,3195.5,0.0016415872359518593,-0.001250488635010743,0.0020213053312246217,0.004740381190495541,0.0010106526656123108,0.3462985717779911,0.0,47.0,40.0,False,False,False,0.0,0.0,0.0,0.0,2019-2020,0.0
2019-12-19,3209.5,3210.5,3196.75,0.003980493060555255,0.00031152648227014934,0.0019559527756918874,0.0045871158622878055,0.0009779763878459437,0.8677550731343421,0.0,48.0,40.0,False,False,False,0.0,0.0,0.0,0.0,2019-2020,0.0
2019-12-20,3228.5,3224.0,3210.5,0.005590944832418571,-0.001394808440002794,0.0018366043679457033,0.004307219035986538,0.0009183021839728517,1.2980405188838986,1.0,51.0,40.0,True,False,True,-900.0,100.0,40.0,-1040.0,2019-2020,-1140.0
2019-12-23,3228.25,3226.0,3224.0,0.0013173701002421776,-0.0006972150416068165,0.001809330089865114,0.004243255184113037,0.000904665044932557,0.31046214358600877,0.0,52.0,40.0,False,False,False,0.0,0.0,0.0,0.0,2019-2020,0.0
2019-12-26,3235.0,3242.5,3226.0,0.0027859482498468783,0.0023157092555979035,0.001647015523239942,0.003862593783439228,0.000823507761619971,0.7212635876419519,0.0,57.0,40.0,False,False,False,0.0,0.0,0.0,0.0,2019-2020,0.0
2019-12-27,3245.0,3241.25,3242.5,0.0007707129475915242,-0.0011562922853162558,0.0015530661306722658,0.003642262927676595,0.0007765330653361329,0.2116027763221265,0.0,60.0,40.0,False,False,False,0.0,0.0,0.0,0.0,2019-2020,0.0
2019-12-30,3222.75,3222.75,3241.25,-0.005724025529659977,0.0,0.001430496908390859,0.0033548126217475887,0.0007152484541954295,-1.706213185366585,-1.0,66.0,40.0,True,False,True,-0.0,100.0,40.0,-140.0,2019-2020,-240.0
2019-12-31,3220.75,3229.5,3222.75,-0.0006207806515800248,0.002713074800893264,0.001365268809518269,0.0032018391702799305,0.0006826344047591345,-0.1938825214402481,0.0,69.0,40.0,False,False,False,0.0,0.0,0.0,0.0,2019-2020,0.0
2020-01-02,3248.25,3258.5,3229.5,0.005789063290318384,0.0031505770095892924,0.0015198481158460557,0.003564359777551143,0.0007599240579230278,1.6241523447713522,1.0,61.0,40.0,True,False,True,2050.0,100.0,40.0,1910.0,2019-2020,1810.0
2020-01-03,3242.0,3234.0,3258.5,-0.005076543476813673,-0.002470662158569271,0.002369011609467304,0.005555824694125056,0.001184505804733652,-0.9137335600566746,0.0,39.0,39.0,False,False,False,0.0,0.0,0.0,0.0,2019-2020,0.0
2020-01-06,3239.75,3246.5,3234.0,0.0017764051784718092,0.0020813266330175226,0.0025340038150096196,0.005942765714686908,0.0012670019075048098,0.29891893164854444,0.0,37.0,37.0,False,False,False,0.0,0.0,0.0,0.0,2019-2020,0.0
2020-01-07,3239.25,3237.0,3246.5,-0.002235671439621237,-0.000694846582675801,0.0025573010643702167,0.005997402607467648,0.0012786505321851084,-0.3727732796923617,0.0,37.0,37.0,False,False,False,0.0,0.0,0.0,0.0,2019-2020,0.0
2020-01-08,3262.5,3254.0,3237.0,0.00784679770470446,-0.002608763851965782,0.0026844202124396356,0.006295523435207713,0.0013422101062198178,1.2464091009210208,1.0,35.0,35.0,False,False,True,-1487.5,87.5,35.0,-1610.0,2019-2020,-1697.5
2020-01-09,3274.0,3275.5,3254.0,0.0061274701520970705,0.0004580502408507515,0.0026830642426450453,0.006292343404160517,0.0013415321213225227,0.9737977981375854,0.0,34.0,34.0,False,False,False,0.0,0.0,0.0,0.0,2019-2020,0.0
2020-01-10,3271.75,3265.75,3275.5,-0.0011455192363410591,-0.0018355645689172957,0.0027010960945915686,0.0063346318454349055,0.0013505480472957843,-0.18083438221695317,0.0,34.0,34.0,False,False,False,0.0,0.0,0.0,0.0,2019-2020,0.0
2020-01-13,3284.5,3288.5,3265.75,0.005724987965854938,0.0012171004088780853,0.0027047447915905668,0.006343188798388366,0.0013523723957952834,0.9025410007202533,0.0,34.0,34.0,False,False,False,0.0,0.0,0.0,0.0,2019-2020,0.0
2020-01-14,3285.0,3283.0,3288.5,-0.0010648818226948133,-0.0006090134171182388,0.0026619507669718074,0.006242827914639316,0.0013309753834859037,-0.17057683428974313,0.0,35.0,35.0,False,False,False,0.0,0.0,0.0,0.0,2019-2020,0.0
2020-01-15,3291.75,3291.0,3283.0,0.0026616997348603874,-0.00022786829311311057,0.0026970843808769955,0.006325223542819539,0.0013485421904384978,0.4208072199886085,0.0,34.0,34.0,False,False,False,0.0,0.0,0.0,0.0,2019-2020,0.0
2020-01-16,3308.0,3317.5,3291.0,0.005152307200242001,0.0028677100627806863,0.002600474560314047,0.006098653430358455,0.0013002372801570235,0.8448270194522545,0.0,35.0,35.0,False,False,False,0.0,0.0,0.0,0.0,2019-2020,0.0
2020-01-17,3325.5,3328.25,3317.5,0.0024085515181133327,0.0008266015875506856,0.0018572523339133455,0.004355642808478001,0.0009286261669566728,0.5529726894559006,0.0,49.0,40.0,False,False,False,0.0,0.0,0.0,0.0,2019-2020,0.0
2020-01-22,3328.0,3321.5,3321.5,0.001955034835803295,-0.0019550348358033506,0.001589183589635279,0.0037269658770390417,0.0007945917948176395,0.5245647264569294,0.0,57.0,40.0,False,False,False,0.0,0.0,0.0,0.0,2019-2020,0.0
2020-01-23,3324.25,3325.0,3321.5,0.0008275966315193215,0.00022558935313938134,0.0017282078186333224,0.004053006594383904,0.0008641039093166612,0.20419326054541598,0.0,53.0,40.0,False,False,False,0.0,0.0,0.0,0.0,2019-2020,0.0
2020-01-24,3293.0,3294.5,3325.0,-0.009670670713590271,0.00045540797751040087,0.002292469434692295,0.005376317382697124,0.0011462347173461474,-1.798753686810582,-1.0,40.0,40.0,False,False,True,-300.0,100.0,40.0,-440.0,2019-2020,-540.0
2020-01-27,3248.75,3241.25,3294.5,-0.013984104398174532,-0.0023112491028258342,0.0026974493809851004,0.006326079543949235,0.0013487246904925502,-2.210548302629239,-1.0,35.0,35.0,False,False,True,1312.5,87.5,35.0,1190.0,2019-2020,1102.5
2020-01-28,3280.75,3275.75,3241.25,0.012112996923521992,-0.0015252042917013907,0.002966014222302555,0.006955919926074169,0.0014830071111512776,1.7413939568390648,1.0,31.0,31.0,False,False,True,-775.0,77.5,31.0,-883.5,2019-2020,-961.0
2020-01-29,3284.0,3272.5,3275.75,0.002515341087624132,-0.0035079727882638217,0.0029659205253203614,0.0069557001871732044,0.0014829602626601807,0.3616229883315839,0.0,31.0,31.0,False,False,False,0.0,0.0,0.0,0.0,2019-2020,0.0
2020-01-30,3264.5,3282.75,3272.5,-0.0024476071573668054,0.005574874112426242,0.0030737298867107047,0.007208535551034088,0.0015368649433553524,-0.33954291270932113,0.0,30.0,30.0,False,False,False,0.0,0.0,0.0,0.0,2019-2020,0.0
2020-01-31,3230.25,3222.5,3282.75,-0.016121952136784776,-0.0024020777889872474,0.0038257363119815215,0.008972146945323447,0.0019128681559907608,-1.7968889982556542,-1.0,24.0,24.0,False,False,True,930.0,60.0,24.0,846.0,2019-2020,786.0
2020-02-03,3250.5,3246.75,3222.5,0.008651374831181015,-0.0011543346543237954,0.003973152626643754,0.00931786884809686,0.001986576313321877,0.9284714103856512,0.0,23.0,23.0,False,False,False,0.0,0.0,0.0,0.0,2019-2020,0.0
2020-02-04,3302.5,3296.25,3246.75,0.01702526140628068,-0.0018942987289839938,0.004072818848896507,0.009551606857885047,0.0020364094244482533,1.7824499751291563,1.0,22.0,22.0,False,False,True,-687.5,55.0,22.0,-764.5,2019-2020,-819.5
2020-02-05,3331.75,3333.5,3296.25,0.010712232792339888,0.0005251115982784543,0.004225001315252818,0.009908506377168268,0.002112500657626409,1.0811147901184797,1.0,21.0,21.0,False,False,True,183.75,52.5,21.0,110.25,2019-2020,57.75
2020-02-06,3342.25,3344.5,3333.5,0.002621429805117249,0.0006729726952307482,0.004214246920917283,0.009883285086828893,0.0021071234604586415,0.2652387118338554,0.0,21.0,21.0,False,False,False,0.0,0.0,0.0,0.0,2019-2020,0.0
2020-02-07,3328.0,3326.75,3344.5,-0.004945682617363575,-0.00037567151724733806,0.00399669307875041,0.009373076101874073,0.001998346539375205,-0.5276477608428598,0.0,23.0,23.0,False,False,False,0.0,0.0,0.0,0.0,2019-2020,0.0
2020-02-10,3342.25,3351.5,3326.75,0.004648381439380003,0.002763773934780509,0.0036781206244834086,0.008625957471804287,0.0018390603122417043,0.5388829535241962,0.0,25.0,25.0,False,False,False,0.0,0.0,0.0,0.0,2019-2020,0.0
2020-02-11,3359.25,3356.75,3351.5,0.002309727957506692,-0.000744490802701622,0.0035119192411137497,0.008236180677873536,0.0017559596205568748,0.2804367762003772,0.0,26.0,26.0,False,False,False,0.0,0.0,0.0,0.0,2019-2020,0.0
2020-02-12,3376.25,3378.5,3356.75,0.005792382154007896,0.000666197885404026,0.0034853814379455887,0.008173944012768018,0.0017426907189727944,0.7086398126730462,0.0,26.0,26.0,False,False,False,0.0,0.0,0.0,0.0,2019-2020,0.0
2020-02-13,3382.25,3374.75,3378.5,0.001109344491240443,-0.002219920994533242,0.0034563429633677777,0.00810584275336752,0.0017281714816838889,0.1368573910195301,0.0,26.0,26.0,False,False,False,0.0,0.0,0.0,0.0,2019-2020,0.0
2020-02-14,3372.25,3379.25,3374.75,-0.0007410701391472913,0.002073614014148119,0.0025624616556675665,0.006009505266843196,0.0012812308278337832,-0.12331633075289353,0.0,35.0,35.0,False,False,False,0.0,0.0,0.0,0.0,2019-2020,0.0
2020-02-19,3391.75,3386.0,3370.0,0.006433268019010462,-0.0016967286723373683,0.0020653701006876912,0.004843722235066825,0.0010326850503438456,1.3281661719650006,1.0,43.0,40.0,True,False,True,-1150.0,100.0,40.0,-1290.0,2019-2020,-1390.0
2020-02-20,3369.5,3372.0,3386.0,-0.004884918306808955,0.0007416747354743701,0.0021856346341605376,0.005125767566641251,0.0010928173170802688,-0.9530120598132942,0.0,41.0,40.0,False,False,False,0.0,0.0,0.0,0.0,2019-2020,0.0
2020-02-21,3335.5,3337.0,3372.0,-0.010883446972175918,0.00044960660180381193,0.0022156861125515754,0.005196244530566909,0.0011078430562757877,-2.094483219208419,-1.0,41.0,40.0,True,False,True,-300.0,100.0,40.0,-440.0,2019-2020,-540.0
2020-02-24,3248.25,3225.5,3337.0,-0.02695580998852822,-0.007028412790549375,0.003534660496915664,0.008289513650179272,0.001767330248457832,-3.2517963207582468,-1.0,26.0,26.0,False,False,True,2957.5,65.0,26.0,2866.5,2019-2020,2801.5
2020-02-25,3142.0,3127.75,3225.5,-0.026228437156729918,-0.004545643618057118,0.004904755062476593,0.01150267022155698,0.0024523775312382964,-2.2802042179367707,-1.0,20.0,20.0,False,False,True,1425.0,50.0,20.0,1355.0,2019-2020,1305.0
2020-02-26,3114.75,3116.25,3127.75,-0.004165004018536785,0.0004814636587950553,0.005542178695925117,0.012997561149562416,0.0027710893479625585,-0.3204450412358327,0.0,18.0,18.0,False,False,False,0.0,0.0,0.0,0.0,2019-2020,0.0
2020-02-27,3031.25,2973.75,3116.25,-0.027655280151974306,-0.019151293068625917,0.005702904641678805,0.013374496904050227,0.0028514523208394023,-2.0677622754990805,-1.0,17.0,17.0,False,False,True,4887.5,42.5,17.0,4828.0,2019-2020,4785.5
2020-03-03,3011.25,3001.0,3089.5,-0.025653990571953167,-0.003409708488714049,0.009621175125344638,0.022563655717968825,0.004810587562672319,-1.1369607342272696,-1.0,10.0,10.0,False,False,True,512.5,25.0,10.0,477.5,2019-2020,452.5
2020-03-04,3091.5,3127.0,3001.0,0.029710843558256386,0.011417668459217796,0.010125205041700872,0.02374571064951871,0.005062602520850436,1.2512088602771962,1.0,10.0,10.0,False,False,True,1775.0,25.0,10.0,1740.0,2019-2020,1715.0
2020-03-05,3020.25,3021.5,3127.0,-0.0347344690581681,0.0004137874019400569,0.010284653401868453,0.02411965020022272,0.0051423267009342265,-1.4400900829750576,-1.0,10.0,10.0,False,False,True,-62.5,25.0,10.0,-97.5,2019-2020,-122.5
2020-03-06,2906.0,2970.5,3021.5,-0.03897583167138505,0.02195272366556792,0.010488100949507374,0.02459677699209423,0.005244050474753687,-1.5845910089729422,-1.0,10.0,10.0,False,False,True,-3225.0,25.0,10.0,-3260.0,2019-2020,-3285.0
2020-03-09,2760.0,2736.0,2970.5,-0.07349960908460049,-0.008733679968754553,0.01220938129528477,0.028633537222548543,0.006104690647642385,-2.5669063697348746,-1.0,9.0,9.0,False,False,True,1080.0,22.5,9.0,1048.5,2019-2020,1026.0
2020-03-10,2819.25,2881.0,2736.0,0.029973892369955964,0.02166656397213151,0.013325520415909752,0.03125111548331598,0.006662760207954876,0.9591303192347842,0.0,8.0,8.0,False,False,False,0.0,0.0,0.0,0.0,2019-2020,0.0
2020-03-11,2731.0,2738.0,2881.0,-0.05346961361082352,0.002559884374689189,0.014437541901482146,0.03385903703391149,0.007218770950741073,-1.579182938878949,-1.0,8.0,8.0,False,False,True,-280.0,20.0,8.0,-308.0,2019-2020,-328.0
2020-03-12,2511.5,2469.75,2738.0,-0.08634754265829474,-0.016763253265516077,0.01539302025527846,0.03609983239831968,0.00769651012763923,-2.391909793528956,-1.0,8.0,8.0,False,False,True,1670.0,20.0,8.0,1642.0,2019-2020,1622.0
2020-03-13,2562.75,2703.5,2469.75,0.036963969738927606,0.0534663291585487,0.017033573626750936,0.039947271092512664,0.008516786813375468,0.9253190199982342,0.0,7.0,7.0,False,False,False,0.0,0.0,0.0,0.0,2019-2020,0.0
2020-03-16,2483.75,2387.0,2703.5,-0.08477771495603292,-0.039732167527196556,0.018357260961636243,0.043051593060825025,0.009178630480818122,-1.9692120297675293,-1.0,7.0,7.0,False,False,True,3386.25,17.5,7.0,3361.75,2019-2020,3344.25
2020-03-18,2331.5,2393.0,2531.25,-0.08220141460647366,0.02603597165999776,0.02098814773842848,0.04922156946091371,0.01049407386921424,-1.67002831292791,-1.0,6.0,6.0,False,False,True,-1845.0,15.0,6.0,-1866.0,2019-2020,-1881.0
2020-03-19,2427.25,2398.25,2393.0,0.014211120341880988,-0.012019624552197312,0.02274227028723452,0.05333535148470445,0.01137113514361726,0.2664484239117926,0.0,5.0,5.0,False,False,False,0.0,0.0,0.0,0.0,2019-2020,0.0
2020-03-20,2319.25,2284.25,2398.25,-0.03349544716467605,-0.015206114654650892,0.024378898561555847,0.05717358501012914,0.012189449280777923,-0.5858552889195567,0.0,5.0,5.0,False,False,False,0.0,0.0,0.0,0.0,2019-2020,0.0
2020-03-23,2217.0,2216.75,2284.25,-0.0298828122624185,-0.00011277135619507738,0.024840296330685248,0.0582556586940651,0.012420148165342624,-0.5129598211111269,0.0,5.0,5.0,False,False,False,0.0,0.0,0.0,0.0,2019-2020,0.0
2020-03-24,2402.25,2433.0,2216.75,0.08036363889726088,0.012719265626145402,0.024999001792606643,0.05862785599394819,0.012499500896303322,1.370741561921629,1.0,5.0,5.0,False,False,True,768.75,12.5,5.0,751.25,2019-2020,738.75
2020-03-25,2541.0,2466.5,2433.0,0.0434326405366414,-0.029757562646371114,0.02561257546029129,0.06006681379430855,0.012806287730145645,0.7230721557059969,0.0,5.0,5.0,False,False,False,0.0,0.0,0.0,0.0,2019-2020,0.0
2020-03-26,2583.75,2609.0,2466.5,0.046441690322185133,0.009725174140750463,0.025812206982562085,0.06053499121341679,0.012906103491281042,0.7671875289195044,0.0,5.0,5.0,False,False,False,0.0,0.0,0.0,0.0,2019-2020,0.0
2020-03-27,2572.75,2532.0,2609.0,-0.01399164042052739,-0.015965861452134265,0.024665141569253854,0.05784488436735214,0.012332570784626927,-0.24188207087893018,0.0,5.0,5.0,False,False,False,0.0,0.0,0.0,0.0,2019-2020,0.0
2020-03-30,2600.75,2614.0,2532.0,0.026790360686937718,0.005081750233162558,0.023674775984658867,0.055522271194366604,0.011837387992329433,0.48251557637389875,0.0,5.0,5.0,False,False,False,0.0,0.0,0.0,0.0,2019-2020,0.0
2020-03-31,2594.5,2572.5,2614.0,-0.007487795376372915,-0.00851563109958963,0.02182066179963965,0.05117398799740345,0.010910330899819826,-0.14632034104422043,0.0,5.0,5.0,False,False,False,0.0,0.0,0.0,0.0,2019-2020,0.0
2020-04-01,2453.0,2455.75,2572.5,-0.04756642344971536,0.001120448296489728,0.02091952114185609,0.04906062582586061,0.010459760570928045,-0.9695437563016647,0.0,6.0,6.0,False,False,False,0.0,0.0,0.0,0.0,2019-2020,0.0
2020-04-02,2489.75,2516.0,2455.75,0.01375009025676986,0.010488035008582149,0.019302611470265546,0.04526863652294101,0.009651305735132773,0.303744298766358,0.0,6.0,6.0,False,False,False,0.0,0.0,0.0,0.0,2019-2020,0.0
2020-04-03,2473.5,2479.25,2516.0,-0.017036187152567852,0.0023219433984711713,0.017480307969288882,0.040994955992859836,0.008740153984644441,-0.4155678848767413,0.0,7.0,7.0,False,False,False,0.0,0.0,0.0,0.0,2019-2020,0.0
2020-04-06,2623.5,2646.75,2479.25,0.05655320906053206,0.008823168096722676,0.015728057016515244,0.03688556325083229,0.007864028508257622,1.5332071432921928,1.0,7.0,7.0,False,False,True,813.75,17.5,7.0,789.25,2019-2020,771.75
2020-04-07,2665.75,2649.75,2646.75,0.007152971674799756,-0.006020147990924589,0.015170206659313588,0.0355772881973114,0.007585103329656794,0.2010544377393078,0.0,7.0,7.0,False,False,False,0.0,0.0,0.0,0.0,2019-2020,0.0
2020-04-08,2735.75,2738.25,2649.75,0.031940325391188025,0.0009134089053035226,0.013651541745102176,0.03201570327355734,0.006825770872551088,0.9976455965460058,0.0,8.0,8.0,False,False,False,0.0,0.0,0.0,0.0,2019-2020,0.0
2020-04-09,2763.25,2779.75,2738.25,0.009088492987208922,0.005953472392293747,0.012428255267617457,0.02914684218717074,0.0062141276338087284,0.31181741503404814,0.0,9.0,9.0,False,False,False,0.0,0.0,0.0,0.0,2019-2020,0.0
2020-04-13,2739.0,2753.0,2779.75,-0.014768105320280427,0.005098335879529238,0.011927025144052718,0.02797135335173759,0.005963512572026359,-0.5279724986693584,0.0,9.0,9.0,False,False,False,0.0,0.0,0.0,0.0,2019-2020,0.0
2020-04-14,2837.75,2837.0,2753.0,0.030320258492841364,-0.0002643288265974765,0.010864659455165505,0.025479884966811462,0.005432329727582752,1.1899684214561674,1.0,10.0,10.0,False,False,True,-37.5,25.0,10.0,-72.5,2019-2020,-97.5
2020-04-15,2790.75,2775.0,2837.0,-0.01643677891400975,-0.005659629714306717,0.01076953783093558,0.02525680498411744,0.00538476891546779,-0.650786151468719,0.0,10.0,10.0,False,False,False,0.0,0.0,0.0,0.0,2019-2020,0.0
2020-04-16,2780.25,2788.75,2775.0,0.0018901045184165476,0.003052615047790959,0.010359162546008745,0.02429438963218601,0.0051795812730043725,0.07780004136891237,0.0,10.0,10.0,False,False,False,0.0,0.0,0.0,0.0,2019-2020,0.0
2020-04-17,2833.75,2864.5,2788.75,0.016007456074996398,0.01079289202689377,0.010709217989862529,0.025115342417517898,0.005354608994931264,0.6373576680296913,0.0,10.0,10.0,False,False,False,0.0,0.0,0.0,0.0,2019-2020,0.0
2020-04-20,2814.5,2813.5,2864.5,-0.017609188944551258,-0.0003553660307476138,0.010065623244844737,0.023605978950032403,0.005032811622422369,-0.74596308764933,0.0,11.0,11.0,False,False,False,0.0,0.0,0.0,0.0,2019-2020,0.0
2020-04-21,2731.75,2727.25,2813.5,-0.029486830422478946,-0.0016486539729886698,0.009642073979861625,0.022612667876263193,0.004821036989930813,-1.30399608678778,-1.0,11.0,11.0,False,False,True,247.5,27.5,11.0,209.0,2019-2020,181.5
2020-04-22,2797.75,2789.0,2727.25,0.025521747220270476,-0.0031324140706475534,0.009090366397344136,0.021318798906336135,0.004545183198672068,1.1971475190699035,1.0,12.0,12.0,False,False,True,-525.0,30.0,12.0,-567.0,2019-2020,-597.0
2020-04-23,2810.75,2787.75,2789.0,0.007768243002380094,-0.00821653278439781,0.007821670461227122,0.018343443199742543,0.003910835230613561,0.42348881383889386,0.0,14.0,14.0,False,False,False,0.0,0.0,0.0,0.0,2019-2020,0.0
2020-04-24,2819.75,2827.75,2787.75,0.011413409674554887,0.0028331138914643133,0.007115776288273994,0.016687974622949103,0.003557888144136997,0.683930191196438,0.0,15.0,15.0,False,False,False,0.0,0.0,0.0,0.0,2019-2020,0.0
2020-04-27,2871.75,2869.25,2827.75,0.015440257614023086,-0.0008709284647358446,0.006906188034572425,0.01619644659883125,0.0034530940172862127,0.9533114266642454,0.0,15.0,15.0,False,False,False,0.0,0.0,0.0,0.0,2019-2020,0.0
2020-04-28,2871.25,2855.75,2869.25,0.0006968034425302894,-0.005412969389251497,0.006849722950484268,0.016064024238687826,0.003424861475242134,0.04337664287458814,0.0,15.0,15.0,False,False,False,0.0,0.0,0.0,0.0,2019-2020,0.0
2020-04-29,2938.0,2929.75,2855.75,0.028394572119766155,-0.002811982595110871,0.0068264084693070454,0.01600934693371495,0.0034132042346535227,1.7736246354914385,1.0,15.0,15.0,False,False,True,-618.75,37.5,15.0,-671.25,2019-2020,-708.75
2020-04-30,2890.75,2901.0,2929.75,-0.013401111129640554,0.003539521112332794,0.007061630614675347,0.01656099176256243,0.0035308153073376736,-0.8091973791047308,0.0,15.0,15.0,False,False,False,0.0,0.0,0.0,0.0,2019-2020,0.0
2020-05-01,2822.0,2824.25,2901.0,-0.027609651708644666,0.0007969891942788261,0.0063639033107037975,0.014924676191258797,0.0031819516553518988,-1.849933047446303,-1.0,17.0,17.0,False,False,True,-191.25,42.5,17.0,-250.75,2019-2020,-293.25
2020-05-04,2821.25,2833.0,2824.25,-0.0010627934752926733,0.004156171698771093,0.006196494455461118,0.014532067624776664,0.003098247227730559,-0.0731343606934947,0.0,17.0,17.0,False,False,False,0.0,0.0,0.0,0.0,2019-2020,0.0
2020-05-05,2889.25,2858.75,2833.0,0.019660732025034055,-0.010612486518559852,0.005754023990807307,0.01349438240444235,0.0028770119954036537,1.456956786593045,1.0,18.0,18.0,False,False,True,-2745.0,45.0,18.0,-2808.0,2019-2020,-2853.0
2020-05-06,2859.0,2840.0,2858.75,8.744698532084586e-05,-0.006667861167060033,0.005945026036096615,0.013942321906134088,0.0029725130180483076,0.006272053242607498,0.0,18.0,18.0,False,False,False,0.0,0.0,0.0,0.0,2019-2020,0.0
2020-05-07,2877.5,2874.0,2840.0,0.01311780944078605,-0.0012170739570675014,0.006146352852620919,0.014414475142684426,0.0030731764263104595,0.9100441959167376,0.0,17.0,17.0,False,False,False,0.0,0.0,0.0,0.0,2019-2020,0.0
2020-05-08,2913.75,2921.5,2874.0,0.013736123710996653,0.0026562716445247643,0.005851258921749691,0.0137224185306911,0.0029256294608748456,1.000998743791038,1.0,18.0,18.0,False,False,True,697.5,45.0,18.0,634.5,2019-2020,589.5
2020-05-11,2932.0,2922.25,2921.5,0.003587601012050422,-0.003330916518662482,0.006049116809346319,0.0141864364077854,0.0030245584046731597,0.2528895142462681,0.0,17.0,17.0,False,False,False,0.0,0.0,0.0,0.0,2019-2020,0.0
2020-05-12,2907.25,2863.0,2922.25,-0.005146250314727068,-0.015337591075037552,0.005748588712803808,0.013481635547639032,0.002874294356401904,-0.38172299618560035,0.0,18.0,18.0,False,False,False,0.0,0.0,0.0,0.0,2019-2020,0.0
2020-05-13,2793.25,2813.25,2863.0,-0.02466423367066771,0.007134606202659152,0.00663902691896464,0.015569898245301868,0.00331951345948232,-1.5840972935137845,-1.0,16.0,16.0,False,False,True,-1600.0,40.0,16.0,-1656.0,2019-2020,-1696.0
2020-05-14,2818.25,2846.5,2813.25,0.0017757262945341905,0.009974044466495934,0.007155236626039963,0.016780517318021833,0.0035776183130199813,0.10582071225105243,0.0,15.0,15.0,False,False,False,0.0,0.0,0.0,0.0,2019-2020,0.0
2020-05-15,2842.5,2858.75,2846.5,-0.0014062227664454654,0.005700519712299706,0.007141997394353634,0.01674946856754708,0.003570998697176817,-0.08395626170313794,0.0,15.0,15.0,False,False,False,0.0,0.0,0.0,0.0,2019-2020,0.0
2020-05-18,2954.0,2946.25,2858.75,0.03277571775433415,-0.002627008840984218,0.007394493536885983,0.017341624510661253,0.0036972467684429915,1.890002734990851,1.0,14.0,14.0,False,False,True,-542.5,35.0,14.0,-591.5,2019-2020,-626.5
2020-05-19,2936.75,2916.5,2946.25,-0.00322964754634547,-0.006919260510303109,0.0072570548210484555,0.01701930215127414,0.0036285274105242278,-0.18976380568598605,0.0,14.0,14.0,False,False,False,0.0,0.0,0.0,0.0,2019-2020,0.0
2020-05-20,2967.5,2966.25,2916.5,0.01733558029013069,-0.00042131873384972606,0.007304132370694841,0.017129708791671774,0.0036520661853474204,1.012018388693158,1.0,14.0,14.0,False,False,True,-87.5,35.0,14.0,-136.5,2019-2020,-171.5
2020-05-21,2943.25,2944.25,2966.25,-0.007784115791667147,0.00033970276335175035,0.007228549711242983,0.016952451743140595,0.0036142748556214914,-0.4591734522893896,0.0,14.0,14.0,False,False,False,0.0,0.0,0.0,0.0,2019-2020,0.0
2020-05-22,2946.5,2950.25,2944.25,0.0007639095563101763,0.0012718872278900037,0.0072812991155334714,0.017076160061743298,0.0036406495577667357,0.044735441313975895,0.0,14.0,14.0,False,False,False,0.0,0.0,0.0,0.0,2019-2020,0.0
2020-05-27,3013.75,3031.25,2988.0,0.008580883242672876,0.00578992519041253,0.006313657854730401,0.01480684015198023,0.0031568289273652007,0.5795215693961071,0.0,16.0,16.0,False,False,False,0.0,0.0,0.0,0.0,2019-2020,0.0
2020-05-28,3056.75,3026.75,3031.25,0.008377184338506217,-0.009862823436449723,0.0056063340256284665,0.013148018734321046,0.0028031670128142333,0.6371442350198939,0.0,18.0,18.0,False,False,False,0.0,0.0,0.0,0.0,2019-2020,0.0
2020-05-29,3032.5,3038.5,3026.75,0.0018979252303555766,0.0019766107572047496,0.005150492592849629,0.01207897581417787,0.0025752462964248146,0.15712633749360272,0.0,19.0,19.0,False,False,False,0.0,0.0,0.0,0.0,2019-2020,0.0
2020-06-01,3056.5,3052.75,3038.5,0.005906497893370266,-0.00122764675564891,0.00525660328950134,0.012327827456108383,0.00262830164475067,0.47911912414410235,0.0,19.0,19.0,False,False,False,0.0,0.0,0.0,0.0,2019-2020,0.0
2020-06-02,3064.75,3077.75,3052.75,0.003923176261972327,0.0042328105526207626,0.005317794235380973,0.012471332944564551,0.0026588971176904866,0.3145755373071157,0.0,19.0,19.0,False,False,False,0.0,0.0,0.0,0.0,2019-2020,0.0
2020-06-03,3118.25,3119.25,3077.75,0.01307313647809405,0.00032064128531221535,0.004923573671881971,0.011546803772623454,0.0024617868359409854,1.1321865977396626,1.0,20.0,20.0,False,False,True,100.0,50.0,20.0,30.0,2019-2020,-20.0
2020-06-04,3098.25,3109.75,3119.25,-0.006755152346147105,0.00370490114509041,0.004832362692031833,0.01133289506394444,0.0024161813460159163,-0.5960659044341278,0.0,20.0,20.0,False,False,False,0.0,0.0,0.0,0.0,2019-2020,0.0
2020-06-05,3194.75,3189.5,3109.75,0.02696650039873873,-0.0016446728068026423,0.004814403037309626,0.011290775940169428,0.002407201518654813,2.3883655597840225,1.0,20.0,20.0,False,False,True,-525.0,50.0,20.0,-595.0,2019-2020,-645.0
2020-06-08,3217.75,3229.75,3189.5,0.008818192847477044,0.0037223773109236,0.004819116793733518,0.011301830678878725,0.002409558396866759,0.780244643370636,0.0,19.0,19.0,False,False,False,0.0,0.0,0.0,0.0,2019-2020,0.0
2020-06-09,3214.25,3206.0,3229.75,-0.004810685876052416,-0.002569994794859918,0.005102670577302865,0.01196682324648434,0.0025513352886514327,-0.40200191621161596,0.0,18.0,18.0,False,False,False,0.0,0.0,0.0,0.0,2019-2020,0.0
2020-06-10,3196.5,3188.0,3206.0,-0.002967592962716705,-0.0026627002966758506,0.00485006399369231,0.011374408296083287,0.002425031996846155,-0.2609008649477247,0.0,20.0,20.0,False,False,False,0.0,0.0,0.0,0.0,2019-2020,0.0
2020-06-11,3014.0,3003.75,3188.0,-0.056125660723664914,-0.0034065921357620496,0.005729228758066623,0.013436232429234652,0.0028646143790333114,-4.177187393807381,-1.0,18.0,18.0,False,False,True,922.5,45.0,18.0,859.5,2019-2020,814.5
2020-06-12,3017.5,3039.0,3003.75,0.004567165921007983,0.007099839945106418,0.0070173865991599894,0.01645723034873688,0.0035086932995799947,0.2775172871879089,0.0,14.0,14.0,False,False,False,0.0,0.0,0.0,0.0,2019-2020,0.0
2020-06-15,3063.75,3066.75,3039.0,0.008111141925529154,0.0009787130705389627,0.007923214208627209,0.018581584396300994,0.003961607104313604,0.4365150867944192,0.0,12.0,12.0,False,False,False,0.0,0.0,0.0,0.0,2019-2020,0.0
2020-06-17,3117.0,3102.0,3115.75,0.0004011070608507889,-0.004823936030852935,0.008175540404027263,0.019173341778061345,0.004087770202013632,0.02092003916133944,0.0,12.0,12.0,False,False,False,0.0,0.0,0.0,0.0,2019-2020,0.0
2020-06-18,3091.0,3103.0,3102.0,-0.003552401604367772,0.0038747223162638586,0.008359747517321756,0.019605345751695376,0.004179873758660878,-0.1811955600966934,0.0,12.0,12.0,False,False,False,0.0,0.0,0.0,0.0,2019-2020,0.0
2020-06-19,3093.5,3084.25,3103.0,-0.003066249477336669,-0.0029946200194695175,0.008405372521578877,0.019712345871200184,0.004202686260789438,-0.15554969953203143,0.0,12.0,12.0,False,False,False,0.0,0.0,0.0,0.0,2019-2020,0.0
2020-06-22,3108.5,3106.0,3084.25,0.007831778757818328,-0.0008045700007598534,0.008507932832986242,0.019952871121678935,0.004253966416493121,0.39251387482321004,0.0,11.0,11.0,False,False,False,0.0,0.0,0.0,0.0,2019-2020,0.0
2020-06-23,3133.0,3120.0,3106.0,0.008655287243559281,-0.004158010148663677,0.008449568199071798,0.019815993922314618,0.004224784099535899,0.43678289756703237,0.0,11.0,11.0,False,False,False,0.0,0.0,0.0,0.0,2019-2020,0.0
2020-06-24,3035.5,3040.25,3120.0,-0.027456846233039317,0.0015635932906200914,0.008686991180729199,0.020372800169769688,0.004343495590364599,-1.3477207847834947,-1.0,11.0,11.0,False,False,True,-261.25,27.5,11.0,-299.75,2019-2020,-327.25
2020-06-25,3041.75,3072.25,3040.25,0.0004932588064496332,0.009977184497148153,0.008103775386078167,0.019005037892465115,0.004051887693039083,0.0259541080233886,0.0,12.0,12.0,False,False,False,0.0,0.0,0.0,0.0,2019-2020,0.0
2020-06-26,3003.0,2999.75,3072.25,-0.022798403181376332,-0.0010828371388320486,0.007192559728491837,0.01686804775199472,0.0035962798642459183,-1.351573312844121,-1.0,14.0,14.0,False,False,True,227.5,35.0,14.0,178.5,2019-2020,143.5
2020-06-29,3028.5,3043.5,2999.75,0.009538495576503521,0.00494072151297723,0.006053052488040091,0.014195666392470833,0.0030265262440200454,0.6719301026658808,0.0,16.0,16.0,False,False,False,0.0,0.0,0.0,0.0,2019-2020,0.0
2020-07-02,3140.25,3121.75,3104.75,0.011369217739220507,-0.005908672572107883,0.005650614633531194,0.013251865964901802,0.002825307316765597,0.8579333483550483,1.0,17.0,17.0,False,False,True,-1572.5,42.5,17.0,-1632.0,2020-2021,-1674.5
2020-07-07,3154.0,3136.5,3169.0,-0.004744592167937033,-0.005563959986185746,0.005164378263676011,0.012111540598817762,0.0025821891318380057,-0.3917414245715499,0.0,19.0,19.0,False,False,False,0.0,0.0,0.0,0.0,2020-2021,0.0
2020-07-08,3144.5,3160.0,3136.5,0.0025473664467600687,0.004917132597399664,0.005160296195069386,0.012101967299355164,0.002580148097534693,0.21049192943165543,0.0,19.0,19.0,False,False,False,0.0,0.0,0.0,0.0,2020-2021,0.0
2020-07-09,3147.25,3143.0,3160.0,-0.004042971934589117,-0.0013512978488010757,0.004961683544044734,0.011636179345121995,0.002480841772022367,-0.34744840335276994,0.0,19.0,19.0,False,False,False,0.0,0.0,0.0,0.0,2020-2021,0.0
2020-07-10,3168.0,3175.0,3143.0,0.007922716136748862,0.002207158392475611,0.00500139452527302,0.011729309851217597,0.00250069726263651,0.6754631122585972,0.0,19.0,19.0,False,False,False,0.0,0.0,0.0,0.0,2020-2021,0.0
2020-07-13,3203.0,3147.75,3175.0,0.008780238282366045,-0.01739995872734818,0.0046062980520003224,0.010802726488773139,0.0023031490260001612,0.812779837709583,1.0,20.0,20.0,False,False,True,-5525.0,50.0,20.0,-5595.0,2020-2021,-5645.0
2020-07-14,3173.5,3187.75,3147.75,0.008147167864714906,0.0044802590171264456,0.005451349731512379,0.012784548346497442,0.0027256748657561894,0.6372667726620918,0.0,17.0,17.0,False,False,False,0.0,0.0,0.0,0.0,2020-2021,0.0
2020-07-15,3208.75,3218.0,3187.75,0.006566114421698931,0.0028785953669783217,0.005445349749728948,0.012770477141939613,0.002722674874864474,0.5141635937889203,0.0,17.0,17.0,False,False,False,0.0,0.0,0.0,0.0,2020-2021,0.0
2020-07-16,3193.0,3207.5,3218.0,-0.007799134837546458,0.004530903775009432,0.005311155511266972,0.012455763756459836,0.002655577755633486,-0.6261466570848899,0.0,18.0,18.0,False,False,False,0.0,0.0,0.0,0.0,2020-2021,0.0
2020-07-17,3219.5,3216.5,3207.5,0.003734250488446763,-0.0009322561271831723,0.005247359202566341,0.012306148150585837,0.0026236796012831707,0.3034459233508409,0.0,18.0,18.0,False,False,False,0.0,0.0,0.0,0.0,2020-2021,0.0
2020-07-20,3237.25,3242.75,3216.5,0.0064303920978944495,0.0016975312718331044,0.005131021795933479,0.012033312747821955,0.0025655108979667396,0.5343825289555745,0.0,18.0,18.0,False,False,False,0.0,0.0,0.0,0.0,2020-2021,0.0
2020-07-21,3263.75,3249.25,3242.75,0.006455105792556058,-0.004452640551640796,0.005085692698290684,0.011927006590840785,0.002542846349145342,0.5412175924773268,0.0,18.0,18.0,False,False,False,0.0,0.0,0.0,0.0,2020-2021,0.0
2020-07-22,3257.25,3268.0,3249.25,0.0024590806213432136,0.0032948958968524846,0.004887335576875789,0.011461817906661967,0.0024436677884378945,0.21454542738058324,0.0,19.0,19.0,False,False,False,0.0,0.0,0.0,0.0,2020-2021,0.0
2020-07-23,3228.75,3229.0,3268.0,-0.012083111569843253,7.742634822490783e-05,0.004910344245127632,0.011515778016752465,0.002455172122563816,-1.049265759748535,-1.0,19.0,19.0,False,False,True,-23.75,47.5,19.0,-90.25,2020-2021,-137.75
2020-07-24,3207.25,3208.0,3229.0,-0.006758619628825606,0.00023381785695547787,0.004785577956619766,0.011223175133796478,0.002392788978309883,-0.6022020995175684,0.0,20.0,20.0,False,False,False,0.0,0.0,0.0,0.0,2020-2021,0.0
2020-07-27,3223.25,3231.0,3208.0,0.004742477304541884,0.0024015195335512895,0.004642758121912557,0.010888232932033443,0.0023213790609562784,0.4355598685429848,0.0,20.0,20.0,False,False,False,0.0,0.0,0.0,0.0,2020-2021,0.0
2020-07-28,3229.5,3212.0,3231.0,-0.0004643603519707994,-0.005433530405875119,0.0034956545914456784,0.00819803669330797,0.0017478272957228392,-0.05664287308568101,0.0,27.0,27.0,False,False,False,0.0,0.0,0.0,0.0,2020-2021,0.0
2020-07-29,3245.0,3250.0,3212.0,0.010221554071538009,0.0015396461855928362,0.0033277077103238805,0.007804166344294535,0.0016638538551619403,1.3097560483203663,1.0,28.0,28.0,False,False,True,700.0,70.0,28.0,602.0,2020-2021,532.0
2020-07-30,3238.5,3239.0,3250.0,-0.0035447367008113856,0.00015438054835763214,0.003846087234938266,0.00901987409020508,0.001923043617469133,-0.3929918162228793,0.0,24.0,24.0,False,False,False,0.0,0.0,0.0,0.0,2020-2021,0.0
2020-07-31,3237.75,3264.75,3239.0,-0.0003859960676327273,0.00830454599682003,0.004216848814191954,0.009889387067439342,0.002108424407095977,-0.03903134390437741,0.0,22.0,22.0,False,False,False,0.0,0.0,0.0,0.0,2020-2021,0.0
2020-08-03,3294.25,3286.75,3264.75,0.008995334324844914,-0.002279289848647957,0.004472727165928262,0.010489474994230152,0.002236363582964131,0.857558107511853,1.0,21.0,21.0,False,False,True,-787.5,52.5,21.0,-861.0,2020-2021,-913.5
2020-08-04,3289.25,3299.75,3286.75,0.0007603406692340621,0.003187132763116329,0.004436952356936586,0.010405575630280538,0.002218476178468293,0.07307050529924053,0.0,21.0,21.0,False,False,False,0.0,0.0,0.0,0.0,2020-2021,0.0
2020-08-05,3318.0,3319.75,3299.75,0.005515483741325927,0.0005272871200471682,0.0043307488087861975,0.010156506232283662,0.0021653744043930987,0.5430493139259154,0.0,21.0,21.0,False,False,False,0.0,0.0,0.0,0.0,2020-2021,0.0
2020-08-06,3339.5,3342.75,3319.75,0.005931616295253677,0.0009727263290842401,0.004012762545804348,0.009410762342634951,0.002006381272902174,0.6303013591556562,0.0,23.0,23.0,False,False,False,0.0,0.0,0.0,0.0,2020-2021,0.0
2020-08-07,3332.5,3344.75,3342.75,-0.0030710484419111707,0.0036691793008648593,0.003955342264224722,0.009276099845807661,0.001977671132112361,-0.3310710851499871,0.0,23.0,23.0,False,False,False,0.0,0.0,0.0,0.0,2020-2021,0.0
2020-08-10,3354.5,3355.25,3344.75,0.0029107756492141403,0.00022355527497252493,0.00399432298900135,0.00936751774871848,0.001997161494500675,0.3107307322275795,0.0,23.0,23.0,False,False,False,0.0,0.0,0.0,0.0,2020-2021,0.0
2020-08-11,3362.25,3328.0,3355.25,0.002084109425743218,-0.0102388697625594,0.003938839818560949,0.009237398180199165,0.0019694199092804743,0.22561649775048268,0.0,23.0,23.0,False,False,False,0.0,0.0,0.0,0.0,2020-2021,0.0
2020-08-12,3378.0,3373.25,3328.0,0.014912295426646256,-0.00140714705684864,0.004140335348649307,0.00970994708512937,0.0020701676743246533,1.5357751485056184,1.0,22.0,22.0,False,False,True,-522.5,55.0,22.0,-599.5,2020-2021,-654.5
2020-08-13,3362.0,3367.75,3373.25,-0.003340636342335819,0.0017088306101164111,0.0036256836073976736,0.008502981766135757,0.0018128418036988368,-0.392878220160408,0.0,25.0,25.0,False,False,False,0.0,0.0,0.0,0.0,2020-2021,0.0
2020-08-14,3365.0,3368.0,3367.75,-0.0008169024998491657,0.0008911332833891635,0.0032639761526163714,0.007654702592959836,0.0016319880763081857,-0.10671903838569578,0.0,28.0,28.0,False,False,False,0.0,0.0,0.0,0.0,2020-2021,0.0
2020-08-17,3378.5,3378.5,3368.0,0.0031127276300119615,0.0,0.002751478854775149,0.006452789891629141,0.0013757394273875745,0.4823847796516568,0.0,33.0,33.0,False,False,False,0.0,0.0,0.0,0.0,2020-2021,0.0
2020-08-18,3388.25,3385.75,3378.5,0.00288173990389596,-0.0007381163606445567,0.002705436316260528,0.0063448105674935125,0.001352718158130264,0.45418848573037507,0.0,33.0,33.0,False,False,False,0.0,0.0,0.0,0.0,2020-2021,0.0
2020-08-19,3385.5,3371.5,3385.75,-7.384160978061854e-05,-0.0041438567510634,0.0026382974185023113,0.0061873558954223555,0.0013191487092511557,-0.01193427548514696,0.0,34.0,34.0,False,False,False,0.0,0.0,0.0,0.0,2020-2021,0.0
2020-08-20,3381.25,3382.0,3371.5,0.0028877144201549226,0.00022178686373396748,0.00288454400816086,0.0067648553378909715,0.00144227200408043,0.42687009195605413,0.0,31.0,31.0,False,False,False,0.0,0.0,0.0,0.0,2020-2021,0.0
2020-08-21,3392.5,3393.75,3382.0,0.0030998622504984927,0.00036839197322138996,0.0027547490006163884,0.006460459063424476,0.0013773745003081942,0.47982074030128724,0.0,32.0,32.0,False,False,False,0.0,0.0,0.0,0.0,2020-2021,0.0
2020-08-24,3414.0,3428.5,3393.75,0.005949119672140457,0.00423822337003315,0.0026920944062915515,0.006313521015101196,0.0013460472031457758,0.942282390113356,1.0,33.0,33.0,False,False,True,2392.5,82.5,33.0,2277.0,2020-2021,2194.5
2020-08-25,3436.75,3440.25,3428.5,0.00240340962711018,0.0010178857938616473,0.002700252736741094,0.0063326539959583875,0.001350126368370547,0.37952644004300234,0.0,33.0,33.0,False,False,False,0.0,0.0,0.0,0.0,2020-2021,0.0
2020-08-26,3464.75,3475.0,3440.25,0.00709633680352078,0.002953999049980673,0.0023115797357273443,0.005421135011272007,0.0011557898678636722,1.3090131104954175,1.0,38.0,38.0,False,False,True,1947.5,95.0,38.0,1814.5,2020-2021,1719.5
2020-08-27,3490.25,3482.5,3475.0,0.0043788878698647294,-0.002222940214796598,0.00238352523881044,0.005589862172026695,0.00119176261940522,0.783362404135466,1.0,36.0,36.0,False,False,True,-1395.0,90.0,36.0,-1521.0,2020-2021,-1611.0
2020-08-28,3497.25,3505.0,3482.5,0.0042265187025790725,0.0022135751121504323,0.002258289150791776,0.005296157511556008,0.001129144575395888,0.7980349325632734,1.0,38.0,38.0,False,False,True,1472.5,95.0,38.0,1339.5,2020-2021,1244.5
2020-08-31,3507.0,3492.5,3505.0,0.0005704506714877389,-0.004143159009061268,0.0024065920695398716,0.0056439586852179485,0.0012032960347699358,0.10107279363716856,0.0,36.0,36.0,False,False,False,0.0,0.0,0.0,0.0,2020-2021,0.0
2020-09-01,3517.5,3525.25,3492.5,0.007132697857427287,0.0022008457287954293,0.002492321383952514,0.005845011748917907,0.001246160691976257,1.2203051360414752,1.0,34.0,34.0,False,False,True,1317.5,85.0,34.0,1198.5,2020-2021,1113.5
2020-09-02,3567.0,3576.5,3525.25,0.01177355064155211,0.002659762189547021,0.0028253828858242867,0.006626110207602818,0.0014126914429121434,1.7768419589585311,1.0,30.0,30.0,False,False,True,1425.0,75.0,30.0,1320.0,2020-2021,1245.0
2020-09-03,3438.75,3453.25,3576.5,-0.0392766353096542,0.004207783341284901,0.004701570436162786,0.011026160034848924,0.002350785218081393,-3.5621318015989014,-1.0,19.0,19.0,False,False,True,-1377.5,47.5,19.0,-1444.0,2020-2021,-1491.5
2020-09-04,3444.75,3425.25,3453.25,-0.0024644837060567395,-0.005676871140794524,0.00531246351574202,0.012458831298861679,0.00265623175787101,-0.19781018355083682,0.0,17.0,17.0,False,False,False,0.0,0.0,0.0,0.0,2020-2021,0.0
2020-09-09,3415.5,3396.5,3332.25,0.024676143687776368,-0.005578405540547363,0.006042653393807979,0.014171278354733738,0.0030213266969039893,1.741278596756489,1.0,15.0,15.0,False,False,True,-1425.0,37.5,15.0,-1477.5,2020-2021,-1515.0
2020-09-10,3359.0,3338.0,3396.5,-0.011102179019063853,-0.00627148539051231,0.006200844247487848,0.01454226879131373,0.003100422123743924,-0.7634420170871354,-1.0,15.0,15.0,False,False,True,1575.0,37.5,15.0,1522.5,2020-2021,1485.0
2020-09-11,3335.0,3339.75,3338.0,-0.0008991458720562572,0.0014232745201973535,0.006558171954334718,0.015380276545121791,0.003279085977167359,-0.05846096911316215,0.0,14.0,14.0,False,False,False,0.0,0.0,0.0,0.0,2020-2021,0.0
2020-09-15,3397.25,3390.0,3373.25,0.007089609489710231,-0.002136359426110911,0.006725311935612638,0.015772254546263065,0.003362655967806319,0.44949879986498054,0.0,13.0,13.0,False,False,False,0.0,0.0,0.0,0.0,2020-2021,0.0
2020-09-16,3404.25,3376.75,3390.0,0.004194729630188806,-0.008110942563811225,0.006660229630519065,0.0156196230115148,0.0033301148152595325,0.2685551134682602,0.0,13.0,13.0,False,False,False,0.0,0.0,0.0,0.0,2020-2021,0.0
2020-09-17,3328.25,3347.25,3376.75,-0.014467068128846914,0.005692472865462333,0.006643276816622626,0.015579865138778196,0.003321638408311313,-0.92857466993334,-1.0,14.0,14.0,False,False,True,-1330.0,35.0,14.0,-1379.0,2020-2021,-1414.0
2020-09-18,3306.25,3307.75,3347.25,-0.012324496570879476,0.00045358331591090407,0.005369422582065976,0.012592412150037032,0.002684711291032988,-0.9787240461981886,-1.0,17.0,17.0,False,False,True,-127.5,42.5,17.0,-187.0,2020-2021,-229.5
2020-09-21,3234.5,3270.75,3307.75,-0.02239384343848022,0.011144959906945336,0.005486805009558063,0.012867698343954641,0.0027434025047790313,-1.7403146110431666,-1.0,17.0,17.0,False,False,True,-3081.25,42.5,17.0,-3140.75,2020-2021,-3183.25
2020-09-22,3292.25,3303.75,3270.75,0.006551905199343907,0.0034869653281695244,0.00542142869813507,0.012714377303245877,0.002710714349067535,0.5153146743310236,0.0,17.0,17.0,False,False,False,0.0,0.0,0.0,0.0,2020-2021,0.0
2020-09-23,3236.0,3226.75,3303.75,-0.020720187740116615,-0.0028625604630851875,0.005197723266623854,0.01218974156248672,0.002598861633311927,-1.6998053349942945,-1.0,18.0,18.0,False,False,True,832.5,45.0,18.0,769.5,2020-2021,724.5
2020-09-24,3230.0,3235.25,3226.75,0.0010066985014050346,0.0016240674850772916,0.0052948149605213,0.012417441768088988,0.00264740748026065,0.08107132855594319,0.0,18.0,18.0,False,False,False,0.0,0.0,0.0,0.0,2020-2021,0.0
2020-09-25,3281.25,3287.25,3235.25,0.014118242638154447,0.001826901627094454,0.005123586618613922,0.012015875711383588,0.002561793309306961,1.1749657683941521,1.0,18.0,18.0,False,False,True,540.0,45.0,18.0,477.0,2020-2021,432.0
2020-09-28,3348.25,3343.0,3287.25,0.018386472300203207,-0.0015692138471329149,0.005055544294358248,0.011856302316371675,0.002527772147179124,1.55077627152054,1.0,18.0,18.0,False,False,True,-472.5,45.0,18.0,-535.5,2020-2021,-580.5
2020-09-29,3334.0,3324.75,3343.0,-0.0026958231093593145,-0.002778301017466705,0.005024726027899035,0.011784027075026307,0.0025123630139495174,-0.22876925623096434,0.0,18.0,18.0,False,False,False,0.0,0.0,0.0,0.0,2020-2021,0.0
2020-09-30,3359.5,3349.5,3324.75,0.010397670066932067,-0.002981072411882363,0.005734444572205615,0.013448464597653573,0.0028672222861028077,0.7731492313811203,1.0,16.0,16.0,False,False,True,-800.0,40.0,16.0,-856.0,2020-2021,-896.0
2020-10-01,3369.25,3370.25,3349.5,0.005879086700946284,0.00029675792190481543,0.0059239926901935224,0.013892994337581246,0.0029619963450967612,0.4231691569212736,0.0,15.0,15.0,False,False,False,0.0,0.0,0.0,0.0,2020-2021,0.0
2020-10-02,3352.25,3338.5,3370.25,-0.005355163411422023,-0.004110157861827986,0.0060322009282056535,0.014146765150038659,0.0030161004641028268,-0.37854331747405795,0.0,15.0,15.0,False,False,False,0.0,0.0,0.0,0.0,2020-2021,0.0
2020-10-05,3391.75,3397.25,3338.5,0.015824408067494446,0.0016202684351888873,0.0057150087858291775,0.01340288363829127,0.0028575043929145887,1.1806718982685949,1.0,16.0,16.0,False,False,True,440.0,40.0,16.0,384.0,2020-2021,344.0
2020-10-06,3370.25,3349.5,3397.25,-0.007979355229433419,-0.0061758446228511454,0.005517662355839579,0.012940065235607217,0.0027588311779197894,-0.6166394901531564,0.0,16.0,16.0,False,False,False,0.0,0.0,0.0,0.0,2020-2021,0.0
2020-10-07,3412.75,3407.0,3349.5,0.01870733693476491,-0.001686279222120576,0.00610654889161622,0.014321126579684507,0.00305327444580811,1.3062755105665038,1.0,15.0,15.0,False,False,True,-431.25,37.5,15.0,-483.75,2020-2021,-521.25
2020-10-08,3435.0,3437.5,3407.0,0.008184786995483051,0.0007275373183769279,0.005727089133106093,0.013431214563917162,0.0028635445665530466,0.6093854696857728,0.0,15.0,15.0,False,False,False,0.0,0.0,0.0,0.0,2020-2021,0.0
2020-10-09,3464.0,3469.0,3437.5,0.0076795277074990205,0.001442377287423845,0.0054872216305144,0.012868675406704378,0.0027436108152572,0.5967613188454584,0.0,16.0,16.0,False,False,False,0.0,0.0,0.0,0.0,2020-2021,0.0
2020-10-12,3536.0,3525.25,3469.0,0.0191297767877843,-0.0030447890401946003,0.005578013855141509,0.01308160204733459,0.0027890069275707547,1.4623420524921136,1.0,15.0,15.0,False,False,True,-806.25,37.5,15.0,-858.75,2020-2021,-896.25
2020-10-13,3500.75,3502.0,3525.25,-0.006974124481453076,0.00035700260991062627,0.005644840238784098,0.013238323808839193,0.002822420119392049,-0.5268132568865306,0.0,15.0,15.0,False,False,False,0.0,0.0,0.0,0.0,2020-2021,0.0
2020-10-14,3482.25,3480.75,3502.0,-0.005655597277656348,-0.0004308487787458567,0.005107335088839637,0.011977762495696315,0.0025536675444198186,-0.4721747721820698,0.0,17.0,17.0,False,False,False,0.0,0.0,0.0,0.0,2020-2021,0.0
2020-10-15,3469.75,3475.5,3480.75,-0.0031652425534456938,0.001655808304591456,0.004849853696077576,0.011373915104460086,0.002424926848038788,-0.27828962361469517,0.0,18.0,18.0,False,False,False,0.0,0.0,0.0,0.0,2020-2021,0.0
2020-10-16,3499.75,3473.5,3475.5,0.00695318381439391,-0.007528806221998945,0.00441084695528149,0.010344353036610745,0.002205423477640745,0.6721719366871176,0.0,20.0,20.0,False,False,False,0.0,0.0,0.0,0.0,2020-2021,0.0
2020-10-19,3422.75,3421.25,3473.5,-0.014718409619070179,-0.0004383401589765599,0.004779326385006676,0.011208513898787627,0.002389663192503338,-1.3131455027826837,-1.0,18.0,18.0,False,False,True,135.0,45.0,18.0,72.0,2020-2021,27.0
2020-10-20,3451.5,3434.0,3421.25,0.008802937788641368,-0.00508315668610943,0.00476430417397304,0.011173283691097848,0.00238215208698652,0.7878559277658886,1.0,18.0,18.0,False,False,True,-1575.0,45.0,18.0,-1638.0,2020-2021,-1683.0
2020-10-21,3449.5,3427.25,3434.0,0.004503530528742571,-0.006471102670153686,0.004041982529647164,0.009479289278994016,0.002020991264823582,0.47509158083426545,0.0,22.0,22.0,False,False,False,0.0,0.0,0.0,0.0,2020-2021,0.0
2020-10-22,3445.0,3447.25,3427.25,0.005165714131749219,0.0006529072740917261,0.004116641808441811,0.009654380807931746,0.0020583209042209054,0.5350642609317031,0.0,21.0,21.0,False,False,False,0.0,0.0,0.0,0.0,2020-2021,0.0
2020-10-23,3448.0,3458.0,3447.25,0.0002175410617331392,0.002896034459651987,0.0040584722310752904,0.00951796105672065,0.0020292361155376452,0.02285584700722568,0.0,22.0,22.0,False,False,False,0.0,0.0,0.0,0.0,2020-2021,0.0
2020-10-26,3381.5,3394.5,3458.0,-0.022370989228241208,0.003837076726707151,0.004261290120192,0.009993611168464216,0.002130645060096,-2.2385290813429863,-1.0,21.0,21.0,False,False,True,-1365.0,52.5,21.0,-1438.5,2020-2021,-1491.0
2020-10-27,3386.0,3383.25,3394.5,-0.002507191048621098,-0.0008124977364655714,0.004268345680232118,0.010010157923467492,0.002134172840116059,-0.2504646847522075,0.0,21.0,21.0,False,False,False,0.0,0.0,0.0,0.0,2020-2021,0.0
2020-10-28,3287.5,3266.75,3383.25,-0.028709388470595062,-0.006331790616764474,0.004499593468572986,0.010552482058896652,0.002249796734286493,-2.720628977178935,-1.0,20.0,20.0,False,False,True,2075.0,50.0,20.0,2005.0,2020-2021,1955.0
2020-10-29,3320.75,3299.75,3266.75,0.016395054143357124,-0.006343953003548758,0.004727631805980708,0.011087279364707207,0.002363815902990354,1.4787265301121133,1.0,19.0,19.0,False,False,True,-1995.0,47.5,19.0,-2061.5,2020-2021,-2109.0
2020-10-30,3236.0,3265.25,3299.75,-0.019508708830681665,0.008998330279248372,0.005377199148107806,0.012610649813996986,0.002688599574053903,-1.547002661911069,-1.0,17.0,17.0,False,False,True,-2486.25,42.5,17.0,-2545.75,2020-2021,-2588.25
2020-11-02,3294.5,3301.75,3265.25,0.008918081896243912,0.002198219570039161,0.005800676504809629,0.013603792247898287,0.0029003382524048146,0.6555585188109373,0.0,16.0,16.0,False,False,False,0.0,0.0,0.0,0.0,2020-2021,0.0
2020-11-03,3363.0,3359.0,3301.75,0.01838080181635582,-0.001190122127976834,0.006067524729857011,0.014229606808019862,0.0030337623649285056,1.2917294247369033,1.0,15.0,15.0,False,False,True,-300.0,37.5,15.0,-352.5,2020-2021,-390.0
2020-11-04,3453.75,3435.0,3359.0,0.02781728662533349,-0.005443671581176581,0.006315438088786768,0.01481101517091731,0.003157719044393384,1.8781485471674555,1.0,14.0,14.0,False,False,True,-1312.5,35.0,14.0,-1361.5,2020-2021,-1396.5
2020-11-05,3517.5,3502.25,3435.0,0.0237335843320943,-0.004344890912320811,0.006598576182900434,0.015475032860335861,0.003299288091450217,1.5336693980744929,1.0,13.0,13.0,False,False,True,-991.25,32.5,13.0,-1036.75,2020-2021,-1069.25
2020-11-06,3500.0,3501.75,3502.25,-0.0006426505987182862,0.0004998750416509929,0.006692051935256657,0.015694252931342353,0.0033460259676283285,-0.040948148441960874,0.0,13.0,13.0,False,False,False,0.0,0.0,0.0,0.0,2020-2021,0.0
2020-11-09,3597.75,3546.5,3501.75,0.02704580653112698,-0.01434744840814154,0.006695169102884841,0.015701563337426977,0.0033475845514424206,1.7224913182153867,1.0,13.0,13.0,False,False,True,-3331.25,32.5,13.0,-3376.75,2020-2021,-3409.25
2020-11-10,3540.75,3541.75,3546.5,-0.0016226325476356193,0.00028238616495441344,0.007215803522476353,0.01692255928080625,0.0036079017612381764,-0.0958857653095077,0.0,12.0,12.0,False,False,False,0.0,0.0,0.0,0.0,2020-2021,0.0
2020-11-11,3558.25,3567.0,3541.75,0.004647895691274302,0.00245605540815683,0.006843313979502842,0.01604899386944006,0.003421656989751421,0.2896066712396635,0.0,12.0,12.0,False,False,False,0.0,0.0,0.0,0.0,2020-2021,0.0
2020-11-12,3521.0,3533.5,3567.0,-0.012979866203839048,0.003543840975856597,0.0067756378439254505,0.01589027926300199,0.0033878189219627253,-0.8168431774550761,-1.0,13.0,13.0,False,False,True,-812.5,32.5,13.0,-858.0,2020-2021,-890.5
2020-11-13,3577.5,3581.75,3533.5,0.012375351299697026,0.0011872753428757467,0.006129523746058311,0.014375007389361925,0.0030647618730291555,0.8608935609212469,1.0,14.0,14.0,False,False,True,297.5,35.0,14.0,248.5,2020-2021,213.5
2020-11-16,3610.0,3626.0,3581.75,0.007856264553444948,0.004422339987869762,0.0055791901939042975,0.013084360806270528,0.0027895950969521487,0.6004316656935909,0.0,15.0,15.0,False,False,False,0.0,0.0,0.0,0.0,2020-2021,0.0
2020-11-17,3616.25,3607.5,3626.0,-0.0026925350244514958,-0.0024225656423189448,0.005620115241146952,0.01318033854954976,0.002810057620573476,-0.20428420820370147,0.0,15.0,15.0,False,False,False,0.0,0.0,0.0,0.0,2020-2021,0.0
2020-11-18,3595.75,3563.5,3607.5,-0.003262419164027329,-0.009009384542073246,0.00532645433295497,0.01249164267363589,0.002663227166477485,-0.2611681465170945,0.0,16.0,16.0,False,False,False,0.0,0.0,0.0,0.0,2020-2021,0.0
2020-11-19,3577.0,3577.75,3563.5,0.003781252317092385,0.00020965093196754985,0.005175916497214409,0.012138600155032275,0.0025879582486072047,0.3115064561645355,0.0,16.0,16.0,False,False,False,0.0,0.0,0.0,0.0,2020-2021,0.0
2020-11-20,3569.0,3553.75,3577.75,-0.0024486667008248642,-0.004282060524950789,0.005061818524647133,0.011871016690685547,0.0025309092623235665,-0.20627270305720163,0.0,17.0,17.0,False,False,False,0.0,0.0,0.0,0.0,2020-2021,0.0
2020-11-23,3576.75,3575.25,3553.75,0.006451182881233975,-0.0004194630933986685,0.004558866737562789,0.010691490196399664,0.0022794333687813943,0.6033941726295926,0.0,19.0,19.0,False,False,False,0.0,0.0,0.0,0.0,2020-2021,0.0
2020-11-24,3631.5,3632.25,3575.25,0.015610682293178092,0.00020650490522537986,0.0039059964504129263,0.009160373654415582,0.0019529982252064631,1.7041534419999629,1.0,21.0,21.0,False,False,True,78.75,52.5,21.0,5.25,2020-2021,-47.25
2020-11-25,3625.25,3627.0,3632.25,-0.0019290395234436172,0.00048260885489776443,0.0038821738284271407,0.00910450465361436,0.0019410869142135704,-0.21187748228321415,0.0,21.0,21.0,False,False,False,0.0,0.0,0.0,0.0,2020-2021,0.0
2020-12-01,3668.5,3660.75,3620.75,0.013101672473083303,-0.002114814718682428,0.0036330355571260876,0.008520223616571548,0.0018165177785630438,1.5377146261280035,1.0,23.0,23.0,False,False,True,-891.25,57.5,23.0,-971.75,2020-2021,-1029.25
2020-12-02,3667.5,3668.0,3660.75,0.0018421865817702093,0.0001363233592187346,0.0032973326621766976,0.007732930542027064,0.0016486663310883488,0.2382261901562754,0.0,25.0,25.0,False,False,False,0.0,0.0,0.0,0.0,2020-2021,0.0
2020-12-03,3675.75,3667.25,3668.0,0.002110639081411049,-0.002315131089894377,0.002836205648120616,0.00665149183502258,0.001418102824060308,0.3173181496364092,0.0,29.0,29.0,False,False,False,0.0,0.0,0.0,0.0,2020-2021,0.0
2020-12-04,3692.5,3699.0,3667.25,0.006861673037662751,0.001758777426919094,0.0027790661287812385,0.006517487784013505,0.0013895330643906192,1.0528094973178905,1.0,29.0,29.0,False,False,True,942.5,72.5,29.0,841.0,2020-2021,768.5
2020-12-07,3684.0,3691.5,3699.0,-0.004063394457256483,0.0020337611240228387,0.0026763240516951316,0.00627653625523267,0.0013381620258475658,-0.6473944054523515,0.0,31.0,31.0,False,False,False,0.0,0.0,0.0,0.0,2020-2021,0.0
2020-12-08,3702.75,3701.75,3691.5,0.003042907307861808,-0.00027010601825371846,0.0025611774638589655,0.0060064935700943475,0.0012805887319294828,0.5066029410257092,0.0,32.0,32.0,False,False,False,0.0,0.0,0.0,0.0,2020-2021,0.0
2020-12-09,3668.0,3668.75,3701.75,-0.009159126412472796,0.0002044502000511912,0.0028507122866089306,0.006685512917916407,0.0014253561433044653,-1.369996068353617,-1.0,29.0,29.0,False,False,True,-108.75,72.5,29.0,-210.25,2020-2021,-282.75
2020-12-10,3660.25,3667.25,3668.75,-0.002319553502815054,0.0019106112942805517,0.00289179810067713,0.006781867692821735,0.001445899050338565,-0.34202281847376415,0.0,29.0,29.0,False,False,False,0.0,0.0,0.0,0.0,2020-2021,0.0
2020-12-11,3656.75,3662.25,3667.25,-0.0028672876006744894,0.0015029378426816016,0.0030962135573447823,0.007261264432574466,0.0015481067786723912,-0.3948744226710249,0.0,27.0,27.0,False,False,False,0.0,0.0,0.0,0.0,2020-2021,0.0
2020-12-15,3684.5,3687.75,3638.75,0.012494615147221015,0.0008816847531043509,0.003035652109972646,0.007119235248978472,0.001517826054986323,1.7550501859049885,1.0,27.0,27.0,False,False,True,438.75,67.5,27.0,344.25,2020-2021,276.75
2020-12-16,3699.5,3694.75,3687.75,0.0031811594054472216,-0.001284782270923576,0.0030306474418294966,0.007107498261812816,0.0015153237209147483,0.44757793646450295,0.0,27.0,27.0,False,False,False,0.0,0.0,0.0,0.0,2020-2021,0.0
2020-12-17,3712.25,3713.25,3694.75,0.004725268681488912,0.00026934213347116787,0.003018552257192164,0.007079132539492356,0.001509276128596082,0.6674926136963895,0.0,27.0,27.0,False,False,False,0.0,0.0,0.0,0.0,2020-2021,0.0
2020-12-18,3682.5,3700.0,3713.25,-0.008315634572856768,0.004740950295530368,0.003115114880927009,0.007305591965580264,0.0015575574404635044,-1.1382560936930561,-1.0,26.0,26.0,False,False,True,-2275.0,65.0,26.0,-2366.0,2020-2021,-2431.0
2020-12-21,3686.5,3685.5,3700.0,-0.0036553212026105603,-0.0002712968003617765,0.005097681620463815,0.011955123105592857,0.0025488408102319073,-0.3057535393257912,0.0,16.0,16.0,False,False,False,0.0,0.0,0.0,0.0,2020-2021,0.0
2020-12-22,3681.25,3678.0,3685.5,-0.0011538332294466075,-0.0008832422356304044,0.005194651525904339,0.01218253769194627,0.0025973257629521695,-0.09471205906544355,0.0,16.0,16.0,False,False,False,0.0,0.0,0.0,0.0,2020-2021,0.0
2020-12-23,3694.25,3681.0,3678.0,0.004408430619477002,-0.0035931024047221156,0.0049999463339265434,0.01172591354146022,0.0024999731669632717,0.37595626164987256,0.0,16.0,16.0,False,False,False,0.0,0.0,0.0,0.0,2020-2021,0.0
2020-12-28,3731.0,3727.75,3681.0,0.013491839842136743,-0.000871459750141086,0.004886219397031854,0.011459200232896573,0.002443109698515927,1.177380582233388,1.0,17.0,17.0,False,False,True,-276.25,42.5,17.0,-335.75,2020-2021,-378.25
2020-12-29,3719.25,3721.25,3727.75,-0.0022827994336639046,0.0005375982926331594,0.0048997513379610115,0.011490935447394133,0.0024498756689805058,-0.19866088745469268,0.0,17.0,17.0,False,False,False,0.0,0.0,0.0,0.0,2020-2021,0.0
2020-12-30,3723.25,3725.0,3721.25,0.0005373094359909506,0.00046990904768298155,0.004746852260222761,0.011132355325451154,0.0023734261301113805,0.04826556647563488,0.0,17.0,17.0,False,False,False,0.0,0.0,0.0,0.0,2020-2021,0.0
2020-12-31,3734.25,3744.25,3725.0,0.002480143376741875,0.002674334682103105,0.004648330307022909,0.010901300864462567,0.0023241651535114544,0.22750893747249545,0.0,17.0,17.0,False,False,False,0.0,0.0,0.0,0.0,2020-2021,0.0
2021-01-04,3684.0,3693.75,3744.25,-0.016222211497307546,0.0026430837792108934,0.005155124761969718,0.012089839213699386,0.002577562380984859,-1.3418053962972176,-1.0,16.0,16.0,False,False,True,-780.0,40.0,16.0,-836.0,2020-2021,-876.0
2021-01-05,3719.25,3717.5,3693.75,0.006879832882944555,-0.00047063570304279825,0.0051298383972182985,0.012030537431830034,0.0025649191986091492,0.5718641350753043,0.0,16.0,16.0,False,False,False,0.0,0.0,0.0,0.0,2020-2021,0.0
2021-01-06,3749.5,3740.5,3717.5,0.008571098407133956,-0.0024032054289844333,0.0037166178919204214,0.00871624156675264,0.0018583089459602107,0.9833479650022184,1.0,22.0,22.0,False,False,True,-990.0,55.0,22.0,-1067.0,2020-2021,-1122.0
2021-01-07,3797.5,3795.25,3740.5,0.015123663157468308,-0.0005926706571033771,0.0037131065430320532,0.008708006723670518,0.0018565532715160266,1.7367537299159919,1.0,21.0,21.0,False,False,True,-236.25,52.5,21.0,-309.75,2020-2021,-362.25
2021-01-08,3804.25,3817.25,3795.25,0.0023685779873993842,0.0034114052633970305,0.0037177340422258408,0.008718859171244073,0.0018588670211129204,0.27166145717908385,0.0,21.0,21.0,False,False,False,0.0,0.0,0.0,0.0,2020-2021,0.0
2021-01-11,3799.75,3792.25,3817.25,-0.004594992987050427,-0.0019757646047888575,0.003959265694680189,0.00928530110582811,0.0019796328473400946,-0.4948674183722793,0.0,20.0,20.0,False,False,False,0.0,0.0,0.0,0.0,2020-2021,0.0
2021-01-12,3792.0,3792.5,3792.25,-6.592609686926938e-05,0.00013184784777479837,0.0039049168781625644,0.0091578418330671,0.0019524584390812822,-0.007198868256407714,0.0,20.0,20.0,False,False,False,0.0,0.0,0.0,0.0,2020-2021,0.0
2021-01-13,3808.5,3802.5,3792.5,0.004209978590155472,-0.0015766656793949482,0.0038898313125489644,0.00912246304571716,0.0019449156562744822,0.46149582289971397,0.0,20.0,20.0,False,False,False,0.0,0.0,0.0,0.0,2020-2021,0.0
2021-01-14,3804.0,3790.25,3802.5,0.0003943995318329176,-0.003621164703589931,0.0038920508101755943,0.009127668229040578,0.0019460254050877972,0.0432092317485967,0.0,20.0,20.0,False,False,False,0.0,0.0,0.0,0.0,2020-2021,0.0
2021-01-15,3769.75,3761.75,3790.25,-0.005423293715786019,-0.0021244116069175146,0.004002228574630461,0.009386057990431188,0.0020011142873152307,-0.5778031332551864,0.0,20.0,20.0,False,False,False,0.0,0.0,0.0,0.0,2020-2021,0.0
2021-01-20,3846.25,3842.75,3790.5,0.014600711139892884,-0.0009103915312100552,0.0034331054928139386,0.00805134605431544,0.0017165527464069693,1.8134497065949675,1.0,23.0,23.0,False,False,True,-402.5,57.5,23.0,-483.0,2020-2021,-540.5
2021-01-21,3852.5,3846.5,3842.75,0.0025340320892293135,-0.0015586442952814253,0.002754695864262572,0.006460334447628795,0.001377347932131286,0.3922447219678242,0.0,28.0,28.0,False,False,False,0.0,0.0,0.0,0.0,2020-2021,0.0
2021-01-22,3841.5,3832.75,3846.5,-0.0013007285912997604,-0.002280354117126034,0.002809617932989507,0.006589138115988257,0.0014048089664947536,-0.1974049668413535,0.0,28.0,28.0,False,False,False,0.0,0.0,0.0,0.0,2020-2021,0.0
2021-01-25,3837.75,3848.25,3832.75,0.001303696162747306,0.0027322421368730716,0.002383444006561833,0.00558967166551716,0.0011917220032809164,0.23323304851514698,0.0,33.0,33.0,False,False,False,0.0,0.0,0.0,0.0,2020-2021,0.0
2021-01-26,3850.5,3842.5,3848.25,0.0005845104891209051,-0.0020798135665539013,0.002532189194383956,0.005938510052096551,0.001266094597191978,0.09842712801581394,0.0,31.0,31.0,False,False,False,0.0,0.0,0.0,0.0,2020-2021,0.0
2021-01-27,3744.0,3749.25,3842.5,-0.02596863781526825,0.0014012613643067894,0.003108031290209257,0.007288979472810923,0.0015540156451046285,-3.5627261555798704,-1.0,26.0,26.0,False,False,True,-682.5,65.0,26.0,-773.5,2020-2021,-838.5
2021-01-28,3810.5,3779.75,3749.25,0.01620459414438267,-0.008102544245861654,0.004098702822106761,0.00961231015582116,0.0020493514110533806,1.6858168204829784,1.0,19.0,19.0,False,False,True,-2921.25,47.5,19.0,-2987.75,2020-2021,-3035.25
2021-01-29,3711.25,3704.75,3779.75,-0.01828912278234094,-0.00175296700768172,0.004799559568842325,0.011255964920954693,0.0023997797844211625,-1.624838288922965,-1.0,17.0,17.0,False,False,True,552.5,42.5,17.0,493.0,2020-2021,450.5
2021-02-01,3772.25,3764.75,3704.75,0.018055860323472804,-0.0019901824268319856,0.004979842400863137,0.011678765639222701,0.0024899212004315685,1.5460418404863667,1.0,16.0,16.0,False,False,True,-600.0,40.0,16.0,-656.0,2020-2021,-696.0
2021-02-02,3834.5,3818.5,3764.75,0.018357590237985083,-0.004181372876475095,0.005066397728656995,0.0118817558760132,0.0025331988643284976,1.545023347520988,1.0,16.0,16.0,False,False,True,-1280.0,40.0,16.0,-1336.0,2020-2021,-1376.0
2021-02-03,3833.5,3821.75,3818.5,0.00392054867051023,-0.0030697911178055965,0.004977029098157912,0.011672167859549831,0.002488514549078956,0.33588864705218835,0.0,16.0,16.0,False,False,False,0.0,0.0,0.0,0.0,2020-2021,0.0
2021-02-04,3856.5,3865.25,3821.75,0.009051603492910456,0.002266326608650077,0.0049882504770400226,0.011698484325727631,0.0024941252385200113,0.7737415583832444,1.0,16.0,16.0,False,False,True,700.0,40.0,16.0,644.0,2020-2021,604.0
2021-02-05,3878.75,3880.0,3865.25,0.003486573779885918,0.00032221685472921086,0.004946708342007038,0.01160105938329992,0.002473354171003519,0.30053925807025417,0.0,16.0,16.0,False,False,False,0.0,0.0,0.0,0.0,2020-2021,0.0
2021-02-08,3896.75,3909.25,3880.0,0.004307718751841332,0.003202667354459382,0.0049409238253449094,0.011587493489242415,0.0024704619126724547,0.37175587247065356,0.0,16.0,16.0,False,False,False,0.0,0.0,0.0,0.0,2020-2021,0.0
2021-02-09,3911.25,3906.25,3909.25,0.0005114762594721393,-0.0012791814983802838,0.004890668405374791,0.011469634082320221,0.0024453342026873955,0.0445939474442825,0.0,16.0,16.0,False,False,False,0.0,0.0,0.0,0.0,2020-2021,0.0
2021-02-10,3911.75,3904.75,3906.25,0.0014070096974550777,-0.001791083444334759,0.004560293065793526,0.01069483523260573,0.002280146532896763,0.13155973578400504,0.0,17.0,17.0,False,False,False,0.0,0.0,0.0,0.0,2020-2021,0.0
2021-02-11,3901.25,3911.25,3904.75,-0.0008967461528426583,0.002560001398102736,0.003713845291388501,0.00870973924213733,0.0018569226456942505,-0.10295901265381635,0.0,21.0,21.0,False,False,False,0.0,0.0,0.0,0.0,2020-2021,0.0
2021-02-12,3914.75,3930.5,3911.25,0.0008944544424604588,0.004015173808258886,0.0024426894770653907,0.00572861460979118,0.0012213447385326954,0.1561380025341002,0.0,32.0,32.0,False,False,False,0.0,0.0,0.0,0.0,2020-2021,0.0
2021-02-17,3921.75,3928.0,3927.25,-0.001401452643699483,0.001592407738006885,0.0019623436175829783,0.0046021037150500614,0.0009811718087914892,-0.30452435026971963,0.0,39.0,39.0,False,False,False,0.0,0.0,0.0,0.0,2020-2021,0.0
2021-02-18,3913.5,3911.25,3928.0,-0.0036982762294636893,-0.0005750982618009555,0.0020501979199202933,0.004808140317175679,0.0010250989599601466,-0.7691697798944587,-1.0,38.0,38.0,False,False,True,427.5,95.0,38.0,294.5,2020-2021,199.5
2021-02-19,3907.0,3903.75,3911.25,-0.001087199928021347,-0.000832186457782236,0.002204950944413263,0.005171068329656762,0.0011024754722066315,-0.21024667606616437,0.0,35.0,35.0,False,False,False,0.0,0.0,0.0,0.0,2020-2021,0.0
2021-02-22,3892.25,3874.75,3903.75,-0.002950233027504428,-0.004506251992623725,0.002310984749973197,0.0054197396459929464,0.0011554923749865986,-0.5443495850738266,0.0,34.0,34.0,False,False,False,0.0,0.0,0.0,0.0,2020-2021,0.0
2021-02-23,3869.75,3878.0,3874.75,-0.0012912391231733025,0.0021296513486101436,0.0029885813008271667,0.007008844416456675,0.0014942906504135833,-0.18422995952677876,0.0,26.0,26.0,False,False,False,0.0,0.0,0.0,0.0,2020-2021,0.0
2021-02-24,3914.5,3920.75,3878.0,0.009368050545371868,0.0015953546665651826,0.003778156453515274,0.00886056228632332,0.001889078226757637,1.05727494967581,1.0,20.0,20.0,False,False,True,625.0,50.0,20.0,555.0,2020-2021,505.0
2021-02-25,3843.75,3826.5,3920.75,-0.019834509459706037,-0.004497905304852228,0.004393454915470881,0.010303565087799168,0.0021967274577354406,-1.9250142344607317,-1.0,18.0,18.0,False,False,True,1552.5,45.0,18.0,1489.5,2020-2021,1444.5
2021-02-26,3831.75,3805.75,3826.5,0.0013710706290412037,-0.006808536939653534,0.004562671315250578,0.010700412721972804,0.002281335657625289,0.12813249962085793,0.0,17.0,17.0,False,False,False,0.0,0.0,0.0,0.0,2020-2021,0.0
2021-03-01,3908.25,3897.5,3805.75,0.026576622518070258,-0.002754381525502168,0.004798929285835366,0.0112544867762802,0.002399464642917683,2.361424651907076,1.0,16.0,16.0,False,False,True,-860.0,40.0,16.0,-916.0,2020-2021,-956.0
2021-03-02,3892.75,3868.0,3897.5,-0.0012194732103975145,-0.006378271148349126,0.004828779307116961,0.011324491281405329,0.0024143896535584806,-0.1076845908654523,0.0,16.0,16.0,False,False,False,0.0,0.0,0.0,0.0,2020-2021,0.0
2021-03-03,3842.75,3816.75,3868.0,-0.006549321468143395,-0.006788980967989752,0.005143057120197949,0.012061538085124283,0.0025715285600989746,-0.5429922305034044,0.0,15.0,15.0,False,False,False,0.0,0.0,0.0,0.0,2020-2021,0.0
2021-03-04,3774.0,3769.5,3816.75,-0.011263828208556207,-0.00119308027673894,0.006027661874193805,0.014136120124802727,0.0030138309370969026,-0.796811862739699,-1.0,13.0,13.0,False,False,True,292.5,32.5,13.0,247.0,2020-2021,214.5
2021-03-05,3833.25,3838.25,3769.5,0.016770640664742015,0.0013035262225098733,0.006385131618128628,0.014974460985108696,0.003192565809064314,1.1199495381783373,1.0,12.0,12.0,False,False,True,300.0,30.0,12.0,258.0,2020-2021,228.0
2021-03-08,3849.75,3820.0,3838.25,0.0029916775695137568,-0.0077577885079013215,0.006462391804088465,0.01515565218202515,0.0032311959020442324,0.19739682156746347,0.0,12.0,12.0,False,False,False,0.0,0.0,0.0,0.0,2020-2021,0.0
2021-03-09,3892.5,3873.25,3820.0,0.018801202107532597,-0.004957676831752238,0.006293129096351677,0.014758695946065643,0.0031465645481758386,1.2739067310716297,1.0,12.0,12.0,False,False,True,-1155.0,30.0,12.0,-1197.0,2020-2021,-1227.0
2021-03-10,3910.25,3897.5,3873.25,0.00950736267794966,-0.0032659886224193856,0.00604377148067653,0.01417390050086829,0.003021885740338265,0.6707654450775382,0.0,13.0,13.0,False,False,False,0.0,0.0,0.0,0.0,2020-2021,0.0
2021-03-11,3942.75,3936.75,3897.5,0.01154312743573562,-0.0015229395671482856,0.005582739907521101,0.013092685622616085,0.0027913699537605507,0.8816470331951006,1.0,14.0,14.0,False,False,True,-420.0,35.0,14.0,-469.0,2020-2021,-504.0
2021-03-12,3935.75,3943.0,3936.75,-0.0002540489057804537,0.0018403939828889031,0.005499821311999794,0.012898224279008304,0.002749910655999897,-0.01969642489423254,0.0,14.0,14.0,False,False,False,0.0,0.0,0.0,0.0,2020-2021,0.0
2021-03-16,3951.25,3951.5,3957.5,-0.0015805282253397214,6.32691152025277e-05,0.005329923323040043,0.012499778176518742,0.0026649616615200215,-0.12644450189594544,0.0,14.0,14.0,False,False,False,0.0,0.0,0.0,0.0,2020-2021,0.0
2021-03-17,3968.5,3964.0,3951.5,0.004292935885900292,-0.0011345730810516394,0.005020657866140325,0.011774486390013026,0.0025103289330701624,0.3645964455436041,0.0,15.0,15.0,False,False,False,0.0,0.0,0.0,0.0,2020-2021,0.0
2021-03-18,3925.0,3906.0,3964.0,-0.00988726523336978,-0.00485251877988454,0.0038967844188217324,0.009138769525337919,0.0019483922094108662,-1.081903335668615,-1.0,20.0,20.0,False,False,True,1900.0,50.0,20.0,1830.0,2020-2021,1780.0
2021-03-19,3918.25,3897.75,3906.0,0.0031312930975532305,-0.005245661977516553,0.003838933002415005,0.009003095927716807,0.0019194665012075025,0.34780181425294765,0.0,20.0,20.0,False,False,False,0.0,0.0,0.0,0.0,2020-2021,0.0
2021-03-22,3941.5,3929.5,3897.75,0.0111618979433019,-0.0030491701937332963,0.003757604281604968,0.008812363170809969,0.001878802140802484,1.2666180145950543,1.0,20.0,20.0,False,False,True,-1200.0,50.0,20.0,-1270.0,2020-2021,-1320.0
2021-03-23,3909.0,3899.0,3929.5,-0.005230604513274826,-0.0025614768103574574,0.0035787378589930753,0.00839288422704894,0.0017893689294965376,-0.6232189521234445,0.0,22.0,22.0,False,False,False,0.0,0.0,0.0,0.0,2020-2021,0.0
2021-03-24,3900.25,3879.25,3899.0,0.0003205436447614575,-0.005398817663765449,0.003377685817823758,0.007921375395826323,0.001688842908911879,0.04046565510963514,0.0,23.0,23.0,False,False,False,0.0,0.0,0.0,0.0,2020-2021,0.0
2021-03-25,3892.75,3901.0,3879.25,0.003474012757940776,0.00211708178512241,0.00357691939684847,0.00838861955529809,0.001788459698424235,0.4141340222953199,0.0,22.0,22.0,False,False,False,0.0,0.0,0.0,0.0,2020-2021,0.0
2021-03-26,3926.25,3963.0,3901.0,0.006451841346199881,0.009316542337578807,0.0036442879824965264,0.00854661289321842,0.0018221439912482632,0.754900382971516,1.0,21.0,21.0,False,False,True,3858.75,52.5,21.0,3785.25,2020-2021,3732.75
2021-03-29,3958.5,3962.0,3963.0,-0.0011361485789465925,0.0008837826470076939,0.0038500776449210124,0.009029232431140696,0.0019250388224605062,-0.1258300290319427,0.0,20.0,20.0,False,False,False,0.0,0.0,0.0,0.0,2020-2021,0.0
2021-03-30,3955.0,3952.0,3962.0,-0.0017683470567420034,-0.0007588213339958443,0.0038136745674522965,0.008943859647008027,0.0019068372837261482,-0.19771632455497726,0.0,20.0,20.0,False,False,False,0.0,0.0,0.0,0.0,2020-2021,0.0
2021-03-31,3976.5,3968.5,3952.0,0.006180255529431425,-0.0020138458662597183,0.003859761337688794,0.009051942703726341,0.001929880668844397,0.6827546010523518,0.0,20.0,20.0,False,False,False,0.0,0.0,0.0,0.0,2020-2021,0.0
2021-04-01,4003.25,4009.5,3968.5,0.008718341671655937,0.0015600140444972223,0.0036869122264034508,0.008646575605904218,0.0018434561132017254,1.008299940811564,1.0,20.0,20.0,False,False,True,625.0,50.0,20.0,555.0,2020-2021,505.0
2021-04-06,4069.75,4064.75,4067.25,0.0006144770993395524,-0.0012293320129547864,0.003060790868579293,0.00717819086375398,0.0015303954342896465,0.08560333808374095,0.0,24.0,24.0,False,False,False,0.0,0.0,0.0,0.0,2020-2021,0.0
2021-04-07,4068.0,4069.5,4064.75,0.0007992376927860445,0.0003686635986454919,0.0028798998250401018,0.0067539637630404156,0.0014399499125200509,0.11833609430356991,0.0,26.0,26.0,False,False,False,0.0,0.0,0.0,0.0,2020-2021,0.0
2021-04-08,4088.5,4089.25,4069.5,0.0046580128349358926,0.00018342453660309465,0.0026333880194049342,0.006175842333973555,0.0013166940097024671,0.7542311773912974,1.0,28.0,28.0,False,False,True,105.0,70.0,28.0,7.0,2020-2021,-63.0
2021-04-09,4101.25,4119.0,4089.25,0.002930226136676285,0.0043186101607693705,0.002340186330781171,0.0054882234234096845,0.0011700931653905854,0.5339115977271593,0.0,32.0,32.0,False,False,False,0.0,0.0,0.0,0.0,2020-2021,0.0
2021-04-12,4112.5,4121.25,4119.0,-0.001579299362453373,0.0021253993123135366,0.0019031983278759085,0.00446339571556938,0.0009515991639379543,-0.3538335973537823,0.0,39.0,39.0,False,False,False,0.0,0.0,0.0,0.0,2020-2021,0.0
2021-04-13,4134.5,4132.5,4121.25,0.00320988677628061,-0.00048385146704209265,0.0018800293047943166,0.004409059540068575,0.0009400146523971583,0.7280207371004761,0.0,39.0,39.0,False,False,False,0.0,0.0,0.0,0.0,2020-2021,0.0
2021-04-14,4117.75,4120.0,4132.5,-0.0035756530323940894,0.0005462656807870018,0.001870176326860712,0.004385952258578089,0.000935088163430356,-0.8152512434217203,-1.0,39.0,39.0,False,False,True,-438.75,97.5,39.0,-575.25,2020-2021,-672.75
2021-04-15,4158.25,4163.25,4120.0,0.00924114932707219,0.0012017065677361349,0.0017161970719028776,0.004024838896508041,0.0008580985359514388,2.2960296212327482,1.0,42.0,40.0,True,False,True,1000.0,100.0,40.0,860.0,2020-2021,760.0
2021-04-16,4178.75,4177.25,4163.25,0.003716139495927939,-0.0003590234600555419,0.0016655386766085399,0.003906034428680077,0.0008327693383042699,0.9513842142921646,1.0,43.0,40.0,True,False,True,-300.0,100.0,40.0,-440.0,2020-2021,-540.0
2021-04-19,4154.75,4157.25,4177.25,-0.005400877266620188,0.0006015399603911889,0.0015968014647448595,0.0037448313777742126,0.0007984007323724297,-1.4422217509377597,-1.0,46.0,40.0,True,False,True,-500.0,100.0,40.0,-640.0,2020-2021,-740.0
2021-04-20,4112.75,4126.75,4157.25,-0.010761893468494016,0.003398267728120674,0.0019371005443690563,0.004542903460835583,0.0009685502721845282,-2.3689461071036195,-1.0,38.0,38.0,False,False,True,-2660.0,95.0,38.0,-2793.0,2020-2021,-2888.0
2021-04-21,4153.5,4165.0,4126.75,0.006461180051475847,0.00276492332181684,0.002021660592124147,0.004741214351156532,0.0010108302960620734,1.362769023488626,1.0,36.0,36.0,False,False,True,2070.0,90.0,36.0,1944.0,2020-2021,1854.0
2021-04-22,4134.0,4127.25,4165.0,-0.007470814359229532,-0.0016341356337357437,0.002279027825917568,0.005344794015879945,0.001139513912958784,-1.3977740464895292,-1.0,32.0,32.0,False,False,True,1080.0,80.0,32.0,968.0,2020-2021,888.0
2021-04-23,4177.75,4171.0,4127.25,0.012161498475514228,-0.0016170088865468093,0.002411087550523596,0.005654501522644973,0.001205543775261798,2.1507640287672105,1.0,30.0,30.0,False,False,True,-1012.5,75.0,30.0,-1117.5,2020-2021,-1192.5
2021-04-26,4184.75,4180.5,4171.0,0.0032911497857840252,-0.0010161083926167077,0.0024360671617610296,0.005713083903756132,0.0012180335808805148,0.5760723702342655,0.0,30.0,30.0,False,False,False,0.0,0.0,0.0,0.0,2020-2021,0.0
2021-04-27,4180.0,4178.75,4180.5,-0.00011961007131064317,-0.0002990877844936405,0.00243156521342171,0.005702525899035805,0.001215782606710855,-0.020974928203459295,0.0,30.0,30.0,False,False,False,0.0,0.0,0.0,0.0,2020-2021,0.0
2021-04-28,4187.0,4177.75,4178.75,0.0019723282848350633,-0.0022116629356512658,0.0023818343799007413,0.005585896756387852,0.0011909171899503706,0.3530907159319714,0.0,30.0,30.0,False,False,False,0.0,0.0,0.0,0.0,2020-2021,0.0
2021-04-29,4204.0,4203.75,4177.75,0.006263628913349633,-5.946894236236575e-05,0.002396673785039029,0.005620698246251367,0.0011983368925195146,1.1143862628681513,1.0,30.0,30.0,False,False,True,-37.5,75.0,30.0,-142.5,2020-2021,-217.5
2021-04-30,4174.5,4177.0,4203.75,-0.006982393420424187,0.0005986948631202051,0.002480835180133199,0.005818074213210577,0.0012404175900665995,-1.2001210648997729,-1.0,29.0,29.0,False,False,True,-362.5,72.5,29.0,-464.0,2020-2021,-536.5
2021-05-03,4195.0,4186.0,4177.0,0.004300054404131295,-0.0021477158953615086,0.0024749745526323696,0.005804329823414405,0.0012374872763161848,0.7408356407978521,0.0,29.0,29.0,False,False,False,0.0,0.0,0.0,0.0,2020-2021,0.0
2021-05-04,4144.5,4160.75,4186.0,-0.009963469974364092,0.003913192435254853,0.00254600037679118,0.00597090014590887,0.00127300018839559,-1.6686713445025274,-1.0,29.0,29.0,False,False,True,-2356.25,72.5,29.0,-2457.75,2020-2021,-2530.25
2021-05-05,4170.75,4161.25,4160.75,0.0024005292689471196,-0.0022803658465483374,0.002578914888129805,0.006048091517263657,0.0012894574440649024,0.3969069023005117,0.0,28.0,28.0,False,False,False,0.0,0.0,0.0,0.0,2020-2021,0.0
2021-05-06,4165.25,4194.5,4161.25,0.0009607879199435007,0.006997845477171235,0.0024337221522987167,0.005707584369086649,0.0012168610761493584,0.1683352987556888,0.0,30.0,30.0,False,False,False,0.0,0.0,0.0,0.0,2020-2021,0.0
2021-05-07,4225.25,4224.5,4194.5,0.00730428735198815,-0.0001775200454379234,0.0024648089271070706,0.005780489318328241,0.0012324044635535353,1.2636105612769477,1.0,29.0,29.0,False,False,True,-108.75,72.5,29.0,-210.25,2020-2021,-282.75
2021-05-10,4197.0,4183.75,4224.5,-0.006530926259308634,-0.0031620108080544695,0.0024477475645809372,0.005740476876489924,0.0012238737822904686,-1.137697511866303,-1.0,29.0,29.0,False,False,True,1921.25,72.5,29.0,1819.75,2020-2021,1747.25
2021-05-11,4144.25,4146.25,4183.75,-0.009486142220561029,0.0004824799562867256,0.0028573713319021243,0.006701129763410694,0.0014286856659510622,-1.4156034214345432,-1.0,26.0,26.0,False,False,True,-260.0,65.0,26.0,-351.0,2020-2021,-416.0
2021-05-12,4077.25,4057.75,4146.25,-0.01678156972423498,-0.004794108751847239,0.0031568977770758113,0.007403581542873969,0.0015784488885379057,-2.266682635566759,-1.0,23.0,23.0,False,False,True,2242.5,57.5,23.0,2162.0,2020-2021,2104.5
2021-05-13,4113.75,4105.75,4057.75,0.013706388472369853,-0.001946591039879354,0.003848463927138358,0.009025447927480862,0.001924231963569179,1.518638031319905,1.0,19.0,19.0,False,False,True,-760.0,47.5,19.0,-826.5,2020-2021,-874.0
2021-05-14,4175.5,4168.75,4105.75,0.016845681375613736,-0.0016178809293502525,0.003957218481812395,0.0092804999660787,0.0019786092409061974,1.815169596162561,1.0,18.0,18.0,False,False,True,-607.5,45.0,18.0,-670.5,2020-2021,-715.5
2021-05-17,4154.75,4158.75,4168.75,-0.003363972656301206,0.0009622903250538662,0.003933586614816407,0.009225078325382685,0.0019667933074082036,-0.3646551864004534,0.0,19.0,19.0,False,False,False,0.0,0.0,0.0,0.0,2020-2021,0.0
2021-05-18,4142.75,4122.75,4158.75,-0.003854729822783273,-0.004839402101023719,0.003796687423922599,0.008904021264144989,0.0018983437119612994,-0.4329201052456633,0.0,19.0,19.0,False,False,False,0.0,0.0,0.0,0.0,2020-2021,0.0
2021-05-19,4084.5,4111.5,4122.75,-0.009321094626955483,0.006588603629026227,0.004059000226309457,0.009519199315304374,0.0020295001131547287,-0.9791889336710924,-1.0,18.0,18.0,False,False,True,-2430.0,45.0,18.0,-2493.0,2020-2021,-2538.0
2021-05-20,4158.75,4155.5,4111.5,0.011426622921736363,-0.0007817903396054904,0.004333084977209272,0.010161985032878258,0.002166542488604636,1.1244479188629461,1.0,17.0,17.0,False,False,True,-276.25,42.5,17.0,-335.75,2020-2021,-378.25
2021-05-21,4160.0,4152.5,4155.5,0.0010823162622280143,-0.0018045117678589949,0.004320292327011549,0.010131983608829604,0.0021601461635057744,0.10682175416123063,0.0,17.0,17.0,False,False,False,0.0,0.0,0.0,0.0,2020-2021,0.0
2021-05-24,4203.75,4194.75,4152.5,0.012266421567029432,-0.002143240684672361,0.004368279121175522,0.010244522616634655,0.002184139560587761,1.197363901282398,1.0,16.0,16.0,False,False,True,-720.0,40.0,16.0,-776.0,2020-2021,-816.0
2021-05-25,4186.5,4186.0,4194.75,-0.001968680725320488,-0.00011943863854155086,0.0041072772937967884,0.009632419074394691,0.0020536386468983942,-0.20438071787737302,0.0,18.0,18.0,False,False,False,0.0,0.0,0.0,0.0,2020-2021,0.0
2021-05-26,4191.25,4193.75,4186.0,0.001253394774493337,0.0005963029395535274,0.003861840495262067,0.009056818760450759,0.0019309202476310335,0.1383923878400494,0.0,19.0,19.0,False,False,False,0.0,0.0,0.0,0.0,2020-2021,0.0
2021-05-27,4198.75,4195.0,4193.75,0.0011915402065106437,-0.0008935220251959899,0.003218284562399647,0.007547546315537877,0.0016091422811998234,0.15787120167221239,0.0,22.0,22.0,False,False,False,0.0,0.0,0.0,0.0,2020-2021,0.0
2021-05-28,4210.75,4203.25,4195.0,0.0037474391771888955,-0.001782743519457817,0.003085186243823357,0.007235403090009762,0.0015425931219116785,0.5179309473943682,0.0,23.0,23.0,False,False,False,0.0,0.0,0.0,0.0,2020-2021,0.0
2021-06-02,4201.25,4206.25,4199.25,0.0004761621422031538,0.001189414353722476,0.002661257366076831,0.006241201745396479,0.0013306286830384155,0.07629334247276524,0.0,27.0,27.0,False,False,False,0.0,0.0,0.0,0.0,2020-2021,0.0
2021-06-03,4190.0,4190.75,4206.25,-0.0038707804768545063,0.00017898159520391292,0.0023597066504980283,0.005534002631028055,0.0011798533252490142,-0.6994540362434611,0.0,31.0,31.0,False,False,False,0.0,0.0,0.0,0.0,2020-2021,0.0
2021-06-04,4227.5,4228.25,4190.75,0.008731086261348164,0.0001773940814159716,0.0023218951202987584,0.005445326732453207,0.0011609475601493792,1.603409068056908,1.0,31.0,31.0,False,False,True,116.25,77.5,31.0,7.75,2020-2021,-69.75
2021-06-07,4221.0,4225.25,4228.25,-0.0017161290716526637,0.0010063638558387847,0.002154700959868731,0.005053221669937483,0.0010773504799343654,-0.33961088266960887,0.0,33.0,33.0,False,False,False,0.0,0.0,0.0,0.0,2020-2021,0.0
2021-06-08,4230.25,4225.25,4225.25,0.0011826623103985807,-0.0011826623103985791,0.002134633794042878,0.005006159994515198,0.001067316897021439,0.23624141291814843,0.0,33.0,33.0,False,False,False,0.0,0.0,0.0,0.0,2020-2021,0.0
2021-06-09,4227.0,4219.25,4225.25,0.00041409092845238316,-0.0018351344501961239,0.0020609837149318413,0.004833435248627874,0.0010304918574659207,0.08567217872008033,0.0,35.0,35.0,False,False,False,0.0,0.0,0.0,0.0,2020-2021,0.0
2021-06-10,4240.75,4238.5,4219.25,0.005082753259238416,-0.0005307073273719938,0.002036606031309091,0.004776264512901805,0.0010183030156545455,1.0641691316527202,1.0,35.0,35.0,False,False,True,-393.75,87.5,35.0,-516.25,2020-2021,-603.75
2021-06-11,4240.25,4245.75,4238.5,0.00041279670348812674,0.0012962528329305528,0.002007431554873611,0.004707844300873018,0.0010037157774368055,0.08768274333362683,0.0,36.0,36.0,False,False,False,0.0,0.0,0.0,0.0,2020-2021,0.0
2021-06-15,4239.75,4237.5,4247.25,-0.0017674094385142134,-0.0005308325348041572,0.0019756255309616947,0.004633252562966132,0.0009878127654808474,-0.38146192431667203,0.0,36.0,36.0,False,False,False,0.0,0.0,0.0,0.0,2020-2021,0.0
2021-06-16,4208.75,4213.5,4237.5,-0.00680778121342141,0.001127964737123817,0.0019968790493204657,0.00468309648169697,0.0009984395246602328,-1.4536922824520877,-1.0,36.0,36.0,False,False,True,-855.0,90.0,36.0,-981.0,2020-2021,-1071.0
2021-06-17,4210.5,4212.75,4213.5,-0.0007122507423612086,0.0005342356106048776,0.0018242413041881854,0.004278225081442556,0.0009121206520940927,-0.16648276535302065,0.0,39.0,39.0,False,False,False,0.0,0.0,0.0,0.0,2020-2021,0.0
2021-06-18,4163.5,4154.75,4212.75,-0.0117595744047778,-0.0021038086682414075,0.0019600708720231867,0.004596773654254204,0.0009800354360115933,-2.5582235039775334,-1.0,37.0,37.0,False,False,True,1618.75,92.5,37.0,1489.25,2020-2021,1396.75
2021-06-21,4212.25,4214.0,4154.75,0.013744688710862086,0.0004153686456396348,0.0026083244510830407,0.006117063056046345,0.0013041622255415203,2.2469424599565464,1.0,28.0,28.0,False,False,True,245.0,70.0,28.0,147.0,2020-2021,77.0
2021-06-22,4234.75,4236.0,4214.0,0.004911979102356883,0.00029513325480573304,0.002655495179237943,0.006227688219416395,0.0013277475896189715,0.7887323400427375,1.0,27.0,27.0,False,False,True,168.75,67.5,27.0,74.25,2020-2021,6.75
2021-06-23,4239.0,4231.5,4236.0,0.0007079646313400942,-0.001770852242476425,0.0026817849740412526,0.006289343253350379,0.0013408924870206263,0.1125657485720717,0.0,27.0,27.0,False,False,False,0.0,0.0,0.0,0.0,2020-2021,0.0
2021-06-24,4259.0,4256.0,4231.5,0.006477850813052895,-0.0007046389017331989,0.00261132948147905,0.006124110477010441,0.001305664740739525,1.0577619129129652,1.0,27.0,27.0,False,False,True,-405.0,67.5,27.0,-499.5,2020-2021,-567.0
2021-06-25,4271.0,4270.75,4256.0,0.0035182398199861895,-5.853601429953379e-05,0.0026099592476914514,0.006120896993934443,0.0013049796238457257,0.5747915417417774,0.0,27.0,27.0,False,False,False,0.0,0.0,0.0,0.0,2020-2021,0.0
2021-06-28,4274.75,4280.25,4270.75,0.0009361653015354436,0.0012857979562248753,0.002585710972940025,0.006064029748913134,0.0012928554864700126,0.1543800641319799,0.0,27.0,27.0,False,False,False,0.0,0.0,0.0,0.0,2020-2021,0.0
2021-06-29,4280.75,4282.5,4280.25,0.00011680878415329295,0.00040872332919436285,0.002536802013634894,0.005949328072152459,0.001268401006817447,0.01963394567195749,0.0,28.0,28.0,False,False,False,0.0,0.0,0.0,0.0,2020-2021,0.0
2021-06-30,4285.0,4286.5,4282.5,0.0005836008336052947,0.0003499970869304146,0.002526981977192672,0.00592629804530714,0.001263490988596336,0.0984764568274508,0.0,28.0,28.0,False,False,False,0.0,0.0,0.0,0.0,2020-2021,0.0
2021-07-01,4309.5,4310.75,4286.5,0.005351338968643301,0.00029001479278703806,0.0024180939462148236,0.005670932977029819,0.0012090469731074118,0.9436434869392677,1.0,29.0,29.0,False,False,True,181.25,72.5,29.0,79.75,2021-2022,7.25
2021-07-02,4338.5,4343.25,4310.75,0.006416763353303407,0.0010942495404645185,0.0021583101483388717,0.005061685967177744,0.0010791550741694358,1.2677126544223796,1.0,32.0,32.0,False,False,True,760.0,80.0,32.0,648.0,2021-2022,568.0
2021-07-07,4350.25,4349.75,4334.5,0.00362705138699257,-0.00011494252886213726,0.0011957268389953227,0.002804228005033757,0.0005978634194976613,1.2934224251672104,1.0,58.0,40.0,True,False,True,-100.0,100.0,40.0,-240.0,2021-2022,-340.0
2021-07-08,4307.5,4315.5,4349.75,-0.009760682764740852,0.001855503257627549,0.001755385632386739,0.004116744217357189,0.0008776928161933695,-2.3709713913211936,-1.0,40.0,40.0,False,False,True,-1600.0,100.0,40.0,-1740.0,2021-2022,-1840.0
2021-07-09,4361.25,4360.0,4315.5,0.01054552084127151,-0.0002866561579038298,0.0019710361728407255,0.004622489564137098,0.0009855180864203627,2.281350924637532,1.0,35.0,35.0,False,False,True,-218.75,87.5,35.0,-341.25,2021-2022,-428.75
2021-07-12,4373.75,4376.25,4360.0,0.0031487073388178502,0.000571428586977677,0.0020248973907794456,0.004748805316868627,0.0010124486953897228,0.6630525213642818,1.0,34.0,34.0,False,False,True,425.0,85.0,34.0,306.0,2021-2022,221.0
2021-07-13,4368.0,4361.5,4376.25,-0.0018869548441344502,-0.0014892035514677455,0.0019962628330618564,0.00468165132647155,0.0009981314165309282,-0.40305326316485934,0.0,35.0,35.0,False,False,False,0.0,0.0,0.0,0.0,2021-2022,0.0
2021-07-14,4371.5,4367.75,4361.5,0.002290164747672476,-0.0008581972663917306,0.002078540430125938,0.004874609395446435,0.001039270215062969,0.46981502760237753,0.0,33.0,33.0,False,False,False,0.0,0.0,0.0,0.0,2021-2022,0.0
2021-07-15,4347.25,4353.0,4367.75,-0.0047045410923756675,0.001321801290119342,0.002226949355794582,0.00522265917737377,0.001113474677897291,-0.9007941993912304,-1.0,31.0,31.0,False,False,True,-891.25,77.5,31.0,-999.75,2021-2022,-1077.25
2021-07-16,4327.25,4319.0,4353.0,-0.005933026245789366,-0.0019083423458070316,0.0023527106077778507,0.0055175954565124955,0.0011763553038889253,-1.0752919985800213,-1.0,30.0,30.0,False,False,True,1237.5,75.0,30.0,1132.5,2021-2022,1057.5
2021-07-19,4228.25,4255.25,4319.0,-0.021235698106549718,0.006365318833931081,0.0028601497244021483,0.006707645671395238,0.0014300748622010741,-3.1658944355259213,-1.0,25.0,25.0,False,False,True,-3375.0,62.5,25.0,-3462.5,2021-2022,-3525.0
2021-07-20,4320.25,4315.0,4255.25,0.015159756246018589,-0.0012159464165727978,0.003280944288194426,0.0076944963982248996,0.001640472144097213,1.9702077252925747,1.0,21.0,21.0,False,False,True,-551.25,52.5,21.0,-624.75,2021-2022,-677.25
2021-07-21,4346.25,4351.0,4315.0,0.007216079804542821,0.001092299398608865,0.0033356492139791885,0.007822790821245311,0.0016678246069895943,0.9224431496934865,1.0,21.0,21.0,False,False,True,498.75,52.5,21.0,425.25,2021-2022,372.75
2021-07-22,4361.25,4360.0,4351.0,0.002353009780303744,-0.0002866561579038298,0.0030949143944994633,0.007258217625632335,0.0015474571972497317,0.32418561989573164,0.0,22.0,22.0,False,False,False,0.0,0.0,0.0,0.0,2021-2022,0.0
2021-07-23,4402.25,4403.75,4360.0,0.009643716497807394,0.00034067681455991197,0.003103366125310032,0.007278038691328173,0.001551683062655016,1.3250433127400023,1.0,22.0,22.0,False,False,True,165.0,55.0,22.0,88.0,2021-2022,33.0
2021-07-26,4410.75,4414.25,4403.75,0.0015882923527277008,0.0007932011747325135,0.0030883419059102783,0.007242803773602349,0.0015441709529551392,0.2192924732430978,0.0,22.0,22.0,False,False,False,0.0,0.0,0.0,0.0,2021-2022,0.0
2021-07-27,4385.0,4395.0,4414.25,-0.006648318376624216,0.002277905312993867,0.0032243160111895476,0.007561691316767236,0.0016121580055947738,-0.8792104964510103,-1.0,21.0,21.0,False,False,True,-1050.0,52.5,21.0,-1123.5,2021-2022,-1176.0
2021-07-28,4401.75,4392.5,4395.0,0.0015346579872762354,-0.0021036480453012615,0.0032246908391912513,0.007562570366350443,0.0016123454195956257,0.2029280936154559,0.0,21.0,21.0,False,False,False,0.0,0.0,0.0,0.0,2021-2022,0.0
2021-07-29,4416.25,4412.0,4392.5,0.005392378612102775,-0.0009628182999618864,0.00317389091447866,0.007443433982615552,0.00158694545723933,0.7244476977557535,1.0,22.0,22.0,False,False,True,-467.5,55.0,22.0,-544.5,2021-2022,-599.5
2021-07-30,4390.0,4390.25,4412.0,-0.004998874304176064,5.6945986746926773e-05,0.0032657821693650307,0.0076589380776700446,0.0016328910846825154,-0.6526850398164847,-1.0,21.0,21.0,False,False,True,-26.25,52.5,21.0,-99.75,2021-2022,-152.25
2021-08-02,4392.25,4380.25,4390.25,0.0004554511891996292,-0.002735823877966713,0.002782370981262393,0.006525238350094255,0.0013911854906311966,0.06979839888807286,0.0,25.0,25.0,False,False,False,0.0,0.0,0.0,0.0,2021-2022,0.0
2021-08-03,4409.0,4415.25,4380.25,0.006542105990740783,0.0014165512185427016,0.002729319060406636,0.00640082056725888,0.001364659530203318,1.0220730173572743,1.0,25.0,25.0,False,False,True,781.25,62.5,25.0,693.75,2021-2022,631.25
2021-08-04,4401.0,4393.75,4415.25,-0.003232669765389039,-0.001648711252116331,0.0026690836045457304,0.0062595559015238104,0.0013345418022728652,-0.5164375582303029,-1.0,26.0,26.0,False,False,True,942.5,65.0,26.0,851.5,2021-2022,786.5
2021-08-05,4411.25,4421.75,4393.75,0.003975019430504783,0.002377449325423236,0.0026418311189869183,0.006195643157644104,0.0013209155594934591,0.6415830171885312,1.0,26.0,26.0,False,False,True,1365.0,65.0,26.0,1274.0,2021-2022,1209.0
2021-08-06,4424.25,4429.25,4421.75,0.0005652272363912216,0.001129496929252353,0.0024768360112711655,0.005808695330882238,0.0012384180056355827,0.09730708949153535,0.0,28.0,28.0,False,False,False,0.0,0.0,0.0,0.0,2021-2022,0.0
2021-08-09,4429.0,4425.5,4429.25,-5.644455734850668e-05,-0.0007905585142665464,0.002474948480481919,0.005804268678801721,0.0012374742402409594,-0.009724663083680602,0.0,28.0,28.0,False,False,False,0.0,0.0,0.0,0.0,2021-2022,0.0
2021-08-10,4432.25,4430.25,4425.5,0.0015240893695583036,-0.00045133992303554105,0.0023050446355729515,0.005405808842893913,0.0011525223177864757,0.28193549084921155,0.0,30.0,30.0,False,False,False,0.0,0.0,0.0,0.0,2021-2022,0.0
2021-08-11,4437.5,4441.0,4430.25,0.0016351389282169952,0.0007884215084311134,0.0022479565871522784,0.005271925501888969,0.0011239782935761392,0.31015971823408983,0.0,30.0,30.0,False,False,False,0.0,0.0,0.0,0.0,2021-2022,0.0
2021-08-12,4452.25,4454.5,4441.0,0.002530010064012706,0.0005052348045833111,0.0022003652170859782,0.005160313845793687,0.0011001826085429891,0.4902822075589426,0.0,31.0,31.0,False,False,False,0.0,0.0,0.0,0.0,2021-2022,0.0
2021-08-13,4457.75,4462.75,4454.5,0.0007293332534576499,0.0011210135135055342,0.0019011691519261575,0.004458636876142297,0.0009505845759630787,0.16357763005106704,0.0,36.0,36.0,False,False,False,0.0,0.0,0.0,0.0,2021-2022,0.0
2021-08-16,4465.0,4474.0,4462.75,0.0005040463829378905,0.0020136487394755162,0.0019343126784565747,0.004536365335729494,0.0009671563392282873,0.11111238748076595,0.0,35.0,35.0,False,False,False,0.0,0.0,0.0,0.0,2021-2022,0.0
2021-08-17,4434.5,4444.5,4474.0,-0.008867993233567866,0.00225250686522247,0.00155501768741388,0.003646839733925123,0.00077750884370694,-2.4316926107479837,-1.0,44.0,40.0,True,False,True,-2000.0,100.0,40.0,-2140.0,2021-2022,-2240.0
2021-08-18,4431.75,4395.25,4444.5,-0.0028728367878359785,-0.008270127570994686,0.001641727891195973,0.0038501931871036386,0.0008208639455979865,-0.746153932602304,-1.0,42.0,40.0,True,False,True,7300.0,100.0,40.0,7160.0,2021-2022,7060.0
2021-08-19,4399.75,4402.25,4395.25,0.0010233087874213442,0.0005680527305671237,0.00230692821844313,0.005410226236283523,0.001153464109221565,0.18914343739612105,0.0,30.0,30.0,False,False,False,0.0,0.0,0.0,0.0,2021-2022,0.0
2021-08-20,4431.5,4436.25,4402.25,0.006622353337565156,0.0010712977822536507,0.0025948236217120204,0.006085400804620085,0.0012974118108560102,1.088236182000931,1.0,26.0,26.0,False,False,True,617.5,65.0,26.0,526.5,2021-2022,461.5
2021-08-23,4483.75,4476.25,4436.25,0.010650324885786036,-0.001674107533849827,0.002650679460520937,0.006216394357933835,0.0013253397302604684,1.713264035798064,1.0,25.0,25.0,False,False,True,-937.5,62.5,25.0,-1025.0,2021-2022,-1087.5
2021-08-24,4488.25,4483.0,4476.25,0.0026772284382958196,-0.0011704055954987757,0.0026278607372188876,0.006162879708236343,0.0013139303686094438,0.43441192511316645,0.0,26.0,26.0,False,False,False,0.0,0.0,0.0,0.0,2021-2022,0.0
2021-08-25,4494.25,4492.5,4483.0,0.002506336771085949,-0.0003894622688113237,0.0026029070663459468,0.006104358162672399,0.0013014535331729734,0.4105815393356132,0.0,26.0,26.0,False,False,False,0.0,0.0,0.0,0.0,2021-2022,0.0
2021-08-26,4470.5,4466.0,4492.5,-0.004909080482341359,-0.0010071057752695958,0.002587699116204885,0.0060686923581642765,0.0012938495581024424,-0.8089189882458155,-1.0,26.0,26.0,False,False,True,585.0,65.0,26.0,494.0,2021-2022,429.0
2021-08-27,4505.25,4505.0,4466.0,0.00875022999827724,-5.549235594218026e-05,0.002690885917459575,0.00631068685756966,0.0013454429587297875,1.3865733153565292,1.0,25.0,25.0,False,False,True,-31.25,62.5,25.0,-118.75,2021-2022,-181.25
2021-08-30,4532.5,4525.5,4505.0,0.006085772586567901,-0.0015455953617805973,0.0026100581577678714,0.006121128958625066,0.0013050290788839357,0.9942238805461947,1.0,26.0,26.0,False,False,True,-910.0,65.0,26.0,-1001.0,2021-2022,-1066.0
2021-08-31,4522.25,4520.25,4525.5,-0.0007184106854811486,-0.0004423555504811635,0.0025884761174541763,0.006070514587616816,0.0012942380587270882,-0.11834428121573541,0.0,26.0,26.0,False,False,False,0.0,0.0,0.0,0.0,2021-2022,0.0
2021-09-01,4527.0,4522.25,4520.25,0.001492166404695494,-0.00104981085421419,0.002563919049534841,0.006012923158424863,0.0012819595247674205,0.24815989916730946,0.0,26.0,26.0,False,False,False,0.0,0.0,0.0,0.0,2021-2022,0.0
2021-09-02,4530.75,4535.75,4522.25,0.0018778311052159908,0.001102961563312225,0.0020068097687144515,0.004706386083072937,0.0010034048843572257,0.39899640022518085,0.0,33.0,33.0,False,False,False,0.0,0.0,0.0,0.0,2021-2022,0.0
2021-09-03,4537.25,4534.5,4535.75,0.00033065138623753713,-0.000606277748887545,0.0017294861229858868,0.004056004483824463,0.0008647430614929434,0.08152145481006996,0.0,39.0,39.0,False,False,False,0.0,0.0,0.0,0.0,2021-2022,0.0
2021-09-08,4511.25,4513.25,4519.25,-0.0017717738979653801,0.0004432378597691662,0.0017666953367195713,0.004143267825078019,0.0008833476683597856,-0.4276271708146256,0.0,38.0,38.0,False,False,False,0.0,0.0,0.0,0.0,2021-2022,0.0
2021-09-09,4501.5,4493.25,4513.25,-0.002606840268236004,-0.0018344039163875495,0.002026923553210368,0.004753557088967607,0.001013461776605184,-0.5483978038858824,-1.0,33.0,33.0,False,False,True,1361.25,82.5,33.0,1245.75,2021-2022,1163.25
2021-09-10,4482.5,4458.75,4493.25,-0.002395344152856019,-0.005312468806186635,0.002059624324152345,0.0048302471946599194,0.0010298121620761725,-0.4959050864941637,0.0,33.0,33.0,False,False,False,0.0,0.0,0.0,0.0,2021-2022,0.0
2021-09-14,4434.25,4435.75,4459.75,-0.005734218545681144,0.0003382187179930907,0.002192261979959514,0.00514131007023191,0.001096130989979757,-1.1153224503774168,-1.0,31.0,31.0,False,False,True,-232.5,77.5,31.0,-341.0,2021-2022,-418.5
2021-09-15,4466.5,4472.5,4435.75,0.006908393338204904,0.0013424322409805207,0.0022853560113800047,0.005359634926291994,0.0011426780056900023,1.2889671466829555,1.0,30.0,30.0,False,False,True,900.0,75.0,30.0,795.0,2021-2022,720.0
2021-09-16,4467.5,4464.75,4472.5,-0.0011185683492910988,-0.0006157463319739168,0.002258251525978713,0.005296069273547932,0.0011291257629893565,-0.211207273076651,0.0,30.0,30.0,False,False,False,0.0,0.0,0.0,0.0,2021-2022,0.0
2021-09-17,4422.75,4420.0,4464.75,-0.00945154715288601,-0.000621978476979448,0.00232681312229903,0.005456860469497666,0.001163406561149515,-1.7320485296843366,-1.0,29.0,29.0,False,False,True,398.75,72.5,29.0,297.25,2021-2022,224.75
2021-09-20,4302.75,4346.5,4420.0,-0.026885342921653694,0.010116570369028901,0.0026614323301304946,0.006241612072473832,0.0013307161650652473,-4.307435740875485,-1.0,26.0,26.0,False,False,True,-5687.5,65.0,26.0,-5778.5,2021-2022,-5843.5
2021-09-21,4355.75,4342.5,4346.5,0.0021258877838955855,-0.0030465921877547335,0.0029675244480222053,0.006959461719332338,0.0014837622240111027,0.30546727169864146,0.0,23.0,23.0,False,False,False,0.0,0.0,0.0,0.0,2021-2022,0.0
2021-09-22,4382.25,4384.0,4342.5,0.009112071987396194,0.00039925852519541195,0.0030736902831651914,0.007208442672487077,0.0015368451415825957,1.2640832980714156,1.0,22.0,22.0,False,False,True,192.5,55.0,22.0,115.5,2021-2022,60.5
2021-09-23,4448.0,4437.25,4384.0,0.014493007302566824,-0.002419741761962433,0.0031136960571199112,0.007302264528807653,0.0015568480285599556,1.984727784838727,1.0,22.0,22.0,False,False,True,-1182.5,55.0,22.0,-1259.5,2021-2022,-1314.5
2021-09-24,4445.5,4445.75,4437.25,0.0018575333927376562,5.623506257628715e-05,0.003233400327992999,0.007582995928118305,0.0016167001639964995,0.2449603574030399,0.0,21.0,21.0,False,False,False,0.0,0.0,0.0,0.0,2021-2022,0.0
2021-09-27,4438.25,4433.0,4445.75,-0.0016884290368630076,-0.001183598841853451,0.003197842340998261,0.007499605056824447,0.0015989211704991305,-0.22513572702426252,0.0,21.0,21.0,False,False,False,0.0,0.0,0.0,0.0,2021-2022,0.0
2021-09-28,4364.0,4343.75,4433.0,-0.015687487792092135,-0.004651037639859231,0.003658633845595271,0.00858025692440173,0.0018293169227976355,-1.8283237821792808,-1.0,19.0,19.0,False,False,True,1923.75,47.5,19.0,1857.25,2021-2022,1809.75
2021-09-29,4372.25,4350.5,4343.75,0.006539720416198478,-0.004986969723221475,0.0036388102001244115,0.008533766354834894,0.0018194051000622058,0.7663345988484125,1.0,19.0,19.0,False,False,True,-2066.25,47.5,19.0,-2132.75,2021-2022,-2180.25
2021-09-30,4329.0,4297.0,4350.5,-0.0049542125640985365,-0.007419463666985468,0.003828319096575195,0.008978204112104645,0.0019141595482875975,-0.551804403446246,-1.0,18.0,18.0,False,False,True,2880.0,45.0,18.0,2817.0,2021-2022,2772.0
2021-10-01,4352.75,4346.75,4297.0,0.012890724471712843,-0.001379389838808688,0.004149660288877649,0.009731816008432585,0.0020748301444388243,1.3245959911842842,1.0,17.0,17.0,False,False,True,-510.0,42.5,17.0,-569.5,2021-2022,-612.0
2021-10-04,4286.75,4292.0,4346.75,-0.013899569348938405,0.0012239546916283377,0.004256967465150895,0.009983473643799676,0.0021284837325754474,-1.3922578297755965,-1.0,17.0,17.0,False,False,True,-446.25,42.5,17.0,-505.75,2021-2022,-548.25
2021-10-05,4354.5,4335.0,4292.0,0.014456968382205277,-0.00448818291815201,0.004302618178873505,0.010090534057345536,0.0021513090894367524,1.4327257903342725,1.0,16.0,16.0,False,False,True,-1560.0,40.0,16.0,-1616.0,2021-2022,-1656.0
2021-10-06,4337.25,4353.5,4335.0,0.0005188964917951671,0.0037396125622329063,0.004583884788581991,0.010750162726789931,0.0022919423942909956,0.04826871043561524,0.0,15.0,15.0,False,False,False,0.0,0.0,0.0,0.0,2021-2022,0.0
2021-10-07,4396.0,4391.25,4353.5,0.009714917254841731,-0.0010811119434751425,0.004652399889960304,0.0109108448824353,0.002326199944980152,0.8903909238487279,1.0,15.0,15.0,False,False,True,-356.25,37.5,15.0,-408.75,2021-2022,-446.25
2021-10-08,4392.0,4383.25,4391.25,0.0001707796093297027,-0.001994245839128852,0.004595233788406435,0.010776778490607333,0.0022976168942032177,0.01584700005465903,0.0,15.0,15.0,False,False,False,0.0,0.0,0.0,0.0,2021-2022,0.0
2021-10-11,4372.25,4350.75,4383.25,-0.0025127076209370543,-0.0049295067150172175,0.004658861517677163,0.010925998742673934,0.0023294307588385813,-0.22997509702459623,0.0,15.0,15.0,False,False,False,0.0,0.0,0.0,0.0,2021-2022,0.0
2021-10-12,4346.75,4340.25,4350.75,-0.0009198046063842074,-0.0014964892858412666,0.004325643583323623,0.010144533417300107,0.0021628217916618113,-0.09066997648365051,0.0,16.0,16.0,False,False,False,0.0,0.0,0.0,0.0,2021-2022,0.0
2021-10-13,4348.5,4355.25,4340.25,0.0018990079077619508,0.0015510558904490114,0.004375141014465175,0.010260615182848662,0.0021875705072325873,0.18507739291658415,0.0,16.0,16.0,False,False,False,0.0,0.0,0.0,0.0,2021-2022,0.0
2021-10-14,4429.25,4429.0,4355.25,0.01684825556027774,-5.644455734850668e-05,0.0042839797170770196,0.010046822989870986,0.0021419898585385098,1.6769734648718135,1.0,16.0,16.0,False,False,True,-20.0,40.0,16.0,-76.0,2021-2022,-116.0
2021-10-15,4465.25,4463.0,4429.0,0.008151378861394708,-0.000504018155323037,0.003938483667526851,0.009236562931987562,0.0019692418337634255,0.8825121337251215,1.0,17.0,17.0,False,False,True,-191.25,42.5,17.0,-250.75,2021-2022,-293.25
2021-10-18,4473.75,4477.0,4463.0,0.0024057974509655643,0.0007261961607299949,0.0035105276790221027,0.008232917175490819,0.0017552638395110513,0.2922168897954617,0.0,19.0,19.0,False,False,False,0.0,0.0,0.0,0.0,2021-2022,0.0
2021-10-19,4504.25,4511.75,4477.0,0.006068216254843904,0.0016637093455978643,0.003299755004323669,0.007738611437917983,0.0016498775021618346,0.7841479448251654,1.0,20.0,20.0,False,False,True,750.0,50.0,20.0,680.0,2021-2022,630.0
2021-10-20,4527.25,4529.25,4511.75,0.003429586280044374,0.0004416717346684177,0.002772177934404421,0.006501333536282628,0.0013860889672022104,0.5275204326780877,1.0,24.0,24.0,False,False,True,240.0,60.0,24.0,156.0,2021-2022,96.0
2021-10-21,4529.75,4541.25,4529.25,0.00011038746009658717,0.002535554219194877,0.0025315016822748315,0.005936897693280697,0.0012657508411374157,0.018593458368252203,0.0,26.0,26.0,False,False,False,0.0,0.0,0.0,0.0,2021-2022,0.0
2021-10-22,4536.5,4536.25,4541.25,-0.0010465149257281338,-5.511008240350496e-05,0.002452983863024843,0.005752757084862141,0.0012264919315124216,-0.18191536862940783,0.0,27.0,27.0,False,False,False,0.0,0.0,0.0,0.0,2021-2022,0.0
2021-10-25,4560.0,4560.25,4536.25,0.005221943981151625,5.4823058592259666e-05,0.002121848367483805,0.004976175511400828,0.0010609241837419025,1.049389027615228,1.0,31.0,31.0,False,False,True,38.75,77.5,31.0,-69.75,2021-2022,-147.25
2021-10-26,4575.75,4564.75,4560.25,0.0033931731330475684,-0.0024068716832291903,0.001895338947124456,0.004444963833899847,0.000947669473562228,0.7633747449572663,1.0,35.0,35.0,False,False,True,-1925.0,87.5,35.0,-2047.5,2021-2022,-2135.0
2021-10-27,4566.75,4544.25,4564.75,0.00043804413995087165,-0.00493909466358508,0.0017741659908051782,0.004160788061907679,0.0008870829954025891,0.10527912824044032,0.0,37.0,37.0,False,False,False,0.0,0.0,0.0,0.0,2021-2022,0.0
2021-10-28,4579.75,4587.5,4544.25,0.007781713972360427,0.0016908018972571963,0.0018383816471781783,0.004311387125247342,0.0009191908235890891,1.8049211880767944,1.0,36.0,36.0,False,False,True,1395.0,90.0,36.0,1269.0,2021-2022,1179.0
2021-10-29,4587.25,4597.25,4587.5,-5.4497397762690715e-05,0.0021775826558995417,0.0018557725492312311,0.004352172405780934,0.0009278862746156156,-0.012521883942442752,0.0,36.0,36.0,False,False,False,0.0,0.0,0.0,0.0,2021-2022,0.0
2021-11-01,4597.0,4605.75,4597.25,-5.438181473460793e-05,0.0019016060713903224,0.0018858956926791238,0.004422817439162643,0.0009429478463395619,-0.012295740324498643,0.0,35.0,35.0,False,False,False,0.0,0.0,0.0,0.0,2021-2022,0.0
2021-11-02,4624.0,4624.0,4605.75,0.003954608474595028,0.0,0.0018778749925742661,0.004404007230074322,0.0009389374962871331,0.8979568533833425,1.0,35.0,35.0,False,False,True,0.0,87.5,35.0,-122.5,2021-2022,-210.0
2021-11-03,4644.25,4652.25,4624.0,0.00436976391930023,0.0017210782498230275,0.0018636828882675578,0.004370723795221701,0.0009318414441337789,0.9997803851338032,1.0,35.0,35.0,False,False,True,1400.0,87.5,35.0,1277.5,2021-2022,1190.0
2021-11-04,4662.5,4673.75,4652.25,0.002200811430734319,0.0024099623392525612,0.0020737453125480375,0.00486336384791764,0.0010368726562740187,0.4525286405779914,0.0,31.0,31.0,False,False,False,0.0,0.0,0.0,0.0,2021-2022,0.0
2021-11-05,4691.75,4690.0,4673.75,0.0038438998800585,-0.00037306473105693444,0.0022192222774910686,0.0052045375724476765,0.0011096111387455343,0.7385670343524346,1.0,29.0,29.0,False,False,True,-253.75,72.5,29.0,-355.25,2021-2022,-427.75
2021-11-08,4699.5,4694.5,4690.0,0.002023537620030955,-0.0010645093617539668,0.002194321990044034,0.005146141222114825,0.001097160995022017,0.39321455294213153,0.0,29.0,29.0,False,False,False,0.0,0.0,0.0,0.0,2021-2022,0.0
2021-11-09,4676.25,4679.0,4694.5,-0.003895104036246212,0.00058790520386032,0.002284529124778885,0.005357695705319254,0.0011422645623894426,-0.727011060441349,-1.0,28.0,28.0,False,False,True,-385.0,70.0,28.0,-483.0,2021-2022,-553.0
2021-11-10,4632.25,4641.25,4679.0,-0.010041700703692376,0.0019410153287658122,0.0024209160854083743,0.005677551480104742,0.0012104580427041872,-1.7686674861303278,-1.0,27.0,27.0,False,False,True,-1215.0,67.5,27.0,-1309.5,2021-2022,-1377.0
2021-11-11,4647.0,4642.75,4641.25,0.0012381235936884216,-0.0009149870118160281,0.0022387754186570805,0.005250393753187234,0.0011193877093285402,0.235815379167862,0.0,29.0,29.0,False,False,False,0.0,0.0,0.0,0.0,2021-2022,0.0
2021-11-12,4671.25,4677.5,4642.75,0.006119838726531281,0.001337077348550959,0.00228813358423554,0.005366148912039824,0.00114406679211777,1.1404526461799134,1.0,28.0,28.0,False,False,True,875.0,70.0,28.0,777.0,2021-2022,707.0
2021-11-15,4677.5,4679.0,4677.5,0.0,0.0003206327179716896,0.0022442490218495836,0.005263230490525802,0.0011221245109247918,0.0,0.0,29.0,29.0,False,False,False,0.0,0.0,0.0,0.0,2021-2022,0.0
2021-11-16,4703.75,4697.25,4679.0,0.005275651041430701,-0.001382831834015076,0.0022884882418620278,0.005366980657900134,0.0011442441209310139,0.9829830546650105,1.0,28.0,28.0,False,False,True,-910.0,70.0,28.0,-1008.0,2021-2022,-1078.0
2021-11-17,4689.75,4686.25,4697.25,-0.0015979549581149404,-0.0007465870653951942,0.0023619233478399076,0.00553920124710161,0.0011809616739199538,-0.2884811161087659,0.0,27.0,27.0,False,False,False,0.0,0.0,0.0,0.0,2021-2022,0.0
2021-11-18,4699.5,4702.0,4686.25,0.0028234310102343164,0.0005318300396587046,0.002188094244408807,0.005131535863977003,0.0010940471222044034,0.5502116880941221,1.0,29.0,29.0,False,False,True,362.5,72.5,29.0,261.0,2021-2022,188.5
2021-11-19,4698.75,4693.75,4702.0,-0.0006914342216270666,-0.0010646793659429203,0.00210167482442732,0.00492886435925902,0.00105083741221366,-0.14028266375969276,0.0,31.0,31.0,False,False,False,0.0,0.0,0.0,0.0,2021-2022,0.0
2021-11-22,4722.75,4680.0,4693.75,0.006159420524516835,-0.009093147125269365,0.00223056971836274,0.005231149680196752,0.00111528485918137,1.1774506372536389,1.0,29.0,29.0,False,False,True,-6198.75,72.5,29.0,-6300.25,2021-2022,-6372.75
2021-11-23,4680.25,4687.25,4680.0,5.3417376685444264e-05,0.0014945292346824322,0.0023933680336316924,0.0056129455720018515,0.0011966840168158462,0.009516817150677093,0.0,27.0,27.0,False,False,False,0.0,0.0,0.0,0.0,2021-2022,0.0
2021-11-24,4690.5,4698.25,4687.25,0.0006931300429455363,0.0016509123707046584,0.0023837648817978652,0.005590424184649171,0.0011918824408989326,0.12398523261415696,0.0,27.0,27.0,False,False,False,0.0,0.0,0.0,0.0,2021-2022,0.0
2021-11-30,4577.25,4562.75,4650.25,-0.015822600484346222,-0.0031728691825840087,0.00393279697572797,0.009223226457570198,0.001966398487863985,-1.7155168592178955,-1.0,17.0,17.0,False,False,True,1232.5,42.5,17.0,1173.0,2021-2022,1130.5
2021-12-01,4578.25,4508.5,4562.75,0.003391317110927908,-0.015352325081096628,0.003962733051216623,0.009293432777699819,0.0019813665256083117,0.3649154399723629,0.0,17.0,17.0,False,False,False,0.0,0.0,0.0,0.0,2021-2022,0.0
2021-12-02,4581.0,4577.5,4508.5,0.015952810946780797,-0.0007643173380763027,0.004842153508414319,0.011355856563675418,0.0024210767542071597,1.4048091271080247,1.0,14.0,14.0,False,False,True,-245.0,35.0,14.0,-294.0,2021-2022,-329.0
2021-12-03,4499.5,4537.5,4577.5,-0.01718671807466251,0.008409920099102892,0.005069057824875045,0.011887994354625094,0.0025345289124375225,-1.4457205784233835,-1.0,13.0,13.0,False,False,True,-2470.0,32.5,13.0,-2515.5,2021-2022,-2548.0
2021-12-06,4592.25,4591.25,4537.5,0.011993900453067285,-0.00021778189229648814,0.0054586720568025136,0.012801720721467142,0.0027293360284012568,0.9368975244831559,1.0,12.0,12.0,False,False,True,-60.0,30.0,12.0,-102.0,2021-2022,-132.0
2021-12-07,4685.25,4686.5,4591.25,0.02026695790791195,0.00026675914475141776,0.0055384167810236485,0.012988738677091934,0.0027692083905118243,1.5603484227191755,1.0,12.0,12.0,False,False,True,75.0,30.0,12.0,33.0,2021-2022,3.0
2021-12-08,4694.25,4698.75,4686.5,0.0016523202863801196,0.0009581604054671636,0.005448567511216314,0.01277802346153546,0.002724283755608157,0.1293095361230124,0.0,12.0,12.0,False,False,False,0.0,0.0,0.0,0.0,2021-2022,0.0
2021-12-09,4678.0,4667.0,4698.75,-0.004425847734263401,-0.0023542011943087546,0.005411258806715992,0.012690526793752007,0.002705629403357996,-0.3487520893492303,0.0,12.0,12.0,False,False,False,0.0,0.0,0.0,0.0,2021-2022,0.0
2021-12-10,4690.5,4710.75,4667.0,0.005022719616189982,0.004307944436594093,0.005212397638939346,0.01222415601607377,0.002606198819469673,0.4108847767964933,0.0,12.0,12.0,False,False,False,0.0,0.0,0.0,0.0,2021-2022,0.0
2021-12-14,4618.5,4628.75,4660.75,-0.009106402342906146,0.002216876195157614,0.0046888422660135865,0.010996309829918165,0.0023444211330067933,-0.8281325720861319,-1.0,14.0,14.0,False,False,True,-717.5,35.0,14.0,-766.5,2021-2022,-801.5
2021-12-15,4642.5,4700.25,4628.75,0.0029661609990383497,0.012362684546033694,0.004707930667341361,0.011041076099126978,0.0023539653336706805,0.2686478176953137,0.0,14.0,14.0,False,False,False,0.0,0.0,0.0,0.0,2021-2022,0.0
2021-12-16,4653.25,4657.75,4700.25,-0.010049798594452075,0.0009665987220207202,0.004545808731789637,0.010660866458364535,0.0022729043658948184,-0.9426812195519985,-1.0,14.0,14.0,False,False,True,-315.0,35.0,14.0,-364.0,2021-2022,-399.0
2021-12-17,4632.75,4608.5,4657.75,-0.005381854656344989,-0.005248219810399293,0.00436826629865055,0.010244492545148049,0.002184133149325275,-0.5253412633790162,-1.0,15.0,15.0,False,False,True,1818.75,37.5,15.0,1766.25,2021-2022,1728.75
2021-12-20,4545.5,4558.75,4608.5,-0.013764691871806014,0.002910730560977158,0.004296335889061759,0.01007580078177514,0.0021481679445308796,-1.3661139367407154,-1.0,15.0,15.0,False,False,True,-993.75,37.5,15.0,-1046.25,2021-2022,-1083.75
2021-12-21,4637.5,4640.5,4558.75,0.017126964792800636,0.0006466911197568688,0.0044068093744894146,0.01033488407032139,0.0022034046872447073,1.6571995076349249,1.0,15.0,15.0,False,False,True,225.0,37.5,15.0,172.5,2021-2022,135.0
2021-12-22,4672.5,4686.25,4640.5,0.0068721412942704275,0.00293842872040384,0.004458104621835026,0.010455182088598339,0.002229052310917513,0.6572952279582662,1.0,15.0,15.0,False,False,True,1031.25,37.5,15.0,978.75,2021-2022,941.25
2021-12-23,4727.5,4715.25,4686.25,0.008763832482490729,-0.0025945846013323854,0.004501503623466294,0.010556961769204289,0.002250751811733147,0.8301472217182507,1.0,14.0,14.0,False,False,True,-857.5,35.0,14.0,-906.5,2021-2022,-941.5
2021-12-27,4771.5,4783.0,4715.25,0.011858783926028307,0.0024072438229883705,0.004556119393815417,0.010685047104194502,0.0022780596969077084,1.1098485397760245,1.0,14.0,14.0,False,False,True,805.0,35.0,14.0,756.0,2021-2022,721.0
2021-12-28,4780.0,4780.0,4783.0,-0.0006274181947951842,0.0,0.004450750125054715,0.010437934264796367,0.0022253750625273573,-0.06010942192951476,0.0,14.0,14.0,False,False,False,0.0,0.0,0.0,0.0,2021-2022,0.0
2021-12-29,4785.75,4784.75,4780.0,0.001202205931064237,-0.00020897549838341326,0.004231218641925021,0.009923087300671905,0.0021156093209625105,0.1211524089869525,0.0,15.0,15.0,False,False,False,0.0,0.0,0.0,0.0,2021-2022,0.0
2021-12-30,4791.25,4772.25,4784.75,0.0013575607765822614,-0.003973445913753627,0.0041165089657534916,0.009654069264212311,0.0020582544828767458,0.14062057557580893,0.0,15.0,15.0,False,False,False,0.0,0.0,0.0,0.0,2021-2022,0.0
2021-12-31,4769.5,4759.5,4772.25,-0.0005764141957484164,-0.0020988568939027587,0.0032930368342936264,0.007722855932624941,0.0016465184171468132,-0.07463743992858579,0.0,19.0,19.0,False,False,False,0.0,0.0,0.0,0.0,2021-2022,0.0
2022-01-03,4781.0,4786.5,4759.5,0.004507108934743329,0.001149725760304489,0.0032033591335075147,0.007512543082088987,0.0016016795667537574,0.5999445042104241,1.0,20.0,20.0,False,False,True,550.0,50.0,20.0,480.0,2021-2022,430.0
2022-01-04,4782.5,4783.5,4786.5,-0.0008360330719999134,0.00020907380381406763,0.002840048979541549,0.006660505246156066,0.0014200244897707745,-0.12552096892084993,0.0,22.0,22.0,False,False,False,0.0,0.0,0.0,0.0,2021-2022,0.0
2022-01-05,4725.25,4692.25,4783.5,-0.012252026537156253,-0.007008258044706533,0.0024507207343460327,0.005747449577651341,0.0012253603671730164,-2.131732757569135,-1.0,26.0,26.0,False,False,True,4290.0,65.0,26.0,4199.0,2021-2022,4134.0
2022-01-06,4701.5,4687.25,4692.25,0.0019693951807724865,-0.0030355501940714756,0.003289363912506413,0.007714242167507268,0.0016446819562532064,0.25529340899714903,0.0,20.0,20.0,False,False,False,0.0,0.0,0.0,0.0,2021-2022,0.0
2022-01-07,4682.25,4669.0,4687.25,-0.0010672929130969818,-0.0028338476390261896,0.0032355893721517774,0.007588129691728947,0.0016177946860758887,-0.14065296146168008,0.0,20.0,20.0,False,False,False,0.0,0.0,0.0,0.0,2021-2022,0.0
2022-01-10,4636.75,4662.5,4669.0,-0.006931226201540755,0.005538095182674764,0.003626249757888682,0.008504309506728485,0.001813124878944341,-0.8150251582514572,-1.0,18.0,18.0,False,False,True,-2317.5,45.0,18.0,-2380.5,2021-2022,-2425.5
2022-01-11,4696.0,4705.25,4662.5,0.007159297555861435,0.001967824062741108,0.004314357855618521,0.010118066039755564,0.0021571789278092605,0.7075756896358815,1.0,15.0,15.0,False,False,True,693.75,37.5,15.0,641.25,2021-2022,603.75
2022-01-12,4716.5,4718.5,4705.25,0.0023880925192345105,0.0004239533714799337,0.004419560471452348,0.01036478804339638,0.002209780235726174,0.23040437578036277,0.0,15.0,15.0,False,False,False,0.0,0.0,0.0,0.0,2021-2022,0.0
2022-01-13,4680.75,4653.25,4718.5,-0.008032598979125664,-0.005892453303819531,0.004560517279411059,0.01069536106014835,0.0022802586397055293,-0.751035793364254,-1.0,14.0,14.0,False,False,True,1925.0,35.0,14.0,1876.0,2021-2022,1841.0
2022-01-14,4629.75,4654.0,4653.25,-0.0050630292363275315,0.005224193920122096,0.004713653779604962,0.011054497987105194,0.002356826889802481,-0.4580062561170515,0.0,14.0,14.0,False,False,False,0.0,0.0,0.0,0.0,2021-2022,0.0
2022-01-19,4560.5,4525.0,4572.5,-0.0026278346448076607,-0.007814689486186658,0.004981803901791957,0.011683365766657424,0.0024909019508959785,-0.2249210285196332,0.0,13.0,13.0,False,False,False,0.0,0.0,0.0,0.0,2021-2022,0.0
2022-01-20,4539.25,4474.25,4525.0,0.0031442230167499554,-0.01442306025325862,0.004812462567698005,0.011286225135545525,0.0024062312838490025,0.2785894290596196,0.0,14.0,14.0,False,False,False,0.0,0.0,0.0,0.0,2021-2022,0.0
2022-01-21,4405.75,4385.5,4474.25,-0.015428233953038944,-0.004606861553042494,0.005729090628539415,0.013435908486778995,0.0028645453142697075,-1.1482836436568773,-1.0,12.0,12.0,False,False,True,1215.0,30.0,12.0,1173.0,2021-2022,1143.0
2022-01-24,4308.25,4404.5,4385.5,-0.01777185522974985,0.022094956388163858,0.006287191410095667,0.014744770837469603,0.0031435957050478334,-1.2052988429354075,-1.0,11.0,11.0,False,False,True,-5293.75,27.5,11.0,-5332.25,2021-2022,-5359.75
2022-01-25,4400.5,4351.0,4404.5,-0.0009085747359839802,-0.011312467093186278,0.007249998140559985,0.01700275276858656,0.0036249990702799926,-0.053436919794694525,0.0,9.0,9.0,False,False,False,0.0,0.0,0.0,0.0,2021-2022,0.0
2022-01-26,4368.75,4340.0,4351.0,0.004071223261440347,-0.006602578887669835,0.007561162608943156,0.01773249813178731,0.003780581304471578,0.22959107234542803,0.0,9.0,9.0,False,False,False,0.0,0.0,0.0,0.0,2021-2022,0.0
2022-01-27,4316.25,4317.75,4340.0,-0.0054873783902484085,0.00034746351982665525,0.008772704204877442,0.020573815029413214,0.004386352102438721,-0.26671661927568685,0.0,8.0,8.0,False,False,False,0.0,0.0,0.0,0.0,2021-2022,0.0
2022-01-28,4365.5,4424.0,4317.75,0.010998297026833663,0.01331153395130829,0.009106490081728003,0.021356612298006387,0.0045532450408640015,0.5149832226836997,1.0,8.0,8.0,False,False,True,2340.0,20.0,8.0,2312.0,2021-2022,2292.0
2022-01-31,4485.5,4501.5,4424.0,0.013805707797167527,0.003560702549193178,0.009265443394492418,0.021729390859639566,0.004632721697246209,0.6353472072155698,1.0,7.0,7.0,False,False,True,560.0,17.5,7.0,535.5,2021-2022,518.0
2022-02-01,4509.0,4534.0,4501.5,0.0016647248725527143,0.005529152646390195,0.009228596981649441,0.021642978361893737,0.0046142984908247205,0.07691755010409079,0.0,7.0,7.0,False,False,False,0.0,0.0,0.0,0.0,2021-2022,0.0
2022-02-02,4574.5,4577.0,4534.0,0.008892851052115658,0.0005463585340521017,0.009189411033795048,0.021551079168203806,0.004594705516897524,0.4126406377475546,0.0,7.0,7.0,False,False,False,0.0,0.0,0.0,0.0,2021-2022,0.0
2022-02-03,4487.0,4471.75,4577.0,-0.019859434677658744,-0.003404496102628192,0.00906713262919609,0.021264310890195294,0.004533566314598045,-0.9339326715174993,-1.0,7.0,7.0,False,False,True,533.75,17.5,7.0,509.25,2021-2022,491.75
2022-02-04,4514.75,4491.25,4471.75,0.009569983459097502,-0.005218754904724168,0.008635985639358646,0.020253181572228305,0.004317992819679323,0.4725175363173614,0.0,8.0,8.0,False,False,False,0.0,0.0,0.0,0.0,2021-2022,0.0
2022-02-07,4503.75,4476.5,4491.25,0.0027793236345744414,-0.006068891988092298,0.008083290098044637,0.01895699563354662,0.004041645049022318,0.14661203116258062,0.0,8.0,8.0,False,False,False,0.0,0.0,0.0,0.0,2021-2022,0.0
2022-02-08,4491.75,4513.25,4476.5,0.0034008897384707483,0.004775134004085901,0.007112356489825528,0.016679954484680053,0.003556178244912764,0.20389082845485848,0.0,9.0,9.0,False,False,False,0.0,0.0,0.0,0.0,2021-2022,0.0
2022-02-09,4571.5,4579.5,4513.25,0.012823863787713797,0.0017484432385609355,0.006570657226407067,0.015409557103568707,0.0032853286132035336,0.8322019706032896,1.0,10.0,10.0,False,False,True,400.0,25.0,10.0,365.0,2021-2022,340.0
2022-02-10,4502.75,4498.25,4579.5,-0.01690150062587539,-0.0009998889845387984,0.004785717357134732,0.011223502056982639,0.002392858678567366,-1.5059025730173246,-1.0,14.0,14.0,False,False,True,315.0,35.0,14.0,266.0,2021-2022,231.0
2022-02-11,4413.25,4408.5,4498.25,-0.01907705276323562,-0.0010768839423106883,0.004721258301564445,0.011072332171927535,0.0023606291507822226,-1.7229480173655753,-1.0,15.0,15.0,False,False,True,356.25,37.5,15.0,303.75,2021-2022,266.25
2022-02-14,4384.75,4394.5,4408.5,-0.00540188388883456,0.0022211473664526544,0.004663776544360817,0.010937525501982416,0.0023318882721804087,-0.49388537543116806,0.0,15.0,15.0,False,False,False,0.0,0.0,0.0,0.0,2021-2022,0.0
2022-02-15,4457.75,4464.5,4394.5,0.014290395409456117,0.00151307154311504,0.0050835424887927996,0.011921963902582884,0.0025417712443963998,1.1986611875548554,1.0,13.0,13.0,False,False,True,438.75,32.5,13.0,393.25,2021-2022,360.75
2022-02-16,4469.75,4470.25,4464.5,0.0011752526746583896,0.00011185682338292423,0.0049386612187892155,0.011582187206518862,0.0024693306093946077,0.10147070270086087,0.0,14.0,14.0,False,False,False,0.0,0.0,0.0,0.0,2021-2022,0.0
2022-02-17,4387.0,4375.0,4470.25,-0.018798713289098355,-0.0027391023744991875,0.0050914315071692385,0.011940465290644077,0.0025457157535846192,-1.574370247014414,-1.0,14.0,14.0,False,False,True,840.0,35.0,14.0,791.0,2021-2022,756.0
2022-02-18,4369.5,4346.25,4375.0,-0.0012579337241158074,-0.005335181745527802,0.0050669073526607225,0.011882951050242533,0.0025334536763303613,-0.10586038087652754,0.0,14.0,14.0,False,False,False,0.0,0.0,0.0,0.0,2021-2022,0.0
2022-02-23,4238.5,4223.0,4299.75,-0.01434744840814154,-0.0036636571145166655,0.006022514017764577,0.014124047331340248,0.0030112570088822884,-1.0158170722286934,-1.0,12.0,12.0,False,False,True,930.0,30.0,12.0,888.0,2021-2022,858.0
2022-02-24,4235.75,4286.0,4223.0,0.003014632104272119,0.011793488995306708,0.006580152725441542,0.01543182602272805,0.003290076362720771,0.195351612947953,0.0,11.0,11.0,False,False,False,0.0,0.0,0.0,0.0,2021-2022,0.0
2022-02-25,4363.75,4379.75,4286.0,0.01797788238572351,0.003659865696685628,0.007443557109229954,0.017456688787138953,0.003721778554614977,1.029856383701389,1.0,9.0,9.0,False,False,True,720.0,22.5,9.0,688.5,2021-2022,666.0
2022-02-28,4332.0,4369.5,4379.75,-0.010962315995050173,0.008619256946717755,0.0078874887308558,0.01849780072431787,0.0039437443654279,-0.5926280728410442,-1.0,9.0,9.0,False,False,True,-1687.5,22.5,9.0,-1719.0,2021-2022,-1741.5
2022-03-01,4299.75,4303.5,4369.5,-0.016091704610997216,0.0008717636329274611,0.007802870933768719,0.018299354399808482,0.0039014354668843597,-0.8793591434660465,-1.0,9.0,9.0,False,False,True,-168.75,22.5,9.0,-200.25,2021-2022,-222.75
2022-03-02,4383.0,4381.5,4303.5,0.0183047763292799,-0.00034228992290382353,0.007972257801865354,0.018696601817622276,0.003986128900932677,0.979042956994834,1.0,9.0,9.0,False,False,True,-67.5,22.5,9.0,-99.0,2021-2022,-121.5
2022-03-03,4365.5,4360.5,4381.5,-0.0036584012450430283,-0.0011460005838219939,0.007924349487435195,0.01858424686110738,0.003962174743717598,-0.19685496390489915,0.0,9.0,9.0,False,False,False,0.0,0.0,0.0,0.0,2021-2022,0.0
2022-03-04,4296.0,4325.5,4360.5,-0.014902372478339724,0.0068433834317283984,0.007982102043673152,0.018719688611081677,0.003991051021836576,-0.7960801479100363,-1.0,9.0,9.0,False,False,True,-1327.5,22.5,9.0,-1359.0,2021-2022,-1381.5
2022-03-07,4220.5,4198.0,4325.5,-0.024574136196654304,-0.0053453830431963185,0.008194211131230943,0.019217128514623094,0.004097105565615471,-1.278762130250357,-1.0,9.0,9.0,False,False,True,1012.5,22.5,9.0,981.0,2021-2022,958.5
2022-03-08,4217.5,4165.5,4198.0,0.004634314039544968,-0.012406219005159392,0.00813042670380821,0.019067540772815642,0.004065213351904105,0.24304728621071323,0.0,9.0,9.0,False,False,False,0.0,0.0,0.0,0.0,2021-2022,0.0
2022-03-09,4276.25,4277.0,4165.5,0.02624014087685046,0.0001753719350941801,0.0082220567952191,0.019282432385229496,0.00411102839760955,1.3608314735723188,1.0,9.0,9.0,False,False,True,33.75,22.5,9.0,2.25,2021-2022,-20.25
2022-03-10,4259.5,4257.75,4277.0,-0.0041000467440134355,-0.00041093076394987894,0.0077513547908197086,0.018178538335421802,0.0038756773954098543,-0.22554325701887082,0.0,9.0,9.0,False,False,False,0.0,0.0,0.0,0.0,2021-2022,0.0
2022-03-11,4234.0,4204.0,4257.75,-0.005593679024134858,-0.00711071969796868,0.007033774972878385,0.016495664491920196,0.0035168874864391925,-0.3390999511947348,0.0,10.0,10.0,False,False,False,0.0,0.0,0.0,0.0,2021-2022,0.0
2022-03-15,4240.75,4256.25,4165.0,0.018023864774889254,0.0036483505219902274,0.00632089139523288,0.014823804308166303,0.00316044569761644,1.215873091697525,1.0,11.0,11.0,False,False,True,852.5,27.5,11.0,814.0,2021-2022,786.5
2022-03-16,4294.0,4350.75,4256.25,0.0088302085409039,0.013129544575556982,0.006215748907700224,0.0145772233178912,0.003107874453850112,0.60575380841331,1.0,11.0,11.0,False,False,True,3121.25,27.5,11.0,3082.75,2021-2022,3055.25
2022-03-17,4388.25,4405.0,4350.75,0.008582270322171848,0.0038097450338247787,0.0064429946869596355,0.01511016191008705,0.0032214973434798178,0.5679800370929583,1.0,11.0,11.0,False,False,True,921.25,27.5,11.0,882.75,2021-2022,855.25
2022-03-18,4434.0,4453.0,4405.0,0.006561851805976875,0.004275915145445668,0.006335274622872857,0.01485753596696614,0.0031676373114364284,0.4416514165314037,0.0,11.0,11.0,False,False,False,0.0,0.0,0.0,0.0,2021-2022,0.0
2022-03-21,4426.75,4453.0,4453.0,-0.005912345835376125,0.005912345835376114,0.005800575751458921,0.013603555960346278,0.0029002878757294604,-0.43461767295333176,0.0,12.0,12.0,False,False,False,0.0,0.0,0.0,0.0,2021-2022,0.0
2022-03-22,4498.75,4505.25,4453.0,0.010221554071538009,0.0014438030051401023,0.005239895691925506,0.012288644666619145,0.002619947845962753,0.8317885616225703,1.0,13.0,13.0,False,False,True,422.5,32.5,13.0,377.0,2021-2022,344.5
2022-03-23,4462.0,4446.5,4505.25,-0.009646287405902655,-0.0034798261527830203,0.004873820716054157,0.011430122748567166,0.0024369103580270785,-0.8439355917776015,-1.0,14.0,14.0,False,False,True,1085.0,35.0,14.0,1036.0,2021-2022,1001.0
2022-03-24,4490.25,4513.0,4446.5,0.009791109633876445,0.005053741353430011,0.004860299613113028,0.011398412951404532,0.002430149806556514,0.8589888500810956,1.0,14.0,14.0,False,False,True,1592.5,35.0,14.0,1543.5,2021-2022,1508.5
2022-03-25,4528.25,4536.25,4513.0,0.003373430546024774,0.0017651281542541116,0.004656701774791817,0.010920933696640637,0.0023283508873959084,0.308895799547109,0.0,14.0,14.0,False,False,False,0.0,0.0,0.0,0.0,2021-2022,0.0
2022-03-28,4553.5,4569.0,4536.25,0.003795488480593234,0.003398194555398172,0.004100231773901884,0.009615895865619086,0.002050115886950942,0.3947098152511945,0.0,16.0,16.0,False,False,False,0.0,0.0,0.0,0.0,2021-2022,0.0
2022-03-29,4616.0,4627.0,4569.0,0.01023416662466407,0.0023801807190641363,0.0037766705756475966,0.008857077593839456,0.0018883352878237983,1.1554789394396239,1.0,17.0,17.0,False,False,True,935.0,42.5,17.0,875.5,2021-2022,833.0
2022-03-30,4589.25,4598.25,4627.0,-0.008192097896239996,0.0019591843001474972,0.003737357439959446,0.008764880118239567,0.001868678719979723,-0.9346503073319142,-1.0,18.0,18.0,False,False,True,-810.0,45.0,18.0,-873.0,2021-2022,-918.0
2022-03-31,4575.5,4527.75,4598.25,-0.004959813955474082,-0.0104908550107876,0.0032730189587228146,0.00767590985309718,0.0016365094793614073,-0.6461532313948202,-1.0,20.0,20.0,False,False,True,4775.0,50.0,20.0,4705.0,2021-2022,4655.0
2022-04-01,4528.25,4538.25,4527.75,0.00011042402838085326,0.0022059237975144506,0.0034153742924955873,0.00800976270360855,0.0017076871462477937,0.013786179749258382,0.0,20.0,20.0,False,False,False,0.0,0.0,0.0,0.0,2021-2022,0.0
2022-04-04,4570.5,4578.0,4538.25,0.0070811329233329825,0.0016396134186385028,0.0032220123795472302,0.0075562888216872594,0.0016110061897736151,0.9371178220463814,1.0,21.0,21.0,False,False,True,787.5,52.5,21.0,714.0,2021-2022,661.5
2022-04-05,4534.5,4521.25,4578.0,-0.009547397624889523,-0.0029263196213146986,0.00316424079259112,0.0074208024407227844,0.00158212039629556,-1.2865721330211843,-1.0,21.0,21.0,False,False,True,1391.25,52.5,21.0,1317.75,2021-2022,1265.25
2022-04-06,4490.0,4475.75,4521.25,-0.006935802530007715,-0.00317876630491757,0.0032974463209131536,0.007733197095391421,0.0016487231604565768,-0.8968868172442015,-1.0,20.0,20.0,False,False,True,1425.0,50.0,20.0,1355.0,2021-2022,1305.0
2022-04-07,4501.75,4497.75,4475.75,0.005792274618232406,-0.0008889383328860218,0.0032235216474565285,0.007559828368681043,0.0016117608237282643,0.7661912858007092,1.0,21.0,21.0,False,False,True,-420.0,52.5,21.0,-493.5,2021-2022,-546.0
2022-04-08,4496.0,4487.0,4497.75,-0.00038915914320180944,-0.0020037855975436306,0.003432592920411936,0.008050143965479237,0.001716296460205968,-0.04834188616633544,0.0,20.0,20.0,False,False,False,0.0,0.0,0.0,0.0,2021-2022,0.0
2022-04-11,4433.75,4409.25,4487.0,-0.011938599888151716,-0.005541120137357528,0.0034679057338755257,0.008132959853875901,0.0017339528669377629,-1.4679280486626494,-1.0,20.0,20.0,False,False,True,2450.0,50.0,20.0,2380.0,2021-2022,2330.0
2022-04-12,4397.25,4391.5,4409.25,-0.002725261438039857,-0.0013084911552620926,0.004022723845130353,0.009434123660308456,0.0020113619225651763,-0.2888727703989787,0.0,17.0,17.0,False,False,False,0.0,0.0,0.0,0.0,2021-2022,0.0
2022-04-13,4436.75,4442.5,4391.5,0.010251272057502274,0.0012951546141321006,0.004165847596961959,0.00976977861090647,0.0020829237984809797,1.0492839669937137,1.0,16.0,16.0,False,False,True,460.0,40.0,16.0,404.0,2021-2022,364.0
2022-04-14,4401.5,4387.0,4442.5,-0.009271889127845606,-0.0032997697347468373,0.004184017276860455,0.009812390287379893,0.0020920086384302273,-0.9449164633993975,-1.0,16.0,16.0,False,False,True,1160.0,40.0,16.0,1104.0,2021-2022,1064.0
2022-04-18,4392.25,4389.0,4387.0,0.0011960020789495626,-0.0007402135569295277,0.0042278488119499085,0.009915184348860307,0.0021139244059749543,0.12062328211648794,0.0,16.0,16.0,False,False,False,0.0,0.0,0.0,0.0,2021-2022,0.0
2022-04-19,4446.75,4459.0,4389.0,0.0130720815673527,0.0027510333718897976,0.004447821467847733,0.010431065954836994,0.0022239107339238665,1.2531875096898453,1.0,15.0,15.0,False,False,True,918.75,37.5,15.0,866.25,2021-2022,828.75
2022-04-20,4449.0,4455.75,4459.0,-0.0022451738214348638,0.0015160450979186696,0.004355364384752335,0.010214234875008013,0.0021776821923761673,-0.2198083213191338,0.0,16.0,16.0,False,False,False,0.0,0.0,0.0,0.0,2021-2022,0.0
2022-04-21,4400.75,4388.75,4455.75,-0.012420415977878836,-0.002730532443439698,0.0047687936125442,0.01118381235781131,0.0023843968062721,-1.1105708483390124,-1.0,14.0,14.0,False,False,True,840.0,35.0,14.0,791.0,2021-2022,756.0
2022-04-22,4282.25,4269.5,4388.75,-0.024565876104547617,-0.0029818480304335637,0.005145218697210441,0.012066607432567015,0.0025726093486052207,-2.0358560798328336,-1.0,14.0,14.0,False,False,True,892.5,35.0,14.0,843.5,2021-2022,808.5
2022-04-25,4262.25,4293.0,4269.5,-0.001699534502320234,0.007188599379220038,0.005181358269657889,0.01215136224264741,0.0025906791348289447,-0.13986370156552566,0.0,14.0,14.0,False,False,False,0.0,0.0,0.0,0.0,2021-2022,0.0
2022-04-26,4214.25,4168.0,4293.0,-0.018514149564143337,-0.01103533522721446,0.005746829845195263,0.013477510637463752,0.0028734149225976315,-1.3737069153319101,-1.0,12.0,12.0,False,False,True,2775.0,30.0,12.0,2733.0,2021-2022,2703.0
2022-04-27,4194.0,4179.75,4168.0,0.006218628028662307,-0.003403496344109777,0.00576841367157057,0.013528129197157767,0.002884206835785285,0.4596813009421013,0.0,12.0,12.0,False,False,False,0.0,0.0,0.0,0.0,2021-2022,0.0
2022-04-28,4293.5,4285.0,4179.75,0.026850814994784075,-0.0019816990806592214,0.00617734093972412,0.014487148648742242,0.00308867046986206,1.8534230334631951,1.0,11.0,11.0,False,False,True,-467.5,27.5,11.0,-506.0,2021-2022,-533.5
2022-04-29,4163.25,4127.75,4285.0,-0.028824532793499766,-0.008563554926438432,0.0066433700657139525,0.015580083827281968,0.0033216850328569763,-1.8500884278315441,-1.0,11.0,11.0,False,False,True,1952.5,27.5,11.0,1914.0,2021-2022,1886.5
2022-05-02,4069.75,4151.5,4127.75,-0.014150891823322577,0.019888142213466055,0.00679959483783297,0.0159464633938929,0.003399797418916485,-0.887400013017433,-1.0,11.0,11.0,False,False,True,-4496.25,27.5,11.0,-4534.75,2021-2022,-4562.25
2022-05-03,4179.5,4170.25,4151.5,0.006721907437125468,-0.0022156361050460266,0.007003209208363457,0.016423981420124262,0.0035016046041817287,0.40927393091720937,0.0,10.0,10.0,False,False,False,0.0,0.0,0.0,0.0,2021-2022,0.0
2022-05-04,4243.25,4296.75,4170.25,0.017353499007475924,0.012529437915156058,0.007022739589343419,0.016469784223496146,0.0035113697946717094,1.0536567311379255,1.0,10.0,10.0,False,False,True,2675.0,25.0,10.0,2640.0,2021-2022,2615.0
2022-05-05,4132.75,4144.5,4296.75,-0.038915878023675354,0.0028391090984594227,0.007921947020221181,0.018578612576065842,0.0039609735101105905,-2.094660075629613,-1.0,9.0,9.0,False,False,True,-528.75,22.5,9.0,-560.25,2021-2022,-582.75
2022-05-06,4093.75,4119.0,4144.5,-0.012320733648018911,0.006148995052518616,0.008063570812823528,0.01891074981045985,0.004031785406411764,-0.651520102138103,-1.0,9.0,9.0,False,False,True,-1136.25,22.5,9.0,-1167.75,2021-2022,-1190.25
2022-05-09,4017.75,3987.5,4119.0,-0.02488837100690138,-0.007557576336079416,0.008127327517984948,0.019060272537801622,0.004063663758992474,-1.305772042741838,-1.0,9.0,9.0,False,False,True,1361.25,22.5,9.0,1329.75,2021-2022,1307.25
2022-05-10,4018.0,3995.25,3987.5,0.007619798281779792,-0.005678110909661547,0.007814493292569981,0.01832661124725236,0.0039072466462849904,0.41577780960035365,0.0,10.0,10.0,False,False,False,0.0,0.0,0.0,0.0,2021-2022,0.0
2022-05-11,3957.0,3932.25,3995.25,-0.009619993079793917,-0.006274381264672451,0.008117149370838543,0.01903640266691097,0.004058574685419271,-0.5053472154439854,-1.0,9.0,9.0,False,False,True,1113.75,22.5,9.0,1082.25,2021-2022,1059.75
2022-05-12,3860.75,3928.0,3932.25,-0.018350316017641463,0.01726892537124619,0.007753761043226257,0.018184181497526698,0.0038768805216131286,-1.0091362110600008,-1.0,10.0,10.0,False,False,True,-3362.5,25.0,10.0,-3397.5,2021-2022,-3422.5
2022-05-13,4009.5,4020.25,3928.0,0.020536154772726932,0.0026775444870505293,0.007744053324913764,0.018161414880044274,0.003872026662456882,1.13075742767663,1.0,10.0,10.0,False,False,True,537.5,25.0,10.0,502.5,2021-2022,477.5
2022-05-16,4034.25,4006.25,4020.25,0.0034763210873275355,-0.006964769152481481,0.007569135070913893,0.01775119521242338,0.0037845675354569465,0.19583588855439954,0.0,10.0,10.0,False,False,False,0.0,0.0,0.0,0.0,2021-2022,0.0
2022-05-17,4074.5,4086.25,4006.25,0.016892398091294263,0.0028796392781459774,0.00752372102828495,0.017644689841791333,0.003761860514142475,0.957364410638986,1.0,10.0,10.0,False,False,True,587.5,25.0,10.0,552.5,2021-2022,527.5
2022-05-18,3920.0,3923.75,4086.25,-0.041536025253912125,0.0009561753716550904,0.00817248285197379,0.019166171182892298,0.004086241425986895,-2.1671529935508,-1.0,9.0,9.0,False,False,True,-168.75,22.5,9.0,-200.25,2021-2022,-222.75
2022-05-19,3931.0,3896.75,3923.75,0.0018460172656969529,-0.008750974052699916,0.007385181750764933,0.017319786436474114,0.0036925908753824665,0.10658429724106673,0.0,10.0,10.0,False,False,False,0.0,0.0,0.0,0.0,2021-2022,0.0
2022-05-20,3837.5,3898.25,3896.75,-0.015321759473707805,0.015706621569542237,0.0076749930925871105,0.017999454279003273,0.0038374965462935552,-0.8512346672410478,-1.0,10.0,10.0,False,False,True,-3037.5,25.0,10.0,-3072.5,2021-2022,-3097.5
2022-05-23,3965.25,3972.25,3898.25,0.01704117031867443,0.0017637799848070257,0.008041999234122481,0.018860159974108018,0.004020999617061241,0.9035538586135657,1.0,9.0,9.0,False,False,True,315.0,22.5,9.0,283.5,2021-2022,261.0
2022-05-24,3910.75,3943.5,3972.25,-0.015603513326596761,0.008339482396165923,0.008054286992074638,0.018888977320883866,0.004027143496037319,-0.8260644852035129,-1.0,10.0,10.0,False,False,True,-1637.5,25.0,10.0,-1672.5,2021-2022,-1697.5
2022-05-25,3979.75,3979.0,3943.5,0.00915034939719968,-0.00018847180831662528,0.007415494513418525,0.01739087616631121,0.0037077472567092623,0.5261580445800257,1.0,10.0,10.0,False,False,True,-37.5,25.0,10.0,-72.5,2021-2022,-97.5
2022-05-26,4062.75,4055.75,3979.0,0.020829552779189343,-0.0017244569156095876,0.007527370437400276,0.017653248464805617,0.003763685218700138,1.1799274689140733,1.0,10.0,10.0,False,False,True,-350.0,25.0,10.0,-385.0,2021-2022,-410.0
2022-05-27,4134.25,4156.25,4055.75,0.019170306239797347,0.0053072918738584565,0.00741598863770872,0.017392034990490236,0.00370799431885436,1.1022463012683363,1.0,10.0,10.0,False,False,True,1100.0,25.0,10.0,1065.0,2021-2022,1040.0
2022-06-01,4113.75,4098.5,4132.25,-0.0044870315399130195,-0.003713968164464354,0.007474353120292577,0.017528911834952865,0.0037371765601462883,-0.2559788983002256,0.0,10.0,10.0,False,False,False,0.0,0.0,0.0,0.0,2021-2022,0.0
2022-06-02,4149.25,4175.75,4098.5,0.012306541907742776,0.0063663878692288315,0.006948179153202295,0.01629492450112833,0.0034740895766011476,0.7552377371794892,1.0,10.0,10.0,False,False,True,1325.0,25.0,10.0,1290.0,2021-2022,1265.0
2022-06-03,4117.5,4108.25,4175.75,-0.014047799818261627,-0.002249035990396098,0.006975703131731965,0.016359473952462632,0.0034878515658659827,-0.8586950814605488,-1.0,11.0,11.0,False,False,True,508.75,27.5,11.0,470.25,2021-2022,442.75
2022-06-06,4120.5,4119.5,4108.25,0.002977368142038863,-0.00024271844779352053,0.005744629217643458,0.013472349708388507,0.002872314608821729,0.2209984305993049,0.0,13.0,13.0,False,False,False,0.0,0.0,0.0,0.0,2021-2022,0.0
2022-06-07,4143.25,4158.75,4119.5,0.0057487072480085916,0.0037340443290331555,0.005553555249900006,0.013024241533590566,0.002776777624950003,0.44138518417231537,0.0,13.0,13.0,False,False,False,0.0,0.0,0.0,0.0,2021-2022,0.0
2022-06-08,4113.75,4114.5,4158.75,-0.010879527075136813,0.000182298788217866,0.005617131385663951,0.01317334078815851,0.0028085656928319757,-0.8258745636426865,-1.0,13.0,13.0,False,False,True,-48.75,32.5,13.0,-94.25,2021-2022,-126.75
2022-06-09,4067.0,4015.25,4114.5,-0.01161169313854312,-0.012806014964217847,0.005486452298042926,0.012866871162130006,0.002743226149021463,-0.9024488542885899,-1.0,14.0,14.0,False,False,True,3622.5,35.0,14.0,3573.5,2021-2022,3538.5
2022-06-10,3931.25,3897.75,4015.25,-0.02114217049425593,-0.008557977892089718,0.006198526646454358,0.014536833535107497,0.003099263323227179,-1.4543862281421926,-1.0,12.0,12.0,False,False,True,2010.0,30.0,12.0,1968.0,2021-2022,1938.0
2022-06-13,3769.25,3750.25,3897.75,-0.033523420897633015,-0.0050535382500281655,0.006290596949420176,0.014752757535128792,0.003145298474710088,-2.272349478923389,-1.0,13.0,13.0,False,False,True,1235.0,32.5,13.0,1189.5,2021-2022,1157.0
2022-06-15,3784.75,3795.5,3741.75,0.011426418082731787,0.002836319964834638,0.006289006145805977,0.014749026769957381,0.0031445030729029886,0.7747235299624319,1.0,13.0,13.0,False,False,True,698.75,32.5,13.0,653.25,2021-2022,620.75
2022-06-16,3649.25,3673.75,3795.5,-0.03929448744613548,0.006691271722439619,0.00633772691409436,0.014863287099662649,0.00316886345704718,-2.643727944071493,-1.0,13.0,13.0,False,False,True,-1592.5,32.5,13.0,-1638.0,2021-2022,-1670.5
2022-06-17,3692.75,3675.5,3673.75,0.00515849918758214,-0.004682260106566796,0.0063321168612918075,0.014850130359623383,0.0031660584306459037,0.34737063329812856,0.0,13.0,13.0,False,False,False,0.0,0.0,0.0,0.0,2021-2022,0.0
2022-06-22,3790.5,3760.75,3768.5,0.005820892212834017,-0.007879530918425498,0.0067098548455746514,0.015736004456905477,0.0033549274227873257,0.3699091614250032,0.0,12.0,12.0,False,False,False,0.0,0.0,0.0,0.0,2021-2022,0.0
2022-06-23,3778.75,3798.5,3760.75,0.004774861515734638,0.005212984849608395,0.006747265977099011,0.015823741337352815,0.0033736329885495054,0.3017530060645844,0.0,12.0,12.0,False,False,False,0.0,0.0,0.0,0.0,2021-2022,0.0
2022-06-24,3897.25,3919.25,3798.5,0.02566492424951394,0.005629132755850175,0.006204386209390951,0.014550575428279233,0.0031021931046954754,1.7638425625170688,1.0,13.0,13.0,False,False,True,1430.0,32.5,13.0,1384.5,2021-2022,1352.0
2022-06-27,3904.0,3905.5,3919.25,-0.003898640415657309,0.0003841475173687858,0.005855790191016292,0.013733045299081134,0.002927895095508146,-0.2838875377421324,0.0,13.0,13.0,False,False,False,0.0,0.0,0.0,0.0,2021-2022,0.0
2022-06-28,3832.5,3825.25,3905.5,-0.018868484304382805,-0.0018935071440463616,0.006305738204495028,0.014788266925842087,0.003152869102247514,-1.2759090973270608,-1.0,13.0,13.0,False,False,True,471.25,32.5,13.0,425.75,2021-2022,393.25
2022-06-29,3818.0,3820.75,3825.25,-0.001897099316229936,0.0007200131222527619,0.006117064068741019,0.014345786855936253,0.0030585320343705096,-0.13224086871504862,0.0,13.0,13.0,False,False,False,0.0,0.0,0.0,0.0,2021-2022,0.0
2022-06-30,3788.5,3789.5,3820.75,-0.008476576036517651,0.0002639218806557066,0.005980485767947184,0.014025482348689599,0.002990242883973592,-0.6043696627167776,-1.0,13.0,13.0,False,False,True,-65.0,32.5,13.0,-110.5,2021-2022,-143.0
2022-07-01,3815.25,3828.0,3789.5,0.006772109118900197,0.003336280201860835,0.006915816900740269,0.016219028291642693,0.0034579084503701344,0.4175409893322472,0.0,11.0,11.0,False,False,False,0.0,0.0,0.0,0.0,2022-2023,0.0
2022-07-06,3861.75,3849.5,3835.5,0.006820644195009417,-0.003177178876256228,0.006783436409892143,0.015908568521359086,0.0033917182049460716,0.4287402845738079,0.0,12.0,12.0,False,False,False,0.0,0.0,0.0,0.0,2022-2023,0.0
2022-07-07,3904.5,3904.75,3849.5,0.014186464384625407,6.402663510203376e-05,0.006782483094002886,0.015906332797423556,0.003391241547001443,0.8918752402139651,1.0,11.0,11.0,False,False,True,13.75,27.5,11.0,-24.75,2022-2023,-52.25
2022-07-08,3915.75,3902.0,3904.75,0.0028131212209395527,-0.0035176397757148677,0.005632114350786751,0.013208478956028941,0.0028160571753933755,0.21297843834285843,0.0,14.0,14.0,False,False,False,0.0,0.0,0.0,0.0,2022-2023,0.0
2022-07-11,3860.5,3858.0,3902.0,-0.010692533434186052,-0.0006477942831960836,0.005679108293865328,0.013318689521644942,0.002839554146932664,-0.8028217353373259,-1.0,14.0,14.0,False,False,True,175.0,35.0,14.0,126.0,2022-2023,91.0
2022-07-12,3840.25,3824.25,3858.0,-0.004611445836419497,-0.00417509902588014,0.00439015481312569,0.010295825661774711,0.002195077406562845,-0.44789470877895704,0.0,18.0,18.0,False,False,False,0.0,0.0,0.0,0.0,2022-2023,0.0
2022-07-13,3829.5,3803.0,3824.25,0.001371876746273484,-0.006944017421388516,0.00491037723229901,0.011515855378526717,0.002455188616149505,0.11912938302712475,0.0,16.0,16.0,False,False,False,0.0,0.0,0.0,0.0,2022-2023,0.0
2022-07-14,3792.25,3794.25,3803.0,-0.0028307184564779365,0.0005272523683735171,0.005095898371907959,0.011950941017027823,0.0025479491859539795,-0.2368615536169662,0.0,16.0,16.0,False,False,False,0.0,0.0,0.0,0.0,2022-2023,0.0
2022-07-15,3858.25,3865.5,3794.25,0.016726949940785794,0.0018773269795885872,0.005538387316723822,0.012988669577183806,0.002769193658361911,1.2878108755779527,1.0,14.0,14.0,False,False,True,507.5,35.0,14.0,458.5,2022-2023,423.5
2022-07-18,3845.25,3834.0,3865.5,-0.005252419428609809,-0.00292997572632983,0.005675886617192424,0.013311134020125119,0.002837943308596212,-0.3945884265509362,0.0,14.0,14.0,False,False,False,0.0,0.0,0.0,0.0,2022-2023,0.0
2022-07-19,3932.5,3936.25,3834.0,0.025366711326843032,0.0009531374828015865,0.006049721993396604,0.014187855690188923,0.003024860996698302,1.7879172075583223,1.0,13.0,13.0,False,False,True,243.75,32.5,13.0,198.25,2022-2023,165.75
2022-07-20,3959.75,3962.5,3936.25,0.005952398527295352,0.0006942472430064444,0.005277576287701296,0.012377013496752295,0.002638788143850648,0.4809236516432054,0.0,14.0,14.0,False,False,False,0.0,0.0,0.0,0.0,2022-2023,0.0
2022-07-21,3984.0,4002.5,3962.5,0.005411200518952792,0.004632826166380791,0.004411041816837565,0.010344810027467543,0.0022055209084187823,0.5230836046853418,1.0,17.0,17.0,False,False,True,1572.5,42.5,17.0,1513.0,2022-2023,1470.5
2022-07-22,3951.0,3965.25,4002.5,-0.012950454459479063,0.003600193372278449,0.004527848366000319,0.010618745666989329,0.0022639241830001594,-1.2195842019023353,-1.0,17.0,17.0,False,False,True,-1211.25,42.5,17.0,-1270.75,2022-2023,-1313.25
2022-07-25,3952.0,3970.0,3965.25,-0.003347124915910848,0.004544314813477554,0.004302587931830254,0.01009046312174136,0.002151293965915127,-0.3317117237858968,0.0,18.0,18.0,False,False,False,0.0,0.0,0.0,0.0,2022-2023,0.0
2022-07-26,3921.0,3923.0,3970.0,-0.012419371388904423,0.0005099439172208418,0.003534119561223712,0.008288245043531981,0.001767059780611856,-1.498431974884274,-1.0,22.0,22.0,False,False,True,-220.0,55.0,22.0,-297.0,2022-2023,-352.0
2022-07-27,4013.0,4024.0,3923.0,0.022682424057364172,0.002737341512658505,0.0034163979696186617,0.008012163439264069,0.0017081989848093308,2.8309986721198976,1.0,22.0,22.0,False,False,True,1210.0,55.0,22.0,1133.0,2022-2023,1078.0
2022-07-28,4075.25,4073.0,4024.0,0.012655661706824065,-0.0005522658379866082,0.004760385861292557,0.011164094433323621,0.0023801929306462785,1.1336039642452571,1.0,16.0,16.0,False,False,True,-180.0,40.0,16.0,-236.0,2022-2023,-276.0
2022-07-29,4132.25,4133.75,4073.0,0.01444222414905024,0.00036293249853988955,0.004439525823628836,0.010411610944645893,0.002219762911814418,1.3871267593298868,1.0,16.0,16.0,False,False,True,120.0,40.0,16.0,64.0,2022-2023,24.0
2022-08-01,4126.75,4119.75,4133.75,-0.0016948130683521842,-0.0016976903368109393,0.0042750380275120336,0.010025852869043455,0.0021375190137560168,-0.1690442788747889,0.0,17.0,17.0,False,False,False,0.0,0.0,0.0,0.0,2022-2023,0.0
2022-08-02,4107.5,4094.25,4119.75,-0.0029779109794163174,-0.0032310205814464203,0.0042239103980066806,0.009905947949446294,0.0021119551990033403,-0.30061847635518535,0.0,17.0,17.0,False,False,False,0.0,0.0,0.0,0.0,2022-2023,0.0
2022-08-03,4161.25,4156.75,4094.25,0.016231959559258085,-0.0010819909687459193,0.004447203959497814,0.010429617769388852,0.002223601979748907,1.5563331195989971,1.0,16.0,16.0,False,False,True,-360.0,40.0,16.0,-416.0,2022-2023,-456.0
2022-08-04,4154.0,4153.0,4156.75,-0.0006617934844312087,-0.00024076080530410912,0.002871224747390942,0.00673361890257876,0.001435612373695471,-0.09828199278960724,0.0,25.0,25.0,False,False,False,0.0,0.0,0.0,0.0,2022-2023,0.0
2022-08-05,4131.5,4146.0,4153.0,-0.005190427489514515,0.0035034768544857644,0.0027568548647086163,0.006465397752487592,0.0013784274323543082,-0.8028009549014171,-1.0,27.0,27.0,False,False,True,-1957.5,67.5,27.0,-2052.0,2022-2023,-2119.5
2022-08-08,4136.25,4141.5,4146.0,-0.0023544337599029964,0.001268460802496945,0.0032546163173179684,0.007632751833463346,0.0016273081586589842,-0.3084646024492423,0.0,22.0,22.0,False,False,False,0.0,0.0,0.0,0.0,2022-2023,0.0
2022-08-09,4121.25,4124.75,4141.5,-0.004901525652377998,0.0008488964856129904,0.0032195551185938568,0.0075505260339364085,0.0016097775592969284,-0.6491634662734387,-1.0,23.0,23.0,False,False,True,-402.5,57.5,23.0,-483.0,2022-2023,-540.5
2022-08-10,4196.5,4210.5,4124.75,0.017245432651328354,0.0033305609471645323,0.003880483672686825,0.009100540887053895,0.0019402418363434126,1.894989854488879,1.0,19.0,19.0,False,False,True,1330.0,47.5,19.0,1263.5,2022-2023,1216.0
2022-08-11,4212.0,4211.5,4210.5,0.0003561887838191461,-0.00011871549844770416,0.0039733127425083965,0.009318244353084319,0.0019866563712541982,0.038224881246138216,0.0,18.0,18.0,False,False,False,0.0,0.0,0.0,0.0,2022-2023,0.0
2022-08-12,4268.25,4281.25,4211.5,0.013385028395924517,0.003041115859192505,0.003939332930078605,0.009238554629216049,0.0019696664650393023,1.4488227794416717,1.0,18.0,18.0,False,False,True,1170.0,45.0,18.0,1107.0,2022-2023,1062.0
2022-08-15,4300.25,4298.75,4281.25,0.004428137515964756,-0.0003488777800242605,0.0036720209084710608,0.008611652369746906,0.0018360104542355304,0.5142030037720737,1.0,19.0,19.0,False,False,True,-142.5,47.5,19.0,-209.0,2022-2023,-256.5
2022-08-16,4301.25,4307.0,4298.75,0.0005813953652142552,0.0013359279424203427,0.003509029376744823,0.008229403345183652,0.0017545146883724116,0.0706485441079423,0.0,20.0,20.0,False,False,False,0.0,0.0,0.0,0.0,2022-2023,0.0
2022-08-17,4287.5,4276.75,4307.0,-0.00453779357991518,-0.0025104371417940742,0.0029296693310267015,0.006870683600659503,0.0014648346655133507,-0.660457364021188,-1.0,24.0,24.0,False,False,True,1290.0,60.0,24.0,1206.0,2022-2023,1146.0
2022-08-18,4285.75,4288.25,4276.75,0.002102190555189181,0.0005831584023439834,0.0029110280298589013,0.0068269658742689705,0.0014555140149294507,0.3079245735081813,0.0,24.0,24.0,False,False,False,0.0,0.0,0.0,0.0,2022-2023,0.0
2022-08-19,4226.75,4230.0,4288.25,-0.0144453480728586,0.000768616823247869,0.00290225109822444,0.0068063821450383855,0.00145112554911222,-2.1223239843194452,-1.0,25.0,25.0,False,False,True,-406.25,62.5,25.0,-493.75,2022-2023,-556.25
2022-08-22,4136.25,4142.75,4230.0,-0.022412412804501753,0.0015702382740812246,0.0029206111241855464,0.006849440222597755,0.0014603055620927732,-3.2721524790534637,-1.0,25.0,25.0,False,False,True,-812.5,62.5,25.0,-900.0,2022-2023,-962.5
2022-08-23,4135.75,4131.25,4142.75,-0.0016911280227778717,-0.0010886658871289894,0.0028051971020329105,0.006578770348393088,0.0014025985510164552,-0.2570583761433384,0.0,26.0,26.0,False,False,False,0.0,0.0,0.0,0.0,2022-2023,0.0
2022-08-24,4140.75,4143.75,4131.25,0.0022969062322673313,0.0007242441019089448,0.0027199486909954772,0.006378845103078147,0.0013599743454977386,0.36008183223620627,0.0,27.0,27.0,False,False,False,0.0,0.0,0.0,0.0,2022-2023,0.0
2022-08-25,4173.0,4202.25,4143.75,0.007034026657379982,0.006984894521950969,0.0027012532428971735,0.006335000390879525,0.0013506266214485868,1.1103435238152222,1.0,27.0,27.0,False,False,True,3948.75,67.5,27.0,3854.25,2022-2023,3786.75
2022-08-26,4080.0,4059.0,4202.25,-0.029523107715296246,-0.005160350559309635,0.005221661061603385,0.01224588066790043,0.0026108305308016927,-2.4108603142511282,-1.0,14.0,14.0,False,False,True,1470.0,35.0,14.0,1421.0,2022-2023,1386.0
2022-08-29,4051.75,4032.0,4059.0,-0.0017877513006687384,-0.004886355787024396,0.005736484349688542,0.013453248299879797,0.002868242174844271,-0.13288621906166048,0.0,13.0,13.0,False,False,False,0.0,0.0,0.0,0.0,2022-2023,0.0
2022-08-30,3978.0,3986.5,4032.0,-0.013483350337286988,0.0021344725286326196,0.006406923936252169,0.015025568501293567,0.0032034619681260844,-0.8973604117625361,-1.0,12.0,12.0,False,False,True,-510.0,30.0,12.0,-552.0,2022-2023,-582.0
2022-08-31,3963.25,3955.75,3986.5,-0.005849257219212906,-0.0018941791242446477,0.006745265395532914,0.0158190495576996,0.003372632697766457,-0.36976034482210085,0.0,11.0,11.0,False,False,False,0.0,0.0,0.0,0.0,2022-2023,0.0
2022-09-01,3945.75,3967.5,3955.75,-0.0025311663200663294,0.0054971231215378,0.0066681909643755205,0.015638293994409566,0.0033340954821877602,-0.1618569340729353,0.0,11.0,11.0,False,False,False,0.0,0.0,0.0,0.0,2022-2023,0.0
2022-09-02,3928.75,3925.75,3967.5,-0.009814864288786803,-0.0007638933467141306,0.006044656348241077,0.014175975699253345,0.0030223281741205386,-0.6923589950357883,-1.0,13.0,13.0,False,False,True,195.0,32.5,13.0,149.5,2022-2023,117.0
2022-09-07,3980.75,3980.5,3911.0,0.017677147981021386,-6.28042079025856e-05,0.005064476081316742,0.011877249213528425,0.002532238040658371,1.4883200363335611,1.0,15.0,15.0,False,False,True,-18.75,37.5,15.0,-71.25,2022-2023,-108.75
2022-09-08,3987.5,4006.0,3980.5,0.0017570285644670375,0.004628769132663589,0.0047819737618716406,0.011214722547872438,0.0023909868809358203,0.15667160350751308,0.0,16.0,16.0,False,False,False,0.0,0.0,0.0,0.0,2022-2023,0.0
2022-09-09,4069.5,4066.75,4006.0,0.01572690454133256,-0.0006759871205333219,0.004521547525910977,0.010603968887161742,0.0022607737629554885,1.4831149269377026,1.0,16.0,16.0,False,False,True,-220.0,40.0,16.0,-276.0,2022-2023,-316.0
2022-09-12,4104.75,4111.25,4066.75,0.00930068504557436,0.0015822788111295796,0.0035978156371139643,0.008437625582629256,0.0017989078185569822,1.1022870065154236,1.0,20.0,20.0,False,False,True,650.0,50.0,20.0,580.0,2022-2023,530.0
2022-09-14,3944.75,3964.5,3951.0,-0.0015831304956123457,0.004994162796675286,0.0065550845423869445,0.015373035922293339,0.0032775422711934722,-0.10298099240869889,0.0,12.0,12.0,False,False,False,0.0,0.0,0.0,0.0,2022-2023,0.0
2022-09-15,3927.75,3918.75,3964.5,-0.009313000884746831,-0.0022940174464759744,0.006674761344097849,0.015653702900708385,0.0033373806720489244,-0.5949391619234952,-1.0,12.0,12.0,False,False,True,540.0,30.0,12.0,498.0,2022-2023,468.0
2022-09-16,3881.0,3888.5,3918.75,-0.009679873012324465,0.0019306267660916785,0.0066210254947060235,0.015527681163280927,0.0033105127473530118,-0.623394627345578,-1.0,12.0,12.0,False,False,True,-450.0,30.0,12.0,-492.0,2022-2023,-522.0
2022-09-19,3891.0,3918.5,3888.5,0.0006427148495554941,0.007042733508365728,0.007038647227864186,0.016507090942705836,0.003519323613932093,0.038935682355315145,0.0,11.0,11.0,False,False,False,0.0,0.0,0.0,0.0,2022-2023,0.0
2022-09-20,3865.25,3873.75,3918.5,-0.013682564510215293,0.0021966671192540223,0.005401190161051026,0.01266691372659849,0.002700595080525513,-1.0801813926847943,-1.0,14.0,14.0,False,False,True,-595.0,35.0,14.0,-644.0,2022-2023,-679.0
2022-09-21,3906.5,3804.0,3873.75,0.008418802334841,-0.02658868777151804,0.005240226329067553,0.012289420079450065,0.0026201131645337767,0.6850447198007841,1.0,15.0,15.0,False,False,True,-7687.5,37.5,15.0,-7740.0,2022-2023,-7777.5
2022-09-22,3783.5,3771.5,3804.0,-0.005403637530704618,-0.003176706840890749,0.007254449689098803,0.0170131925752976,0.0036272248445494014,-0.3176145515774893,0.0,11.0,11.0,False,False,False,0.0,0.0,0.0,0.0,2022-2023,0.0
2022-09-23,3662.25,3707.5,3771.5,-0.02939508768380625,0.012280082402207902,0.007303751959243501,0.017128816647738486,0.0036518759796217506,-1.7161189992472292,-1.0,11.0,11.0,False,False,True,-2488.75,27.5,11.0,-2527.25,2022-2023,-2554.75
2022-09-26,3683.0,3671.0,3707.5,-0.006630157567021872,-0.003263532948231063,0.0075119969105053985,0.01761719434838972,0.0037559984552526992,-0.37634582646401327,0.0,11.0,11.0,False,False,False,0.0,0.0,0.0,0.0,2022-2023,0.0
2022-09-27,3667.25,3661.0,3671.0,-0.001022042128962152,-0.0017057282476359529,0.00796392559829127,0.018677061068143305,0.003981962799145635,-0.054721785468989405,0.0,10.0,10.0,False,False,False,0.0,0.0,0.0,0.0,2022-2023,0.0
2022-09-28,3722.75,3732.5,3661.0,0.016726308350078368,0.0026156079430310103,0.0087827133170157,0.020597288478070772,0.00439135665850785,0.8120636057453046,1.0,9.0,9.0,False,False,True,438.75,22.5,9.0,407.25,2022-2023,384.75
2022-09-29,3624.5,3654.75,3732.5,-0.029361902672412947,0.008311343650792901,0.007546753578695599,0.01769870596050885,0.0037733767893477995,-1.6589858455148192,-1.0,11.0,11.0,False,False,True,-1663.75,27.5,11.0,-1702.25,2022-2023,-1729.75
2022-09-30,3618.25,3597.25,3654.75,-0.010037207874011356,-0.005820818874186948,0.007693184620424554,0.018042117193435278,0.003846592310212277,-0.556320955373433,-1.0,11.0,11.0,False,False,True,1155.0,27.5,11.0,1116.5,2022-2023,1089.0
2022-10-03,3707.25,3691.5,3597.25,0.030120697211651448,-0.004257482355958151,0.007578298485044016,0.017772685323448237,0.003789149242522008,1.6947746873069298,1.0,11.0,11.0,False,False,True,-866.25,27.5,11.0,-904.75,2022-2023,-932.25
2022-10-04,3797.0,3805.0,3691.5,0.028178401732582105,0.0021047100639839944,0.006899683776233403,0.016181192760921594,0.0034498418881167016,1.7414292103752935,1.0,12.0,12.0,False,False,True,480.0,30.0,12.0,438.0,2022-2023,408.0
2022-10-05,3802.25,3797.0,3805.0,-0.0007229945433081483,-0.0013817155206758283,0.0059724535213448076,0.014006645060664312,0.0029862267606724038,-0.05161796705612085,0.0,13.0,13.0,False,False,False,0.0,0.0,0.0,0.0,2022-2023,0.0
2022-10-06,3758.75,3756.25,3797.0,-0.010124825929063464,-0.0006653360192211548,0.005688351058998407,0.013340365727267213,0.0028441755294992036,-0.7589616458841675,-1.0,14.0,14.0,False,False,True,175.0,35.0,14.0,126.0,2022-2023,91.0
2022-10-07,3650.75,3651.0,3756.25,-0.02848849336293686,6.847673505611004e-05,0.006846806997547234,0.016057185722882443,0.003423403498773617,-1.774189690185813,-1.0,12.0,12.0,False,False,True,-15.0,30.0,12.0,-57.0,2022-2023,-87.0
2022-10-10,3628.5,3623.5,3651.0,-0.006181762937445256,-0.0013789301688554832,0.006112165701443925,0.014334299166352406,0.0030560828507219624,-0.4312567266599268,0.0,14.0,14.0,False,False,False,0.0,0.0,0.0,0.0,2022-2023,0.0
2022-10-11,3595.75,3600.0,3623.5,-0.007687817065337496,0.0011812529602028227,0.0061886690621026155,0.014513715450608896,0.0030943345310513078,-0.5296932471564315,-1.0,14.0,14.0,False,False,True,-297.5,35.0,14.0,-346.5,2022-2023,-381.5
2022-10-12,3599.0,3587.5,3600.0,-0.0002778163651707137,-0.003200448011154175,0.006237003265311332,0.01462706920484323,0.003118501632655666,-0.018993303530602343,0.0,13.0,13.0,False,False,False,0.0,0.0,0.0,0.0,2022-2023,0.0
2022-10-13,3690.75,3682.25,3587.5,0.02837410834632076,-0.002305711044544865,0.009814260647696646,0.023016481406485625,0.004907130323848323,1.232773500224298,1.0,8.0,8.0,False,False,True,-340.0,20.0,8.0,-368.0,2022-2023,-388.0
2022-10-14,3605.75,3599.25,3682.25,-0.02099418490603289,-0.0018043030571550558,0.009631312511305378,0.02258742999540566,0.004815656255652689,-0.9294631974643932,-1.0,9.0,9.0,False,False,True,292.5,22.5,9.0,261.0,2022-2023,238.5
2022-10-17,3690.5,3690.25,3599.25,0.025036459803642372,-6.774379300083964e-05,0.00998758723588094,0.023422968286893647,0.00499379361794047,1.068885014784892,1.0,8.0,8.0,False,False,True,-10.0,20.0,8.0,-38.0,2022-2023,-58.0
2022-10-18,3716.25,3733.75,3690.25,0.007020888895201276,0.0046979952180120155,0.009720000074870536,0.022795420768328842,0.004860000037435268,0.30799558238275,0.0,8.0,8.0,False,False,False,0.0,0.0,0.0,0.0,2022-2023,0.0
2022-10-19,3693.5,3707.25,3733.75,-0.010838572561527069,0.0037158438863859767,0.009840435910310794,0.023077867838627083,0.004920217955155397,-0.46965225025622914,0.0,8.0,8.0,False,False,False,0.0,0.0,0.0,0.0,2022-2023,0.0
2022-10-20,3676.5,3674.75,3707.25,-0.008329149218901457,-0.0004761095141798739,0.006468825441690528,0.015170740399626006,0.003234412720845264,-0.5490272062863055,-1.0,13.0,13.0,False,False,True,113.75,32.5,13.0,68.25,2022-2023,35.75
2022-10-21,3750.25,3763.75,3674.75,0.02033740128690263,0.0035932963869438803,0.006076587595562555,0.014250861112087084,0.0030382937977812773,1.4270998171228513,1.0,13.0,13.0,False,False,True,877.5,32.5,13.0,832.0,2022-2023,799.5
2022-10-24,3815.0,3809.5,3763.75,0.013524863922613706,-0.0014427178054930477,0.005787136481744242,0.013572038079111153,0.002893568240872121,0.9965241656247595,1.0,14.0,14.0,False,False,True,-385.0,35.0,14.0,-434.0,2022-2023,-469.0
2022-10-25,3857.0,3870.25,3809.5,0.012391732295163457,0.003429425212347134,0.006019719061270683,0.014117492577346756,0.0030098595306353414,0.8777573090456239,1.0,13.0,13.0,False,False,True,861.25,32.5,13.0,815.75,2022-2023,783.25
2022-10-26,3845.25,3842.0,3870.25,-0.006480484088655213,-0.0008455560034176925,0.00543916057033573,0.012755962229656451,0.002719580285167865,-0.5080356912306214,-1.0,14.0,14.0,False,False,True,227.5,35.0,14.0,178.5,2022-2023,143.5
2022-10-27,3821.25,3820.0,3842.0,-0.0054154701234577305,-0.0003271716044234116,0.005030328299261662,0.011797165565971345,0.002515164149630831,-0.45904841236428273,0.0,16.0,16.0,False,False,False,0.0,0.0,0.0,0.0,2022-2023,0.0
2022-10-28,3909.75,3910.75,3820.0,0.023223010715704134,0.00025573812555468127,0.005535147173427769,0.01298107076759386,0.0027675735867138847,1.7889903792588824,1.0,14.0,14.0,False,False,True,70.0,35.0,14.0,21.0,2022-2023,-14.0
2022-10-31,3889.25,3882.75,3910.75,-0.0055128344746488145,-0.001672671517110467,0.005574478914605681,0.013073311876934947,0.0027872394573028405,-0.421686143996536,0.0,14.0,14.0,False,False,False,0.0,0.0,0.0,0.0,2022-2023,0.0
2022-11-01,3873.75,3865.25,3882.75,-0.0023206353481623893,-0.002196667119254071,0.005310623727963949,0.012454516614067181,0.0026553118639819745,-0.18632881709285032,0.0,15.0,15.0,False,False,False,0.0,0.0,0.0,0.0,2022-2023,0.0
2022-11-02,3824.25,3767.0,3865.25,-0.010663993379329169,-0.015083440911333757,0.00535415860085946,0.012556614941032686,0.00267707930042973,-0.8492729473196807,-1.0,15.0,15.0,False,False,True,4293.75,37.5,15.0,4241.25,2022-2023,4203.75
2022-11-03,3752.0,3726.25,3767.0,-0.003989897565925825,-0.00688666513383404,0.007282510039144496,0.017078999929337844,0.003641255019572248,-0.2336142386810417,0.0,11.0,11.0,False,False,False,0.0,0.0,0.0,0.0,2022-2023,0.0
2022-11-04,3755.5,3780.25,3726.25,0.007819066133785302,0.006568712866711979,0.006419954995902974,0.015056129045070235,0.003209977497951487,0.5193277840791001,1.0,13.0,13.0,False,False,True,1608.75,32.5,13.0,1563.25,2022-2023,1530.75
2022-11-07,3809.75,3816.0,3780.25,0.007773425177191542,0.0016391833982070622,0.0069327724688091645,0.016258792623486246,0.0034663862344045822,0.4781059305696924,0.0,11.0,11.0,False,False,False,0.0,0.0,0.0,0.0,2022-2023,0.0
2022-11-08,3822.0,3835.5,3816.0,0.0015710922320411461,0.003525958599132705,0.006764354646147948,0.015863817818663587,0.003382177323073974,0.09903619986058938,0.0,12.0,12.0,False,False,False,0.0,0.0,0.0,0.0,2022-2023,0.0
2022-11-09,3762.25,3755.75,3835.5,-0.019282621732522976,-0.0017291837242949454,0.006841680865937155,0.01604516387863702,0.0034208404329685773,-1.201771566708421,-1.0,12.0,12.0,False,False,True,390.0,30.0,12.0,348.0,2022-2023,318.0
2022-11-10,3937.5,3961.25,3755.75,0.04725800519135542,0.006013627871242022,0.008238998746189798,0.019322164782147055,0.004119499373094899,2.4457924732646945,1.0,9.0,9.0,False,False,True,1068.75,22.5,9.0,1037.25,2022-2023,1014.75
2022-11-11,4008.25,4001.0,3961.25,0.011795105063816196,-0.001810407211711699,0.008173989378522466,0.019169704300825548,0.004086994689261233,0.6152992700731559,1.0,9.0,9.0,False,False,True,-326.25,22.5,9.0,-357.75,2022-2023,-380.25
2022-11-14,4003.25,3967.75,4001.0,0.0005622013453509897,-0.008907347814918188,0.007864818658010553,0.018444634690843027,0.003932409329005277,0.030480481439412767,0.0,10.0,10.0,False,False,False,0.0,0.0,0.0,0.0,2022-2023,0.0
2022-11-15,4002.25,4000.75,3967.75,0.008657519570535822,-0.0003748594321042474,0.008711551928546212,0.02043040022908667,0.004355775964273106,0.42375672886770716,0.0,9.0,9.0,False,False,False,0.0,0.0,0.0,0.0,2022-2023,0.0
2022-11-16,3976.0,3969.75,4000.75,-0.006205554749634982,-0.0015731683702580837,0.008588332625585908,0.02014142534882694,0.004294166312792954,-0.30809908644307543,0.0,9.0,9.0,False,False,False,0.0,0.0,0.0,0.0,2022-2023,0.0
2022-11-17,3944.25,3955.75,3969.75,-0.006444298268643332,0.0029113944615292487,0.005956921356470258,0.01397021890520843,0.002978460678235129,-0.4612882813339986,0.0,13.0,13.0,False,False,False,0.0,0.0,0.0,0.0,2022-2023,0.0
2022-11-18,3959.5,3973.0,3955.75,0.0009475380513746746,0.0034037221641318605,0.005477454156525198,0.01284576864973807,0.002738727078262599,0.0737626589121232,0.0,14.0,14.0,False,False,False,0.0,0.0,0.0,0.0,2022-2023,0.0
2022-11-21,3957.0,3958.0,3973.0,-0.004035314429174648,0.0002526847770868482,0.005415486105499,0.01270044068816866,0.0027077430527495,-0.31773026844130087,0.0,14.0,14.0,False,False,False,0.0,0.0,0.0,0.0,2022-2023,0.0
2022-11-22,4000.5,4010.25,3958.0,0.010680506127667693,0.002434230206771876,0.004305875305875868,0.010098172697257352,0.002152937652937934,1.0576672085008512,1.0,18.0,18.0,False,False,True,877.5,45.0,18.0,814.5,2022-2023,769.5
2022-11-23,4032.5,4034.5,4010.25,0.005532947502413359,0.0004958472891973279,0.004037919261372032,0.00946976007021698,0.002018959630686016,0.5842753629856836,1.0,19.0,19.0,False,False,True,190.0,47.5,19.0,123.5,2022-2023,76.0
2022-11-29,3956.0,3961.5,3968.5,-0.003154775788327449,0.0013893276626939263,0.0028572517247687753,0.00670084925981907,0.0014286258623843876,-0.470802381310788,0.0,27.0,27.0,False,False,False,0.0,0.0,0.0,0.0,2022-2023,0.0
2022-11-30,4041.25,4082.5,3961.5,0.01993130863434621,0.010155495804977412,0.0033003097049613115,0.007739912326224375,0.0016501548524806558,2.575133644190638,1.0,23.0,23.0,False,False,True,4743.75,57.5,23.0,4663.25,2022-2023,4605.75
2022-12-01,4087.0,4080.75,4082.5,0.0011016587196571778,-0.001530409530132888,0.005321226559130039,0.012479382457267268,0.0026606132795650196,0.08827830410916172,0.0,14.0,14.0,False,False,False,0.0,0.0,0.0,0.0,2022-2023,0.0
2022-12-02,4072.25,4075.5,4080.75,-0.0020851227964299637,0.0007977662967977106,0.005789571275947986,0.013577748177663738,0.002894785637973993,-0.15356911684811797,0.0,13.0,13.0,False,False,False,0.0,0.0,0.0,0.0,2022-2023,0.0
2022-12-05,3994.75,4002.25,4075.5,-0.020012439515014278,0.0018757039387059477,0.005855536547045862,0.01373245045124299,0.002927768273522931,-1.4573101564115134,-1.0,13.0,13.0,False,False,True,-487.5,32.5,13.0,-533.0,2022-2023,-565.5
2022-12-06,3930.0,3944.0,4002.25,-0.018217277094896907,0.0035560108592192032,0.006222536381734498,0.014593141355481076,0.003111268190867249,-1.2483451404419263,-1.0,12.0,12.0,False,False,True,-840.0,30.0,12.0,-882.0,2022-2023,-912.0
2022-12-07,3933.75,3936.25,3944.0,-0.0026022673439093772,0.0006353240366176832,0.005847499543553918,0.013713602007322804,0.002923749771776959,-0.18975812062504188,0.0,13.0,13.0,False,False,False,0.0,0.0,0.0,0.0,2022-2023,0.0
2022-12-08,3959.0,3965.5,3936.25,0.005762974690896258,0.0016404824172436886,0.004075507425246447,0.009557912128326672,0.0020377537126232237,0.6029533033492323,1.0,19.0,19.0,False,False,True,617.5,47.5,19.0,551.0,2022-2023,503.5
2022-12-09,3961.25,3936.25,3965.5,-0.0010723185182437882,-0.006331138589896148,0.00352538131380832,0.008267752036836787,0.00176269065690416,-0.1296989209964325,0.0,22.0,22.0,False,False,False,0.0,0.0,0.0,0.0,2022-2023,0.0
2022-12-12,3970.75,3992.5,3936.25,0.008726500300029975,0.005462607373903041,0.0033202277698745307,0.007786624329011449,0.0016601138849372653,1.1207039059938633,1.0,23.0,23.0,False,False,True,2501.25,57.5,23.0,2420.75,2022-2023,2363.25
2022-12-14,4023.5,4029.25,4056.25,-0.00810673086621256,0.001428083816639988,0.006245082650172665,0.014646017041884868,0.0031225413250863324,-0.5535109540722796,-1.0,12.0,12.0,False,False,True,-345.0,30.0,12.0,-387.0,2022-2023,-417.0
2022-12-15,3932.0,3927.0,4029.25,-0.02443205213577031,-0.00127242668904753,0.007247534591390604,0.016996975233661976,0.003623767295695302,-1.437435296568733,-1.0,11.0,11.0,False,False,True,275.0,27.5,11.0,236.5,2022-2023,209.0
2022-12-16,3875.0,3877.75,3927.0,-0.013330112790562213,0.0007094257174128824,0.008024032526605522,0.018818024310063176,0.004012016263302761,-0.7083694106736682,-1.0,10.0,10.0,False,False,True,-137.5,25.0,10.0,-172.5,2022-2023,-197.5
2022-12-19,3831.75,3844.25,3877.75,-0.011933470625843132,0.003256907516785211,0.00805408217963589,0.01888849699313861,0.004027041089817945,-0.631785082221103,-1.0,10.0,10.0,False,False,True,-625.0,25.0,10.0,-660.0,2022-2023,-685.0
2022-12-20,3851.25,3849.25,3844.25,0.0018192455150753946,-0.0005194468008494824,0.0058655077754663715,0.013755835054707169,0.0029327538877331858,0.1322526409949107,0.0,13.0,13.0,False,False,False,0.0,0.0,0.0,0.0,2022-2023,0.0
2022-12-21,3905.5,3906.5,3849.25,0.014507491940323776,0.00025601638644697037,0.006054654707469405,0.014199423930101807,0.0030273273537347023,1.0216958104595275,1.0,13.0,13.0,False,False,True,65.0,32.5,13.0,19.5,2022-2023,-13.0
2022-12-22,3826.0,3850.0,3906.5,-0.020821961436600794,0.006253277281631694,0.006167618138164556,0.014464346657909936,0.003083809069082278,-1.4395369475754474,-1.0,13.0,13.0,False,False,True,-1560.0,32.5,13.0,-1605.5,2022-2023,-1638.0
2022-12-23,3867.25,3871.0,3850.0,0.004470511834944433,0.0009692114608737307,0.0061277286077003265,0.014370797416739247,0.0030638643038501633,0.31108307391050805,0.0,13.0,13.0,False,False,False,0.0,0.0,0.0,0.0,2022-2023,0.0
2022-12-27,3854.5,3855.75,3871.0,-0.004271574678331212,0.00032424370440675004,0.006479352182821422,0.015195427795875968,0.003239676091410711,-0.28110920835611586,0.0,12.0,12.0,False,False,False,0.0,0.0,0.0,0.0,2022-2023,0.0
2022-12-28,3824.75,3806.75,3855.75,-0.00807243495623544,-0.004717298926646538,0.006334495134543587,0.01485570790479404,0.0031672475672717935,-0.5433894505714136,-1.0,12.0,12.0,False,False,True,1080.0,30.0,12.0,1038.0,2022-2023,1008.0
2022-12-29,3874.25,3872.25,3806.75,0.017576288946602524,-0.0005163622395761398,0.006446081733638786,0.015117401676284649,0.003223040866819393,1.162652770824714,1.0,12.0,12.0,False,False,True,-120.0,30.0,12.0,-162.0,2022-2023,-192.0
2022-12-30,3828.0,3861.5,3872.25,-0.011493259855023294,0.008713235436473638,0.005385902200194106,0.01263106028032906,0.002692951100097053,-0.90992043422691,-1.0,15.0,15.0,False,False,True,-2512.5,37.5,15.0,-2565.0,2022-2023,-2602.5
2023-01-03,3837.25,3844.75,3861.5,-0.00629974481580118,0.0019526171265153624,0.005259825605941491,0.012335384458015394,0.0026299128029707453,-0.5107051861450234,-1.0,15.0,15.0,False,False,True,-562.5,37.5,15.0,-615.0,2022-2023,-652.5
2023-01-04,3869.5,3873.75,3844.75,0.006416718390481009,0.0010977303914441983,0.004518303725935326,0.010596361501897989,0.002259151862967663,0.6055586523101977,1.0,17.0,17.0,False,False,True,361.25,42.5,17.0,301.75,2022-2023,259.25
2023-01-05,3843.25,3828.75,3873.75,-0.007904667309249228,-0.0037799836457238192,0.00468116046293511,0.01097829440480659,0.002340580231467555,-0.7200269019738033,-1.0,17.0,17.0,False,False,True,1232.5,42.5,17.0,1173.0,2022-2023,1130.5
2023-01-06,3921.25,3916.0,3828.75,0.02387210135790287,-0.0013397558544868634,0.005199054555973533,0.01219286371276003,0.0025995272779867663,1.957874861909621,1.0,15.0,15.0,False,False,True,-393.75,37.5,15.0,-446.25,2022-2023,-483.75
2023-01-09,3925.0,3913.5,3916.0,0.002295626566107796,-0.0029342369716159698,0.0051350269844200064,0.01204270574742109,0.0025675134922100032,0.19062381945182025,0.0,15.0,15.0,False,False,False,0.0,0.0,0.0,0.0,2022-2023,0.0
2023-01-10,3930.0,3941.75,3913.5,0.004207311618414066,0.00298536125428417,0.004315599376471847,0.010120977664243858,0.0021577996882359233,0.4157020949940408,0.0,18.0,18.0,False,False,False,0.0,0.0,0.0,0.0,2022-2023,0.0
2023-01-11,3978.25,3989.5,3941.75,0.009217236972702056,0.0028238856580424464,0.00433623277876377,0.010169367281888267,0.002168116389381885,0.9063727090591012,1.0,18.0,18.0,False,False,True,1012.5,45.0,18.0,949.5,2022-2023,904.5
2023-01-12,4007.25,4002.75,3989.5,0.004439310757654733,-0.0011235956238264547,0.004359437918685454,0.010223788158887052,0.002179718959342727,0.4342138832166482,0.0,17.0,17.0,False,False,False,0.0,0.0,0.0,0.0,2022-2023,0.0
2023-01-13,4009.75,4017.75,4002.75,0.0017472703353234814,0.001993149211692099,0.003761734116903292,0.008822048493094335,0.001880867058451646,0.19805721275406707,0.0,20.0,20.0,False,False,False,0.0,0.0,0.0,0.0,2022-2023,0.0
2023-01-18,3962.5,3946.75,4010.25,-0.011978444311414607,-0.0039826837736997925,0.00449054127841575,0.010531252791209443,0.002245270639207875,-1.1374187429451081,-1.0,17.0,17.0,False,False,True,1338.75,42.5,17.0,1279.25,2022-2023,1236.75
2023-01-19,3934.25,3916.75,3946.75,-0.0031721889308624083,-0.004458038207377302,0.004398367214871052,0.010315085451060933,0.002199183607435526,-0.3075290986112132,0.0,17.0,17.0,False,False,False,0.0,0.0,0.0,0.0,2022-2023,0.0
2023-01-20,3972.75,3987.75,3916.75,0.01419632181914938,0.0037686119598117087,0.004059601294825067,0.009520608945923548,0.0020298006474125333,1.491114896093683,1.0,19.0,19.0,False,False,True,1425.0,47.5,19.0,1358.5,2022-2023,1311.0
2023-01-23,4025.25,4035.75,3987.75,0.009359858672490454,0.0026051373125907462,0.004483210711453703,0.01051406108780583,0.0022416053557268514,0.8902229684917833,1.0,17.0,17.0,False,False,True,892.5,42.5,17.0,833.0,2022-2023,790.5
2023-01-24,4038.0,4030.5,4035.75,0.0005573618351440475,-0.0018590821491271915,0.004688454918028715,0.010995401418371777,0.0023442274590143577,0.050690449028334146,0.0,16.0,16.0,False,False,False,0.0,0.0,0.0,0.0,2022-2023,0.0
2023-01-25,4026.5,4032.5,4030.5,-0.000992925488056051,0.0014890187637642718,0.0046697565089702815,0.010951549762106124,0.0023348782544851407,-0.09066529483267387,0.0,16.0,16.0,False,False,False,0.0,0.0,0.0,0.0,2022-2023,0.0
2023-01-26,4062.25,4074.75,4032.5,0.007350476283521836,0.0030723878168565084,0.004499058623212507,0.010551227735342722,0.0022495293116062535,0.6966465389520928,1.0,17.0,17.0,False,False,True,1062.5,42.5,17.0,1003.0,2022-2023,960.5
2023-01-27,4102.25,4084.0,4074.75,0.006726208555517621,-0.004458703370703551,0.00423819056909395,0.009939437919206647,0.002119095284546975,0.6767192078860026,1.0,17.0,17.0,False,False,True,-1551.25,42.5,17.0,-1610.75,2022-2023,-1653.25
2023-01-30,4039.5,4033.25,4084.0,-0.010955978364792864,-0.0015484193735100015,0.0039491383197570425,0.009261550306355526,0.0019745691598785212,-1.1829529616952548,-1.0,19.0,19.0,False,False,True,593.75,47.5,19.0,527.25,2022-2023,479.75
2023-01-31,4071.5,4090.5,4033.25,0.009438979360932784,0.0046557300465669155,0.004184161453782302,0.009812728412233112,0.002092080726891151,0.9619118113129075,1.0,18.0,18.0,False,False,True,1710.0,45.0,18.0,1647.0,2022-2023,1602.0
2023-02-01,4117.5,4134.25,4090.5,0.0065789710980425605,0.00405975047851033,0.003257817059632225,0.007640258239560307,0.0016289085298161125,0.8610927656839485,1.0,23.0,23.0,False,False,True,1926.25,57.5,23.0,1845.75,2022-2023,1788.25
2023-02-02,4163.25,4193.0,4134.25,0.006990085708074672,0.007120448932382197,0.0047634207881229835,0.011171211967641292,0.0023817103940614918,0.6257231290859276,1.0,15.0,15.0,False,False,True,2231.25,37.5,15.0,2178.75,2022-2023,2141.25
2023-02-03,4142.5,4147.5,4193.0,-0.012116997870044709,0.001206272763881596,0.005145943329510779,0.012068306845947806,0.0025729716647553895,-1.004034619331315,-1.0,14.0,14.0,False,False,True,-350.0,35.0,14.0,-399.0,2022-2023,-434.0
2023-02-06,4125.75,4122.5,4147.5,-0.005257921640922366,-0.0007880459899232325,0.005001158532362337,0.01172875639878386,0.0025005792661811684,-0.44829319172044135,0.0,15.0,15.0,False,False,False,0.0,0.0,0.0,0.0,2022-2023,0.0
2023-02-07,4158.75,4175.0,4122.5,0.008754772898932483,0.00389980995226938,0.004649396850620218,0.010903802130911244,0.002324698425310109,0.802910103633808,1.0,16.0,16.0,False,False,True,1300.0,40.0,16.0,1244.0,2022-2023,1204.0
2023-02-08,4135.5,4129.25,4175.0,-0.00950611815299474,-0.0015124477307614374,0.005215326227831948,0.012231024165821724,0.002607663113915974,-0.7772135860509997,-1.0,14.0,14.0,False,False,True,437.5,35.0,14.0,388.5,2022-2023,353.5
2023-02-09,4105.25,4092.25,4129.25,-0.00582915002925294,-0.0031717013474827447,0.004225648353640416,0.009910023816693469,0.002112824176820208,-0.5882074692326892,-1.0,17.0,17.0,False,False,True,1105.0,42.5,17.0,1045.5,2022-2023,1003.0
2023-02-10,4094.25,4100.0,4092.25,0.0004886093055126856,0.0014034233624224339,0.003975725624754658,0.00932390306354155,0.001987862812377329,0.05240394523439998,0.0,19.0,19.0,False,False,False,0.0,0.0,0.0,0.0,2022-2023,0.0
2023-02-13,4137.25,4148.25,4100.0,0.009044342206653419,0.002655242643844473,0.004235679436396199,0.009933548791016376,0.0021178397181980993,0.9104845002455587,1.0,17.0,17.0,False,False,True,935.0,42.5,17.0,875.5,2022-2023,833.0
2023-02-14,4151.0,4146.0,4148.25,0.0006627105101416739,-0.0012052550573138391,0.004219198226521552,0.009894896927747875,0.002109599113260776,0.0669749786158217,0.0,17.0,17.0,False,False,False,0.0,0.0,0.0,0.0,2022-2023,0.0
2023-02-15,4143.0,4158.75,4146.0,-0.0007238509183231099,0.003794385255284676,0.00355770507814814,0.008343557983674942,0.00177885253907407,-0.08675566463844336,0.0,21.0,21.0,False,False,False,0.0,0.0,0.0,0.0,2022-2023,0.0
2023-02-16,4138.75,4099.75,4158.75,-0.004820738471230452,-0.009467813637901069,0.003920910529152605,0.0091953502693975,0.0019604552645763025,-0.524258275106068,-1.0,19.0,19.0,False,False,True,3705.0,47.5,19.0,3638.5,2022-2023,3591.0
2023-02-17,4086.5,4088.0,4099.75,-0.0032371382673706006,0.0003669949273559994,0.00428494465122449,0.010049085961037228,0.002142472325612245,-0.3221326078731717,0.0,17.0,17.0,False,False,False,0.0,0.0,0.0,0.0,2022-2023,0.0
2023-02-22,3989.25,4000.25,4006.25,-0.0042523983784434624,0.002753615858447481,0.004142649958585031,0.009715375326589554,0.0020713249792925154,-0.43769779709953904,0.0,18.0,18.0,False,False,False,0.0,0.0,0.0,0.0,2022-2023,0.0
2023-02-23,4013.5,4018.75,4000.25,0.003306819422647522,0.001307230414297956,0.0036860715622218255,0.00864460407364111,0.0018430357811109127,0.3825298873699242,0.0,20.0,20.0,False,False,False,0.0,0.0,0.0,0.0,2022-2023,0.0
2023-02-24,3979.5,3975.5,4018.75,-0.009814725740025433,-0.0010056569043658248,0.0036904965281339547,0.008654981538566576,0.0018452482640669773,-1.133997305053863,-1.0,21.0,21.0,False,False,True,420.0,52.5,21.0,346.5,2022-2023,294.0
2023-02-27,3990.25,3988.25,3975.5,0.003703359221129511,-0.0005013473815607743,0.003923257594207897,0.009200854624859837,0.0019616287971039484,0.4025016557835166,0.0,19.0,19.0,False,False,False,0.0,0.0,0.0,0.0,2022-2023,0.0
2023-02-28,3988.75,3972.25,3988.25,0.00012536041134627156,-0.0041452138239768755,0.003726133529628716,0.008738557715288515,0.001863066764814358,0.014345663830422229,0.0,20.0,20.0,False,False,False,0.0,0.0,0.0,0.0,2022-2023,0.0
2023-03-01,3950.0,3957.75,3972.25,-0.005617105873308784,0.0019601030587193024,0.004084192119813534,0.00957827954246003,0.002042096059906767,-0.586442048220501,-1.0,19.0,19.0,False,False,True,-736.25,47.5,19.0,-802.75,2022-2023,-850.25
2023-03-02,3976.25,3986.0,3957.75,0.004663482109466875,0.0024490577093861194,0.003985754541269268,0.00934742295757859,0.001992877270634634,0.4989056481803761,0.0,19.0,19.0,False,False,False,0.0,0.0,0.0,0.0,2022-2023,0.0
2023-03-03,4046.75,4049.25,3986.0,0.015125868041329824,0.0006175889524361913,0.0034921466732121534,0.008189809895824622,0.0017460733366060767,1.846913204791406,1.0,21.0,21.0,False,False,True,262.5,52.5,21.0,189.0,2022-2023,136.5
2023-03-06,4054.75,4052.25,4049.25,0.0013573546012928361,-0.0006167509755140877,0.0033321816728938518,0.007814658716568062,0.0016660908364469259,0.17369339474992979,0.0,22.0,22.0,False,False,False,0.0,0.0,0.0,0.0,2022-2023,0.0
2023-03-07,3983.75,3989.5,4052.25,-0.0170486956607387,0.001442323016789367,0.0042858148242498235,0.010051126697673128,0.0021429074121249118,-1.696197468556986,-1.0,18.0,18.0,False,False,True,-517.5,45.0,18.0,-580.5,2022-2023,-625.5
2023-03-08,3979.25,3995.5,3989.5,-0.002572550438371833,0.004075368504553609,0.00397732566616582,0.009327655493267192,0.00198866283308291,-0.275798183179978,0.0,19.0,19.0,False,False,False,0.0,0.0,0.0,0.0,2022-2023,0.0
2023-03-09,3938.5,3920.25,3995.5,-0.014368787671138417,-0.004644512882238105,0.004798616995985278,0.011253754391662957,0.002399308497992639,-1.2767994725194243,-1.0,16.0,16.0,False,False,True,1460.0,40.0,16.0,1404.0,2022-2023,1364.0
2023-03-10,3877.75,3862.25,3920.25,-0.010900338756280723,-0.0040051733127011565,0.005197656586879005,0.012189585184623672,0.0025988282934395024,-0.8942337734372418,-1.0,15.0,15.0,False,False,True,1162.5,37.5,15.0,1110.0,2022-2023,1072.5
2023-03-13,3888.75,3857.0,3862.25,0.00683785401968776,-0.00819809000361897,0.0065795703432802305,0.015430460215494223,0.0032897851716401152,0.4431399922098014,0.0,12.0,12.0,False,False,False,0.0,0.0,0.0,0.0,2022-2023,0.0
2023-03-15,3920.25,3928.75,3952.75,-0.008256111929113586,0.002165881850636395,0.00723439382769251,0.016966157411089148,0.003617196913846255,-0.4866223817844198,0.0,11.0,11.0,False,False,False,0.0,0.0,0.0,0.0,2022-2023,0.0
2023-03-16,3987.25,3995.0,3928.75,0.014780461091086232,0.0019418089975115262,0.007458482571055306,0.01749169209782309,0.003729241285527653,0.8449989291159383,1.0,10.0,10.0,False,False,True,387.5,25.0,10.0,352.5,2022-2023,327.5
2023-03-17,3943.25,3948.0,3995.0,-0.01303832283279165,0.001203865185788736,0.006901053166908269,0.016184404266722966,0.0034505265834541346,-0.8056103034697404,-1.0,11.0,11.0,False,False,True,-261.25,27.5,11.0,-299.75,2022-2023,-327.25
2023-03-20,3974.5,3984.25,3948.0,0.006689832459795128,0.002450134726575593,0.0057457637160265584,0.013475010342936302,0.0028728818580132792,0.4964621391405452,0.0,13.0,13.0,False,False,False,0.0,0.0,0.0,0.0,2022-2023,0.0
2023-03-21,4025.25,4038.25,3984.25,0.010237931985304836,0.0032244090688195214,0.00511272343360423,0.01199039928429792,0.002556361716802115,0.8538441250002379,1.0,15.0,15.0,False,False,True,975.0,37.5,15.0,922.5,2022-2023,885.0
2023-03-22,4034.0,3969.0,4038.25,-0.0010529902797103816,-0.01624426573109173,0.004509501083026351,0.010575717474383812,0.0022547505415131757,-0.09956679367247691,0.0,17.0,17.0,False,False,False,0.0,0.0,0.0,0.0,2022-2023,0.0
2023-03-23,3968.25,3975.75,3969.0,-0.00018898233071457278,0.0018882180836743542,0.004325266266524633,0.010143648530969891,0.0021626331332623163,-0.018630607136829014,0.0,18.0,18.0,False,False,False,0.0,0.0,0.0,0.0,2022-2023,0.0
2023-03-24,3991.25,4002.25,3975.75,0.0038910554929667217,0.0027522379292121636,0.004508104926106279,0.010572443196173264,0.0022540524630531395,0.36803749339368447,0.0,17.0,17.0,False,False,False,0.0,0.0,0.0,0.0,2022-2023,0.0
2023-03-27,4025.5,4010.25,4002.25,0.005792423781831706,-0.00379554324308484,0.004522101925943204,0.010605269070485944,0.002261050962971602,0.5461835756672877,1.0,17.0,17.0,False,False,True,-1296.25,42.5,17.0,-1355.75,2022-2023,-1398.25
2023-03-28,3992.5,4001.25,4010.25,-0.004435982407783185,0.0021892111949053657,0.004352350048809727,0.010207165630602708,0.0021761750244048634,-0.43459492755593215,0.0,17.0,17.0,False,False,False,0.0,0.0,0.0,0.0,2022-2023,0.0
2023-03-29,4051.5,4058.5,4001.25,0.012480370616707119,0.0017262643004503806,0.00439899331202994,0.01031655377905155,0.00219949665601497,1.2097422146966696,1.0,17.0,17.0,False,False,True,595.0,42.5,17.0,535.5,2022-2023,493.0
2023-03-30,4075.25,4080.5,4058.5,0.0041186472851688066,0.0012874354228984918,0.0033291920177246836,0.00780764735370711,0.0016645960088623418,0.5275145121933885,1.0,22.0,22.0,False,False,True,577.5,55.0,22.0,500.5,2022-2023,445.5
2023-03-31,4119.75,4137.75,4080.5,0.009572951981541967,0.004359679929810465,0.002819248971521225,0.006611724903444575,0.0014096244857606125,1.4478751190259977,1.0,26.0,26.0,False,False,True,2340.0,65.0,26.0,2249.0,2022-2023,2184.0
2023-04-03,4148.0,4153.25,4137.75,0.0024741285287680987,0.0012648699171702792,0.00277552900649373,0.006509192496952629,0.001387764503246865,0.3800976127110079,0.0,26.0,26.0,False,False,False,0.0,0.0,0.0,0.0,2022-2023,0.0
2023-04-04,4121.5,4130.0,4153.25,-0.007673985513305895,0.002060232201796175,0.0029684540218700753,0.006961641763245323,0.0014842270109350377,-1.1023241031765612,-1.0,25.0,25.0,False,False,True,-1062.5,62.5,25.0,-1150.0,2022-2023,-1212.5
2023-04-05,4115.75,4117.0,4130.0,-0.0034563294269472707,0.00030366524177359604,0.002905935477507641,0.006815022780365932,0.0014529677387538206,-0.5071632976642352,-1.0,25.0,25.0,False,False,True,-156.25,62.5,25.0,-243.75,2022-2023,-306.25
2023-04-06,4129.75,4132.25,4117.0,0.0030921296653454214,0.0006051803622127891,0.0029248991564387087,0.006859496549627187,0.0014624495782193543,0.4507808471036374,0.0,25.0,25.0,False,False,False,0.0,0.0,0.0,0.0,2022-2023,0.0
2023-04-11,4149.5,4137.5,4137.5,0.0028961043531842215,-0.00289610435318432,0.0029911037039370898,0.00701475997610638,0.0014955518519685449,0.4128586527620202,0.0,24.0,24.0,False,False,False,0.0,0.0,0.0,0.0,2022-2023,0.0
2023-04-12,4129.5,4120.75,4137.5,-0.0019354064345466864,-0.002121148639306297,0.0027404174581103597,0.006426848617008048,0.0013702087290551799,-0.3011439275891478,0.0,27.0,27.0,False,False,False,0.0,0.0,0.0,0.0,2022-2023,0.0
2023-04-13,4174.5,4173.25,4120.75,0.012959405022589762,-0.0002994818985577454,0.0033914964885748355,0.007953764289698616,0.0016957482442874177,1.6293423529503186,1.0,21.0,21.0,False,False,True,-131.25,52.5,21.0,-204.75,2022-2023,-257.25
2023-04-14,4159.0,4163.0,4173.25,-0.003420447992585771,0.0009613074520638739,0.003685104275745423,0.008642335585774518,0.0018425521378727114,-0.39577819660415714,0.0,20.0,20.0,False,False,False,0.0,0.0,0.0,0.0,2022-2023,0.0
2023-04-17,4164.5,4177.25,4163.0,0.0003602521804198119,0.003056914898857615,0.0033761550822399276,0.007917785502673061,0.0016880775411199638,0.045499108342628124,0.0,22.0,22.0,False,False,False,0.0,0.0,0.0,0.0,2022-2023,0.0
2023-04-18,4175.25,4179.5,4177.25,-0.00047889854252589027,0.0010173854074839127,0.003492439596648886,0.008190496862176658,0.001746219798324443,-0.05847002331902744,0.0,21.0,21.0,False,False,False,0.0,0.0,0.0,0.0,2022-2023,0.0
2023-04-19,4182.0,4178.25,4179.5,0.0005979788493681069,-0.000897102419544289,0.003703144120129693,0.00868464277097689,0.0018515720600648464,0.06885474338293864,0.0,20.0,20.0,False,False,False,0.0,0.0,0.0,0.0,2022-2023,0.0
2023-04-20,4150.5,4153.5,4178.25,-0.006663689673944261,0.000722543384035998,0.003243192752304057,0.007605961198776037,0.0016215963761520285,-0.8761140768134069,-1.0,22.0,22.0,False,False,True,-330.0,55.0,22.0,-407.0,2022-2023,-462.0
2023-04-21,4154.0,4155.75,4153.5,0.00012037315693147139,0.00042119197951116794,0.0027450973448118654,0.006437823924177513,0.0013725486724059327,0.01869780198234454,0.0,27.0,27.0,False,False,False,0.0,0.0,0.0,0.0,2022-2023,0.0
2023-04-24,4154.25,4160.25,4155.75,-0.00036101083424577114,0.0014432620221306552,0.002578899137103837,0.006048054577833441,0.0012894495685519185,-0.059690406162818385,0.0,28.0,28.0,False,False,False,0.0,0.0,0.0,0.0,2022-2023,0.0
2023-04-25,4098.25,4093.5,4160.25,-0.015015115296887926,-0.0011597034900628692,0.0026367608092566796,0.006183752227311155,0.0013183804046283398,-2.428156036163962,-1.0,28.0,28.0,False,False,True,665.0,70.0,28.0,567.0,2022-2023,497.0
2023-04-26,4074.5,4074.75,4093.5,-0.004652310056228392,6.135533946760353e-05,0.0024125522680083027,0.005657936589631951,0.0012062761340041514,-0.8222626716520034,-1.0,31.0,31.0,False,False,True,-38.75,77.5,31.0,-147.25,2022-2023,-224.75
2023-04-27,4155.5,4154.0,4074.75,0.019623362893338953,-0.0003610325570233763,0.0027556859326871297,0.00646265636389972,0.0013778429663435648,3.0364236914954503,1.0,26.0,26.0,False,False,True,-195.0,65.0,26.0,-286.0,2022-2023,-351.0
2023-04-28,4178.25,4189.5,4154.0,0.005820773132976853,0.0026888964843066183,0.0031313949967371937,0.007343772221464186,0.0015656974983685968,0.79261351760939,1.0,23.0,23.0,False,False,True,1293.75,57.5,23.0,1213.25,2022-2023,1155.75
2023-05-01,4190.5,4184.75,4189.5,0.0002386634856197505,-0.0013730935562315037,0.0030705075698801783,0.007200978548211565,0.0015352537849400892,0.033143201860950544,0.0,23.0,23.0,False,False,False,0.0,0.0,0.0,0.0,2022-2023,0.0
2023-05-02,4139.0,4137.0,4184.75,-0.010992752233996891,-0.0004833252873209234,0.0031690250260881583,0.0074320224628193765,0.0015845125130440792,-1.4791064328708625,-1.0,23.0,23.0,False,False,True,230.0,57.5,23.0,149.5,2022-2023,92.0
2023-05-03,4150.25,4107.5,4137.0,0.003197685912773963,-0.010354002462762319,0.003029178783824488,0.007104053953486574,0.001514589391912244,0.450121287607139,0.0,24.0,24.0,False,False,False,0.0,0.0,0.0,0.0,2022-2023,0.0
2023-05-04,4077.5,4077.0,4107.5,-0.007330515416254237,-0.00012263167591557316,0.003789333319324035,0.00888677436009074,0.0018946666596620174,-0.8248792102986834,-1.0,20.0,20.0,False,False,True,50.0,50.0,20.0,-20.0,2022-2023,-70.0
2023-05-05,4158.75,4151.5,4077.0,0.019853124513433053,-0.0017448336306011367,0.0038703507661903046,0.009076777114891845,0.0019351753830951523,2.1872438049471277,1.0,19.0,19.0,False,False,True,-688.75,47.5,19.0,-755.25,2022-2023,-802.75
2023-05-08,4156.25,4153.0,4151.5,0.0011435107020790205,-0.000782260773410681,0.0038387080550587554,0.009002568379404366,0.0019193540275293777,0.12702049613920047,0.0,19.0,19.0,False,False,False,0.0,0.0,0.0,0.0,2022-2023,0.0
2023-05-09,4139.0,4134.5,4153.0,-0.00337675188202111,-0.0010878105865110657,0.003471107743189071,0.008140469231349578,0.0017355538715945354,-0.41481047173754765,0.0,21.0,21.0,False,False,False,0.0,0.0,0.0,0.0,2022-2023,0.0
2023-05-10,4144.0,4152.5,4134.5,0.002295102777097488,0.0020490575481308566,0.0037286940606980627,0.008744562692929107,0.0018643470303490314,0.2624605549404224,0.0,20.0,20.0,False,False,False,0.0,0.0,0.0,0.0,2022-2023,0.0
2023-05-11,4144.5,4144.0,4152.5,-0.0019284084558690337,-0.00012064909226196829,0.0033548284084358644,0.007867770019215466,0.0016774142042179322,-0.24510229088538163,0.0,22.0,22.0,False,False,False,0.0,0.0,0.0,0.0,2022-2023,0.0
2023-05-12,4120.25,4137.75,4144.0,-0.00574766382502957,0.00423832070636038,0.003296884772667878,0.0077318801480216505,0.001648442386333939,-0.7433720796228611,-1.0,22.0,22.0,False,False,True,-1925.0,55.0,22.0,-2002.0,2022-2023,-2057.0
2023-05-15,4145.0,4151.25,4137.75,0.0017506267487455416,0.0015067051215608802,0.0036045359218905815,0.00845338604744263,0.0018022679609452908,0.2070917782437195,0.0,20.0,20.0,False,False,False,0.0,0.0,0.0,0.0,2022-2023,0.0
2023-05-16,4137.25,4123.0,4151.25,-0.0033781777919036967,-0.00345026219215267,0.0036224689326425944,0.008495442685568792,0.0018112344663212972,-0.3976458810842438,0.0,20.0,20.0,False,False,False,0.0,0.0,0.0,0.0,2022-2023,0.0
2023-05-17,4165.75,4172.0,4123.0,0.010315277711832799,0.001499205701930171,0.004044103279167642,0.00948426287748076,0.002022051639583821,1.0876203923369927,1.0,18.0,18.0,False,False,True,562.5,45.0,18.0,499.5,2022-2023,454.5
2023-05-18,4189.25,4211.0,4172.0,0.0041261831601703365,0.005178428881094224,0.0034624951767691296,0.008120270972715268,0.0017312475883845648,0.5081336785477514,1.0,21.0,21.0,False,False,True,2283.75,52.5,21.0,2210.25,2022-2023,2157.75
2023-05-19,4205.0,4204.75,4211.0,-0.0014258557548793046,-5.9454799506204524e-05,0.003635835748257465,0.008526790646878113,0.0018179178741287326,-0.16722068289566236,0.0,20.0,20.0,False,False,False,0.0,0.0,0.0,0.0,2022-2023,0.0
2023-05-22,4215.5,4205.5,4204.75,0.0025533697551880685,-0.002375015960238323,0.0033327930699872965,0.007816092569849362,0.0016663965349936482,0.32668110470412187,0.0,22.0,22.0,False,False,False,0.0,0.0,0.0,0.0,2022-2023,0.0
2023-05-23,4163.75,4158.0,4205.5,-0.009977081894602547,-0.001381921089931149,0.0035137168819599136,0.00824039651935121,0.0017568584409799568,-1.2107526465714384,-1.0,21.0,21.0,False,False,True,603.75,52.5,21.0,530.25,2022-2023,477.75
2023-05-24,4120.0,4127.0,4158.0,-0.009181026074386133,0.001697587409009709,0.002879965803758717,0.006754118496851219,0.0014399829018793585,-1.359322623472825,-1.0,25.0,25.0,False,False,True,-875.0,62.5,25.0,-962.5,2022-2023,-1025.0
2023-05-25,4154.75,4159.75,4127.0,0.006701507255050765,0.0012027182879838895,0.0032439599460473813,0.0076077604275883,0.0016219799730236907,0.8808777982478055,1.0,22.0,22.0,False,False,True,550.0,55.0,22.0,473.0,2022-2023,418.0
2023-05-26,4215.0,4213.5,4159.75,0.0131946151403392,-0.0003559352235477464,0.0030005838121280252,0.007036992800538177,0.0015002919060640126,1.875036043710333,1.0,24.0,24.0,False,False,True,-180.0,60.0,24.0,-264.0,2022-2023,-324.0
2023-05-31,4193.25,4191.25,4215.0,-0.005173501861091394,-0.0004770707944260967,0.002839312099625489,0.006658777109570373,0.0014196560498127445,-0.7769447416486944,-1.0,25.0,25.0,False,False,True,250.0,62.5,25.0,162.5,2022-2023,100.0
2023-06-01,4235.0,4228.5,4191.25,0.01038430930571639,-0.001536007863877822,0.0033818881493413973,0.007931230736815491,0.0016909440746706987,1.3092935573686066,1.0,21.0,21.0,False,False,True,-682.5,52.5,21.0,-756.0,2022-2023,-808.5
2023-06-02,4293.5,4289.0,4228.5,0.015254930890262561,-0.0010486455956589637,0.0034294995724197174,0.008042889421392578,0.0017147497862098587,1.8966978272369759,1.0,21.0,21.0,False,False,True,-472.5,52.5,21.0,-546.0,2022-2023,-598.5
2023-06-05,4286.0,4280.5,4289.0,-0.0006997084833581669,-0.0012840718509819758,0.0032657224103324425,0.0076587979303159226,0.0016328612051662212,-0.0913600919784685,0.0,22.0,22.0,False,False,False,0.0,0.0,0.0,0.0,2022-2023,0.0
2023-06-06,4286.0,4289.5,4280.5,0.0012840718509818743,0.000816278979497706,0.0030735181404831315,0.007208038962112641,0.0015367590702415658,0.1781444103911335,0.0,23.0,23.0,False,False,False,0.0,0.0,0.0,0.0,2022-2023,0.0
2023-06-07,4277.75,4274.5,4289.5,-0.0027430056009401654,-0.0007600339457913932,0.0033145835587586802,0.007773387480626672,0.0016572917793793401,-0.35287133283609723,0.0,21.0,21.0,False,False,False,0.0,0.0,0.0,0.0,2022-2023,0.0
2023-06-08,4296.25,4297.75,4274.5,0.005075412697755357,0.0003490807575592729,0.002530318731481719,0.005934123427759142,0.0012651593657408595,0.8552927419765427,1.0,28.0,28.0,False,False,True,210.0,70.0,28.0,112.0,2022-2023,42.0
2023-06-09,4308.5,4305.25,4297.75,0.0024981857582185647,-0.0007546074948126321,0.0021653405083900314,0.00507817362296834,0.0010826702541950157,0.4919457158611884,0.0,32.0,32.0,False,False,False,0.0,0.0,0.0,0.0,2022-2023,0.0
2023-06-12,4330.25,4343.5,4305.25,0.005790068865380733,0.0030551976495855897,0.0022014817807489836,0.005162932419694591,0.0011007408903744918,1.1214690402093699,1.0,32.0,32.0,False,False,True,2120.0,80.0,32.0,2008.0,2022-2023,1928.0
2023-06-14,4411.5,4419.5,4416.5,-0.0011327595230275437,0.0018117998388431894,0.00248681112640591,0.005832089049499267,0.001243405563202955,-0.19422877692939214,0.0,28.0,28.0,False,False,False,0.0,0.0,0.0,0.0,2022-2023,0.0
2023-06-15,4483.0,4472.75,4419.5,0.014265897654436827,-0.0022890331855072873,0.0028868666384939175,0.006770302388850179,0.0014434333192469588,2.107128579357243,1.0,23.0,23.0,False,False,True,-1178.75,57.5,23.0,-1259.25,2022-2023,-1316.75
2023-06-16,4462.75,4455.75,4472.75,-0.0022382640422706148,-0.001569771023701062,0.002763037777635063,0.006479897968603502,0.0013815188888175315,-0.34541655642040736,0.0,25.0,25.0,False,False,False,0.0,0.0,0.0,0.0,2022-2023,0.0
2023-06-21,4425.75,4409.5,4434.0,-0.001862355570868899,-0.003678451277152371,0.002385632029595446,0.005594803034377017,0.001192816014797723,-0.3328724102395989,0.0,29.0,29.0,False,False,False,0.0,0.0,0.0,0.0,2022-2023,0.0
2023-06-22,4422.5,4423.75,4409.5,0.002943842705704906,0.00028260562573283735,0.002062293705658888,0.004836507449203555,0.001031146852829444,0.608671181968236,1.0,33.0,33.0,False,False,True,206.25,82.5,33.0,90.75,2022-2023,8.25
2023-06-23,4387.0,4390.25,4423.75,-0.008342130493459105,0.0007405508897500046,0.0017794231060017044,0.004173117089892176,0.0008897115530008522,-1.9990166376267786,-1.0,39.0,39.0,False,False,True,-633.75,97.5,39.0,-770.25,2022-2023,-867.75
2023-06-26,4383.25,4371.25,4390.25,-0.0015957147057262518,-0.002741448972652109,0.0020851193847311973,0.004890038411628271,0.0010425596923655986,-0.3263194624262502,0.0,33.0,33.0,False,False,False,0.0,0.0,0.0,0.0,2022-2023,0.0
2023-06-27,4418.25,4418.0,4371.25,0.010694680692320794,-5.658508984388949e-05,0.0026311736007568276,0.006170649061910592,0.0013155868003784138,1.7331532850143068,1.0,26.0,26.0,False,False,True,-32.5,65.0,26.0,-123.5,2022-2023,-188.5
2023-06-28,4411.0,4420.75,4418.0,-0.0015856838751227968,0.0022079438301469668,0.002461154701788374,0.0057719194003158615,0.001230577350894187,-0.27472384230383085,0.0,28.0,28.0,False,False,False,0.0,0.0,0.0,0.0,2022-2023,0.0
2023-06-29,4428.5,4436.25,4420.75,0.0017515613145511124,0.0017484987110685123,0.002499415813530866,0.005861649661068536,0.001249707906765433,0.2988171275715266,0.0,27.0,27.0,False,False,False,0.0,0.0,0.0,0.0,2022-2023,0.0
2023-06-30,4493.75,4486.5,4436.25,0.012878117508650566,-0.0016146547312444316,0.002610937500752681,0.006123191200722186,0.0013054687503763404,2.103170893492871,1.0,26.0,26.0,False,False,True,-942.5,65.0,26.0,-1033.5,2022-2023,-1098.5
2023-07-06,4450.25,4446.25,4483.5,-0.007443717034559927,-0.0008992300948774146,0.0023332075459776627,0.005471856722296289,0.0011666037729888314,-1.3603640249257363,-1.0,29.0,29.0,False,False,True,580.0,72.5,29.0,478.5,2023-2024,406.0
2023-07-07,4461.25,4434.75,4446.25,0.0033679515417051626,-0.005957751435321185,0.002366650714910155,0.005550287905605989,0.0011833253574550775,0.6068066375986391,1.0,29.0,29.0,False,False,True,-3842.5,72.5,29.0,-3944.0,2023-2024,-4016.5
2023-07-10,4441.25,4445.5,4434.75,0.0014646239661878359,0.0009564802259568144,0.0024534356589614044,0.0057538166402526765,0.0012267178294807022,0.2545482516668306,0.0,28.0,28.0,False,False,False,0.0,0.0,0.0,0.0,2023-2024,0.0
2023-07-11,4462.0,4473.0,4445.5,0.003704747431284196,0.0024622284403703937,0.0025030714936105595,0.0058702229907978696,0.0012515357468052797,0.6311084667638245,1.0,27.0,27.0,False,False,True,1485.0,67.5,27.0,1390.5,2023-2024,1323.0
2023-07-12,4511.0,4509.25,4473.0,0.008459533975547752,-0.00038801585808736865,0.002860640274605094,0.0067087961135966784,0.001430320137302547,1.2609615543991362,1.0,23.0,23.0,False,False,True,-201.25,57.5,23.0,-281.75,2023-2024,-339.25
2023-07-13,4540.25,4542.75,4509.25,0.006851234048299249,0.0005504789305583122,0.0024229697256233345,0.00568236769331937,0.0012114848628116672,1.2057005843451645,1.0,27.0,27.0,False,False,True,337.5,67.5,27.0,243.0,2023-2024,175.5
2023-07-14,4539.25,4539.0,4542.75,-0.0007707553783899533,-5.507669431077497e-05,0.002489988898376254,0.0058395415853646805,0.001244994449188127,-0.13198902124811557,0.0,27.0,27.0,False,False,False,0.0,0.0,0.0,0.0,2023-2024,0.0
2023-07-17,4555.0,4554.5,4539.0,0.003518807237593068,-0.00010977550919421485,0.0019693502975603227,0.004618535836144949,0.0009846751487801613,0.7618880447034022,1.0,34.0,34.0,False,False,True,-85.0,85.0,34.0,-204.0,2023-2024,-289.0
2023-07-18,4587.25,4587.5,4554.5,0.007164960780198518,5.449739776271101e-05,0.002089532935447619,0.004900389105546812,0.0010447664677238095,1.4621207879366984,1.0,32.0,32.0,False,False,True,40.0,80.0,32.0,-72.0,2023-2024,-152.0
2023-07-19,4598.75,4595.75,4587.5,0.0024493140561584964,-0.000652564056003009,0.0016409671956529866,0.0038484091979220127,0.0008204835978264933,0.6364484466675291,1.0,40.0,40.0,False,False,True,-600.0,100.0,40.0,-740.0,2023-2024,-840.0
2023-07-20,4567.75,4565.0,4595.75,-0.006111221071206228,-0.0006022282627059187,0.001763282530477836,0.004135264084987289,0.000881641265238918,-1.4778309064691844,-1.0,38.0,38.0,False,False,True,522.5,95.0,38.0,389.5,2023-2024,294.5
2023-07-21,4574.25,4564.0,4565.0,0.0020242368156064513,-0.002243318862709153,0.00168536869694327,0.0039525399486278956,0.000842684348471635,0.512135700566203,1.0,39.0,39.0,False,False,True,-1998.75,97.5,39.0,-2135.25,2023-2024,-2232.75
2023-07-24,4584.5,4584.0,4564.0,0.004481616507989306,-0.00010906909537996759,0.0018594632041909753,0.0043608277588745616,0.0009297316020954877,1.0276985828823282,1.0,35.0,35.0,False,False,True,-87.5,87.5,35.0,-210.0,2023-2024,-297.5
2023-07-25,4599.5,4595.25,4584.0,0.003375622522636549,-0.0009244406433382914,0.0017353544481890468,0.0040697669263327985,0.0008676772240945234,0.8294387820577893,1.0,38.0,38.0,False,False,True,-807.5,95.0,38.0,-940.5,2023-2024,-1035.5
2023-07-26,4600.75,4596.0,4595.25,0.0011961723914301744,-0.0010329736966576337,0.0016788329932258222,0.003937212364768969,0.0008394164966129111,0.3038120072297305,0.0,39.0,39.0,False,False,False,0.0,0.0,0.0,0.0,2023-2024,0.0
2023-07-27,4565.75,4563.5,4596.0,-0.006603565896495227,-0.0004929211152191563,0.0021371853760114743,0.005012143984654191,0.0010685926880057372,-1.3175132072649016,-1.0,31.0,31.0,False,False,True,348.75,77.5,31.0,240.25,2023-2024,162.75
2023-07-28,4608.75,4607.0,4563.5,0.009866797591422283,-0.0003797846124373036,0.0025122726767204764,0.005891801677931757,0.0012561363383602382,1.6746655998926796,1.0,26.0,26.0,False,False,True,-227.5,65.0,26.0,-318.5,2023-2024,-383.5
2023-07-31,4608.0,4616.0,4607.0,0.00021703743981026262,0.0017346058122083715,0.002284152340441123,0.005356812067721308,0.0011420761702205615,0.04051615719694017,0.0,29.0,29.0,False,False,False,0.0,0.0,0.0,0.0,2023-2024,0.0
2023-08-01,4603.5,4601.0,4616.0,-0.0027116454600348843,-0.0005432125724319698,0.0023577035159899605,0.005529304864195211,0.0011788517579949802,-0.4904134473745578,0.0,28.0,28.0,False,False,False,0.0,0.0,0.0,0.0,2023-2024,0.0
2023-08-02,4541.0,4536.5,4601.0,-0.013126419057517488,-0.000991462488267571,0.0025938860086930646,0.006083201907179722,0.0012969430043465323,-2.1578141343664727,-1.0,26.0,26.0,False,False,True,585.0,65.0,26.0,494.0,2023-2024,429.0
2023-08-03,4532.25,4520.25,4536.5,-0.0009372846999059612,-0.002651202878514468,0.00226360405600946,0.005308622069153504,0.00113180202800473,-0.17655894273434644,0.0,29.0,29.0,False,False,False,0.0,0.0,0.0,0.0,2023-2024,0.0
2023-08-04,4502.0,4499.25,4520.25,-0.004045559564585678,-0.0006110262653653702,0.0018435187369340753,0.004323434668622685,0.0009217593684670377,-0.9357281593605,-1.0,36.0,36.0,False,False,True,495.0,90.0,36.0,369.0,2023-2024,279.0
2023-08-07,4532.0,4538.0,4499.25,0.0072526269465847705,0.001323043191890143,0.002638350786530491,0.006187481054542579,0.0013191753932652456,1.1721453177234713,1.0,25.0,25.0,False,False,True,750.0,62.5,25.0,662.5,2023-2024,600.0
2023-08-08,4513.25,4517.5,4538.0,-0.0054688715230195245,0.0009412286496161503,0.0027422522378757305,0.0064311515569716975,0.0013711261189378653,-0.8503720483917049,-1.0,24.0,24.0,False,False,True,-510.0,60.0,24.0,-594.0,2023-2024,-654.0
2023-08-09,4511.25,4486.5,4517.5,-0.0013844665093852083,-0.00550138921888589,0.0027463103387175627,0.006440668647043439,0.0013731551693587814,-0.21495695326924505,0.0,24.0,24.0,False,False,False,0.0,0.0,0.0,0.0,2023-2024,0.0
2023-08-10,4501.25,4486.25,4486.5,0.0032822482249725924,-0.003337972501267914,0.003929251162435523,0.009214910788296055,0.0019646255812177616,0.35618882270042235,0.0,17.0,17.0,False,False,False,0.0,0.0,0.0,0.0,2023-2024,0.0
2023-08-11,4486.5,4482.25,4486.25,5.572427629544718e-05,-0.0009477352625757686,0.003959749276468433,0.00928643520564848,0.0019798746382342163,0.006000610036190513,0.0,17.0,17.0,False,False,False,0.0,0.0,0.0,0.0,2023-2024,0.0
2023-08-14,4493.25,4506.75,4482.25,0.0024511181566072957,0.0030000022500031288,0.0036813766608060424,0.008633593553845407,0.0018406883304030212,0.2839047427146447,0.0,18.0,18.0,False,False,False,0.0,0.0,0.0,0.0,2023-2024,0.0
2023-08-15,4466.75,4454.0,4506.75,-0.008915198068870419,-0.0028585059959636483,0.003746145505236667,0.008785489958176884,0.0018730727526183335,-1.0147639017642736,-1.0,18.0,18.0,False,False,True,1147.5,45.0,18.0,1084.5,2023-2024,1039.5
2023-08-16,4441.5,4419.5,4454.0,-0.0028104116075573326,-0.004965589708752969,0.0036488939003713394,0.008557414728112656,0.0018244469501856697,-0.3284183011867617,0.0,19.0,19.0,False,False,False,0.0,0.0,0.0,0.0,2023-2024,0.0
2023-08-17,4393.0,4383.5,4419.5,-0.006014202525223071,-0.0021648729471393175,0.002538408595044147,0.0059530958395331585,0.0012692042975220735,-1.0102646903958974,-1.0,27.0,27.0,False,False,True,1282.5,67.5,27.0,1188.0,2023-2024,1120.5
2023-08-18,4379.75,4384.75,4383.5,-0.0008558469127089023,0.001140966522315905,0.0028757243977511463,0.006744171518060359,0.0014378621988755732,-0.1269017121550085,0.0,24.0,24.0,False,False,False,0.0,0.0,0.0,0.0,2023-2024,0.0
2023-08-21,4409.5,4412.75,4384.75,0.005628692689988354,0.0007367735321527803,0.0028424743987387883,0.00666619335836952,0.0014212371993693941,0.8443638501606668,1.0,24.0,24.0,False,False,True,390.0,60.0,24.0,306.0,2023-2024,246.0
2023-08-22,4403.75,4399.75,4412.75,-0.0020416272049409603,-0.0009087295451270593,0.002866642412125612,0.006722872373806111,0.001433321206062806,-0.3036837666137497,0.0,24.0,24.0,False,False,False,0.0,0.0,0.0,0.0,2023-2024,0.0
2023-08-23,4445.25,4448.0,4399.75,0.010288389225736841,0.0006184465943611126,0.0031641193902568325,0.007420517727011774,0.0015820596951284162,1.3864786264556168,1.0,21.0,21.0,False,False,True,288.75,52.5,21.0,215.25,2023-2024,162.75
2023-08-24,4406.5,4385.0,4448.0,-0.009373833390703181,-0.00489109773343174,0.0038808302535276863,0.009101353691172908,0.0019404151267638432,-1.0299383705738787,-1.0,18.0,18.0,False,False,True,1935.0,45.0,18.0,1872.0,2023-2024,1827.0
2023-08-25,4423.5,4415.0,4385.0,0.00874161211715713,-0.0019234038853802467,0.003725737862863985,0.00873762979447405,0.0018628689314319925,1.0004557669272736,1.0,18.0,18.0,False,False,True,-765.0,45.0,18.0,-828.0,2023-2024,-873.0
2023-08-28,4433.5,4441.75,4415.0,0.004181505782001315,0.0018591030959538059,0.003737447341896677,0.008765090956971179,0.0018687236709483384,0.477063592668781,0.0,18.0,18.0,False,False,False,0.0,0.0,0.0,0.0,2023-2024,0.0
2023-08-29,4500.0,4505.75,4441.75,0.013028953842395696,0.001276962114503355,0.003965337292035531,0.00929954026378951,0.0019826686460177657,1.4010320373715413,1.0,17.0,17.0,False,False,True,488.75,42.5,17.0,429.25,2023-2024,386.75
2023-08-30,4525.5,4524.25,4505.75,0.004373709394310993,-0.00027625072691497046,0.00396604855733869,0.009301208328783185,0.001983024278669345,0.4702302367291644,0.0,17.0,17.0,False,False,False,0.0,0.0,0.0,0.0,2023-2024,0.0
2023-08-31,4520.0,4514.25,4524.25,-0.0009398237140336681,-0.0012729337302869448,0.0029365909237736403,0.006886916174511163,0.0014682954618868201,-0.1364651013921158,0.0,23.0,23.0,False,False,False,0.0,0.0,0.0,0.0,2023-2024,0.0
2023-09-01,4516.0,4523.0,4514.25,0.0003875861735626504,0.0015488442082904703,0.002773479347618859,0.006504385620808151,0.0013867396738094296,0.059588437118907156,0.0,24.0,24.0,False,False,False,0.0,0.0,0.0,0.0,2023-2024,0.0
2023-09-06,4468.5,4471.0,4502.25,-0.007524489978615537,0.0005593154125339817,0.0017053165033563374,0.0039993217014147745,0.0008526582516781687,-1.8814415394374806,-1.0,40.0,40.0,False,False,True,-500.0,100.0,40.0,-640.0,2023-2024,-740.0
2023-09-07,4457.0,4455.5,4471.0,-0.003136203287424785,-0.00033660589378130105,0.001954771046184521,0.0045843444609352055,0.0009773855230922606,-0.684111613808575,-1.0,35.0,35.0,False,False,True,262.5,87.5,35.0,140.0,2023-2024,52.5
2023-09-08,4455.25,4461.5,4455.5,-5.611199956586021e-05,0.0014018562869973692,0.002157432350039551,0.005059627347689204,0.0010787161750197755,-0.011090144730023895,0.0,31.0,31.0,False,False,False,0.0,0.0,0.0,0.0,2023-2024,0.0
2023-09-11,4490.25,4490.5,4461.5,0.006423347133365059,5.5674637433350586e-05,0.002212103400096714,0.005187842325086311,0.001106051700048357,1.2381538857309415,1.0,30.0,30.0,False,False,True,37.5,75.0,30.0,-67.5,2023-2024,-142.5
2023-09-13,4515.0,4518.0,4513.25,0.00038767203431839273,0.000664231176862766,0.0026072619474915566,0.006114571264251163,0.0013036309737457783,0.06340134370252859,0.0,26.0,26.0,False,False,False,0.0,0.0,0.0,0.0,2023-2024,0.0
2023-09-14,4557.25,4555.0,4518.0,0.008649953385082353,-0.0004938407189721822,0.0023980760176265646,0.005623986773165124,0.0011990380088132823,1.538046537796931,1.0,28.0,28.0,False,False,True,-315.0,70.0,28.0,-413.0,2023-2024,-483.0
2023-09-15,4504.0,4497.75,4555.0,-0.011259639874532412,-0.0013886191027974411,0.0027665712724762384,0.006488184748548655,0.0013832856362381192,-1.735406791098402,-1.0,24.0,24.0,False,False,True,750.0,60.0,24.0,666.0,2023-2024,606.0
2023-09-18,4500.0,4501.0,4497.75,0.0005001250416823734,0.00022219753452146847,0.0027606813969623238,0.006474371766081723,0.0013803406984811619,0.07724688352041423,0.0,24.0,24.0,False,False,False,0.0,0.0,0.0,0.0,2023-2024,0.0
2023-09-19,4484.25,4491.0,4501.0,-0.0037283368638091788,0.0015041366586146462,0.002295814462610768,0.005384162168530052,0.001147907231305384,-0.6924637013351818,-1.0,29.0,29.0,False,False,True,-978.75,72.5,29.0,-1080.25,2023-2024,-1152.75
2023-09-20,4480.5,4448.0,4491.0,-0.002340746763463889,-0.007280090393855843,0.0023118699653002462,0.00542181565995336,0.0011559349826501231,-0.43172747106714154,0.0,29.0,29.0,False,False,False,0.0,0.0,0.0,0.0,2023-2024,0.0
2023-09-21,4389.5,4373.0,4448.0,-0.013239231564154914,-0.0037660529533428406,0.0031594716948905926,0.007409617915215439,0.0015797358474452963,-1.7867630579126799,-1.0,22.0,22.0,False,False,True,1815.0,55.0,22.0,1738.0,2023-2024,1683.0
2023-09-22,4368.0,4361.5,4373.0,-0.0011440339881796753,-0.0014892035514677455,0.003147599020551693,0.007381774025800226,0.0015737995102758466,-0.15498090082155494,0.0,22.0,22.0,False,False,False,0.0,0.0,0.0,0.0,2023-2024,0.0
2023-09-25,4365.25,4379.5,4361.5,0.0008594265289636249,0.003259101200906703,0.003155319143537548,0.007399879319060541,0.001577659571768774,0.11614061417865586,0.0,22.0,22.0,False,False,False,0.0,0.0,0.0,0.0,2023-2024,0.0
2023-09-26,4313.5,4314.0,4379.5,-0.0151849230865102,0.00011590843246832411,0.0032432441644875483,0.007606081771033884,0.0016216220822437742,-1.9964185954900842,-1.0,22.0,22.0,False,False,True,-55.0,55.0,22.0,-132.0,2023-2024,-187.0
2023-09-27,4313.5,4315.25,4314.0,-0.00011590843246820025,0.0004056207501651659,0.0033987762189901165,0.007970836770832166,0.0016993881094950582,-0.014541563928688914,0.0,21.0,21.0,False,False,False,0.0,0.0,0.0,0.0,2023-2024,0.0
2023-09-28,4336.75,4338.5,4315.25,0.004969959374719701,0.00040344659202609065,0.0031854818045020557,0.00747061702923361,0.0015927409022510278,0.6652675883761043,1.0,22.0,22.0,False,False,True,192.5,55.0,22.0,115.5,2023-2024,60.5
2023-09-29,4334.5,4326.25,4338.5,-0.0009224029248492929,-0.001905147359141116,0.0037564316442649202,0.008809613092479811,0.0018782158221324601,-0.10470413571700303,0.0,19.0,19.0,False,False,False,0.0,0.0,0.0,0.0,2023-2024,0.0
2023-10-02,4302.0,4324.75,4326.25,-0.005621085121878606,0.005274304399411314,0.003959011291415277,0.00928470447728656,0.0019795056457076383,-0.6054134663768381,-1.0,18.0,18.0,False,False,True,-2047.5,45.0,18.0,-2110.5,2023-2024,-2155.5
2023-10-03,4261.25,4266.75,4324.75,-0.0147917907749739,0.0012898688467535575,0.00452145107461025,0.01060374268881125,0.002260725537305125,-1.3949594222596284,-1.0,16.0,16.0,False,False,True,-440.0,40.0,16.0,-496.0,2023-2024,-536.0
2023-10-04,4281.25,4296.0,4266.75,0.0033926097116688523,0.0034393341781652647,0.004370034909950134,0.010248640306304336,0.002185017454975067,0.33103022550044287,0.0,16.0,16.0,False,False,False,0.0,0.0,0.0,0.0,2023-2024,0.0
2023-10-05,4297.25,4291.5,4296.0,0.0002909260195657898,-0.0013389610499916916,0.004203105537384707,0.009857156226375178,0.0021015527686923537,0.029514193838923612,0.0,17.0,17.0,False,False,False,0.0,0.0,0.0,0.0,2023-2024,0.0
2023-10-06,4354.0,4342.0,4291.5,0.014458640636218038,-0.002759891356255632,0.0050633510986140265,0.011874610895229253,0.0025316755493070132,1.2176096348577574,1.0,14.0,14.0,False,False,True,-840.0,35.0,14.0,-889.0,2023-2024,-924.0
2023-10-09,4372.5,4369.75,4342.0,0.006999856454519959,-0.0006291286775612293,0.005306332476407416,0.012444452737102115,0.002653166238203708,0.5624880902677593,1.0,13.0,13.0,False,False,True,-178.75,32.5,13.0,-224.25,2023-2024,-256.75
2023-10-10,4392.5,4391.25,4369.75,0.005192741846056451,-0.0002846164812154355,0.004582975485151936,0.010748030221220535,0.002291487742575968,0.4831342803450704,0.0,15.0,15.0,False,False,False,0.0,0.0,0.0,0.0,2023-2024,0.0
2023-10-11,4396.25,4408.75,4391.25,0.0011379802081554861,0.002839297762069564,0.0046069242347797565,0.010804195017561732,0.0023034621173898782,0.10532762564038789,0.0,15.0,15.0,False,False,False,0.0,0.0,0.0,0.0,2023-2024,0.0
2023-10-12,4373.25,4380.5,4408.75,-0.008084762779886673,0.0016564333360434595,0.0050581020799736085,0.011862300855351941,0.0025290510399868043,-0.6815509805788691,-1.0,14.0,14.0,False,False,True,-507.5,35.0,14.0,-556.5,2023-2024,-591.5
2023-10-13,4358.25,4357.75,4380.5,-0.005092272483093865,-0.00011473152834985724,0.004301750313208741,0.010088498731949827,0.0021508751566043705,-0.504760184681083,-1.0,16.0,16.0,False,False,True,40.0,40.0,16.0,-16.0,2023-2024,-56.0
2023-10-16,4407.75,4402.5,4357.75,0.01140848606589467,-0.0011917937905083426,0.0039474497380670714,0.00925759023127033,0.0019737248690335357,1.2323386303445398,1.0,17.0,17.0,False,False,True,-446.25,42.5,17.0,-505.75,2023-2024,-548.25
2023-10-17,4387.0,4402.5,4402.5,-0.0035269392041472527,0.003526939204147324,0.004132622411149417,0.009691858643327365,0.0020663112055747087,-0.36390741280316485,0.0,17.0,17.0,False,False,False,0.0,0.0,0.0,0.0,2023-2024,0.0
2023-10-18,4352.0,4342.75,4402.5,-0.01153705183458268,-0.0021277215537457528,0.004167584902253214,0.009773852952965331,0.002083792451126607,-1.1803995711928943,-1.0,17.0,17.0,False,False,True,786.25,42.5,17.0,726.75,2023-2024,684.25
2023-10-19,4306.75,4301.5,4342.75,-0.008324228655554239,-0.0012197602650757047,0.0036454253868921194,0.00854928034296961,0.0018227126934460597,-0.9736759495083771,-1.0,19.0,19.0,False,False,True,498.75,47.5,19.0,432.25,2023-2024,384.75
2023-10-20,4262.75,4248.5,4301.5,-0.009049307163141824,-0.003348512454664918,0.0029883987337050145,0.00700841625860319,0.0014941993668525072,-1.2912057202700162,-1.0,24.0,24.0,False,False,True,1710.0,60.0,24.0,1626.0,2023-2024,1566.0
2023-10-23,4263.5,4240.25,4248.5,0.003524439738508305,-0.005468189430155838,0.0037565711007419593,0.008809940146908668,0.0018782855503709796,0.4000526314296245,0.0,19.0,19.0,False,False,False,0.0,0.0,0.0,0.0,2023-2024,0.0
2023-10-24,4270.5,4271.0,4240.25,0.007108686634253471,0.00011707545526463055,0.0036930690171020734,0.008661014559965595,0.0018465345085510367,0.8207683505247115,1.0,19.0,19.0,False,False,True,47.5,47.5,19.0,-19.0,2023-2024,-66.5
2023-10-25,4210.5,4210.0,4271.0,-0.014266586371419596,-0.0001187577936197745,0.003811580599074741,0.008938948855868697,0.0019057902995373705,-1.5960026845945248,-1.0,19.0,19.0,False,False,True,47.5,47.5,19.0,-19.0,2023-2024,-66.5
2023-10-26,4187.0,4156.75,4210.0,-0.005478160657283725,-0.007250968098654568,0.0038877657512600586,0.009117618875105978,0.0019438828756300293,-0.6008323809455185,-1.0,19.0,19.0,False,False,True,2873.75,47.5,19.0,2807.25,2023-2024,2759.75
2023-10-27,4125.75,4138.0,4156.75,-0.007485697496811647,0.002964757881811162,0.0039788498861336955,0.009331230105946572,0.0019894249430668478,-0.8022197943700037,-1.0,18.0,18.0,False,False,True,-1102.5,45.0,18.0,-1165.5,2023-2024,-1210.5
2023-10-30,4189.0,4186.25,4138.0,0.012249462641546483,-0.0006566968386205508,0.0031806722482887557,0.0074593376201033,0.0015903361241443779,1.6421649301049934,1.0,23.0,23.0,False,False,True,-316.25,57.5,23.0,-396.75,2023-2024,-454.25
2023-10-31,4211.25,4212.25,4186.25,0.005954170612348199,0.00023743099773198387,0.003554242295223939,0.008335437037874682,0.0017771211476119695,0.7143201472572525,1.0,20.0,20.0,False,False,True,100.0,50.0,20.0,30.0,2023-2024,-20.0
2023-11-01,4243.25,4256.5,4212.25,0.007332538323146101,0.003117741282470979,0.0034826674184118087,0.008167579072771164,0.0017413337092059044,0.8977615346989541,1.0,20.0,20.0,False,False,True,1325.0,50.0,20.0,1255.0,2023-2024,1205.0
2023-11-02,4331.0,4336.0,4256.5,0.01735123589051504,0.0011538019048553752,0.0036124313219336466,0.00847190240183868,0.0018062156609668233,2.0480920420836357,1.0,19.0,19.0,False,False,True,475.0,47.5,19.0,408.5,2023-2024,361.0
2023-11-03,4389.75,4374.75,4336.0,0.012320013719957744,-0.0034229025375833166,0.003434309821091204,0.008054170454481284,0.001717154910545602,1.5296440259844482,1.0,20.0,20.0,False,False,True,-1500.0,50.0,20.0,-1570.0,2023-2024,-1620.0
2023-11-06,4378.75,4384.25,4374.75,0.0009139202098398378,0.0012552780377055061,0.0035461825104279618,0.008316535167060763,0.0017730912552139809,0.10989194315676011,0.0,19.0,19.0,False,False,False,0.0,0.0,0.0,0.0,2023-2024,0.0
2023-11-07,4396.5,4396.25,4384.25,0.0027901962696548744,-5.686503086462128e-05,0.0030708796363940164,0.007201851121531669,0.0015354398181970082,0.3874276519425555,0.0,22.0,22.0,False,False,False,0.0,0.0,0.0,0.0,2023-2024,0.0
2023-11-08,4391.75,4398.5,4396.25,-0.0010241238946999056,0.001535792799236916,0.0029778628038650873,0.006983707312920396,0.0014889314019325436,-0.1466447330639412,0.0,23.0,23.0,False,False,False,0.0,0.0,0.0,0.0,2023-2024,0.0
2023-11-09,4362.75,4362.75,4398.5,-0.008160981233748607,0.0,0.0026390378463584958,0.0061890923526651855,0.0013195189231792479,-1.3186071185760015,-1.0,26.0,26.0,False,False,True,-0.0,65.0,26.0,-91.0,2023-2024,-156.0
2023-11-10,4420.75,4430.25,4362.75,0.013206772476106077,0.0021466509203675855,0.00258840583984191,0.006070349772006748,0.001294202919920955,2.175619687848754,1.0,26.0,26.0,False,False,True,1235.0,65.0,26.0,1144.0,2023-2024,1079.0
2023-11-13,4429.25,4425.25,4430.25,-0.00022574637490755455,-0.0009034954592809472,0.002726182240709917,0.006393464072988273,0.0013630911203549585,-0.035308929921309753,0.0,25.0,25.0,False,False,False,0.0,0.0,0.0,0.0,2023-2024,0.0
2023-11-14,4517.5,4510.5,4425.25,0.020631969445117693,-0.0015507313696900885,0.003936409853978093,0.009231699408111547,0.0019682049269890466,2.234904813623931,1.0,17.0,17.0,False,False,True,-595.0,42.5,17.0,-654.5,2023-2024,-697.0
2023-11-15,4525.0,4519.5,4510.5,0.0032095650373330205,-0.0012162088955609005,0.003860574250303494,0.009053849152796015,0.001930287125151747,0.3544972953676659,0.0,17.0,17.0,False,False,False,0.0,0.0,0.0,0.0,2023-2024,0.0
2023-11-16,4516.25,4522.75,4519.5,-0.0007193647766156326,0.001438212439520586,0.0038018145770500676,0.008916045504061042,0.0019009072885250338,-0.0806820441066591,0.0,18.0,18.0,False,False,False,0.0,0.0,0.0,0.0,2023-2024,0.0
2023-11-17,4529.5,4528.0,4522.75,0.0014913422079720446,-0.00033121722632366106,0.0034891693868292673,0.008182827540338724,0.0017445846934146336,0.18225267496109435,0.0,19.0,19.0,False,False,False,0.0,0.0,0.0,0.0,2023-2024,0.0
2023-11-20,4565.0,4562.25,4528.0,0.008138173146050037,-0.0006025911601443893,0.003422062046766292,0.008025446877623119,0.001711031023383146,1.014046104864419,1.0,19.0,19.0,False,False,True,-261.25,47.5,19.0,-327.75,2023-2024,-375.25
2023-11-21,4551.5,4551.0,4562.25,-0.0023590739235809467,-0.00010985992870148586,0.0018798710728739844,0.004408688453322158,0.0009399355364369922,-0.5350965368857651,-1.0,35.0,35.0,False,False,True,87.5,87.5,35.0,-35.0,2023-2024,-122.5
2023-11-22,4564.5,4566.5,4551.0,0.0029619899884934615,0.0004380681265982222,0.0018979270510055737,0.004451033475515874,0.0009489635255027868,0.6654611799229767,1.0,35.0,35.0,False,False,True,350.0,87.5,35.0,227.5,2023-2024,140.0
2023-11-28,4562.0,4563.0,4560.25,0.0003836772773093124,0.00021917808306912598,0.0012530256968633882,0.0029386057380158858,0.0006265128484316941,0.1305643939728938,0.0,53.0,40.0,False,False,False,0.0,0.0,0.0,0.0,2023-2024,0.0
2023-11-29,4568.5,4560.0,4563.0,0.0012046215112727415,-0.0018622999302435506,0.0015365545864145494,0.003603539923973887,0.0007682772932072747,0.33428837662059735,0.0,43.0,40.0,False,False,False,0.0,0.0,0.0,0.0,2023-2024,0.0
2023-11-30,4562.75,4574.75,4560.0,0.0006028884016983267,0.002626540497666484,0.0016687776380266586,0.0039136304665205795,0.0008343888190133293,0.1540483719287697,0.0,40.0,40.0,False,False,False,0.0,0.0,0.0,0.0,2023-2024,0.0
2023-12-01,4601.75,4601.25,4574.75,0.005884613505034891,-0.0001086602196005417,0.0020902296882112435,0.004902023135618415,0.0010451148441056218,1.2004458857562117,1.0,31.0,31.0,False,False,True,-77.5,77.5,31.0,-186.0,2023-2024,-263.5
2023-12-04,4570.0,4576.75,4601.25,-0.006814800804980514,0.0014759343428737283,0.0021977564714219236,0.005154195794905661,0.0010988782357109618,-1.3221850849585832,-1.0,30.0,30.0,False,False,True,-1012.5,75.0,30.0,-1117.5,2023-2024,-1192.5
2023-12-05,4575.75,4575.75,4576.75,-0.00021851953105258366,0.0,0.002184767065384348,0.005123732937510965,0.001092383532692174,-0.042648501340262525,0.0,30.0,30.0,False,False,False,0.0,0.0,0.0,0.0,2023-2024,0.0
2023-12-06,4567.0,4556.25,4575.75,-0.0019140855150725543,-0.0023566174280306496,0.002038403145634256,0.004780479119578284,0.001019201572817128,-0.40039616682635104,0.0,32.0,32.0,False,False,False,0.0,0.0,0.0,0.0,2023-2024,0.0
2023-12-07,4587.0,4588.5,4556.25,0.006726298840203741,0.00032695766189578266,0.0022425210300867997,0.005259177990627298,0.0011212605150433999,1.2789639088448972,1.0,29.0,29.0,False,False,True,217.5,72.5,29.0,116.0,2023-2024,43.5
2023-12-08,4610.25,4607.5,4588.5,0.004728912196160768,-0.0005966749112501498,0.001951788077465424,0.004577348779189649,0.000975894038732712,1.033111616414328,1.0,34.0,34.0,False,False,True,-467.5,85.0,34.0,-586.5,2023-2024,-671.5
2023-12-11,4620.75,4625.0,4607.5,0.0028716190188113446,0.0009193413837357289,0.001763960318988185,0.004136853639942674,0.0008819801594940925,0.6941553336779732,1.0,37.0,37.0,False,False,True,786.25,92.5,37.0,656.75,2023-2024,564.25
2023-12-13,4754.5,4760.75,4698.0,0.011954651760640846,0.0013136808594270198,0.0026932907598377362,0.006316326712864869,0.0013466453799188681,1.8926588671057873,1.0,24.0,24.0,False,False,True,750.0,60.0,24.0,666.0,2023-2024,606.0
2023-12-14,4769.25,4775.0,4760.75,0.0017838409767008568,0.0012049140992037605,0.0035719297298966186,0.008376917749044473,0.0017859648649483093,0.21294717581587017,0.0,18.0,18.0,False,False,False,0.0,0.0,0.0,0.0,2023-2024,0.0
2023-12-15,4763.25,4766.75,4775.0,-0.002463765563636676,0.0007345225933600383,0.0036938758921183363,0.008662906849611837,0.0018469379460591682,-0.2844040235463309,0.0,17.0,17.0,False,False,False,0.0,0.0,0.0,0.0,2023-2024,0.0
2023-12-18,4798.0,4792.75,4766.75,0.006534433455085911,-0.0010948049994811198,0.003677871986592148,0.008625374364262459,0.001838935993296074,0.7575825905203663,1.0,17.0,17.0,False,False,True,-446.25,42.5,17.0,-505.75,2023-2024,-548.25
2023-12-19,4813.75,4820.25,4792.75,0.0043720467289599515,0.0013493877903866657,0.0030173918746838496,0.0070764112012901455,0.0015086959373419248,0.6178338997828243,1.0,21.0,21.0,False,False,True,682.5,52.5,21.0,609.0,2023-2024,556.5
2023-12-20,4776.0,4749.75,4820.25,-0.009222417847067219,-0.005511391007788655,0.0030244779254837597,0.0070930294634635495,0.0015122389627418799,-1.300208591346226,-1.0,21.0,21.0,False,False,True,2756.25,52.5,21.0,2682.75,2023-2024,2630.25
2023-12-21,4773.5,4795.25,4749.75,0.004987803373438464,0.004546056163709444,0.003144561870438632,0.007374651277422601,0.001572280935219316,0.6763443023683791,1.0,20.0,20.0,False,False,True,2175.0,50.0,20.0,2105.0,2023-2024,2055.0
2023-12-22,4807.0,4805.5,4795.25,0.0024473442921632968,-0.00031209363062165385,0.0032271128522713163,0.007568250490511061,0.0016135564261356582,0.3233698851843942,0.0,19.0,19.0,False,False,False,0.0,0.0,0.0,0.0,2023-2024,0.0
2023-12-26,4826.0,4825.0,4805.5,0.004256871921638027,-0.00020723241189079365,0.003212734231729401,0.007534529636313901,0.0016063671158647005,0.5649817741934858,1.0,20.0,20.0,False,False,True,-100.0,50.0,20.0,-170.0,2023-2024,-220.0
2023-12-27,4822.5,4834.75,4825.0,-0.0005182689932021813,0.0025369554625236713,0.0031814331243524498,0.007461122032643512,0.0015907165621762249,-0.06946260775988891,0.0,20.0,20.0,False,False,False,0.0,0.0,0.0,0.0,2023-2024,0.0
2023-12-28,4836.75,4833.25,4834.75,0.00041358631618852715,-0.0007238883459850215,0.003180349274966191,0.007458580180522221,0.0015901746374830956,0.05545107864746041,0.0,20.0,20.0,False,False,False,0.0,0.0,0.0,0.0,2023-2024,0.0
2023-12-29,4819.5,4819.0,4833.25,-0.0028489309885885543,-0.00010375058369014757,0.0017033450805564265,0.0039946983051297865,0.0008516725402782133,-0.7131780101966908,-1.0,37.0,37.0,False,False,True,92.5,92.5,37.0,-37.0,2023-2024,-129.5
2024-01-02,4769.75,4788.0,4819.0,-0.010272545032912682,0.0038188950704436905,0.001631981041136292,0.0038273347975393565,0.000815990520568146,-2.6839943658749257,-1.0,39.0,39.0,False,False,True,-3558.75,97.5,39.0,-3695.25,2023-2024,-3792.75
2024-01-03,4761.75,4747.0,4788.0,-0.005497539959194831,-0.0031024081673509075,0.0016637165519781559,0.0039017611676387194,0.0008318582759890779,-1.40898935711174,-1.0,38.0,38.0,False,False,True,2802.5,95.0,38.0,2669.5,2023-2024,2574.5
2024-01-04,4743.25,4730.0,4747.0,-0.0007902848070750321,-0.0027973522582643412,0.0016692639711030281,0.003914771018683543,0.0008346319855515141,-0.20187254971065682,0.0,38.0,38.0,False,False,False,0.0,0.0,0.0,0.0,2023-2024,0.0
2024-01-05,4723.5,4735.5,4730.0,-0.001375152276789672,0.0025372674569669575,0.0018515055241805365,0.004342165345008264,0.0009257527620902682,-0.31669735432128154,0.0,35.0,35.0,False,False,False,0.0,0.0,0.0,0.0,2023-2024,0.0
2024-01-08,4793.25,4801.5,4735.5,0.01212136053234482,0.001719690879526679,0.002332690729945102,0.005470644681264263,0.001166345364972551,2.2157097085573434,1.0,27.0,27.0,False,False,True,1113.75,67.5,27.0,1019.25,2023-2024,951.75
2024-01-09,4792.5,4793.0,4801.5,-0.001876173158227852,0.00010432423983166336,0.0024134556546540793,0.005660055219112233,0.0012067278273270397,-0.3314761226873906,0.0,26.0,26.0,False,False,False,0.0,0.0,0.0,0.0,2023-2024,0.0
2024-01-10,4826.75,4819.25,4793.0,0.0070168431562949015,-0.0015550490382253137,0.0023438051776226714,0.005496710371538566,0.0011719025888113357,1.2765531894544484,1.0,27.0,27.0,False,False,True,-1012.5,67.5,27.0,-1107.0,2023-2024,-1174.5
2024-01-11,4819.25,4814.5,4819.25,0.0,-0.0009861165973620736,0.002376074376474645,0.0055723883509646525,0.0011880371882373225,0.0,0.0,26.0,26.0,False,False,False,0.0,0.0,0.0,0.0,2023-2024,0.0
2024-01-12,4812.75,4816.75,4814.5,-0.0003635513816041957,0.0008307804621351043,0.0021631243094487962,0.005072976175747904,0.0010815621547243981,-0.07166431873703757,0.0,29.0,29.0,False,False,False,0.0,0.0,0.0,0.0,2023-2024,0.0
2024-01-17,4762.75,4770.75,4798.5,-0.007478136562138132,0.0016782927314790046,0.0015649758214542698,0.0036701936283458623,0.0007824879107271349,-2.037531890520035,-1.0,41.0,40.0,True,False,True,-1600.0,100.0,40.0,-1740.0,2023-2024,-1840.0
2024-01-18,4803.75,4811.0,4770.75,0.006893337652030386,0.0015080998204000289,0.001549670485084547,0.0036342994328868892,0.0007748352425422735,1.8967445526508788,1.0,41.0,40.0,True,False,True,1450.0,100.0,40.0,1310.0,2023-2024,1210.0
2024-01-19,4869.0,4870.75,4811.0,0.01198361448324713,0.0003593521432956386,0.002399934470427556,0.005628345231318453,0.001199967235213778,2.129154128031329,1.0,26.0,26.0,False,False,True,227.5,65.0,26.0,136.5,2023-2024,71.5
2024-01-22,4882.25,4881.75,4870.75,0.002358249836895187,-0.00010241704228533053,0.0024556198807434244,0.0057589390943873445,0.0012278099403717122,0.40949379707688427,0.0,25.0,25.0,False,False,False,0.0,0.0,0.0,0.0,2023-2024,0.0
2024-01-23,4889.0,4894.75,4881.75,0.0014840214580390811,0.0011754185587369462,0.0023388161163391723,0.0054850099857031405,0.0011694080581695862,0.27055948155194465,0.0,26.0,26.0,False,False,False,0.0,0.0,0.0,0.0,2023-2024,0.0
2024-01-24,4910.75,4898.75,4894.75,0.00326347747700329,-0.0024466091005445,0.002022825239578603,0.004743945691544042,0.0010114126197893014,0.6879247127175913,1.0,30.0,30.0,False,False,True,-1800.0,75.0,30.0,-1905.0,2023-2024,-1980.0
2024-01-25,4909.5,4924.0,4898.75,0.0021920330955035937,0.002949104694999248,0.002316819997597114,0.0054334245147017925,0.001158409998798557,0.4034349036362569,0.0,27.0,27.0,False,False,False,0.0,0.0,0.0,0.0,2023-2024,0.0
2024-01-26,4922.25,4917.0,4924.0,-0.00035546528240226754,-0.0010671546100024956,0.0017755594024328634,0.004164055901836887,0.0008877797012164317,-0.08536515617993058,0.0,35.0,35.0,False,False,False,0.0,0.0,0.0,0.0,2023-2024,0.0
2024-01-29,4930.5,4954.75,4917.0,0.002741814360444474,0.004906309632073288,0.0015920765960911684,0.0037337505785760288,0.0007960382980455842,0.7343324902784862,1.0,39.0,39.0,False,False,True,4728.75,97.5,39.0,4592.25,2023-2024,4494.75
2024-01-30,4954.75,4949.5,4954.75,0.0,-0.001060151044594962,0.0018582032829547366,0.004357872981663266,0.0009291016414773683,0.0,0.0,33.0,33.0,False,False,False,0.0,0.0,0.0,0.0,2023-2024,0.0
2024-01-31,4904.25,4868.75,4949.5,-0.00918438525036708,-0.007264945490436637,0.0018992207930144309,0.004454067569469619,0.0009496103965072154,-2.062021984875442,-1.0,32.0,32.0,False,False,True,5680.0,80.0,32.0,5568.0,2023-2024,5488.0
2024-02-01,4922.25,4929.5,4868.75,0.01092851240288352,0.0014718199931542614,0.0025175665448698864,0.005904216899230967,0.0012587832724349432,1.8509672983570395,1.0,24.0,24.0,False,False,True,870.0,60.0,24.0,786.0,2023-2024,726.0
2024-02-02,4993.75,4979.5,4929.5,0.012949567499488687,-0.0028576461428906244,0.0033329010358483335,0.007816345772237429,0.0016664505179241668,1.6567291003788172,1.0,18.0,18.0,False,False,True,-1282.5,45.0,18.0,-1345.5,2023-2024,-1390.5
2024-02-05,4975.75,4961.0,4979.5,-0.0007533713723643195,-0.002968779698280928,0.0033650154842204947,0.007891660829618839,0.0016825077421102474,-0.09546423606255094,0.0,18.0,18.0,False,False,False,0.0,0.0,0.0,0.0,2023-2024,0.0
2024-02-06,4966.5,4975.0,4961.0,0.0011080333543618645,0.0017100039372824037,0.003230766879838481,0.007576819944754991,0.0016153834399192405,0.1462398951593002,0.0,19.0,19.0,False,False,False,0.0,0.0,0.0,0.0,2023-2024,0.0
2024-02-07,5018.0,5015.5,4975.0,0.008606077333674415,-0.0004983306028277618,0.0033198814807955334,0.007785812209134657,0.0016599407403977667,1.1053538285417912,1.0,18.0,18.0,False,False,True,-225.0,45.0,18.0,-288.0,2023-2024,-333.0
2024-02-08,5014.75,5016.75,5015.5,-0.00014954761873291263,0.00039874396182015966,0.0026841399965044413,0.0062948662705884185,0.0013420699982522207,-0.023757076370572925,0.0,22.0,22.0,False,False,False,0.0,0.0,0.0,0.0,2023-2024,0.0
2024-02-09,5045.0,5044.0,5016.75,0.005615340121082272,-0.00019823570289918046,0.0014231771232586829,0.003337646203976349,0.0007115885616293414,1.6824252116333847,1.0,42.0,40.0,True,False,True,-200.0,100.0,40.0,-340.0,2023-2024,-440.0
2024-02-12,5037.0,5041.25,5044.0,-0.0013887513391596608,0.0008434004419273717,0.001339534215133944,0.0031414861967434798,0.000669767107566972,-0.44206826074845246,0.0,45.0,40.0,False,False,False,0.0,0.0,0.0,0.0,2023-2024,0.0
2024-02-13,4943.0,4971.75,5041.25,-0.019681632880618548,0.005799456482651253,0.0025976506997005453,0.006092030890195899,0.0012988253498502726,-3.230717840300651,-1.0,24.0,24.0,False,False,True,-3450.0,60.0,24.0,-3534.0,2023-2024,-3594.0
2024-02-14,4998.25,5015.0,4971.75,0.00531596036233138,0.0033455702440938905,0.0024112763588249337,0.005654944317361062,0.0012056381794124668,0.9400552974520052,1.0,25.0,25.0,False,False,True,2093.75,62.5,25.0,2006.25,2023-2024,1943.75
2024-02-15,5045.0,5046.5,5015.0,0.005964232391673371,0.00029727989120478744,0.002629625539406239,0.006167018536232605,0.0013148127697031194,0.9671176366070865,1.0,23.0,23.0,False,False,True,172.5,57.5,23.0,92.0,2023-2024,34.5
2024-02-16,5031.25,5020.5,5046.5,-0.003026471512040739,-0.0021389318473824756,0.0031007116826201296,0.00727181347141504,0.0015503558413100648,-0.416192126480908,0.0,19.0,19.0,False,False,False,0.0,0.0,0.0,0.0,2023-2024,0.0
2024-02-21,4969.5,4995.75,4992.5,-0.004617554881909992,0.00526831955333818,0.0026585402997690794,0.006234829660081298,0.0013292701498845397,-0.7406064212907114,-1.0,23.0,23.0,False,False,True,-3018.75,57.5,23.0,-3099.25,2023-2024,-3156.75
2024-02-22,5094.75,5097.5,4995.75,0.019623046778122537,0.0005396257090891736,0.0031959902297198925,0.0074952614708599435,0.0015979951148599463,2.618060337776469,1.0,19.0,19.0,False,False,True,261.25,47.5,19.0,194.75,2023-2024,147.25
2024-02-23,5104.75,5099.75,5097.5,0.0014212553545338948,-0.0009799599000702968,0.002951202170830128,0.006921182586243375,0.001475601085415064,0.20534862891188552,0.0,20.0,20.0,False,False,False,0.0,0.0,0.0,0.0,2023-2024,0.0
2024-02-26,5088.0,5080.0,5099.75,-0.002306692883115661,-0.001573564447430552,0.002569452919165715,0.006025901233089594,0.0012847264595828576,-0.3827963310200117,0.0,23.0,23.0,False,False,False,0.0,0.0,0.0,0.0,2023-2024,0.0
2024-02-27,5086.0,5088.75,5080.0,0.001180405409537456,0.0005405538351235708,0.0024317024302848564,0.005702847701104513,0.0012158512151424282,0.20698525919056865,0.0,24.0,24.0,False,False,False,0.0,0.0,0.0,0.0,2023-2024,0.0
2024-02-28,5077.75,5081.75,5088.75,-0.0021639707455935234,0.0007874403674763363,0.002501100314923126,0.0058656001670073865,0.001250550157461563,-0.3689257167178471,0.0,24.0,24.0,False,False,False,0.0,0.0,0.0,0.0,2023-2024,0.0
2024-02-29,5094.5,5096.5,5081.75,0.002505835975268712,0.0003925031941275674,0.0022918744178409413,0.00537492194448865,0.0011459372089204706,0.46620881217412874,0.0,26.0,26.0,False,False,False,0.0,0.0,0.0,0.0,2023-2024,0.0
2024-03-01,5147.25,5145.0,5096.5,0.009908561848386266,-0.0004372221887037871,0.002601891897065904,0.006101977379677399,0.001300945948532952,1.6238280203048072,1.0,23.0,23.0,False,False,True,-258.75,57.5,23.0,-339.25,2023-2024,-396.75
2024-03-04,5153.75,5137.75,5145.0,0.0016992357529598428,-0.0031093646000800983,0.002489375259918678,0.005838102475618557,0.001244687629959339,0.29105959685639227,0.0,24.0,24.0,False,False,False,0.0,0.0,0.0,0.0,2023-2024,0.0
2024-03-05,5071.25,5085.75,5137.75,-0.013027904900372684,0.002855175711404312,0.002720915629723898,0.006381112775403431,0.001360457814861949,-2.041635269414123,-1.0,22.0,22.0,False,False,True,-1595.0,55.0,22.0,-1672.0,2023-2024,-1727.0
2024-03-06,5106.0,5112.0,5085.75,0.00397380756936786,0.0011743982559416616,0.0026668383343331535,0.006254290276128744,0.0013334191671665768,0.6353730629572812,1.0,22.0,22.0,False,False,True,660.0,55.0,22.0,583.0,2023-2024,528.0
2024-03-07,5160.5,5159.5,5112.0,0.009442756948617187,-0.00019379845021893252,0.002632001400486523,0.006172590424359663,0.0013160007002432615,1.529788354554039,1.0,22.0,22.0,False,False,True,-110.0,55.0,22.0,-187.0,2023-2024,-242.0
2024-03-08,5149.0,5128.5,5159.5,-0.0020371545096276446,-0.003989302298675678,0.003199761139486375,0.0075041050381587345,0.0015998805697431874,-0.27147201422003236,0.0,18.0,18.0,False,False,False,0.0,0.0,0.0,0.0,2023-2024,0.0
2024-03-11,5126.0,5122.75,5128.5,-0.00048759082344924313,-0.000634223707074501,0.0033147236225640393,0.00777371595936669,0.0016573618112820196,-0.06272300480206461,0.0,18.0,18.0,False,False,False,0.0,0.0,0.0,0.0,2023-2024,0.0
2024-03-13,5237.75,5233.25,5241.5,-0.0007157001045056983,-0.0008595168134921488,0.004050770442321744,0.009499898761046417,0.002025385221160872,-0.07533765595906873,0.0,14.0,14.0,False,False,False,0.0,0.0,0.0,0.0,2023-2024,0.0
2024-03-14,5208.75,5220.25,5233.25,-0.004692596237966249,0.0022053897135079796,0.004092571317429592,0.009597930502736546,0.002046285658714796,-0.4889175053547537,0.0,14.0,14.0,False,False,False,0.0,0.0,0.0,0.0,2023-2024,0.0
2024-03-15,5186.5,5183.0,5220.25,-0.006486197578288515,-0.0006750566821762265,0.003677899012707411,0.008625437746120937,0.0018389495063537056,-0.7519847420156167,-1.0,16.0,16.0,False,False,True,280.0,40.0,16.0,224.0,2023-2024,184.0
2024-03-18,5222.75,5215.25,5183.0,0.007640043889452135,-0.0014370571547630436,0.003639312131798,0.008534943488950971,0.001819656065899,0.8951487375801209,1.0,16.0,16.0,False,False,True,-600.0,40.0,16.0,-656.0,2023-2024,-696.0
2024-03-19,5232.75,5242.5,5215.25,0.003349926563060008,0.0018615312886193203,0.002792658412208261,0.006549364514212551,0.0013963292061041305,0.511488794949563,1.0,21.0,21.0,False,False,True,1023.75,52.5,21.0,950.25,2023-2024,897.75
2024-03-20,5272.5,5287.5,5242.5,0.005706149576854689,0.0028409110016036497,0.0027354450486905663,0.0064151872832546005,0.0013677225243452832,0.8894751353166735,1.0,21.0,21.0,False,False,True,1575.0,52.5,21.0,1501.5,2023-2024,1449.0
2024-03-21,5304.25,5302.5,5287.5,0.003162841638692334,-0.00032997855438836847,0.0030824304613253682,0.007228940207180156,0.0015412152306626841,0.4375249411457071,0.0,18.0,18.0,False,False,False,0.0,0.0,0.0,0.0,2023-2024,0.0
2024-03-22,5301.5,5291.75,5302.5,-0.00018860807298463412,-0.0018407953655731077,0.0026521903515154227,0.006219937711399791,0.0013260951757577113,-0.030323144979242576,0.0,22.0,22.0,False,False,False,0.0,0.0,0.0,0.0,2023-2024,0.0
2024-03-25,5287.25,5277.25,5291.75,-0.0008507420874205515,-0.0018931332266794373,0.0026563537852932924,0.006229701829103141,0.0013281768926466462,-0.13656224820362367,0.0,22.0,22.0,False,False,False,0.0,0.0,0.0,0.0,2023-2024,0.0
2024-03-26,5287.0,5266.0,5277.25,0.0018458485492703078,-0.003979916179195522,0.002378186475231877,0.005577341661613264,0.0011890932376159384,0.33095489953118457,0.0,24.0,24.0,False,False,False,0.0,0.0,0.0,0.0,2023-2024,0.0
2024-03-27,5280.0,5310.25,5266.0,0.0026550366440525556,0.005712817406687107,0.0024333912515880937,0.005706808338132628,0.0012166956257940469,0.46524019850320264,0.0,24.0,24.0,False,False,False,0.0,0.0,0.0,0.0,2023-2024,0.0
2024-03-28,5316.5,5305.5,5310.25,0.0011762769841465336,-0.0020711737774958424,0.0015776610666260785,0.0036999431652814004,0.0007888305333130393,0.31791758186563157,0.0,36.0,36.0,False,False,False,0.0,0.0,0.0,0.0,2023-2024,0.0
2024-04-01,5291.5,5294.25,5305.5,-0.0026422587798658513,0.000519566409912064,0.001957304585679795,0.004590286137723589,0.0009786522928398975,-0.5756196238294194,-1.0,29.0,29.0,False,False,True,-398.75,72.5,29.0,-500.25,2023-2024,-572.75
2024-04-02,5249.0,5261.0,5294.25,-0.008583743691391442,0.002283540478507462,0.0023366830984748554,0.005480007615399752,0.0011683415492374277,-1.5663744092744807,-1.0,25.0,25.0,False,False,True,-1500.0,62.5,25.0,-1587.5,2023-2024,-1650.0
2024-04-03,5270.25,5265.25,5261.0,0.0017566770096095136,-0.0009491719188242078,0.002490998785101927,0.005841909979671547,0.0012454993925509635,0.30070251265807424,0.0,23.0,23.0,False,False,False,0.0,0.0,0.0,0.0,2023-2024,0.0
2024-04-04,5226.25,5197.5,5265.25,-0.007434624150817728,-0.005516262938606795,0.0025497302152232,0.005979647392390442,0.0012748651076116,-1.2433214975650329,-1.0,23.0,23.0,False,False,True,3306.25,57.5,23.0,3225.75,2023-2024,3168.25
2024-04-05,5246.75,5251.25,5197.5,0.009431096545362571,0.0008573062060611777,0.004036449417654095,0.009466312981147435,0.0020182247088270473,0.9962798149760103,1.0,14.0,14.0,False,False,True,315.0,35.0,14.0,266.0,2023-2024,231.0
2024-04-08,5259.75,5254.5,5251.25,0.0016173536015376409,-0.0009986447794783008,0.003883424446162042,0.009107437612181008,0.001941712223081021,0.17758602039441523,0.0,15.0,15.0,False,False,False,0.0,0.0,0.0,0.0,2023-2024,0.0
2024-04-09,5231.25,5260.0,5254.5,-0.004434597067865753,0.005480771493970006,0.0037010233702038375,0.008679669171539452,0.0018505116851019188,-0.510917752764904,-1.0,16.0,16.0,False,False,True,-2300.0,40.0,16.0,-2356.0,2023-2024,-2396.0
2024-04-10,5190.25,5205.5,5260.0,-0.013349161175097,0.0029338933581489796,0.004222507343193473,0.009902657494242413,0.0021112536715967366,-1.34803825971548,-1.0,14.0,14.0,False,False,True,-1067.5,35.0,14.0,-1116.5,2023-2024,-1151.5
2024-04-11,5249.25,5242.25,5205.5,0.008369450322951152,-0.0013344137709037428,0.004402962590404545,0.010325862561973237,0.0022014812952022727,0.8105328027290516,1.0,13.0,13.0,False,False,True,-455.0,32.5,13.0,-500.5,2023-2024,-533.0
2024-04-12,5155.5,5167.75,5242.25,-0.016686689508856736,0.0023732847213471455,0.0034491527417738897,0.008088980189027222,0.0017245763708869449,-2.0628916277347775,-1.0,17.0,17.0,False,False,True,-1041.25,42.5,17.0,-1100.75,2023-2024,-1143.25
2024-04-15,5109.5,5103.25,5167.75,-0.011335838627081634,-0.001223960398570301,0.0046515560692044315,0.010908865947349395,0.0023257780346022158,-1.0391399694333932,-1.0,13.0,13.0,False,False,True,406.25,32.5,13.0,360.75,2023-2024,328.25
2024-04-16,5116.0,5092.25,5103.25,0.00249529204503993,-0.004653107604483431,0.0046535456201215845,0.010913531857837788,0.0023267728100607923,0.22864202693905022,0.0,13.0,13.0,False,False,False,0.0,0.0,0.0,0.0,2023-2024,0.0
2024-04-17,5072.25,5061.0,5092.25,-0.0039352699710908596,-0.0022204139090810852,0.004288256710582892,0.010056853428743288,0.002144128355291446,-0.39130230931312415,0.0,14.0,14.0,False,False,False,0.0,0.0,0.0,0.0,2023-2024,0.0
2024-04-18,5042.75,5048.5,5061.0,-0.003612524032635867,0.0011396012629335743,0.004070659874575504,0.009546543614294904,0.002035329937287752,-0.37841172455615324,0.0,15.0,15.0,False,False,False,0.0,0.0,0.0,0.0,2023-2024,0.0
2024-04-19,5001.75,5003.25,5048.5,-0.009303318263850361,0.000299850077209224,0.004623608952244631,0.010843324148434455,0.0023118044761223154,-0.8579765887745375,-1.0,13.0,13.0,False,False,True,-97.5,32.5,13.0,-143.0,2023-2024,-175.5
2024-04-22,5065.75,5048.75,5003.25,0.012414500487704008,-0.003361513867815958,0.0038380346701549694,0.009000989151821794,0.0019190173350774847,1.379237356951077,1.0,16.0,16.0,False,False,True,-1360.0,40.0,16.0,-1416.0,2023-2024,-1456.0
2024-04-23,5109.0,5107.75,5048.75,0.011863002453175255,-0.00024469621087663243,0.004143436389975099,0.009717219671682552,0.0020717181949875497,1.2208227099924311,1.0,14.0,14.0,False,False,True,-87.5,35.0,14.0,-136.5,2023-2024,-171.5
2024-04-24,5095.0,5105.5,5107.75,-0.002499327463096165,0.0020587233387674366,0.003982192143211121,0.009339068393581241,0.0019910960716055604,-0.26762064027863397,0.0,15.0,15.0,False,False,False,0.0,0.0,0.0,0.0,2023-2024,0.0
2024-04-25,5072.5,5082.75,5105.5,-0.006484597295622817,0.0020186609843622374,0.004891184813721704,0.011470845167244654,0.002445592406860852,-0.5653112042815974,-1.0,12.0,12.0,False,False,True,-615.0,30.0,12.0,-657.0,2023-2024,-687.0
2024-04-26,5141.25,5129.5,5082.75,0.011443786860301721,-0.002288052016866376,0.004394192995058675,0.010305296037864464,0.0021970964975293376,1.110476285033844,1.0,13.0,13.0,False,False,True,-763.75,32.5,13.0,-809.25,2023-2024,-841.75
2024-04-29,5142.0,5147.25,5129.5,0.0024339202980674596,0.0010204826310190541,0.004137814741716128,0.00970403573788752,0.002068907370858064,0.250815265298817,0.0,14.0,14.0,False,False,False,0.0,0.0,0.0,0.0,2023-2024,0.0
2024-04-30,5092.75,5065.25,5147.25,-0.010644631759186781,-0.005414464891406338,0.003969353651611261,0.009308959461915069,0.0019846768258056304,-1.1434824485740034,-1.0,15.0,15.0,False,False,True,2062.5,37.5,15.0,2010.0,2023-2024,1972.5
2024-05-01,5118.0,5046.25,5065.25,0.01036024291347346,-0.014118344552583512,0.004345417953582327,0.010190908426251111,0.0021727089767911633,1.0166162308736044,1.0,14.0,14.0,False,False,True,-5022.5,35.0,14.0,-5071.5,2023-2024,-5106.5
2024-05-02,5096.25,5091.5,5046.25,0.009859581966312493,-0.0009324925217430464,0.0033420081366858354,0.007837703816884688,0.0016710040683429177,1.257968174948394,1.0,18.0,18.0,False,False,True,-427.5,45.0,18.0,-490.5,2023-2024,-535.5
2024-05-03,5157.25,5154.25,5091.5,0.012831009061397265,-0.0005818746224399299,0.003409831639116907,0.00799676402922925,0.0017049158195584534,1.6045251572383779,1.0,17.0,17.0,False,False,True,-255.0,42.5,17.0,-314.5,2023-2024,-357.0
2024-05-06,5195.25,5207.25,5154.25,0.007923129520146607,0.0023071387306683546,0.003382626316316407,0.007932961891821974,0.0016913131581582034,0.998760567388392,1.0,17.0,17.0,False,False,True,1020.0,42.5,17.0,960.5,2023-2024,918.0
2024-05-07,5211.0,5212.5,5207.25,0.000719890607722258,0.0002878111978421647,0.003164947030572672,0.007422458715602214,0.001582473515286336,0.09698815922128715,0.0,18.0,18.0,False,False,False,0.0,0.0,0.0,0.0,2023-2024,0.0
2024-05-08,5210.25,5211.5,5212.5,-0.0004317478659568535,0.00023988293827702,0.002367820614716145,0.005553031563849704,0.0011839103073580724,-0.07774993910849289,0.0,25.0,25.0,False,False,False,0.0,0.0,0.0,0.0,2023-2024,0.0
2024-05-09,5236.75,5239.25,5211.5,0.004833354706498638,0.0004772814141768046,0.0022431774901333253,0.005260717525901257,0.0011215887450666626,0.9187633973315448,1.0,26.0,26.0,False,False,True,325.0,65.0,26.0,234.0,2023-2024,169.0
2024-05-10,5246.25,5245.5,5239.25,0.0013351773477483174,-0.00014296947626042916,0.0014775979880985546,0.0034652744450304265,0.0007387989940492773,0.38530205007661206,0.0,39.0,39.0,False,False,False,0.0,0.0,0.0,0.0,2023-2024,0.0
2024-05-13,5245.25,5245.5,5245.5,-4.766103473012167e-05,4.76610347300407e-05,0.0014344039726937848,0.0033639754997381323,0.0007172019863468924,-0.014168068326844778,0.0,40.0,40.0,False,False,False,0.0,0.0,0.0,0.0,2023-2024,0.0
2024-05-14,5268.75,5268.75,5245.5,0.004422576578625466,0.0,0.0013437326169087097,0.0031513323216686958,0.0006718663084543549,1.4033989840473633,1.0,43.0,40.0,True,False,True,0.0,100.0,40.0,-140.0,2023-2024,-240.0
2024-05-15,5325.75,5333.5,5268.75,0.010760403980147085,0.0014541363352247956,0.001899321445532098,0.004454303620547185,0.000949660722766049,2.415732041819195,1.0,30.0,30.0,False,False,True,1162.5,75.0,30.0,1057.5,2023-2024,982.5
2024-05-16,5334.5,5319.75,5333.5,0.00018747656597854073,-0.0027688498812101126,0.001785640089689716,0.004187697209026583,0.000892820044844858,0.044768414864005665,0.0,32.0,32.0,False,False,False,0.0,0.0,0.0,0.0,2023-2024,0.0
2024-05-17,5321.0,5327.5,5319.75,0.00023494584606337284,0.0012208293764028285,0.0017372161018254977,0.004074132891110669,0.0008686080509127488,0.05766769330867927,0.0,33.0,33.0,False,False,False,0.0,0.0,0.0,0.0,2023-2024,0.0
2024-05-20,5331.25,5333.0,5327.5,0.0007036472672169627,0.0003281993606128718,0.001752190040160786,0.004109249889287899,0.000876095020080393,0.1712349665205927,0.0,32.0,32.0,False,False,False,0.0,0.0,0.0,0.0,2023-2024,0.0
2024-05-21,5336.0,5346.25,5333.0,0.0005623769948575369,0.001919071945658682,0.0018098664074162453,0.004244512960260085,0.0009049332037081227,0.13249505894383626,0.0,31.0,31.0,False,False,False,0.0,0.0,0.0,0.0,2023-2024,0.0
2024-05-22,5316.5,5329.25,5346.25,-0.005580188449977557,0.002395323222163085,0.0012259051399146556,0.0028750023941521235,0.0006129525699573278,-1.9409334967260883,-1.0,46.0,40.0,True,False,True,-2550.0,100.0,40.0,-2690.0,2023-2024,-2790.0
2024-05-23,5275.75,5286.25,5329.25,-0.010089665980881648,0.0019882604542761106,0.001999648057942472,0.004689590382536843,0.000999824028971236,-2.151502617041709,-1.0,29.0,29.0,False,False,True,-1522.5,72.5,29.0,-1624.0,2023-2024,-1696.5
2024-05-24,5317.5,5321.5,5286.25,0.005894158287693857,0.0007519504067066881,0.0021201992079426615,0.004972307889449706,0.0010600996039713307,1.1853968858606165,1.0,27.0,27.0,False,False,True,540.0,67.5,27.0,445.5,2023-2024,378.0
2024-05-29,5287.25,5287.5,5325.5,-0.00720834197036111,4.728244167418703e-05,0.002261311751868729,0.005303246139419507,0.0011306558759343645,-1.3592320214558502,-1.0,25.0,25.0,False,False,True,-31.25,62.5,25.0,-118.75,2023-2024,-181.25
2024-05-30,5265.5,5251.5,5287.5,-0.004169436533881591,-0.002662357757821865,0.00215695426671758,0.005058506142915263,0.00107847713335879,-0.8242426550615409,-1.0,27.0,27.0,False,False,True,1890.0,67.5,27.0,1795.5,2023-2024,1728.0
2024-05-31,5237.0,5296.75,5251.5,-0.0027649347833423863,0.011344609624912308,0.0021417379315230656,0.005022820673713711,0.0010708689657615328,-0.5504745168013501,-1.0,27.0,27.0,False,False,True,-8066.25,67.5,27.0,-8160.75,2023-2024,-8228.25
2024-06-03,5278.75,5299.25,5296.75,-0.00340409765624657,0.0038759738446929397,0.003283180734640377,0.007699741330052945,0.0016415903673201884,-0.4421054565768332,0.0,17.0,17.0,False,False,False,0.0,0.0,0.0,0.0,2023-2024,0.0
2024-06-04,5304.25,5304.0,5299.25,0.0009430849003796136,-4.7133127527376555e-05,0.0035458466324741244,0.008315747463436735,0.0017729233162370622,0.11340951664612661,0.0,16.0,16.0,False,False,False,0.0,0.0,0.0,0.0,2023-2024,0.0
2024-06-05,5358.5,5366.5,5304.0,0.010222832287353278,0.0014918417685272842,0.0036694689111252013,0.008605667405461882,0.0018347344555626006,1.187918589656975,1.0,15.0,15.0,False,False,True,600.0,37.5,15.0,547.5,2023-2024,510.0
2024-06-06,5362.75,5365.5,5366.5,-0.0006990237253672525,0.0005126651709702735,0.003523418685973796,0.008263149266573927,0.001761709342986898,-0.0845953162427964,0.0,16.0,16.0,False,False,False,0.0,0.0,0.0,0.0,2023-2024,0.0
2024-06-07,5367.25,5356.0,5365.5,0.0003261046824920159,-0.002098245238611132,0.0033126313016510396,0.007768809031874219,0.0016563156508255198,0.041976148616095325,0.0,17.0,17.0,False,False,False,0.0,0.0,0.0,0.0,2023-2024,0.0
2024-06-10,5365.5,5372.75,5356.0,0.0017721405561188968,0.0013503133381332004,0.0024536822185463134,0.005754394873734072,0.0012268411092731567,0.3079629735192192,0.0,23.0,23.0,False,False,False,0.0,0.0,0.0,0.0,2023-2024,0.0
2024-06-11,5376.5,5384.0,5372.75,0.0006977231252656133,0.0013939874939826653,0.0022052269427509474,0.005171715603133142,0.0011026134713754737,0.13491134834307536,0.0,26.0,26.0,False,False,False,0.0,0.0,0.0,0.0,2023-2024,0.0
2024-06-12,5438.5,5426.5,5384.0,0.010071695209341192,-0.0022089286478353576,0.002565703158506745,0.006017107264844394,0.0012828515792533725,1.6738433878661547,1.0,22.0,22.0,False,False,True,-1320.0,55.0,22.0,-1397.0,2023-2024,-1452.0
2024-06-13,5437.5,5436.5,5426.5,0.0020250375108699986,-0.00018392495913537363,0.0025528361700353094,0.00598693150209045,0.0012764180850176547,0.3382429730760939,0.0,22.0,22.0,False,False,False,0.0,0.0,0.0,0.0,2023-2024,0.0
2024-06-14,5430.75,5437.5,5436.5,-0.00105822550076429,0.0012421504598998112,0.002689279628088161,0.006306919775078401,0.0013446398140440805,-0.16778800722118511,0.0,21.0,21.0,False,False,False,0.0,0.0,0.0,0.0,2023-2024,0.0
2024-06-17,5487.0,5479.75,5437.5,0.009062261662035855,-0.0013221785955142157,0.0029800644333371333,0.006988870591706884,0.0014900322166685666,1.2966704051995601,1.0,18.0,18.0,False,False,True,-652.5,45.0,18.0,-715.5,2023-2024,-760.5
2024-06-21,5532.25,5530.0,5545.0,-0.0023020164084919786,-0.00040678885959495093,0.0030297132094236814,0.007105307292613029,0.0015148566047118407,-0.3239854820755254,0.0,18.0,18.0,False,False,False,0.0,0.0,0.0,0.0,2023-2024,0.0
2024-06-24,5530.5,5514.75,5530.0,9.041182592837991e-05,-0.0028519065978675068,0.003132002056249314,0.007345195902215585,0.001566001028124657,0.012308974073939721,0.0,17.0,17.0,False,False,False,0.0,0.0,0.0,0.0,2023-2024,0.0
2024-06-25,5531.5,5535.25,5514.75,0.00303270573052416,0.0006777057661059856,0.00159468269137353,0.003739862413768024,0.000797341345686765,0.8109137168681608,1.0,34.0,34.0,False,False,True,637.5,85.0,34.0,518.5,2023-2024,433.5
2024-06-26,5532.0,5541.75,5535.25,-0.0005873184564227148,0.0017609215522178172,0.0017053329858764655,0.00399936035635086,0.0008526664929382327,-0.14685309751847478,0.0,32.0,32.0,False,False,False,0.0,0.0,0.0,0.0,2023-2024,0.0
2024-06-27,5537.25,5548.0,5541.75,-0.0008123477294820321,0.0019395148273374724,0.0014703356031252886,0.0034482426425641705,0.0007351678015626443,-0.23558311107653285,0.0,37.0,37.0,False,False,False,0.0,0.0,0.0,0.0,2023-2024,0.0
2024-06-28,5532.5,5523.5,5548.0,-0.0027977095095174636,-0.001628075612874921,0.0016200343368170606,0.0037993172924309197,0.0008100171684085303,-0.7363716410553863,-1.0,34.0,34.0,False,False,True,1530.0,85.0,34.0,1411.0,2023-2024,1326.0
