date,P15,P16,P_prev16,r_sofar,r_trade,sigma_4h,sigma_day,sigma_1h,z,dir,contracts_raw,contracts,cap_bound,rounded_to_zero,is_trade,gross,slippage,fees,net,test_year
2013-07-01,1613.75,1609.0,1597.25,0.010277262678399627,-0.002947795168468996,0.004064453289470415,0.009531987881999106,0.0020322266447352073,1.0781867125332745,1.0,46.0,40.0,True,False,True,-950.0,100.0,40.0,-1090.0,2013-2014
2013-07-05,1622.25,1625.25,1606.75,0.009600569249882293,0.0018475755833003565,0.0039484042412316935,0.009259828739613403,0.0019742021206158467,1.0367977119070473,1.0,47.0,40.0,True,False,True,600.0,100.0,40.0,460.0,2013-2014
2013-07-09,1646.0,1646.25,1634.25,0.007164118744176068,0.000151871820475743,0.002938610884390457,0.006891653402066833,0.0014693054421952285,1.0395355549986773,1.0,63.0,40.0,True,False,True,50.0,100.0,40.0,-90.0,2013-2014
2013-07-11,1668.25,1669.75,1646.75,0.012971524262913545,0.000898741822029424,0.0028949373739236887,0.0067892299411767615,0.0014474686869618443,1.9106031722745305,1.0,63.0,40.0,True,False,True,300.0,100.0,40.0,160.0,2013-2014
2013-07-18,1686.0,1684.75,1675.0,0.006545694302634002,-0.0007416747354744272,0.001776708389320164,0.0041667505149389,0.000888354194660082,1.5709350197872325,1.0,101.0,40.0,True,False,True,-250.0,100.0,40.0,-390.0,2013-2014
2013-07-24,1680.75,1681.0,1688.25,-0.004452367105805261,0.00014873205946949,0.0018487022767516952,0.0043355911470488034,0.0009243511383758476,-1.0269342645087616,-1.0,97.0,40.0,True,False,True,-50.0,100.0,40.0,-190.0,2013-2014
2013-07-31,1694.0,1681.75,1681.25,0.007555031861850451,-0.007257678306284528,0.0022522621844449533,0.0052820230225874764,0.0011261310922224767,1.4303292184723397,1.0,79.0,40.0,True,False,True,-2450.0,100.0,40.0,-2590.0,2013-2014
2013-08-01,1701.5,1702.0,1681.75,0.0116752970352452,0.00029381519235897077,0.0018364580004315832,0.004306875773739061,0.0009182290002157916,2.7108506603405385,1.0,97.0,40.0,True,False,True,100.0,100.0,40.0,-40.0,2013-2014
2013-08-06,1692.5,1693.0,1702.5,-0.005891033237237419,0.0002953773467053666,0.0015278742815635158,0.0035831828046372074,0.0007639371407817579,-1.6440783399645384,-1.0,117.0,40.0,True,False,True,-100.0,100.0,40.0,-240.0,2013-2014
2013-08-08,1695.5,1693.0,1687.5,0.004729538819008386,-0.0014755794325580294,0.001409940191769004,0.0033066028479409025,0.000704970095884502,1.4303316837562088,1.0,126.0,40.0,True,False,True,-500.0,100.0,40.0,-640.0,2013-2014
2013-08-15,1660.0,1658.25,1682.75,-0.013611757540233527,-0.00105477294492354,0.002986923897701108,0.007004957461585252,0.001493461948850554,-1.9431606280094567,-1.0,61.0,40.0,True,False,True,350.0,100.0,40.0,210.0,2013-2014
2013-08-20,1653.75,1650.5,1642.5,0.006825965070399891,-0.001967164135917719,0.0028564098389125343,0.006698874862475028,0.0014282049194562672,1.0189718737152087,1.0,64.0,40.0,True,False,True,-650.0,100.0,40.0,-790.0,2013-2014
2013-08-22,1652.5,1654.25,1640.25,0.007440623500854401,0.0010584411663275193,0.002735510502591298,0.006415340786258368,0.001367755251295649,1.1598173423292157,1.0,67.0,40.0,True,False,True,350.0,100.0,40.0,210.0,2013-2014
2013-08-27,1631.25,1627.5,1654.25,-0.014001141821165373,-0.0023014969882792745,0.0025920192944332626,0.006078824074188091,0.0012960096472166313,-2.3032648502885675,-1.0,72.0,40.0,True,False,True,750.0,100.0,40.0,610.0,2013-2014
2013-09-04,1652.75,1651.75,1638.0,0.00896458180067274,-0.0006052353036924275,0.003463243163236113,0.008122025156471705,0.0017316215816180565,1.103737261085639,1.0,53.0,40.0,True,False,True,-200.0,100.0,40.0,-340.0,2013-2014
2013-09-09,1669.75,1670.5,1653.75,0.009628478176579962,0.00044906819106582533,0.0037674559921965054,0.008835467480119853,0.0018837279960982527,1.0897531113372794,1.0,48.0,40.0,True,False,True,150.0,100.0,40.0,10.0,2013-2014
2013-09-18,1722.5,1718.75,1698.0,0.014325636016521112,-0.00217944147293216,0.0018095472397852605,0.004243764445816887,0.0009047736198926303,3.37569066318985,1.0,97.0,40.0,True,False,True,-750.0,100.0,40.0,-890.0,2013-2014
2013-09-27,1683.0,1684.75,1692.25,-0.00548108919791106,0.0010392696355203872,0.0020469206362394095,0.004800454405662564,0.0010234603181197047,-1.1417854925245463,-1.0,88.0,40.0,True,False,True,-350.0,100.0,40.0,-490.0,2013-2014
2013-10-03,1673.75,1671.75,1687.0,-0.00788518554058601,-0.001195636071294294,0.0027392139505024366,0.006424026141482413,0.0013696069752512183,-1.227452281003081,-1.0,66.0,40.0,True,False,True,400.0,100.0,40.0,260.0,2013-2014
2013-10-04,1685.0,1683.75,1671.75,0.007894581852374266,-0.0007421150618884122,0.0029625770115927685,0.006947858952432661,0.0014812885057963843,1.1362610994873648,1.0,61.0,40.0,True,False,True,-250.0,100.0,40.0,-390.0,2013-2014
2013-10-08,1653.75,1649.75,1669.25,-0.00932898730881275,-0.002421675165634448,0.003237960889891097,0.007593691393818549,0.0016189804449455484,-1.2285180981158617,-1.0,56.0,40.0,True,False,True,800.0,100.0,40.0,660.0,2013-2014
2013-10-10,1679.0,1686.5,1650.75,0.01696864800286013,0.004456997424164113,0.003664422019641526,0.008593831395785307,0.001832211009820763,1.9745148841507532,1.0,49.0,40.0,True,False,True,1500.0,100.0,40.0,1360.0,2013-2014
2013-10-16,1711.5,1716.0,1691.75,0.011606682857905188,0.0026258220776675858,0.0031737206092479976,0.0074430345814466125,0.0015868603046239988,1.5594019792461233,1.0,56.0,40.0,True,False,True,900.0,100.0,40.0,760.0,2013-2014
2013-10-22,1750.0,1749.5,1739.0,0.006305552563276647,-0.0002857551098170689,0.0025225728175381026,0.005915957649341455,0.0012612864087690513,1.0658549193601075,1.0,68.0,40.0,True,False,True,-100.0,100.0,40.0,-240.0,2013-2014
2013-10-29,1765.25,1767.5,1757.5,0.0043999787116362574,0.001273795374271625,0.001774357477861187,0.004161237138860332,0.0008871787389305935,1.0573727391179901,1.0,97.0,40.0,True,False,True,450.0,100.0,40.0,310.0,2013-2014
2013-10-30,1757.75,1758.5,1767.5,-0.0055315366914570644,0.0004265908347664221,0.0018969190595853798,0.004448669526094353,0.0009484595297926899,-1.243413712574285,-1.0,91.0,40.0,True,False,True,-150.0,100.0,40.0,-290.0,2013-2014
2013-11-07,1750.25,1744.5,1766.5,-0.009241552941892899,-0.0032906532304781966,0.0022859221896922534,0.005360962732131314,0.0011429610948461267,-1.7238606951141422,-1.0,76.0,40.0,True,False,True,1150.0,100.0,40.0,1010.0,2013-2014
2013-11-08,1761.75,1767.5,1744.5,0.009839651580302993,0.0032584855635958685,0.002891282928384088,0.006780659506700582,0.001445641464192044,1.4511348889557931,1.0,59.0,40.0,True,False,True,1150.0,100.0,40.0,1010.0,2013-2014
2013-11-21,1793.75,1793.75,1779.5,0.007975974557683913,0.0,0.0019439735849854857,0.004559022169848187,0.0009719867924927429,1.7494923824749702,1.0,87.0,40.0,True,False,True,0.0,100.0,40.0,-140.0,2013-2014
2013-12-03,1792.0,1793.25,1799.75,-0.004315451814536462,0.0006973014716680862,0.0017790650505293843,0.004172277375377045,0.0008895325252646922,-1.034315656960961,-1.0,95.0,40.0,True,False,True,-250.0,100.0,40.0,-390.0,2013-2014
2013-12-06,1804.0,1804.0,1784.25,0.011008262771392259,0.0,0.002361258424495813,0.005537641863635501,0.0011806292122479064,1.98789720290168,1.0,71.0,40.0,True,False,True,0.0,100.0,40.0,-140.0,2013-2014
2013-12-11,1786.75,1781.0,1802.5,-0.00877626305901585,-0.0032233228104266414,0.0020973291418547257,0.004918672830246177,0.0010486645709273628,-1.784274612665507,-1.0,81.0,40.0,True,False,True,1150.0,100.0,40.0,1010.0,2013-2014
2013-12-18,1793.25,1805.25,1774.25,0.010651817601451457,0.0066694703247472,0.0027592393886168003,0.006470989956746903,0.0013796196943084002,1.6460877968672263,1.0,61.0,40.0,True,False,True,2400.0,100.0,40.0,2260.0,2013-2014
2014-01-02,1824.5,1826.25,1842.75,-0.009953044192895806,0.0009587071884068886,0.0019481736576883405,0.0045688722134471236,0.0009740868288441703,-2.178446611748511,-1.0,85.0,40.0,True,False,True,-350.0,100.0,40.0,-490.0,2013-2014
2014-01-07,1831.75,1831.25,1820.75,0.006023289942048643,-0.0002730002746957949,0.0021987867916936268,0.005156612110125692,0.0010993933958468134,1.1680711702594644,1.0,75.0,40.0,True,False,True,-100.0,100.0,40.0,-240.0,2013-2014
2014-01-13,1817.25,1813.5,1837.25,-0.010945519044235763,-0.002065689641787725,0.002171199921749307,0.0050919151653501735,0.0010855999608746535,-2.1495878640552792,-1.0,77.0,40.0,True,False,True,750.0,100.0,40.0,610.0,2013-2014
2014-01-14,1831.0,1833.25,1813.5,0.009603585951553636,0.0012280822993981015,0.0025370742233869585,0.005949966460607989,0.0012685371116934793,1.6140571573192206,1.0,65.0,40.0,True,False,True,450.0,100.0,40.0,310.0,2013-2014
2014-01-15,1844.25,1843.0,1833.25,0.005982342790502726,-0.0006780120945883597,0.0025328240054405503,0.005939998815988731,0.0012664120027202751,1.0071286166589828,1.0,65.0,40.0,True,False,True,-250.0,100.0,40.0,-390.0,2013-2014
2014-01-23,1820.0,1823.5,1839.5,-0.01065729447398798,0.0019212301778938723,0.002011647458323651,0.004717731470864999,0.0010058237291618254,-2.258987087290485,-1.0,83.0,40.0,True,False,True,-700.0,100.0,40.0,-840.0,2013-2014
2014-01-24,1792.25,1784.75,1823.5,-0.0172859175157533,-0.004193464350411698,0.002833358156365246,0.006644813874919904,0.001416679078182623,-2.6014148539204434,-1.0,60.0,40.0,True,False,True,1500.0,100.0,40.0,1360.0,2013-2014
2014-01-29,1768.0,1768.75,1786.0,-0.010129518238855603,0.00042411819395911995,0.0038774069326460627,0.009093325292065859,0.0019387034663230314,-1.1139509380241623,-1.0,44.0,40.0,True,False,True,-150.0,100.0,40.0,-290.0,2013-2014
2014-01-30,1789.25,1788.75,1768.75,0.0115234552271591,-0.0002794857480461962,0.0039707915021496235,0.009312331520327772,0.0019853957510748118,1.2374403984657005,1.0,43.0,40.0,True,False,True,-100.0,100.0,40.0,-240.0,2013-2014
2014-02-03,1735.75,1737.0,1776.25,-0.023064803777927592,0.000719890607722258,0.004844827670848759,0.01136212803048883,0.0024224138354243794,-2.0299721773981174,-1.0,36.0,36.0,False,False,True,-225.0,90.0,36.0,-351.0,2013-2014
2014-02-06,1767.75,1769.25,1746.25,0.012236919913178617,0.0008481764715439223,0.004506564395474108,0.01056883033159545,0.002253282197737054,1.157831049344829,1.0,38.0,38.0,False,False,True,285.0,95.0,38.0,152.0,2013-2014
2014-02-07,1789.25,1791.75,1769.25,0.01124080966281287,0.001396258255321745,0.0043148406471595615,0.010119198286281966,0.0021574203235797808,1.1108399445093797,1.0,39.0,39.0,False,False,True,487.5,97.5,39.0,351.0,2013-2014
2014-02-11,1816.75,1814.5,1795.0,0.012044168574366024,-0.00123924284362027,0.0025421048786808424,0.005961764393044326,0.0012710524393404212,2.0202355846900164,1.0,65.0,40.0,True,False,True,-450.0,100.0,40.0,-590.0,2013-2014
2014-02-14,1838.0,1835.25,1825.5,0.006824101819940811,-0.0014973119247415894,0.002685203870084851,0.006297361275292426,0.0013426019350424256,1.083644644418773,1.0,61.0,40.0,True,False,True,-550.0,100.0,40.0,-690.0,2013-2014
2014-02-20,1838.25,1836.5,1825.25,0.007097068140136527,-0.000952445816609681,0.002902116347004866,0.006806066125416412,0.001451058173502433,1.042756272031123,1.0,57.0,40.0,True,False,True,-350.0,100.0,40.0,-490.0,2013-2014
2014-02-24,1852.5,1844.75,1834.0,0.010036704353831775,-0.004192311231765889,0.0026646965741608394,0.006249267403295752,0.0013323482870804197,1.6060609518067024,1.0,61.0,40.0,True,False,True,-1550.0,100.0,40.0,-1690.0,2013-2014
2014-03-03,1844.25,1844.0,1858.25,-0.0075624938409911925,-0.00013556564787254615,0.0031128358638611545,0.00730024719679897,0.0015564179319305772,-1.0359229813898923,-1.0,53.0,40.0,True,False,True,50.0,100.0,40.0,-90.0,2013-2014
2014-03-04,1871.25,1871.75,1844.0,0.014669531617298935,0.0002671653769564969,0.003194192998881492,0.007491046590935707,0.001597096499440746,1.9582753142997824,1.0,51.0,40.0,True,False,True,100.0,100.0,40.0,-40.0,2013-2014
2014-03-11,1866.75,1867.0,1877.0,-0.005475806670697697,0.0001339136259116174,0.0015756378263358975,0.003695198246209913,0.0007878189131679487,-1.4818708783254366,-1.0,103.0,40.0,True,False,True,-50.0,100.0,40.0,-190.0,2013-2014
2014-03-13,1846.25,1847.0,1867.5,-0.011444083161382845,0.0004061463536503297,0.002689040349946955,0.006306358618096154,0.0013445201749734774,-1.8146895624590622,-1.0,61.0,40.0,True,False,True,-150.0,100.0,40.0,-290.0,2013-2014
2014-03-31,1865.75,1865.0,1849.25,0.008882965543519727,-0.00040206393358093427,0.002394034472520144,0.005614508509734527,0.001197017236260072,1.582144817862204,1.0,68.0,40.0,True,False,True,-150.0,100.0,40.0,-290.0,2013-2014
2014-04-04,1860.75,1859.0,1881.25,-0.01095681725716582,-0.0009409235185760596,0.0026381255435081095,0.006186952812831594,0.0013190627717540547,-1.7709553618126261,-1.0,62.0,40.0,True,False,True,350.0,100.0,40.0,210.0,2013-2014
2014-04-07,1842.0,1838.25,1859.0,-0.009186770906191868,-0.002037905738920452,0.0030310783913420005,0.007108508928005384,0.0015155391956710002,-1.2923625755042325,-1.0,54.0,40.0,True,False,True,750.0,100.0,40.0,610.0,2013-2014
2014-04-09,1860.75,1866.0,1845.75,0.008093933300745171,0.0028174701672691593,0.003154822523284271,0.007398714641329232,0.0015774112616421354,1.0939647889016353,1.0,52.0,40.0,True,False,True,1050.0,100.0,40.0,910.0,2013-2014
2014-04-10,1832.25,1825.75,1866.0,-0.01825238260132961,-0.0035538583057403554,0.004111654472319965,0.009642684467959024,0.0020558272361599823,-1.8928735729120998,-1.0,40.0,40.0,False,False,True,1300.0,100.0,40.0,1160.0,2013-2014
2014-04-25,1855.75,1857.75,1873.0,-0.009252496446432229,0.0010771510399222664,0.002164848458048557,0.005077019662630201,0.0010824242290242785,-1.8224267505867566,-1.0,75.0,40.0,True,False,True,-400.0,100.0,40.0,-540.0,2013-2014
2014-05-06,1863.75,1862.5,1878.5,-0.00788299893507543,-0.0006709158252336343,0.001907631981724501,0.004473793555511901,0.0009538159908622505,-1.7620390474574417,-1.0,85.0,40.0,True,False,True,250.0,100.0,40.0,110.0,2013-2014
2014-05-12,1891.5,1892.0,1874.5,0.009028207897117172,0.0002643055387396453,0.0022299795488810023,0.0052297656100776975,0.0011149897744405011,1.7263121467088163,1.0,72.0,40.0,True,False,True,100.0,100.0,40.0,-40.0,2013-2014
2014-05-15,1867.75,1868.25,1885.0,-0.009193323026200486,0.0002676659544888772,0.0021650446359125215,0.005077479740502635,0.0010825223179562608,-1.8106075250022389,-1.0,75.0,40.0,True,False,True,-100.0,100.0,40.0,-240.0,2013-2014
2014-05-20,1866.75,1869.25,1881.75,-0.008003243998830338,0.00133832996421376,0.002424797398701069,0.0056866539666231754,0.0012123986993505345,-1.4073731311600783,-1.0,67.0,40.0,True,False,True,-500.0,100.0,40.0,-640.0,2013-2014
2014-05-21,1883.75,1885.0,1869.25,0.0077271900606803055,0.0006633499414059723,0.002594297607824082,0.006084167192705149,0.001297148803912041,1.2700489345436008,1.0,62.0,40.0,True,False,True,250.0,100.0,40.0,110.0,2013-2014
2014-05-29,1916.0,1917.75,1907.5,0.004446195372193776,0.0009129443085998862,0.000989491793055286,0.0023205639501812287,0.000494745896527643,1.9159977779739885,1.0,159.0,40.0,True,False,True,350.0,100.0,40.0,210.0,2013-2014
2014-06-05,1938.0,1938.5,1925.5,0.0064708391957479724,0.00025796466027220563,0.0015052027421308082,0.0035300133317098924,0.0007526013710654041,1.8330919992910004,1.0,104.0,40.0,True,False,True,100.0,100.0,40.0,-40.0,2013-2014
2014-06-06,1946.25,1948.0,1938.5,0.003989966037224303,0.0008987610542723914,0.0014770480761643115,0.0034639847872289823,0.0007385240380821558,1.1518428290835767,1.0,105.0,40.0,True,False,True,350.0,100.0,40.0,210.0,2013-2014
2014-06-11,1941.5,1943.5,1950.25,-0.004496699296700523,0.0010296011205557889,0.0014665578142172414,0.003439382942248375,0.0007332789071086207,-1.3074145485413629,-1.0,106.0,40.0,True,False,True,-400.0,100.0,40.0,-540.0,2013-2014
2014-07-01,1968.25,1965.75,1952.0,0.008290335091538722,-0.0012709711929511324,0.0018616400977217212,0.004365933026736595,0.0009308200488608606,1.8988690483269965,1.0,83.0,40.0,True,False,True,-500.0,100.0,40.0,-640.0,2014-2015
2014-07-08,1957.75,1958.0,1970.25,-0.0063645836027118605,0.00012768945940853522,0.0016230069853566719,0.0038062887712102243,0.0008115034926783359,-1.6721231586136898,-1.0,95.0,40.0,True,False,True,-50.0,100.0,40.0,-190.0,2014-2015
2014-07-09,1965.75,1966.75,1958.0,0.003950307781169779,0.0005085823377264302,0.001482138764864569,0.0034759235104830036,0.0007410693824322845,1.136477189229304,1.0,104.0,40.0,True,False,True,200.0,100.0,40.0,60.0,2014-2015
2014-07-10,1957.5,1958.75,1966.75,-0.004714285344393675,0.0006383658052724966,0.0019082869218591623,0.004475329526276578,0.0009541434609295811,-1.053394016399035,-1.0,81.0,40.0,True,False,True,-250.0,100.0,40.0,-390.0,2014-2015
2014-07-14,1972.5,1971.25,1961.25,0.005719748672786909,-0.0006339144427811923,0.001765056064935403,0.004139423391972471,0.0008825280324677015,1.3817742548102574,1.0,87.0,40.0,True,False,True,-250.0,100.0,40.0,-390.0,2014-2015
2014-07-16,1974.25,1974.75,1968.0,0.0031707807654916217,0.0002532286668380469,0.0017299878677612432,0.004057181179625333,0.0008649939338806216,0.7815230883488503,1.0,89.0,40.0,True,False,True,100.0,100.0,40.0,-40.0,2014-2015
2014-07-17,1962.0,1952.0,1974.75,-0.006477446919220113,-0.005109873152270591,0.0018980538770157701,0.004451330908874365,0.0009490269385078851,-1.455170835829436,-1.0,81.0,40.0,True,False,True,2000.0,100.0,40.0,1860.0,2014-2015
2014-07-18,1971.25,1972.0,1952.0,0.009813371304210318,0.0003803968853325053,0.0022668481407971557,0.00531623012236071,0.0011334240703985779,1.8459267334824514,1.0,68.0,40.0,True,False,True,150.0,100.0,40.0,10.0,2014-2015
2014-07-22,1977.0,1976.75,1968.25,0.004435721106040324,-0.00012646221958047133,0.0022748201694094855,0.005334926186681227,0.0011374100847047427,0.8314493867064571,1.0,67.0,40.0,True,False,True,-50.0,100.0,40.0,-190.0,2014-2015
2014-07-25,1972.25,1972.25,1981.5,-0.0046791106552906995,0.0,0.001981181206289035,0.004646281776522042,0.0009905906031445176,-1.0070656237283204,-1.0,77.0,40.0,True,False,True,-0.0,100.0,40.0,-140.0,2014-2015
2014-07-31,1929.75,1925.0,1965.25,-0.018229002843902647,-0.0024644931080786132,0.0022174518101714057,0.005200385458538477,0.0011087259050857029,-3.5053176325559816,-1.0,71.0,40.0,True,False,True,950.0,100.0,40.0,810.0,2014-2015
2014-08-04,1932.75,1933.5,1919.75,0.006748889989931265,0.0003879728467675616,0.0026743276781575655,0.006271854344281123,0.0013371638390787827,1.0760597455655387,1.0,58.0,40.0,True,False,True,150.0,100.0,40.0,10.0,2014-2015
2014-08-05,1911.75,1914.25,1933.5,-0.011312779123017268,0.0013068480688982456,0.002739481767851642,0.006424654228840146,0.001369740883925821,-1.7608385945868381,-1.0,58.0,40.0,True,False,True,-500.0,100.0,40.0,-640.0,2014-2015
2014-08-07,1904.75,1904.5,1915.25,-0.005497396043811274,-0.00013125943446028627,0.002778148651554201,0.006515336109191017,0.0013890743257771005,-0.8437624631607629,-1.0,57.0,40.0,True,False,True,50.0,100.0,40.0,-90.0,2014-2015
2014-08-08,1922.25,1926.75,1904.5,0.00927686799363141,0.0023382707458125345,0.0031316166437198537,0.007344292029714478,0.0015658083218599269,1.2631398582869346,1.0,50.0,40.0,True,False,True,900.0,100.0,40.0,760.0,2014-2015
2014-08-13,1941.75,1943.5,1929.5,0.006328726322083202,0.0009008429925212448,0.003124545115568163,0.007327707826170116,0.0015622725577840815,0.8636706692208497,1.0,50.0,40.0,True,False,True,350.0,100.0,40.0,210.0,2014-2015
2014-08-18,1966.75,1968.0,1951.5,0.0077841265886822875,0.0006353644028469215,0.002577544576086858,0.0060448778506626,0.001288772288043429,1.2877227267427815,1.0,60.0,40.0,True,False,True,250.0,100.0,40.0,110.0,2014-2015
2014-08-19,1979.25,1978.0,1968.0,0.0057001864393443165,-0.0006317518688856652,0.002414045669723189,0.005661438927101576,0.0012070228348615944,1.0068441102591879,1.0,63.0,40.0,True,False,True,-250.0,100.0,40.0,-390.0,2014-2015
2014-08-25,1995.75,1996.0,1986.25,0.0047714806749824985,0.00012525834550111415,0.0018333829525149017,0.004299664147133753,0.0009166914762574509,1.1097333446760647,1.0,83.0,40.0,True,False,True,50.0,100.0,40.0,-90.0,2014-2015
2014-09-05,2002.75,2005.5,1996.25,0.003250815566004003,0.0013721701148813959,0.001466039445360034,0.0034381672595197514,0.000733019722680017,0.9455082666507859,1.0,103.0,40.0,True,False,True,550.0,100.0,40.0,410.0,2014-2015
2014-09-08,1997.75,2000.25,2005.5,-0.0038718589555353966,0.0012506254756611847,0.0015735276624287318,0.0036902494731869224,0.0007867638312143659,-1.049213334672367,-1.0,96.0,40.0,True,False,True,-500.0,100.0,40.0,-640.0,2014-2015
2014-09-09,1991.5,1987.5,2000.25,-0.00438404910853443,-0.002010556093211921,0.0017193946526735593,0.0040323378881280975,0.0008596973263367796,-1.0872226559787639,-1.0,88.0,40.0,True,False,True,800.0,100.0,40.0,660.0,2014-2015
2014-09-12,1980.5,1985.5,1996.75,-0.008171520735526972,0.0025214335093347784,0.002053987856939043,0.0048170285073364195,0.0010269939284695215,-1.6963820585827138,-1.0,74.0,40.0,True,False,True,-1000.0,100.0,40.0,-1140.0,2014-2015
2014-09-16,1992.5,1991.25,1975.5,0.008568600812924721,-0.0006275494401118012,0.0024481187550305355,0.005741347395257269,0.0012240593775152677,1.492437266555748,1.0,62.0,40.0,True,False,True,-250.0,100.0,40.0,-390.0,2014-2015
2014-09-22,1985.5,1986.75,2002.5,-0.00852562837120813,0.0006293662489826875,0.002375626429711501,0.005571337822685945,0.0011878132148557504,-1.53026591503617,-1.0,64.0,40.0,True,False,True,-250.0,100.0,40.0,-390.0,2014-2015
2014-09-26,1976.75,1974.75,1986.75,-0.005046055869252361,-0.0010122739065079132,0.0027370146832851583,0.00641886840267442,0.0013685073416425792,-0.7861285748045439,-1.0,56.0,40.0,True,False,True,400.0,100.0,40.0,260.0,2014-2015
2014-10-01,1937.0,1938.0,1965.25,-0.01447907926687004,0.0005161290437156547,0.002894271381485849,0.006787668050463578,0.0014471356907429244,-2.1331448679021894,-1.0,54.0,40.0,True,False,True,-200.0,100.0,40.0,-340.0,2014-2015
2014-10-03,1962.75,1960.25,1938.5,0.01243207296738103,-0.0012745349673335888,0.0028060434631961197,0.006580755241262298,0.0014030217315980599,1.889155957272216,1.0,55.0,40.0,True,False,True,-500.0,100.0,40.0,-640.0,2014-2015
2014-10-07,1937.75,1927.0,1957.5,-0.010140642703337336,-0.00556311674725437,0.0027342482366876325,0.006412380510314547,0.0013671241183438162,-1.581416244252153,-1.0,57.0,40.0,True,False,True,2150.0,100.0,40.0,2010.0,2014-2015
2014-10-08,1951.0,1961.25,1927.0,0.012377672208744785,0.005239963424131095,0.0030534647043879985,0.007161009485763029,0.0015267323521939993,1.7284814708531144,1.0,51.0,40.0,True,False,True,2050.0,100.0,40.0,1910.0,2014-2015
2014-10-09,1922.5,1921.25,1961.25,-0.019955602667443357,-0.0006504065269934672,0.0039458307378634,0.009253793339235102,0.0019729153689317,-2.156478098860682,-1.0,40.0,40.0,False,False,True,250.0,100.0,40.0,110.0,2014-2015
2014-10-15,1841.25,1857.5,1872.0,-0.016562689260697327,0.00878680881507416,0.005232230103790693,0.012270667268921223,0.0026161150518953465,-1.3497790216060057,-1.0,31.0,31.0,False,False,True,-2518.75,77.5,31.0,-2627.25,2014-2015
2014-10-17,1878.0,1879.5,1856.5,0.01151438615107334,0.0007984032360245593,0.006163448781132283,0.014454568648943684,0.0030817243905661416,0.7965914743443272,1.0,26.0,26.0,False,False,True,195.0,65.0,26.0,104.0,2014-2015
2014-10-21,1929.75,1934.5,1897.5,0.016853230560178154,0.0024584343106044924,0.006454345175592141,0.015136781165468849,0.0032271725877960704,1.1133959311392436,1.0,24.0,24.0,False,False,True,570.0,60.0,24.0,486.0,2014-2015
2014-10-23,1948.75,1944.0,1921.0,0.014342257603429567,-0.0024404353516018803,0.005969661403992062,0.014000096965047016,0.002984830701996031,1.0244398763263425,1.0,26.0,26.0,False,False,True,-617.5,65.0,26.0,-708.5,2014-2015
2014-10-31,2006.5,2011.0,1989.0,0.008759910852999186,0.0022402000656806488,0.0035529708817059425,0.00833245530887365,0.0017764854408529713,1.051300070421058,1.0,42.0,40.0,True,False,True,900.0,100.0,40.0,760.0,2014-2015
2014-11-05,2017.25,2018.25,2005.75,0.005717142094850518,0.0004956015465090064,0.0027834645994708664,0.006527803112134381,0.0013917322997354332,0.8758141133612096,1.0,54.0,40.0,True,False,True,200.0,100.0,40.0,60.0,2014-2015
2014-11-18,2052.25,2050.25,2038.75,0.006599877293151885,-0.0009750153118549771,0.0017801461915333324,0.0041748128757788,0.0008900730957666662,1.5808797877966436,1.0,83.0,40.0,True,False,True,-400.0,100.0,40.0,-540.0,2014-2015
2014-11-21,2059.0,2061.75,2051.0,0.003892948955408864,0.0013347086856753464,0.0019299591673074123,0.004526155447077195,0.0009649795836537061,0.8601005866740105,1.0,76.0,40.0,True,False,True,550.0,100.0,40.0,410.0,2014-2015
2014-12-02,2067.5,2065.5,2052.75,0.007159790308948139,-0.0009678200610271332,0.001879682703003832,0.0044082466868183385,0.000939841351501916,1.6241809539283594,1.0,78.0,40.0,True,False,True,-400.0,100.0,40.0,-540.0,2014-2015
2014-12-08,2060.75,2060.75,2074.75,-0.006770670285220445,0.0,0.0018341081574485228,0.004301364903458632,0.0009170540787242614,-1.5740748430286162,-1.0,80.0,40.0,True,False,True,-0.0,100.0,40.0,-140.0,2014-2015
2014-12-10,2024.75,2026.0,2059.25,-0.016895602692258857,0.0006171696795294844,0.0022779551563967167,0.005342278382867102,0.0011389775781983583,-3.162621166737346,-1.0,66.0,40.0,True,False,True,-250.0,100.0,40.0,-390.0,2014-2015
2014-12-11,2036.5,2036.0,2026.0,0.005169242279838654,-0.0002455494180539527,0.00254379373647296,0.00596572511564645,0.00127189686823648,0.8664901884736792,1.0,58.0,40.0,True,False,True,-100.0,100.0,40.0,-240.0,2014-2015
2014-12-12,2019.5,2002.5,2036.0,-0.008137142666945789,-0.008453556060953262,0.002962861846202344,0.006948526948803509,0.001481430923101172,-1.171060100493235,-1.0,51.0,40.0,True,False,True,3400.0,100.0,40.0,3260.0,2014-2015
2014-12-17,1992.0,2006.75,1966.5,0.012883846272679387,0.007377338867142728,0.004084887215203231,0.009579909685645238,0.0020424436076016154,1.344881809479357,1.0,37.0,37.0,False,False,True,2728.75,92.5,37.0,2599.25,2014-2015
2014-12-18,2042.25,2056.5,2006.75,0.017535643210292457,0.006953367448500186,0.004556844806123676,0.010686748346856016,0.002278422403061838,1.6408773409033581,1.0,32.0,32.0,False,False,True,2280.0,80.0,32.0,2168.0,2014-2015
2015-01-02,2047.75,2050.5,2073.75,-0.012616933108942786,0.0013420364364025207,0.0034925735937414984,0.008190811113214139,0.0017462867968707492,-1.5403765188270593,-1.0,42.0,40.0,True,False,True,-550.0,100.0,40.0,-690.0,2014-2015
2015-01-05,2010.5,2014.25,2050.5,-0.019700218494785215,0.0018634703199765347,0.003320100227507267,0.007786325215646719,0.0016600501137536334,-2.5301047604841083,-1.0,45.0,40.0,True,False,True,-750.0,100.0,40.0,-890.0,2014-2015
2015-01-06,2002.0,1994.75,2014.25,-0.006100236782139465,-0.003627951686775515,0.002976164426178879,0.006979724264187634,0.0014880822130894395,-0.8739939503683916,-1.0,51.0,40.0,True,False,True,1450.0,100.0,40.0,1310.0,2014-2015
2015-01-07,2015.0,2019.5,1994.75,0.010100466192393064,0.0022307606226840996,0.0027723056851560036,0.006501633138351905,0.0013861528425780018,1.55352754876499,1.0,54.0,40.0,True,False,True,900.0,100.0,40.0,760.0,2014-2015
2015-01-08,2056.0,2056.0,2019.5,0.01791239157158827,0.0,0.003017553741136399,0.0070767908117701575,0.0015087768705681994,2.5311461152414285,1.0,49.0,40.0,True,False,True,0.0,100.0,40.0,-140.0,2014-2015
2015-01-09,2041.25,2038.0,2056.0,-0.007199982290380833,-0.001593430502004714,0.0030328382009441445,0.007112636047351476,0.0015164191004720723,-1.0122804319591021,-1.0,49.0,40.0,True,False,True,650.0,100.0,40.0,510.0,2014-2015
2015-01-12,2020.5,2022.0,2038.0,-0.008623929264141792,0.0007421150618882715,0.003544403674783676,0.008312363427690716,0.001772201837391838,-1.0374822202086553,-1.0,42.0,40.0,True,False,True,-300.0,100.0,40.0,-440.0,2014-2015
2015-01-13,2005.0,2017.0,2022.0,-0.008443059839747141,0.0059671982135422385,0.004499672584623241,0.010552667602481138,0.0022498362923116205,-0.8000877273687662,-1.0,34.0,34.0,False,False,True,-2040.0,85.0,34.0,-2159.0,2014-2015
2015-01-14,1993.5,2004.5,2017.0,-0.01171937113280204,0.005502765261151927,0.004759725525385669,0.011162545808351399,0.0023798627626928346,-1.049883362990013,-1.0,32.0,32.0,False,False,True,-1760.0,80.0,32.0,-1872.0,2014-2015
2015-01-22,2055.25,2057.25,2026.75,0.013963970164426241,0.0009726444535794517,0.00541880518355358,0.012708224616176302,0.00270940259177679,1.0988136097824004,1.0,27.0,27.0,False,False,True,270.0,67.5,27.0,175.5,2014-2015
2015-01-27,2029.75,2023.0,2050.5,-0.01017103308955806,-0.003331074574810423,0.005316827314519785,0.012469065314141641,0.0026584136572598924,-0.8157013243023681,-1.0,28.0,28.0,False,False,True,945.0,70.0,28.0,847.0,2014-2015
2015-02-03,2038.0,2043.75,2013.75,0.01197027929148603,0.002817420862893451,0.0046546284916720365,0.01091607141673084,0.0023273142458360182,1.0965739261415446,1.0,32.0,32.0,False,False,True,920.0,80.0,32.0,808.0,2014-2015
2015-02-05,2053.5,2057.5,2036.0,0.008558555726199832,0.0019459991546115385,0.004722741348446341,0.011075810225161237,0.0023613706742231706,0.7727250243740286,1.0,31.0,31.0,False,False,True,620.0,77.5,31.0,511.5,2014-2015
2015-02-10,2064.25,2063.25,2041.25,0.011204599012863062,-0.0004845548247443293,0.004286454049808429,0.01005262581449021,0.0021432270249042147,1.1145942582198132,1.0,34.0,34.0,False,False,True,-170.0,85.0,34.0,-289.0,2014-2015
2015-02-12,2083.75,2084.0,2064.5,0.009281088738858839,0.00011996880825369963,0.003790749961481662,0.008890096680441823,0.001895374980740831,1.0439806306355697,1.0,38.0,38.0,False,False,True,47.5,95.0,38.0,-85.5,2014-2015
2015-02-20,2104.75,2108.0,2095.0,0.0046431418615353656,0.0015429354434796203,0.002531007595441494,0.005935738956945793,0.001265503797720747,0.7822348481316087,1.0,57.0,40.0,True,False,True,650.0,100.0,40.0,510.0,2014-2015
2015-03-02,2111.5,2115.25,2101.75,0.004628264358592127,0.001774413430612046,0.0019520337339549256,0.00457792489472458,0.0009760168669774628,1.0109961314405915,1.0,73.0,40.0,True,False,True,750.0,100.0,40.0,610.0,2014-2015
2015-03-03,2105.0,2106.25,2115.25,-0.004857541688128459,0.0005936479841901201,0.0019398694828530025,0.004549397197187124,0.0009699347414265012,-1.0677330374960134,-1.0,74.0,40.0,True,False,True,-250.0,100.0,40.0,-390.0,2014-2015
2015-03-04,2097.0,2097.0,2106.25,-0.004401363198751934,0.0,0.0020189765806091146,0.004734919786201705,0.0010094882903045573,-0.9295539095674215,-1.0,71.0,40.0,True,False,True,-0.0,100.0,40.0,-140.0,2014-2015
2015-03-06,2068.25,2069.25,2099.5,-0.014996382053955745,0.00048338369521285694,0.001874766918050944,0.004396718149210874,0.000937383459025472,-3.410812689152546,-1.0,78.0,40.0,True,False,True,-200.0,100.0,40.0,-340.0,2014-2015
2015-03-09,2080.5,2078.5,2069.25,0.005422026657490842,-0.000961769730303839,0.001972111717458473,0.004625011939849837,0.0009860558587292366,1.172327061639301,1.0,74.0,40.0,True,False,True,-400.0,100.0,40.0,-540.0,2014-2015
2015-03-10,2046.75,2044.25,2078.5,-0.015393310436134634,-0.0012221952144709546,0.0020669830984452013,0.004847505050118018,0.0010334915492226007,-3.1755119957553974,-1.0,71.0,40.0,True,False,True,500.0,100.0,40.0,360.0,2014-2015
2015-03-12,2063.25,2065.5,2039.5,0.011577729715180547,0.0010899183640256005,0.002171309801463756,0.005092172856122342,0.001085654900731878,2.2736325027263344,1.0,67.0,40.0,True,False,True,450.0,100.0,40.0,310.0,2014-2015
2015-03-13,2045.25,2052.75,2065.5,-0.009852296443011594,0.00366032619509062,0.002376215808407502,0.00557272003824806,0.001188107904203751,-1.7679510858953789,-1.0,62.0,40.0,True,False,True,-1500.0,100.0,40.0,-1640.0,2014-2015
2015-03-18,2087.75,2091.5,2066.0,0.01047256035375496,0.0017945808489142337,0.002629954400859533,0.006167789784704269,0.0013149772004297665,1.6979437885069057,1.0,55.0,40.0,True,False,True,750.0,100.0,40.0,610.0,2014-2015
2015-03-20,2106.0,2100.25,2080.75,0.0120620080677164,-0.002734028448964262,0.0032866557686644124,0.007707891007229074,0.0016433278843322062,1.5648908445129397,1.0,44.0,40.0,True,False,True,-1150.0,100.0,40.0,-1290.0,2014-2015
2015-03-25,2062.75,2052.75,2083.75,-0.010129111080551152,-0.004859686395554386,0.003406984744244758,0.007990087468941805,0.001703492372122379,-1.2677096614929342,-1.0,43.0,40.0,True,False,True,2000.0,100.0,40.0,1860.0,2014-2015
2015-03-30,2080.75,2078.25,2052.25,0.013791653397829003,-0.0012022122150069938,0.0035690409558847918,0.008370142973468653,0.0017845204779423959,1.647720169362129,1.0,41.0,40.0,True,False,True,-500.0,100.0,40.0,-640.0,2014-2015
2015-04-15,2104.0,2099.5,2089.5,0.006915491969630327,-0.00214107373335251,0.0032311639159021827,0.0075777510768601924,0.0016155819579510913,0.9126047952073573,1.0,44.0,40.0,True,False,True,-900.0,100.0,40.0,-1040.0,2014-2015
2015-04-17,2068.0,2073.75,2098.5,-0.014640847145325797,0.002776605876334538,0.0031445642570849764,0.007374656874604414,0.0015722821285424882,-1.9852919795825958,-1.0,46.0,40.0,True,False,True,-1150.0,100.0,40.0,-1290.0,2014-2015
2015-04-20,2094.5,2093.25,2073.75,0.009956298882435264,-0.0005969793025483698,0.00237777049451334,0.00557636610035426,0.00118888524725667,1.7854457012431004,1.0,61.0,40.0,True,False,True,-250.0,100.0,40.0,-390.0,2014-2015
2015-04-22,2101.0,2101.5,2091.0,0.004771001416366933,0.00023795360017103635,0.002407689428217042,0.005646532219434738,0.001203844714108521,0.8449436275145433,1.0,60.0,40.0,True,False,True,100.0,100.0,40.0,-40.0,2014-2015
2015-04-30,2076.25,2078.75,2100.0,-0.011373962784009695,0.0012033695796327285,0.0023274228494754496,0.005458290406476401,0.0011637114247377248,-2.083795829279109,-1.0,63.0,40.0,True,False,True,-500.0,100.0,40.0,-640.0,2014-2015
2015-05-01,2099.25,2101.25,2078.75,0.009813386556535068,0.0009522676591528794,0.002080529167907852,0.004879273398963658,0.001040264583953926,2.01123932891717,1.0,69.0,40.0,True,False,True,400.0,100.0,40.0,260.0,2014-2015
2015-05-04,2110.25,2108.25,2101.25,0.004274018141004027,-0.0009482044090784445,0.002074102614801517,0.0048642017959780095,0.0010370513074007585,0.8786679336655032,1.0,69.0,40.0,True,False,True,-400.0,100.0,40.0,-540.0,2014-2015
2015-05-05,2083.5,2083.25,2108.25,-0.011809047592242808,-0.00011999760019198493,0.0021699053230030897,0.005088879062169221,0.0010849526615015449,-2.320559684750889,-1.0,67.0,40.0,True,False,True,50.0,100.0,40.0,-90.0,2014-2015
2015-05-06,2065.5,2074.5,2083.25,-0.008556846425496893,0.0043478329361034225,0.002169215833645501,0.005087262066294689,0.0010846079168227506,-1.6820140802632717,-1.0,67.0,40.0,True,False,True,-1800.0,100.0,40.0,-1940.0,2014-2015
2015-05-07,2085.5,2083.0,2074.5,0.005288473864077299,-0.0011994723760279742,0.002419268254842732,0.005673686974877438,0.001209634127421366,0.9321053289499709,1.0,60.0,40.0,True,False,True,-500.0,100.0,40.0,-640.0,2014-2015
2015-05-08,2110.75,2110.75,2083.0,0.0132341722886373,0.0,0.002737935478229796,0.0064210278582343665,0.001368967739114898,2.0610675706173294,1.0,52.0,40.0,True,False,True,0.0,100.0,40.0,-140.0,2014-2015
2015-05-14,2116.25,2116.5,2094.75,0.010211439953949252,0.00011812651363332286,0.002992202240078029,0.0070173362717204785,0.0014961011200390144,1.4551732393245647,1.0,48.0,40.0,True,False,True,50.0,100.0,40.0,-90.0,2014-2015
2015-05-27,2120.75,2121.25,2101.25,0.009237393965018718,0.00023573786059189242,0.001945559918982698,0.004562742452838621,0.000972779959491349,2.0245267096484603,1.0,73.0,40.0,True,False,True,100.0,100.0,40.0,-40.0,2014-2015
2015-05-29,2105.75,2105.25,2119.25,-0.0063905542930418145,-0.00023747328537156756,0.0018373046279030172,0.004308861291156417,0.0009186523139515086,-1.4831190565725336,-1.0,78.0,40.0,True,False,True,100.0,100.0,40.0,-40.0,2014-2015
2015-06-01,2115.75,2109.75,2105.25,0.004975134640113708,-0.002839902512139417,0.0019463180656442592,0.0045645204643634425,0.0009731590328221296,1.089957790518424,1.0,73.0,40.0,True,False,True,-1200.0,100.0,40.0,-1340.0,2014-2015
2015-06-04,2095.0,2096.0,2113.25,-0.008673493452798905,0.0004772130846946639,0.002409222402660381,0.0056501273631789604,0.0012046112013301905,-1.5350969801712386,-1.0,60.0,40.0,True,False,True,-200.0,100.0,40.0,-340.0,2014-2015
2015-06-10,2107.5,2103.0,2077.75,0.014216833442874896,-0.002137514173310755,0.002441610430333861,0.005726084020893604,0.0012208052151669304,2.482819565867327,1.0,59.0,40.0,True,False,True,-900.0,100.0,40.0,-1040.0,2014-2015
2015-06-12,2091.0,2093.5,2109.75,-0.00892703660944235,0.0011948860305644661,0.002487041251346977,0.005832628740324422,0.0012435206256734884,-1.5305340022286094,-1.0,58.0,40.0,True,False,True,-500.0,100.0,40.0,-640.0,2014-2015
2015-06-16,2088.0,2087.75,2075.75,0.005884135860389252,-0.00011973896919055372,0.002700597648193919,0.0063334628850154236,0.0013502988240969595,0.9290550789064776,1.0,54.0,40.0,True,False,True,-50.0,100.0,40.0,-190.0,2014-2015
2015-06-18,2115.5,2113.25,2091.5,0.011409679277869149,-0.0010641443510851355,0.0027080418499462666,0.0063509210856246825,0.0013540209249731333,1.7965392931263107,1.0,53.0,40.0,True,False,True,-450.0,100.0,40.0,-590.0,2014-2015
2015-06-22,2116.5,2115.0,2099.75,0.007945490955241916,-0.0007089684806000765,0.002836143757345931,0.006651346688290096,0.0014180718786729655,1.1945687584185323,1.0,50.0,40.0,True,False,True,-300.0,100.0,40.0,-440.0,2014-2015
2015-06-24,2104.0,2100.25,2116.0,-0.005687219120589576,-0.00178390961264395,0.0027288269317484195,0.006399666423251701,0.0013644134658742097,-0.8886743065117249,-1.0,53.0,40.0,True,False,True,750.0,100.0,40.0,610.0,2014-2015
2015-06-29,2056.5,2048.75,2093.5,-0.017831797788719298,-0.003775657612439324,0.0031725216084938913,0.007440222675430062,0.0015862608042469457,-2.3966752833360028,-1.0,46.0,40.0,True,False,True,1550.0,100.0,40.0,1410.0,2014-2015
2015-07-08,2039.0,2039.0,2074.5,-0.017260669198467433,0.0,0.004935517905340011,0.011574815483048754,0.0024677589526700054,-1.4912262941681944,-1.0,30.0,30.0,False,False,True,-0.0,75.0,30.0,-105.0,2015-2016
2015-07-10,2072.5,2069.25,2043.25,0.014213930613211037,-0.0015693852439448675,0.004260448041499133,0.0099916363188782,0.0021302240207495666,1.4225828642657092,1.0,34.0,34.0,False,False,True,-552.5,85.0,34.0,-671.5,2015-2016
2015-07-13,2091.75,2092.5,2069.25,0.010814813410202923,0.00035848718792234945,0.004304950187944452,0.010096003103394747,0.002152475093972226,1.0711975124657478,1.0,34.0,34.0,False,False,True,127.5,85.0,34.0,8.5,2015-2016
2015-07-16,2115.5,2117.25,2101.0,0.006877769315121734,0.0008268856415863077,0.001061963561873232,0.0024905253134842155,0.000530981780936616,2.7615737442555104,1.0,135.0,40.0,True,False,True,350.0,100.0,40.0,210.0,2015-2016
2015-07-20,2124.0,2120.5,2119.0,0.0023568240935303002,-0.0016491934471840933,0.00108318836797478,0.0025403018960031645,0.00054159418398739,0.9277732293309142,1.0,131.0,40.0,True,False,True,-700.0,100.0,40.0,-840.0,2015-2016
2015-07-21,2110.0,2111.5,2120.5,-0.004963962444533237,0.0007106479038860651,0.0017139482229581306,0.004019564878242088,0.0008569741114790653,-1.2349501985658136,-1.0,84.0,40.0,True,False,True,-300.0,100.0,40.0,-440.0,2015-2016
2015-07-23,2095.5,2095.75,2107.25,-0.0055915915124653765,0.00011929615284050913,0.0017805686306366173,0.0041758035832926066,0.0008902843153183087,-1.3390456234190082,-1.0,81.0,40.0,True,False,True,-50.0,100.0,40.0,-190.0,2015-2016
2015-07-24,2073.0,2073.75,2095.75,-0.010914651082187116,0.00036172906887455854,0.0025401255352021264,0.005957122421120989,0.0012700627676010632,-1.8322019106891607,-1.0,57.0,40.0,True,False,True,-150.0,100.0,40.0,-290.0,2015-2016
2015-07-27,2061.75,2061.25,2073.75,-0.00580342579118946,-0.00024254183965609593,0.0026524475244147907,0.006220540835309888,0.0013262237622073954,-0.9329455339714607,-1.0,55.0,40.0,True,False,True,100.0,100.0,40.0,-40.0,2015-2016
2015-07-28,2088.0,2087.0,2061.25,0.012894075128720634,-0.00047904192532853795,0.0036197647084157594,0.00848910071760297,0.0018098823542078797,1.5188976497809157,1.0,40.0,40.0,False,False,True,-200.0,100.0,40.0,-340.0,2015-2016
2015-07-29,2102.5,2101.0,2087.0,0.0073994847699024036,-0.0007136910021027271,0.0029229572159715674,0.006854942295541328,0.0014614786079857837,1.0794379370217695,1.0,49.0,40.0,True,False,True,-300.0,100.0,40.0,-440.0,2015-2016
2015-08-03,2082.5,2091.0,2098.5,-0.007653708732647819,0.004073325387635869,0.0024710398100791686,0.005795102034173214,0.0012355199050395843,-1.3207202716215456,-1.0,59.0,40.0,True,False,True,-1700.0,100.0,40.0,-1840.0,2015-2016
2015-08-06,2077.75,2078.25,2094.5,-0.008029283953953817,0.00024061597806165452,0.0027964101336587608,0.0065581630809214975,0.0013982050668293804,-1.224319044049391,-1.0,52.0,40.0,True,False,True,-100.0,100.0,40.0,-240.0,2015-2016
2015-08-07,2067.0,2072.75,2078.25,-0.005427912729429279,0.0027779473145597756,0.00285741510473249,0.006701232419797394,0.001428707552366245,-0.8099872365855635,-1.0,51.0,40.0,True,False,True,-1150.0,100.0,40.0,-1290.0,2015-2016
2015-08-10,2098.5,2099.5,2072.75,0.012346575777317488,0.0004764173506024383,0.003015681867757867,0.007072400879572628,0.0015078409338789335,1.74574037693174,1.0,48.0,40.0,True,False,True,200.0,100.0,40.0,60.0,2015-2016
2015-08-11,2076.25,2080.0,2099.5,-0.011135839196743382,0.001804511767859139,0.0031176149908182403,0.0073114552429978255,0.0015588074954091201,-1.523067409515796,-1.0,47.0,40.0,True,False,True,-750.0,100.0,40.0,-890.0,2015-2016
2015-08-19,2077.0,2076.5,2093.0,-0.007673898569887389,-0.00024076080530410912,0.003285730345006961,0.007705720696375363,0.0016428651725034805,-0.995870324432737,-1.0,44.0,40.0,True,False,True,100.0,100.0,40.0,-40.0,2015-2016
2015-08-20,2039.25,2032.5,2076.5,-0.01810169089011844,-0.0033155307587241,0.0022396177375537084,0.005252369166101004,0.0011198088687768542,-3.4463858722931096,-1.0,66.0,40.0,True,False,True,1350.0,100.0,40.0,1210.0,2015-2016
2015-08-21,1984.25,1968.25,2032.5,-0.02402555345098074,-0.008096185906408307,0.0038296366672173274,0.008981294089156914,0.0019148183336086637,-2.675065888331918,-1.0,40.0,40.0,False,False,True,3200.0,100.0,40.0,3060.0,2015-2016
2015-08-24,1886.0,1886.25,1968.25,-0.04268663887117376,0.00013254688865591235,0.008841178716051102,0.020734401992590783,0.004420589358025551,-2.0587349896287037,-1.0,18.0,18.0,False,False,True,-22.5,45.0,18.0,-85.5,2015-2016
2015-09-01,1917.5,1907.75,1968.25,-0.02612256882316538,-0.005097717071668718,0.004805425771028155,0.011269722384546058,0.0024027128855140774,-2.3179425305974464,-1.0,33.0,33.0,False,False,True,1608.75,82.5,33.0,1493.25,2015-2016
2015-09-02,1932.75,1946.75,1907.75,0.013019322030841579,0.007217456256511306,0.005348502402983096,0.0125433499812027,0.002674251201491548,1.0379461667219814,1.0,29.0,29.0,False,False,True,2030.0,72.5,29.0,1928.5,2015-2016
2015-09-04,1916.0,1917.75,1948.0,-0.016563525671674576,0.0009129443085998862,0.00442057679424726,0.010367171531623542,0.00221028839712363,-1.5976899409014274,-1.0,36.0,36.0,False,False,True,-315.0,90.0,36.0,-441.0,2015-2016
2015-09-15,1970.75,1968.0,1942.75,0.014309685850665967,-0.0013963823278189008,0.004276975968217523,0.01003039774285677,0.0021384879841087616,1.4266319459621355,1.0,36.0,36.0,False,False,True,-495.0,90.0,36.0,-621.0,2015-2016
2015-09-16,1982.5,1984.5,1968.0,0.007340875896804278,0.0010083187141170893,0.004025064306683064,0.009439612529184505,0.002012532153341532,0.7776670784005645,1.0,38.0,38.0,False,False,True,380.0,95.0,38.0,247.0,2015-2016
2015-09-17,2005.0,1979.75,1984.5,0.010277067517549391,-0.012673486650147739,0.003095226070810746,0.007258948571373537,0.001547613035405373,1.415779078264604,1.0,49.0,40.0,True,False,True,-5050.0,100.0,40.0,-5190.0,2015-2016
2015-09-18,1953.25,1946.0,1979.75,-0.013475922213668157,-0.0037186681309033386,0.0036826156701876053,0.008636499288410333,0.0018413078350938026,-1.5603454320608863,-1.0,42.0,40.0,True,False,True,1450.0,100.0,40.0,1310.0,2015-2016
2015-09-21,1959.25,1957.0,1946.0,0.0067857631870237075,-0.0011490585368977154,0.0037485009008724987,0.008791013850582346,0.0018742504504362493,0.7718976789661406,1.0,41.0,40.0,True,False,True,-450.0,100.0,40.0,-590.0,2015-2016
2015-09-22,1926.5,1931.0,1957.0,-0.015707803329863993,0.0023331183623020784,0.005009548961292032,0.01174843369882562,0.002504774480646016,-1.3370125526974845,-1.0,31.0,31.0,False,False,True,-697.5,77.5,31.0,-806.0,2015-2016
2015-09-28,1874.0,1871.25,1920.5,-0.02451038498759203,-0.001468527064529413,0.005921106781099473,0.013886226280833174,0.0029605533905497365,-1.7650860998443563,-1.0,27.0,27.0,False,False,True,371.25,67.5,27.0,276.75,2015-2016
2015-09-30,1903.25,1909.0,1872.75,0.016155012358329706,0.0030165935394257273,0.005089210864746081,0.011935257422534823,0.0025446054323730407,1.3535537430326063,1.0,31.0,31.0,False,False,True,891.25,77.5,31.0,782.75,2015-2016
2015-10-05,1977.0,1977.5,1942.25,0.017733449340086794,0.000252876471191991,0.007663902881350971,0.017973445428222393,0.0038319514406754854,0.9866471851991856,1.0,20.0,20.0,False,False,True,50.0,50.0,20.0,-20.0,2015-2016
2015-10-08,2001.25,2005.0,1987.25,0.007020211857702452,0.0018720754297451314,0.003407764823355222,0.00799191691661862,0.001703882411677611,0.8784140189326072,1.0,44.0,40.0,True,False,True,750.0,100.0,40.0,610.0,2015-2016
2015-10-14,1984.5,1985.75,1995.25,-0.005402362532998147,0.0006296832901213538,0.002490242903983025,0.005840137281315222,0.0012451214519915124,-0.9250403325761402,-1.0,61.0,40.0,True,False,True,-250.0,100.0,40.0,-390.0,2015-2016
2015-10-15,2011.75,2016.75,1985.75,0.013008313513000747,0.002482314790841552,0.0031451358960678053,0.0073759974868514095,0.0015725679480339027,1.763600589098574,1.0,48.0,40.0,True,False,True,1000.0,100.0,40.0,860.0,2015-2016
2015-10-22,2045.25,2045.75,2011.25,0.016763612087214688,0.0002444390136835944,0.003242497945978024,0.007604331733505212,0.001621248972989012,2.2044819551142214,1.0,46.0,40.0,True,False,True,100.0,100.0,40.0,-40.0,2015-2016
2015-10-23,2070.75,2069.0,2045.75,0.012146390070882366,-0.0008454617328304714,0.003463419377070146,0.008122438414543829,0.001731709688535073,1.4954117779623115,1.0,42.0,40.0,True,False,True,-350.0,100.0,40.0,-490.0,2015-2016
2015-10-27,2054.25,2059.5,2063.5,-0.004492752381339273,0.002552417064838131,0.0023809286321728753,0.005583772589679248,0.0011904643160864376,-0.8046087674923295,-1.0,62.0,40.0,True,False,True,-1050.0,100.0,40.0,-1190.0,2015-2016
2015-10-28,2068.0,2083.5,2059.5,0.004118721752184224,0.007467215234188412,0.002079197130727496,0.004876149494871952,0.001039598565363748,0.8446668332289066,1.0,70.0,40.0,True,False,True,3100.0,100.0,40.0,2960.0,2015-2016
2015-11-02,2097.25,2097.25,2072.25,0.0119919892547683,0.0,0.002895413808424629,0.006790347279122629,0.0014477069042123146,1.7660347493033917,1.0,50.0,40.0,True,False,True,0.0,100.0,40.0,-140.0,2015-2016
2015-11-09,2068.75,2073.25,2093.25,-0.011773321959168253,0.002172864205940181,0.0023395870278447653,0.005486817933440772,0.0011697935139223826,-2.1457467883912864,-1.0,62.0,40.0,True,False,True,-900.0,100.0,40.0,-1040.0,2015-2016
2015-11-12,2048.0,2041.5,2070.0,-0.01068490010001638,-0.00317887539976795,0.0022454740079063335,0.005266103337478873,0.0011227370039531667,-2.028995523876623,-1.0,66.0,40.0,True,False,True,1300.0,100.0,40.0,1160.0,2015-2016
2015-11-13,2019.25,2018.0,2041.5,-0.010958676437224759,-0.0006192334088514738,0.0024986755154065257,0.00585991350807385,0.0012493377577032629,-1.8701089055539437,-1.0,60.0,40.0,True,False,True,250.0,100.0,40.0,110.0,2015-2016
2015-11-16,2040.75,2049.0,2018.0,0.011210465417911129,0.004034481907434327,0.0036679223349957,0.008602040362936093,0.00183396116749785,1.3032332963948934,1.0,40.0,40.0,False,False,True,1650.0,100.0,40.0,1510.0,2015-2016
2015-11-18,2073.5,2080.25,2046.5,0.013106983753978283,0.003250078094103228,0.0036152706730602606,0.008478561270474652,0.0018076353365301303,1.5458971558796697,1.0,40.0,40.0,False,False,True,1350.0,100.0,40.0,1210.0,2015-2016
2015-12-01,2093.75,2100.5,2080.0,0.006588822878012856,0.003218695036060101,0.0020455854903865182,0.004797323211087532,0.0010227927451932591,1.3734373499756751,1.0,71.0,40.0,True,False,True,1350.0,100.0,40.0,1210.0,2015-2016
2015-12-02,2076.75,2078.0,2100.5,-0.011371239890255859,0.0006017209399917725,0.0025592040933900876,0.006001865606120749,0.0012796020466950438,-1.8946175466940445,-1.0,57.0,40.0,True,False,True,-250.0,100.0,40.0,-390.0,2015-2016
2015-12-03,2048.0,2048.75,2078.0,-0.014542185499774245,0.0003661438986410372,0.004455854691678196,0.01044990553466529,0.002227927345839098,-1.391609278335934,-1.0,33.0,33.0,False,False,True,-123.75,82.5,33.0,-239.25,2015-2016
2015-12-04,2091.5,2089.25,2048.75,0.02065166082421374,-0.001076362000707559,0.005054770965184117,0.011854488698698736,0.0025273854825920584,1.742096293573646,1.0,29.0,29.0,False,False,True,-326.25,72.5,29.0,-427.75,2015-2016
2015-12-07,2068.5,2075.75,2089.25,-0.009981442980079306,0.0034988272406738744,0.005103526955803839,0.011968831632093009,0.0025517634779019193,-0.8339529944857145,-1.0,29.0,29.0,False,False,True,-1051.25,72.5,29.0,-1152.75,2015-2016
2015-12-09,2039.25,2046.25,2062.25,-0.011215526560151253,0.0034267565046548517,0.00465860956595995,0.010925407863521369,0.002329304782979975,-1.0265544957455142,-1.0,32.0,32.0,False,False,True,-1120.0,80.0,32.0,-1232.0,2015-2016
2015-12-11,2017.0,2010.5,2051.0,-0.016716220118168784,-0.0032278116168830877,0.004503863011005401,0.010562495023452769,0.0022519315055027004,-1.5826014668932291,-1.0,33.0,33.0,False,False,True,1072.5,82.5,33.0,957.0,2015-2016
2015-12-15,2041.25,2035.0,2013.75,0.013563709793490829,-0.003066546407979462,0.004600780274910073,0.010789786154461488,0.0023003901374550363,1.2570879162310689,1.0,32.0,32.0,False,False,True,-1000.0,80.0,32.0,-1112.0,2015-2016
2015-12-16,2061.75,2064.5,2035.0,0.01305931783676944,0.0013329296126800801,0.0036959884422888695,0.008667861218918481,0.0018479942211444347,1.506636701596717,1.0,40.0,40.0,False,False,True,550.0,100.0,40.0,410.0,2015-2016
2015-12-17,2043.75,2032.0,2064.5,-0.010101710680581423,-0.005765825947190971,0.0038415306519220373,0.009009187955809949,0.0019207653259610187,-1.1212676136995139,-1.0,39.0,39.0,False,False,True,2291.25,97.5,39.0,2154.75,2015-2016
2015-12-18,2006.25,1994.0,2032.0,-0.01275322182004652,-0.006124636356542392,0.004524674624628782,0.010611302583716,0.002262337312314391,-1.2018526207722593,-1.0,33.0,33.0,False,False,True,2021.25,82.5,33.0,1905.75,2015-2016
2015-12-22,2029.0,2031.0,2012.0,0.008413808606184887,0.0009852217545698665,0.004710501202433519,0.011047104538280698,0.0023552506012167597,0.7616302151418185,1.0,32.0,32.0,False,False,True,320.0,80.0,32.0,208.0,2015-2016
2015-12-23,2056.5,2057.0,2031.0,0.012477226090094188,0.0002431019824784168,0.0032796681560367693,0.007691503603032955,0.0016398340780183847,1.6222089638200392,1.0,45.0,40.0,True,False,True,100.0,100.0,40.0,-40.0,2015-2016
2015-12-28,2046.0,2047.75,2057.0,-0.005361943141385399,0.0008549618841397407,0.002132224672983154,0.005000510104822272,0.001066112336491577,-1.0722792333155324,-1.0,69.0,40.0,True,False,True,-350.0,100.0,40.0,-490.0,2015-2016
2015-12-29,2072.5,2070.75,2047.75,0.012013978613738615,-0.0008447475310765543,0.0018388837962335597,0.004312564769168912,0.0009194418981167798,2.785808273449738,1.0,79.0,40.0,True,False,True,-350.0,100.0,40.0,-490.0,2015-2016
2015-12-30,2063.0,2055.5,2070.75,-0.0037496264071216765,-0.003642106733318755,0.001869276756381138,0.004383842578800856,0.000934638378190569,-0.8553287075712784,-1.0,78.0,40.0,True,False,True,1500.0,100.0,40.0,1360.0,2015-2016
2015-12-31,2042.75,2034.5,2055.5,-0.00622218807311632,-0.004046850823072189,0.0024893649640202976,0.0058380783295965445,0.0012446824820101488,-1.0657938660350794,-1.0,59.0,40.0,True,False,True,1650.0,100.0,40.0,1510.0,2015-2016
2016-01-04,1990.25,2004.75,2034.5,-0.021989829473057092,0.0072591057184505006,0.0027569215612822805,0.006465554169817712,0.0013784607806411402,-3.4010741995959592,-1.0,55.0,40.0,True,False,True,-2900.0,100.0,40.0,-3040.0,2015-2016
2016-01-06,1972.25,1983.0,2009.75,-0.0188353132328712,0.005435826544597039,0.005154341714845954,0.012088002805414392,0.002577170857422977,-1.5581824008540592,-1.0,30.0,30.0,False,False,True,-1612.5,75.0,30.0,-1717.5,2015-2016
2016-01-07,1938.0,1935.0,1983.0,-0.022954336069084435,-0.0015491869868293781,0.006709955065586004,0.015736239493665823,0.003354977532793002,-1.4586925979567134,-1.0,23.0,23.0,False,False,True,345.0,57.5,23.0,264.5,2015-2016
2016-01-13,1887.75,1882.5,1930.5,-0.022393393020756075,-0.0027849630094863333,0.008226102800805902,0.01929192110941383,0.004113051400402951,-1.1607653221134535,-1.0,19.0,19.0,False,False,True,498.75,47.5,19.0,432.25,2015-2016
2016-01-14,1924.25,1913.0,1882.5,0.021935600740378182,-0.005863590974173962,0.009450442925734697,0.022163253218088933,0.0047252214628673486,0.9897283816833826,1.0,17.0,17.0,False,False,True,-956.25,42.5,17.0,-1015.75,2015-2016
2016-01-15,1876.25,1871.75,1913.0,-0.019397586492581147,-0.002401281836877099,0.008617292891068858,0.020209343191641888,0.004308646445534429,-0.95983260359513,-1.0,19.0,19.0,False,False,True,427.5,47.5,19.0,361.0,2015-2016
2016-01-20,1839.0,1851.75,1874.75,-0.01925337157717763,0.006909192289077475,0.005221898168006127,0.012246436731704518,0.0026109490840030636,-1.5721611109403784,-1.0,31.0,31.0,False,False,True,-1976.25,77.5,31.0,-2084.75,2015-2016
2016-01-22,1897.5,1899.25,1861.0,0.01942325262753413,0.0009218411135460529,0.00701808594239129,0.016458870453993687,0.003509042971195645,1.180108482038702,1.0,23.0,23.0,False,False,True,201.25,57.5,23.0,120.75,2015-2016
2016-01-26,1892.0,1896.0,1871.0,0.011161423337733997,0.0021119332031435513,0.004464558109087433,0.010470316857755594,0.0022322790545437165,1.0660062622141646,1.0,36.0,36.0,False,False,True,720.0,90.0,36.0,594.0,2015-2016
2016-01-27,1880.0,1875.5,1896.0,-0.008474626990972232,-0.0023964863020528755,0.004278314664070161,0.010033537262919183,0.0021391573320350805,-0.8446300411213704,-1.0,38.0,38.0,False,False,True,855.0,95.0,38.0,722.0,2015-2016
2016-01-29,1921.0,1931.25,1885.75,0.018520264034816474,0.0053215778774988644,0.005253773096705525,0.01232119006566197,0.0026268865483527627,1.5031229886170456,1.0,30.0,30.0,False,False,True,1537.5,75.0,30.0,1432.5,2015-2016
2016-02-02,1893.75,1895.25,1931.0,-0.019479013170835204,0.0007917656787340257,0.004233504490611256,0.009928448091023149,0.002116752245305628,-1.9619393677897397,-1.0,38.0,38.0,False,False,True,-285.0,95.0,38.0,-418.0,2015-2016
2016-02-05,1870.25,1873.25,1909.75,-0.02090023166895481,0.0016027784919057139,0.006625363005270409,0.015537853527235723,0.0033126815026352043,-1.3451170480092103,-1.0,24.0,24.0,False,False,True,-360.0,60.0,24.0,-444.0,2015-2016
2016-02-08,1827.25,1847.5,1873.25,-0.02486278588391901,0.011021269461855736,0.0075380128215784,0.017678207068041202,0.0037690064107892,-1.4064087940720043,-1.0,22.0,22.0,False,False,True,-2227.5,55.0,22.0,-2304.5,2015-2016
2016-02-12,1856.0,1860.5,1824.5,0.017117657469643475,0.0024216344405314115,0.0064553436926393865,0.015139122895516277,0.0032276718463196932,1.1306901719328255,1.0,25.0,25.0,False,False,True,562.5,62.5,25.0,475.0,2015-2016
2016-02-17,1921.5,1923.0,1891.5,0.01573596593181463,0.0007803355838811049,0.004081898436555512,0.009572900378409296,0.002040949218277756,1.6438033730409962,1.0,39.0,39.0,False,False,True,292.5,97.5,39.0,156.0,2015-2016
2016-02-22,1939.0,1941.75,1914.5,0.012715884325302495,0.0014172520571049563,0.0031998030561910563,0.007504203341544853,0.0015999015280955282,1.6945015675287844,1.0,49.0,40.0,True,False,True,550.0,100.0,40.0,410.0,2015-2016
2016-02-23,1919.75,1917.75,1941.75,-0.011394659089103728,-0.0010423453712472925,0.0035082725491066987,0.008227628427042988,0.0017541362745533493,-1.3849263114084225,-1.0,45.0,40.0,True,False,True,400.0,100.0,40.0,260.0,2015-2016
2016-03-01,1973.5,1975.5,1928.25,0.023195760288793187,0.0010129147485436177,0.005624615194816252,0.013190891876354239,0.002812307597408126,1.7584679266739727,1.0,27.0,27.0,False,False,True,270.0,67.5,27.0,175.5,2015-2016
2016-03-08,1985.25,1977.5,1999.75,-0.007277321953610901,-0.003911430133511359,0.003722112781134416,0.00872912822423654,0.001861056390567208,-0.833682558746854,-1.0,41.0,40.0,True,False,True,1550.0,100.0,40.0,1410.0,2015-2016
2016-03-11,2015.25,2021.25,1989.0,0.013111257309738052,0.002972874727606291,0.004548208768233542,0.010666495042744856,0.002274104384116771,1.2292001503020504,1.0,33.0,33.0,False,False,True,990.0,82.5,33.0,874.5,2015-2016
2016-03-17,2031.75,2031.0,2018.75,0.006418982662347569,-0.00036920805292952637,0.00330931493034079,0.007761031451744708,0.001654657465170395,0.8270785529292706,1.0,45.0,40.0,True,False,True,-150.0,100.0,40.0,-290.0,2015-2016
2016-03-23,2027.25,2027.75,2041.25,-0.006882170460008209,0.00024660912578740237,0.0020648174841836186,0.004842426234486905,0.0010324087420918093,-1.4212236029522982,-1.0,72.0,40.0,True,False,True,-100.0,100.0,40.0,-240.0,2015-2016
2016-03-29,2044.5,2046.75,2028.0,0.008103175093623117,0.0010999084518604864,0.0028398384238083915,0.006660011449191504,0.0014199192119041958,1.2166908653898496,1.0,52.0,40.0,True,False,True,450.0,100.0,40.0,310.0,2015-2016
2016-04-05,2044.5,2037.5,2058.0,-0.006581376589297919,-0.0034296946896792157,0.003038864261811061,0.007126768412781397,0.0015194321309055306,-0.9234727730866976,-1.0,49.0,40.0,True,False,True,1400.0,100.0,40.0,1260.0,2015-2016
2016-04-06,2051.75,2059.5,2037.5,0.0069695213948033075,0.003770147366314349,0.0027074857318373845,0.00634961687305357,0.0013537428659186922,1.0976286497505827,1.0,54.0,40.0,True,False,True,1550.0,100.0,40.0,1410.0,2015-2016
2016-04-07,2026.75,2034.75,2059.5,-0.016029710008318872,0.003939436339334371,0.0032394693553504154,0.007597229058900317,0.0016197346776752077,-2.109941648993684,-1.0,46.0,40.0,True,False,True,-1600.0,100.0,40.0,-1740.0,2015-2016
2016-04-12,2055.5,2055.25,2035.25,0.009900465883845924,-0.00012163230569030452,0.002898721096249643,0.0067981035565909875,0.0014493605481248216,1.4563570268427426,1.0,51.0,40.0,True,False,True,-50.0,100.0,40.0,-190.0,2015-2016
2016-04-13,2071.5,2075.75,2055.25,0.007875487485213668,0.0020495516246835746,0.002722404280306448,0.006384603970480063,0.001361202140153224,1.2335122932646838,1.0,54.0,40.0,True,False,True,850.0,100.0,40.0,710.0,2015-2016
2016-04-18,2086.75,2088.5,2073.5,0.006369831044410122,0.0008382732063840582,0.0025054289090996403,0.005875751620179088,0.0012527144545498201,1.084087867590287,1.0,58.0,40.0,True,False,True,350.0,100.0,40.0,210.0,2015-2016
2016-04-21,2085.25,2085.5,2096.5,-0.0053805354890961,0.00011988251527879747,0.002164226399230743,0.005075560805388896,0.0010821131996153715,-1.0600868939218306,-1.0,67.0,40.0,True,False,True,-50.0,100.0,40.0,-190.0,2015-2016
2016-04-25,2078.5,2082.25,2085.75,-0.0034820230894917524,0.001802560122757629,0.0019409862073327178,0.004552016148236643,0.0009704931036663589,-0.7649408473299498,-1.0,75.0,40.0,True,False,True,-750.0,100.0,40.0,-890.0,2015-2016
2016-04-29,2047.75,2058.75,2070.75,-0.011169231082662072,0.005357373096138656,0.003688863298491519,0.00865115127553943,0.0018444316492457595,-1.2910687522298157,-1.0,40.0,40.0,False,False,True,-2200.0,100.0,40.0,-2340.0,2015-2016
2016-05-03,2058.5,2057.0,2075.5,-0.008224526283134038,-0.0007289515570022205,0.0035950660571827183,0.00843117724610805,0.0017975330285913591,-0.975489666870732,-1.0,41.0,40.0,True,False,True,300.0,100.0,40.0,160.0,2015-2016
2016-05-04,2043.75,2044.75,2057.0,-0.006462255007393621,0.0004891769695199883,0.0032039819957674735,0.007514003823569142,0.0016019909978837368,-0.860028176605859,-1.0,46.0,40.0,True,False,True,-200.0,100.0,40.0,-340.0,2015-2016
2016-05-10,2075.0,2079.5,2053.75,0.010293763313320728,0.002166326518167733,0.0014846972847303247,0.0034819237714330846,0.0007423486423651624,2.956343673510129,1.0,98.0,40.0,True,False,True,900.0,100.0,40.0,760.0,2015-2016
2016-05-11,2062.25,2060.25,2079.5,-0.008329860442125317,-0.0009702850973481731,0.0016000482378386706,0.003752445735618104,0.0008000241189193353,-2.219848341325373,-1.0,92.0,40.0,True,False,True,400.0,100.0,40.0,260.0,2015-2016
2016-05-13,2042.5,2042.5,2060.5,-0.008774124044714116,0.0,0.002537549125563014,0.005951080204933462,0.001268774562781507,-1.4743750281571306,-1.0,58.0,40.0,True,False,True,-0.0,100.0,40.0,-140.0,2015-2016
2016-05-16,2066.75,2062.5,2042.5,0.011802777398626988,-0.002058485923948988,0.0029885894313067983,0.007008863484121574,0.0014942947156533991,1.6839787827749706,1.0,49.0,40.0,True,False,True,-850.0,100.0,40.0,-990.0,2015-2016
2016-05-17,2043.0,2043.5,2062.5,-0.009499523391214031,0.0002447081867099061,0.0027642712670948254,0.006482790757804325,0.0013821356335474127,-1.4653447482903879,-1.0,54.0,40.0,True,False,True,-100.0,100.0,40.0,-240.0,2015-2016
2016-05-19,2030.5,2036.75,2043.75,-0.006504287519211046,0.0030733320643986286,0.00267810373205013,0.0062807099756249365,0.001339051866025065,-1.035597495259899,-1.0,56.0,40.0,True,False,True,-1250.0,100.0,40.0,-1390.0,2015-2016
2016-05-20,2049.0,2049.0,2036.75,0.0059964690481485675,0.0,0.0028253592387507704,0.006626054750299671,0.0014126796193753852,0.9049833232780593,1.0,52.0,40.0,True,False,True,0.0,100.0,40.0,-140.0,2015-2016
2016-05-24,2072.5,2073.0,2046.0,0.012868940497878237,0.00024122542632964834,0.002401091071560908,0.005631057701410305,0.001200545535780454,2.2853504936834863,1.0,61.0,40.0,True,False,True,100.0,100.0,40.0,-40.0,2015-2016
2016-05-25,2087.0,2087.0,2073.0,0.006730794641421219,0.0,0.0021205529519492225,0.004973137492681364,0.0010602764759746113,1.353430234198528,1.0,68.0,40.0,True,False,True,0.0,100.0,40.0,-140.0,2015-2016
2016-05-27,2093.25,2096.75,2087.5,0.0027507043595306133,0.0016706447799795482,0.001331322181509133,0.0031222272707764733,0.0006656610907545665,0.8810070891625179,1.0,109.0,40.0,True,False,True,700.0,100.0,40.0,560.0,2015-2016
2016-06-06,2110.0,2108.0,2097.5,0.005941788128751043,-0.0009483168088592445,0.0024642507668750173,0.005779180316553777,0.0012321253834375087,1.0281368296696842,1.0,58.0,40.0,True,False,True,-400.0,100.0,40.0,-540.0,2015-2016
2016-06-08,2118.75,2118.0,2111.25,0.0035461030067504905,-0.0003540449674085694,0.0016366109744656125,0.003838192953666745,0.0008183054872328063,0.9238990977154466,1.0,87.0,40.0,True,False,True,-150.0,100.0,40.0,-290.0,2015-2016
2016-06-10,2091.0,2095.25,2114.75,-0.011294181755490325,0.0020304575503819213,0.0018719089882444412,0.004390015709708429,0.0009359544941222206,-2.572697343773389,-1.0,77.0,40.0,True,False,True,-850.0,100.0,40.0,-990.0,2015-2016
2016-06-14,2056.5,2066.5,2070.0,-0.0065430985889359475,0.004850846281308253,0.003069377892156126,0.0071983292191113565,0.001534688946078063,-0.9089746231061799,-1.0,48.0,40.0,True,False,True,-2000.0,100.0,40.0,-2140.0,2015-2016
2016-06-20,2084.25,2075.25,2062.0,0.010732692713817538,-0.004327449955577853,0.003970373696579174,0.009311351679411682,0.001985186848289587,1.1526460478931948,1.0,37.0,37.0,False,False,True,-1665.0,92.5,37.0,-1794.5,2015-2016
2016-06-23,2098.25,2104.75,2076.5,0.010419879892128706,0.0030930312548365355,0.001923761611490934,0.0045116208903401974,0.000961880805745467,2.309564598931316,1.0,75.0,40.0,True,False,True,1300.0,100.0,40.0,1160.0,2015-2016
2016-06-24,2034.75,2027.5,2104.75,-0.033823734010622594,-0.0035694542175828295,0.011111939271423827,0.0260598075404436,0.005555969635711914,-1.2979272374951252,-1.0,13.0,13.0,False,False,True,471.25,32.5,13.0,425.75,2015-2016
2016-06-27,1985.25,1991.0,2027.5,-0.021058656214247618,0.0028921742888758603,0.011420759471287364,0.026784055106639476,0.005710379735643682,-0.7862385337247685,-1.0,13.0,13.0,False,False,True,-373.75,32.5,13.0,-419.25,2015-2016
2016-06-29,2061.5,2061.75,2026.75,0.017000348279138166,0.0001212635665100451,0.005227144932299955,0.012258741484670441,0.0026135724661499773,1.3867939298986853,1.0,28.0,28.0,False,False,True,35.0,70.0,28.0,-63.0,2015-2016
2016-06-30,2087.75,2090.75,2061.75,0.012531794319873949,0.0014359222282964142,0.004646361694885156,0.010896684059764619,0.002323180847442578,1.1500557647758993,1.0,31.0,31.0,False,False,True,465.0,77.5,31.0,356.5,2015-2016
2016-07-08,2123.25,2122.25,2090.75,0.015425080398483521,-0.00047108704204144945,0.0037889588335349045,0.008885896113067157,0.0018944794167674523,1.7359060022995503,1.0,38.0,38.0,False,False,True,-190.0,95.0,38.0,-323.0,2016-2017
2016-07-11,2133.0,2130.0,2122.25,0.005052592853273389,-0.0014074597678797173,0.002813105042296344,0.006597316112212764,0.001406552521148172,0.7658558067151237,1.0,50.0,40.0,True,False,True,-600.0,100.0,40.0,-740.0,2016-2017
2016-07-12,2146.5,2145.25,2130.0,0.007716628961144593,-0.0005825129773849385,0.0021635612025415613,0.005074000780871735,0.0010817806012707806,1.5208174563620867,1.0,65.0,40.0,True,False,True,-250.0,100.0,40.0,-390.0,2016-2017
2016-07-14,2157.25,2157.0,2145.25,0.005578166701186606,-0.00011589499926045602,0.0027366583024994845,0.006418032615647609,0.0013683291512497423,0.8691396624546046,1.0,51.0,40.0,True,False,True,-50.0,100.0,40.0,-190.0,2016-2017
2016-07-20,2167.75,2167.0,2157.75,0.004623751157502772,-0.00034604072091081476,0.0022995592513750268,0.005392944476648597,0.0011497796256875134,0.8573704360435334,1.0,61.0,40.0,True,False,True,-150.0,100.0,40.0,-290.0,2016-2017
2016-07-21,2156.0,2158.75,2167.0,-0.005089069507471293,0.0012746974320005163,0.0020057482810120035,0.004703896673748727,0.0010028741405060018,-1.0818837785855544,-1.0,70.0,40.0,True,False,True,-550.0,100.0,40.0,-690.0,2016-2017
2016-07-22,2167.5,2168.25,2158.75,0.004045079193808639,0.0003459609098681106,0.00208395012493268,0.0048872962543351234,0.00104197506246634,0.8276721899599555,1.0,67.0,40.0,True,False,True,150.0,100.0,40.0,10.0,2016-2017
2016-07-25,2158.75,2163.0,2168.25,-0.004391040103676759,0.0019667964921704297,0.001618151114725593,0.003794900745142386,0.0008090755573627965,-1.1570895785080686,-1.0,87.0,40.0,True,False,True,-850.0,100.0,40.0,-990.0,2016-2017
2016-08-02,2149.25,2151.5,2165.0,-0.007301417382036799,0.0010463292241008845,0.002380844328909684,0.005583574881002109,0.001190422164454842,-1.307659973698854,-1.0,59.0,40.0,True,False,True,-450.0,100.0,40.0,-590.0,2016-2017
2016-08-05,2175.75,2177.75,2160.0,0.007265210991412432,0.0009188010293783283,0.0015207667843582537,0.0035665142461849763,0.0007603833921791268,2.037062097588387,1.0,91.0,40.0,True,False,True,400.0,100.0,40.0,260.0,2016-2017
2016-08-10,2169.0,2172.0,2177.5,-0.003911197899783429,0.0013821702269516739,0.0010477715714988921,0.0024572421458266824,0.0005238857857494461,-1.5917022693209573,-1.0,133.0,40.0,True,False,True,-600.0,100.0,40.0,-740.0,2016-2017
2016-08-11,2182.5,2182.25,2172.0,0.004822606659931159,-0.00011455409829813275,0.0011408338647300744,0.002675492569235106,0.0005704169323650372,1.8025117002324136,1.0,121.0,40.0,True,False,True,-50.0,100.0,40.0,-190.0,2016-2017
2016-08-15,2189.75,2187.0,2180.0,0.004462505260063642,-0.0012566403664305383,0.0010501877142071495,0.0024629085027450793,0.0005250938571035748,1.811884304711229,1.0,131.0,40.0,True,False,True,-550.0,100.0,40.0,-690.0,2016-2017
2016-08-16,2179.5,2175.25,2187.0,-0.003435248998320557,-0.0019518922323135002,0.0012275853587145878,0.0028789428565217006,0.0006137926793572939,-1.1932327835332508,-1.0,113.0,40.0,True,False,True,850.0,100.0,40.0,710.0,2016-2017
2016-08-23,2186.5,2185.0,2180.5,0.002747883570154191,-0.0006862633232847244,0.0015590416377361553,0.0036562767339292966,0.0007795208188680776,0.7515524042954808,1.0,89.0,40.0,True,False,True,-300.0,100.0,40.0,-440.0,2016-2017
2016-08-24,2177.75,2174.5,2185.0,-0.0033235948306891724,-0.001493480661308285,0.0014017088058201573,0.003287298536751073,0.0007008544029100787,-1.0110413744089006,-1.0,99.0,40.0,True,False,True,650.0,100.0,40.0,510.0,2016-2017
2016-08-25,2168.5,2171.75,2174.5,-0.0027630687622721833,0.0014976098646088895,0.0012525842706526567,0.0029375705017880786,0.0006262921353263283,-0.9405965782235091,-1.0,111.0,40.0,True,False,True,-650.0,100.0,40.0,-790.0,2016-2017
2016-08-26,2161.75,2167.75,2171.75,-0.004615215299490275,0.0027716844167301764,0.001818164084491804,0.004263972737922647,0.000909082042245902,-1.0823744857568554,-1.0,77.0,40.0,True,False,True,-1200.0,100.0,40.0,-1340.0,2016-2017
2016-08-29,2180.25,2179.0,2167.75,0.005749785849825149,-0.0005734931624751104,0.0022144951571505317,0.005193451492575758,0.0011072475785752658,1.1071222785164534,1.0,63.0,40.0,True,False,True,-250.0,100.0,40.0,-390.0,2016-2017
2016-08-31,2164.5,2168.5,2175.0,-0.004839276640749268,0.001846296393385648,0.001773832344031877,0.0041600055908658255,0.0008869161720159385,-1.163286090618466,-1.0,79.0,40.0,True,False,True,-800.0,100.0,40.0,-940.0,2016-2017
2016-09-09,2138.5,2127.0,2179.75,-0.0191055426409611,-0.005392112466726182,0.0028544716151169946,0.006694329324756695,0.0014272358075584973,-2.8539890576201206,-1.0,50.0,40.0,True,False,True,2300.0,100.0,40.0,2160.0,2016-2017
2016-09-13,2117.0,2119.5,2151.0,-0.015932858132864897,0.00118021965782677,0.005227272759430729,0.012259041265864799,0.0026136363797153645,-1.2996822334899722,-1.0,27.0,27.0,False,False,True,-337.5,67.5,27.0,-432.0,2016-2017
2016-09-15,2142.5,2140.0,2118.5,0.011265080405320954,-0.0011675424560377012,0.003412311085604612,0.008002578846670034,0.001706155542802306,1.407681276393607,1.0,41.0,40.0,True,False,True,-500.0,100.0,40.0,-640.0,2016-2017
2016-09-16,2127.5,2130.5,2140.0,-0.005858247568367981,0.0014091124924375574,0.002878952237161514,0.006751741472480643,0.001439476118580757,-0.8676646746984544,-1.0,49.0,40.0,True,False,True,-600.0,100.0,40.0,-740.0,2016-2017
2016-09-21,2146.5,2155.25,2131.5,0.007012651459350294,0.004068117425419202,0.0024244446624921514,0.005685826726886492,0.0012122223312460757,1.2333565189719313,1.0,58.0,40.0,True,False,True,1750.0,100.0,40.0,1610.0,2016-2017
2016-09-22,2170.25,2168.75,2155.25,0.006935642181883023,-0.0006914035767480306,0.002983884732461585,0.006997829987317168,0.0014919423662307924,0.991113272893618,1.0,47.0,40.0,True,False,True,-300.0,100.0,40.0,-440.0,2016-2017
2016-09-26,2139.0,2139.0,2157.25,-0.00849583230601126,0.0,0.0030058367384103485,0.007049312004648077,0.0015029183692051743,-1.2052002096671839,-1.0,47.0,40.0,True,False,True,-0.0,100.0,40.0,-140.0,2016-2017
2016-09-27,2151.0,2152.75,2139.0,0.005594420185324532,0.0008132443085446159,0.002038839055205864,0.004781501418140548,0.001019419527602932,1.1700132858059709,1.0,69.0,40.0,True,False,True,350.0,100.0,40.0,210.0,2016-2017
2016-09-28,2161.75,2164.0,2152.75,0.004171984264265001,0.0010402821258324584,0.0020729047679747723,0.004861392596161001,0.0010364523839873861,0.8581870691866319,1.0,67.0,40.0,True,False,True,450.0,100.0,40.0,310.0,2016-2017
2016-09-29,2148.25,2143.75,2164.0,-0.007304803773039788,-0.0020969252790823865,0.0033971993565038694,0.007967138700503881,0.0016985996782519347,-0.9168666503292827,-1.0,41.0,40.0,True,False,True,900.0,100.0,40.0,760.0,2016-2017
2016-09-30,2166.0,2160.5,2143.75,0.010325516646685967,-0.0025424721889480933,0.003528883956033165,0.008275966460983004,0.0017644419780165825,1.247650856895754,1.0,40.0,40.0,False,False,True,-1100.0,100.0,40.0,-1240.0,2016-2017
2016-10-04,2136.25,2143.5,2153.25,-0.007926373239482414,0.003388051608231201,0.003086822184268327,0.007239239710432372,0.0015434110921341635,-1.0949179135565608,-1.0,46.0,40.0,True,False,True,-1450.0,100.0,40.0,-1590.0,2016-2017
2016-10-05,2156.5,2153.0,2143.5,0.00604653004986601,-0.0016243187235347493,0.002685000583009348,0.006296884524841072,0.001342500291504674,0.9602415330966578,1.0,52.0,40.0,True,False,True,-700.0,100.0,40.0,-840.0,2016-2017
2016-10-10,2159.0,2157.5,2146.75,0.00569008096221325,-0.0006950075572243218,0.0017415225239447035,0.004084232346198857,0.0008707612619723518,1.3931824832416637,1.0,80.0,40.0,True,False,True,-300.0,100.0,40.0,-440.0,2016-2017
2016-10-11,2126.0,2130.5,2157.5,-0.014707864055689716,0.0021144140380733884,0.002745432316939736,0.006438609503451345,0.001372716158469868,-2.2843230433225883,-1.0,52.0,40.0,True,False,True,-900.0,100.0,40.0,-1040.0,2016-2017
2016-10-18,2137.0,2133.0,2120.0,0.00798688765308951,-0.0018735368477970193,0.002106710368018461,0.0049406737557686035,0.0010533551840092306,1.6165583982881333,1.0,67.0,40.0,True,False,True,-800.0,100.0,40.0,-940.0,2016-2017
2016-10-19,2140.5,2138.5,2133.0,0.003510007113650151,-0.0009347979180375006,0.0018648572950816038,0.004373478023336224,0.0009324286475408019,0.8025665374151371,1.0,76.0,40.0,True,False,True,-400.0,100.0,40.0,-540.0,2016-2017
2016-10-24,2145.0,2144.25,2135.5,0.004438741080596148,-0.0003497114915865191,0.0016878869467591123,0.003958445767939595,0.0008439434733795561,1.1213343167529488,1.0,84.0,40.0,True,False,True,-150.0,100.0,40.0,-290.0,2016-2017
2016-10-25,2137.0,2137.5,2144.25,-0.0033868645513832835,0.00023394549176760323,0.0016416621678033208,0.003850039052085296,0.0008208310839016604,-0.8796961551724668,-1.0,86.0,40.0,True,False,True,-100.0,100.0,40.0,-240.0,2016-2017
2016-11-01,2098.25,2105.25,2120.75,-0.010666135724907187,0.0033305609471645323,0.0034380562850187552,0.008062956691205981,0.0017190281425093776,-1.3228566310594738,-1.0,42.0,40.0,True,False,True,-1400.0,100.0,40.0,-1540.0,2016-2017
2016-11-07,2121.25,2126.5,2080.25,0.019517458767896793,0.002471898145252153,0.0037709364515885447,0.008843629880911776,0.0018854682257942723,2.2069511083931235,1.0,38.0,38.0,False,False,True,997.5,95.0,38.0,864.5,2016-2017
2016-11-15,2175.75,2177.5,2160.25,0.007149476948114344,0.0008039970570348216,0.0024444698806049365,0.005732790026201546,0.0012222349403024683,1.247119973945997,1.0,57.0,40.0,True,False,True,350.0,100.0,40.0,210.0,2016-2017
2016-11-17,2182.25,2184.5,2174.25,0.0036726771455846768,0.0010305147760313511,0.0016651812042749001,0.0039051960817463745,0.0008325906021374501,0.9404590880215886,1.0,83.0,40.0,True,False,True,450.0,100.0,40.0,310.0,2016-2017
2016-11-21,2192.5,2195.75,2180.0,0.00571756846320346,0.0014812285508885698,0.001283009596631983,0.0030089242160236773,0.0006415047983159915,1.9002035454250432,1.0,107.0,40.0,True,False,True,650.0,100.0,40.0,510.0,2016-2017
2016-11-29,2207.5,2203.75,2200.0,0.003403293131707865,-0.0017001987660350704,0.0017723178467899893,0.004156453780000046,0.0008861589233949946,0.8187972997760189,1.0,77.0,40.0,True,False,True,-750.0,100.0,40.0,-890.0,2016-2017
2016-12-07,2234.25,2240.0,2211.25,0.010347634787506287,0.002570264587584253,0.003374942274109692,0.007914941215489213,0.001687471137054846,1.307354597562442,1.0,40.0,40.0,False,False,True,1150.0,100.0,40.0,1010.0,2016-2017
2016-12-13,2267.25,2266.5,2251.25,0.007082025837511372,-0.000330851946773191,0.002025513713004843,0.004750250720608194,0.0010127568565024216,1.490874114662443,1.0,66.0,40.0,True,False,True,-150.0,100.0,40.0,-290.0,2016-2017
2016-12-14,2252.75,2248.75,2266.5,-0.006085099265757211,-0.0017771858504038807,0.002012475908184965,0.004719674358007865,0.0010062379540924824,-1.2893048977908044,-1.0,67.0,40.0,True,False,True,800.0,100.0,40.0,660.0,2016-2017
2016-12-20,2264.0,2267.0,2258.5,0.0024322842284146256,0.0013242111844554507,0.0013013066372656533,0.0030518345798968257,0.0006506533186328267,0.796990847550084,1.0,103.0,40.0,True,False,True,600.0,100.0,40.0,460.0,2016-2017
2016-12-22,2256.75,2256.75,2261.0,-0.0018814680997055087,0.0,0.0009445484928526759,0.0022151625683968297,0.00047227424642633795,-0.849358925863024,-1.0,142.0,40.0,True,False,True,-0.0,100.0,40.0,-140.0,2016-2017
2016-12-27,2265.25,2264.0,2259.0,0.0027628906341668038,-0.0005519677790964248,0.0013430394713008697,0.003149706751127263,0.0006715197356504349,0.8771897997100777,1.0,99.0,40.0,True,False,True,-250.0,100.0,40.0,-390.0,2016-2017
2016-12-28,2246.25,2245.25,2264.0,-0.007871001225304701,-0.0004452855467096727,0.0019779858080108265,0.004638787903300531,0.0009889929040054132,-1.696779716896396,-1.0,68.0,40.0,True,False,True,200.0,100.0,40.0,60.0,2016-2017
2016-12-30,2229.75,2237.0,2245.25,-0.006927402004742401,0.003246210943812805,0.002062693463566686,0.0048374449645989795,0.001031346731783343,-1.4320373782932903,-1.0,66.0,40.0,True,False,True,-1450.0,100.0,40.0,-1590.0,2016-2017
2017-01-04,2264.5,2265.0,2252.5,0.005313273513775554,0.0002207749208657822,0.002549918090736334,0.005980087999524285,0.001274959045368167,0.8884942017907135,1.0,52.0,40.0,True,False,True,100.0,100.0,40.0,-40.0,2016-2017
2017-01-06,2273.75,2271.75,2263.25,0.0046286174767822255,-0.0008799912568756198,0.0018688036283294061,0.004382732995165727,0.0009344018141647031,1.0561030028267102,1.0,71.0,40.0,True,False,True,-400.0,100.0,40.0,-540.0,2016-2017
2017-01-19,2256.5,2258.75,2266.5,-0.004421851113848089,0.0009966226393823639,0.0013629683598201155,0.0031964441375204804,0.0006814841799100578,-1.3833656787376774,-1.0,98.0,40.0,True,False,True,-450.0,100.0,40.0,-590.0,2016-2017
2017-01-23,2259.25,2261.25,2266.25,-0.0030935832869956404,0.000884857927439657,0.0017189918146600582,0.004031393149244507,0.0008594959073300291,-0.7673732559612514,-1.0,78.0,40.0,True,False,True,-400.0,100.0,40.0,-540.0,2016-2017
2017-01-24,2278.25,2275.25,2261.25,0.00748984666673124,-0.0013176679187711152,0.0019550060929435604,0.004584895694446652,0.0009775030464717802,1.633591506956885,1.0,68.0,40.0,True,False,True,-600.0,100.0,40.0,-740.0,2016-2017
2017-01-25,2291.25,2294.5,2275.25,0.007007583696449661,0.0014174346809733152,0.0018573721566567387,0.00435592381772,0.0009286860783283694,1.6087479923185635,1.0,71.0,40.0,True,False,True,650.0,100.0,40.0,510.0,2016-2017
2017-01-30,2272.25,2275.25,2289.25,-0.007453722988961775,0.0013194064585852236,0.0014971946273386577,0.0035112326377961032,0.0007485973136693288,-2.1228223128047294,-1.0,89.0,40.0,True,False,True,-600.0,100.0,40.0,-740.0,2016-2017
2017-02-03,2292.0,2292.0,2276.25,0.006895446792812489,0.0,0.0022884330972403766,0.0053668513322989025,0.0011442165486201883,1.2848216516291702,1.0,58.0,40.0,True,False,True,0.0,100.0,40.0,-140.0,2016-2017
2017-02-09,2307.25,2303.75,2290.75,0.00717706430036343,-0.0015181091616530533,0.0017145817679781758,0.004021050673015378,0.0008572908839890879,1.7848728812415995,1.0,76.0,40.0,True,False,True,-700.0,100.0,40.0,-840.0,2016-2017
2017-02-10,2312.25,2312.75,2303.75,0.0036828464503364613,0.00021621621705848716,0.0016811741979297261,0.00394270297648905,0.0008405870989648631,0.9340917822868844,1.0,78.0,40.0,True,False,True,100.0,100.0,40.0,-40.0,2016-2017
2017-02-13,2325.75,2325.5,2312.75,0.005605274997239966,-0.00010749798451635717,0.0015639431188318048,0.003667771726018052,0.0007819715594159024,1.528250778934212,1.0,83.0,40.0,True,False,True,-50.0,100.0,40.0,-190.0,2016-2017
2017-02-15,2346.5,2346.75,2335.25,0.004805904481514213,0.00010653598262878553,0.0016975053756209375,0.003981002983098718,0.0008487526878104688,1.2072094650311995,1.0,76.0,40.0,True,False,True,50.0,100.0,40.0,-90.0,2016-2017
2017-02-24,2357.5,2365.25,2362.25,-0.002012819155122784,0.0032819890769409765,0.0009261009731056922,0.0021718992997213763,0.0004630504865528461,-0.9267552852846354,-1.0,138.0,40.0,True,False,True,-1550.0,100.0,40.0,-1690.0,2016-2017
2017-02-28,2362.5,2362.75,2369.0,-0.002747544790887656,0.00010581450726772289,0.0009318018415201838,0.002185269021249382,0.0004659009207600919,-1.2573027687532972,-1.0,137.0,40.0,True,False,True,-50.0,100.0,40.0,-190.0,2016-2017
2017-03-01,2400.25,2395.0,2362.75,0.015746703702567776,-0.002189667732717509,0.0017972384444262513,0.004214897761948717,0.0008986192222131256,3.735963383198989,1.0,70.0,40.0,True,False,True,-1050.0,100.0,40.0,-1190.0,2016-2017
2017-03-06,2375.25,2374.5,2381.75,-0.002732816500029861,-0.00031580609768230063,0.0012028514682390938,0.0028209367416776984,0.0006014257341195469,-0.96876206391093,-1.0,106.0,40.0,True,False,True,150.0,100.0,40.0,10.0,2016-2017
2017-03-14,2360.5,2362.5,2371.0,-0.004438346079064082,0.0008469193815563151,0.0016308535363984335,0.003824690564543493,0.0008154267681992168,-1.1604457940230344,-1.0,79.0,40.0,True,False,True,-400.0,100.0,40.0,-540.0,2016-2017
2017-03-15,2381.5,2382.0,2362.5,0.008010160873017293,0.00020992967433038003,0.0012335891580903344,0.0028930230141271103,0.0006167945790451672,2.7687857420775264,1.0,103.0,40.0,True,False,True,100.0,100.0,40.0,-40.0,2016-2017
2017-03-16,2375.25,2377.5,2382.0,-0.002837775828386495,0.0009468203326865002,0.0015732523319764362,0.0036896037660406195,0.0007866261659882181,-0.7691275292229451,-1.0,81.0,40.0,True,False,True,-450.0,100.0,40.0,-590.0,2016-2017
2017-03-21,2346.5,2340.0,2369.75,-0.009859608098678686,-0.002773926882725208,0.003336512710972328,0.007824815901197902,0.001668256355486164,-1.2600434595744645,-1.0,39.0,39.0,False,False,True,1267.5,97.5,39.0,1131.0,2016-2017
2017-03-28,2356.75,2354.5,2337.75,0.008094622960703651,-0.0009551605926504346,0.0033143856177288824,0.007772923267763831,0.0016571928088644412,1.0413872209795234,1.0,39.0,39.0,False,False,True,-438.75,97.5,39.0,-575.25,2016-2017
2017-04-12,2342.0,2341.25,2350.5,-0.0036228063065225505,-0.0003202903993643654,0.0017977070563298552,0.0042159967542776695,0.0008988535281649276,-0.8593000701072051,-1.0,72.0,40.0,True,False,True,150.0,100.0,40.0,10.0,2016-2017
2017-04-17,2338.25,2345.5,2325.25,0.005575226192083923,0.003095812453852339,0.0021744803637184086,0.005099608483705703,0.0010872401818592043,1.0932655339910733,1.0,59.0,40.0,True,False,True,1450.0,100.0,40.0,1310.0,2016-2017
2017-04-20,2354.75,2352.5,2334.25,0.008743924338891191,-0.0009559722433917964,0.0029020984363874102,0.006806024121295221,0.0014510492181937051,1.284733081026339,1.0,44.0,40.0,True,False,True,-450.0,100.0,40.0,-590.0,2016-2017
2017-04-24,2371.5,2370.75,2345.5,0.01102406754912373,-0.0003163055537996449,0.0031998083807206323,0.0075042158286735714,0.0015999041903603161,1.4690499048549246,1.0,40.0,40.0,False,False,True,-150.0,100.0,40.0,-290.0,2016-2017
2017-04-25,2385.75,2385.0,2370.75,0.006307179533526412,-0.0003144159749215958,0.0026008733414303138,0.006099588654974684,0.0013004366707151569,1.0340335865734849,1.0,49.0,40.0,True,False,True,-150.0,100.0,40.0,-290.0,2016-2017
2017-04-28,2379.25,2380.5,2385.25,-0.002518628679502474,0.0005252376821207461,0.0011488964507847031,0.0026944010095828873,0.0005744482253923516,-0.934763856807037,-1.0,111.0,40.0,True,False,True,-250.0,100.0,40.0,-390.0,2016-2017
2017-05-01,2388.25,2385.5,2380.5,0.0032503305155443386,-0.0011521341939560727,0.0012508966156951802,0.0029336126000832326,0.0006254483078475901,1.1079617381831943,1.0,101.0,40.0,True,False,True,-550.0,100.0,40.0,-690.0,2016-2017
2017-05-15,2397.75,2400.25,2387.75,0.0041792976932136594,0.0010421009696726263,0.0015771992111733957,0.0036988600182343884,0.0007885996055866978,1.1298880391825703,1.0,80.0,40.0,True,False,True,500.0,100.0,40.0,360.0,2016-2017
2017-05-17,2362.5,2355.75,2398.75,-0.015227387954011795,-0.002861232281032235,0.002180332243765966,0.005113332358905533,0.001090166121882983,-2.977977351206463,-1.0,59.0,40.0,True,False,True,1350.0,100.0,40.0,1210.0,2016-2017
2017-05-18,2369.25,2364.5,2355.75,0.005714301263438635,-0.0020068662663737663,0.0031655991731580975,0.007423988125532379,0.0015827995865790488,0.7697077590663386,1.0,40.0,40.0,False,False,True,-950.0,100.0,40.0,-1090.0,2016-2017
2017-05-19,2386.0,2380.0,2364.5,0.009051740573931023,-0.002517835992340994,0.0034426872483234593,0.008073817262839756,0.0017213436241617296,1.121122794739512,1.0,37.0,37.0,False,False,True,-1110.0,92.5,37.0,-1239.5,2016-2017
2017-05-25,2415.25,2413.75,2402.5,0.005292939553171456,-0.0006212466548947391,0.0011405508475355976,0.0026748288350804685,0.0005702754237677988,1.978795608808451,1.0,110.0,40.0,True,False,True,-300.0,100.0,40.0,-440.0,2016-2017
2017-05-31,2407.25,2410.5,2411.75,-0.0018676079302695839,0.0013491777252836476,0.0007677112825903666,0.001800442549428057,0.0003838556412951833,-1.037304928648161,-1.0,164.0,40.0,True,False,True,-650.0,100.0,40.0,-790.0,2016-2017
2017-06-01,2424.25,2429.75,2410.5,0.00568800333897864,0.0022661731989243716,0.0014825135663479126,0.003476802497875143,0.0007412567831739563,1.6359868995880202,1.0,84.0,40.0,True,False,True,1100.0,100.0,40.0,960.0,2016-2017
2017-06-07,2432.25,2432.0,2428.5,0.0015429720697374971,-0.00010279076947943028,0.0007040025078617811,0.001651032228915058,0.00035200125393089054,0.9345499395559527,1.0,177.0,40.0,True,False,True,-50.0,100.0,40.0,-190.0,2016-2017
2017-06-09,2420.0,2430.0,2433.5,-0.005563010122776955,0.004123717183862156,0.0014995586924408265,0.003516776861902334,0.0007497793462204132,-1.5818490456536243,-1.0,83.0,40.0,True,False,True,-2000.0,100.0,40.0,-2140.0,2016-2017
2017-06-13,2436.25,2438.5,2426.5,0.004010081976499719,0.0009231243283366256,0.0017381588328902787,0.004076343791432431,0.0008690794164451394,0.9837447923131558,1.0,71.0,40.0,True,False,True,450.0,100.0,40.0,310.0,2016-2017
2017-06-14,2430.25,2435.75,2438.5,-0.003388963448928871,0.002260584604272363,0.001264164483586828,0.002964728508412353,0.000632082241793414,-1.1430940267591994,-1.0,98.0,40.0,True,False,True,-1100.0,100.0,40.0,-1240.0,2016-2017
2017-06-19,2446.25,2450.25,2430.5,0.006459242224775824,0.0016338204390033222,0.0019562179816963224,0.004587737825499206,0.0009781089908481612,1.4079362139821,1.0,63.0,40.0,True,False,True,800.0,100.0,40.0,660.0,2016-2017
2017-06-20,2439.25,2434.5,2450.25,-0.004499445161229799,-0.0019492183653038108,0.0015930676267123132,0.0037360747513979714,0.0007965338133561566,-1.204324179955497,-1.0,78.0,40.0,True,False,True,950.0,100.0,40.0,810.0,2016-2017
2017-06-27,2425.25,2417.5,2436.25,-0.004525359980377687,-0.0032006635139435234,0.0017398438033048695,0.004080295397326148,0.0008699219016524347,-1.109076559344991,-1.0,72.0,40.0,True,False,True,1550.0,100.0,40.0,1410.0,2016-2017
2017-06-28,2438.5,2437.75,2417.5,0.008649147822657823,-0.0003076134348788884,0.0021885115833913398,0.005132514610647434,0.0010942557916956699,1.6851676963013629,1.0,57.0,40.0,True,False,True,-150.0,100.0,40.0,-290.0,2016-2017
2017-06-29,2417.25,2416.75,2437.75,-0.008444952351571444,-0.00020686801894213784,0.0028191974152136264,0.006611603993185735,0.0014095987076068132,-1.2772925239132977,-1.0,44.0,40.0,True,False,True,100.0,100.0,40.0,-40.0,2016-2017
2017-07-06,2413.0,2407.75,2429.5,-0.006814688220925991,-0.0021780851840581014,0.0023686157432870557,0.005554896305639746,0.0011843078716435279,-1.2267894567189688,-1.0,53.0,40.0,True,False,True,1050.0,100.0,40.0,910.0,2017-2018
2017-07-07,2422.5,2422.75,2407.75,0.0061073633239475695,0.00010319384973824156,0.0017940619462946622,0.004207448213499989,0.0008970309731473311,1.4515599513147959,1.0,70.0,40.0,True,False,True,50.0,100.0,40.0,-90.0,2017-2018
2017-07-12,2442.0,2441.5,2423.25,0.007707761297932668,-0.00020477116893502812,0.0018985862300423806,0.004452579387387267,0.0009492931150211903,1.7310777927433005,1.0,65.0,40.0,True,False,True,-100.0,100.0,40.0,-240.0,2017-2018
2017-07-14,2456.25,2456.5,2445.5,0.004386195638159537,0.00010177599113164404,0.0015793106108818148,0.003703811689468216,0.0007896553054409074,1.184238294466125,1.0,78.0,40.0,True,False,True,50.0,100.0,40.0,-90.0,2017-2018
2017-07-19,2469.0,2471.0,2458.0,0.004465199219199392,0.0008097166434305575,0.0011577685454685037,0.0027152079159466595,0.0005788842727342518,1.6445146587025163,1.0,106.0,40.0,True,False,True,400.0,100.0,40.0,260.0,2017-2018
2017-07-25,2476.5,2474.5,2469.0,0.003033062683112899,-0.0008079176363516864,0.0010849691581501393,0.0025444782191548863,0.0005424845790750697,1.192017546182922,1.0,113.0,40.0,True,False,True,-400.0,100.0,40.0,-540.0,2017-2018
2017-07-27,2465.0,2472.5,2474.75,-0.003947573323126252,0.003037977020076801,0.0014533048198149326,0.003408301915343655,0.0007266524099074663,-1.1582228984336391,-1.0,84.0,40.0,True,False,True,-1500.0,100.0,40.0,-1640.0,2017-2018
2017-08-10,2448.5,2436.75,2471.25,-0.009248503342454644,-0.004810407925052702,0.0017190268280913848,0.004031475263019556,0.0008595134140456924,-2.294074188496337,-1.0,72.0,40.0,True,False,True,2350.0,100.0,40.0,2210.0,2017-2018
2017-08-14,2462.0,2463.5,2439.5,0.00918092748850702,0.0006090752396189202,0.0022151539344220923,0.005194996462224129,0.0011075769672110462,1.7672634727024237,1.0,55.0,40.0,True,False,True,300.0,100.0,40.0,160.0,2017-2018
2017-08-17,2440.5,2429.0,2467.25,-0.010901233724914375,-0.004723286325029657,0.002087764129526344,0.004896240887962203,0.001043882064763172,-2.226449632352837,-1.0,59.0,40.0,True,False,True,2300.0,100.0,40.0,2160.0,2017-2018
2017-08-22,2450.5,2451.25,2426.75,0.009739171757266442,0.00030601316095381153,0.002401793985969781,0.005632706181820896,0.0012008969929848904,1.7290395491777701,1.0,51.0,40.0,True,False,True,150.0,100.0,40.0,10.0,2017-2018
2017-08-25,2447.25,2442.5,2437.5,0.003992021269537457,-0.001942840224601896,0.0015169098721195436,0.003557468985210625,0.0007584549360597718,1.1221520935624132,1.0,81.0,40.0,True,False,True,-950.0,100.0,40.0,-1090.0,2017-2018
2017-08-30,2458.75,2457.0,2445.5,0.005403489723857024,-0.0007119971820897528,0.002112068578431149,0.004953239873050664,0.0010560342892155744,1.090900069923134,1.0,58.0,40.0,True,False,True,-350.0,100.0,40.0,-490.0,2017-2018
2017-08-31,2471.5,2470.5,2457.0,0.005884160225834924,-0.00040469446120930505,0.002077400052298761,0.004871934972380062,0.0010387000261493804,1.2077665771799833,1.0,59.0,40.0,True,False,True,-200.0,100.0,40.0,-340.0,2017-2018
2017-09-25,2491.0,2494.25,2498.75,-0.003106370552429356,0.0013038465314360846,0.0009878168077457655,0.0023166357614346047,0.0004939084038728828,-1.3408972632390421,-1.0,123.0,40.0,True,False,True,-650.0,100.0,40.0,-790.0,2017-2018
2017-09-27,2506.75,2504.75,2495.0,0.004698364218415619,-0.0007981642646624049,0.0011969057530732128,0.002806992803618964,0.0005984528765366064,1.67380700526135,1.0,101.0,40.0,True,False,True,-400.0,100.0,40.0,-540.0,2017-2018
2017-10-02,2525.0,2526.25,2515.5,0.0037694717780869793,0.0004949270083705664,0.001084159016218977,0.0025425782679140774,0.0005420795081094885,1.4825391318944299,1.0,110.0,40.0,True,False,True,250.0,100.0,40.0,110.0,2017-2018
2017-10-05,2549.0,2549.5,2535.5,0.005310269141041696,0.00019613611909493126,0.0009699292104927937,0.002274685627404248,0.00048496460524639684,2.3345068334130623,1.0,122.0,40.0,True,False,True,100.0,100.0,40.0,-40.0,2017-2018
2017-10-20,2571.5,2572.75,2560.25,0.004384476259423886,0.0004859795012302061,0.0013198946872138787,0.0030954274211075967,0.0006599473436069394,1.4164364602853605,1.0,89.0,40.0,True,False,True,250.0,100.0,40.0,110.0,2017-2018
2017-10-25,2553.25,2554.75,2567.5,-0.005565605344504984,0.0005873140341100127,0.001593140485366281,0.0037362456200873764,0.0007965702426831405,-1.4896251238361642,-1.0,74.0,40.0,True,False,True,-300.0,100.0,40.0,-440.0,2017-2018
2017-10-27,2578.25,2578.75,2557.75,0.007982908437129023,0.00019391118928326135,0.0015312210497508733,0.0035910316717624358,0.0007656105248754366,2.223012539795035,1.0,77.0,40.0,True,False,True,100.0,100.0,40.0,-40.0,2017-2018
2017-11-09,2576.25,2582.0,2591.75,-0.005998469998552695,0.0022294392019190246,0.0015666468902664793,0.003674112632092131,0.0007833234451332397,-1.6326309504390497,-1.0,75.0,40.0,True,False,True,-1150.0,100.0,40.0,-1290.0,2017-2018
2017-11-16,2586.75,2584.75,2563.5,0.009028749261304782,-0.0007734700182574449,0.0017230578380476914,0.004040928819333089,0.0008615289190238457,2.2343252417880692,1.0,68.0,40.0,True,False,True,-400.0,100.0,40.0,-540.0,2017-2018
2017-11-21,2598.75,2597.75,2581.5,0.006659934852518829,-0.00038487443946656665,0.0017332233717746834,0.004064769109133139,0.0008666116858873417,1.638453421020792,1.0,67.0,40.0,True,False,True,-200.0,100.0,40.0,-340.0,2017-2018
2017-11-28,2622.0,2626.75,2600.25,0.008329791090402706,0.0018099552452393861,0.001045005685560291,0.002450755568328538,0.0005225028427801455,3.3988665365284803,1.0,110.0,40.0,True,False,True,950.0,100.0,40.0,810.0,2017-2018
2017-11-30,2646.75,2646.75,2625.5,0.00806111814557526,0.0,0.0017268119795556237,0.004049733061579796,0.0008634059897778118,1.9905307394336325,1.0,66.0,40.0,True,False,True,0.0,100.0,40.0,-140.0,2017-2018
2017-12-12,2671.75,2667.75,2663.25,0.0031865069136991623,-0.001498267908331862,0.0013239050135693143,0.0031048324700773816,0.0006619525067846571,1.0263055879532672,1.0,85.0,40.0,True,False,True,-800.0,100.0,40.0,-940.0,2017-2018
2017-12-13,2674.25,2667.0,2667.75,0.0024335466895659746,-0.0027147220042259873,0.0009482721024564374,0.0022238952069812863,0.0004741360512282187,1.0942721949876717,1.0,119.0,40.0,True,False,True,-1450.0,100.0,40.0,-1590.0,2017-2018
2017-12-14,2659.25,2655.5,2667.0,-0.002910117050240024,-0.0014111672693204371,0.0011307911958510438,0.0026519404230446594,0.0005653955979255219,-1.0973538564259884,-1.0,101.0,40.0,True,False,True,750.0,100.0,40.0,610.0,2017-2018
2017-12-15,2680.5,2677.25,2655.5,0.009370383405138667,-0.0012131959866080646,0.0015927840583835108,0.0037354097247187705,0.0007963920291917554,2.508528942121373,1.0,71.0,40.0,True,False,True,-650.0,100.0,40.0,-790.0,2017-2018
2017-12-18,2696.25,2694.75,2677.25,0.007071770422381695,-0.000556483041628285,0.0016250869096281163,0.003811166626001235,0.0008125434548140581,1.855539554249708,1.0,69.0,40.0,True,False,True,-300.0,100.0,40.0,-440.0,2017-2018
2017-12-21,2693.5,2688.5,2682.75,0.003999075313351562,-0.0018580458708556428,0.0016716243055443884,0.0039203064936146476,0.0008358121527721942,1.0200925156911105,1.0,67.0,40.0,True,False,True,-1000.0,100.0,40.0,-1140.0,2017-2018
2018-01-02,2691.25,2695.75,2677.5,0.005122246356668934,0.0016706890836090291,0.0015761876396024573,0.003696487672615129,0.0007880938198012287,1.385706327283687,1.0,71.0,40.0,True,False,True,900.0,100.0,40.0,760.0,2017-2018
2018-01-03,2710.5,2712.25,2695.75,0.0054566609382112425,0.0006454290021672299,0.0016462795654073987,0.003860867809331065,0.0008231397827036993,1.4133249848708664,1.0,68.0,40.0,True,False,True,350.0,100.0,40.0,210.0,2017-2018
2018-01-04,2726.5,2724.0,2712.25,0.00524018666355625,-0.0009173470967133136,0.0017703331365492361,0.004151799221904091,0.0008851665682746181,1.2621483803720654,1.0,63.0,40.0,True,False,True,-500.0,100.0,40.0,-640.0,2017-2018
2018-01-05,2735.75,2741.25,2724.0,0.004304233029149373,0.002008399433545513,0.0017938754371727241,0.004207010810837545,0.0008969377185863621,1.023109571779891,1.0,62.0,40.0,True,False,True,1100.0,100.0,40.0,960.0,2017-2018
2018-01-09,2757.0,2752.75,2746.75,0.003724737442806401,-0.001542720030096232,0.0012956156778663895,0.003038488097069415,0.0006478078389331948,1.2258522409216825,1.0,85.0,40.0,True,False,True,-850.0,100.0,40.0,-990.0,2017-2018
2018-01-11,2763.5,2768.25,2748.75,0.005351729404346611,0.0017173593049001012,0.001752797024092481,0.0041106733927874905,0.0008763985120462405,1.3019106343346698,1.0,62.0,40.0,True,False,True,950.0,100.0,40.0,810.0,2017-2018
2018-01-12,2785.25,2786.5,2768.25,0.0061222843612082235,0.0004486920701651367,0.0017935972202182096,0.004206358334243493,0.0008967986101091048,1.4554833123387019,1.0,61.0,40.0,True,False,True,250.0,100.0,40.0,110.0,2017-2018
2018-01-17,2807.0,2804.5,2777.5,0.01056505484809742,-0.0008910274134908532,0.002377288184435228,0.005575234982958511,0.001188644092217614,1.8949972297833175,1.0,45.0,40.0,True,False,True,-500.0,100.0,40.0,-640.0,2017-2018
2018-01-26,2862.75,2872.75,2840.0,0.007978649138197005,0.0034870578442943055,0.0020180377748074325,0.004732718091437893,0.0010090188874037162,1.685849227451647,1.0,52.0,40.0,True,False,True,2000.0,100.0,40.0,1860.0,2017-2018
2018-01-30,2823.5,2823.5,2853.25,-0.010481445320818022,0.0,0.0023568950404039214,0.005527408820880116,0.0011784475202019607,-1.8962674302692681,-1.0,45.0,40.0,True,False,True,-0.0,100.0,40.0,-140.0,2017-2018
2018-02-02,2768.25,2760.0,2822.25,-0.01931908756343863,-0.0029846718670220114,0.0024815699601493414,0.005819797425094436,0.0012407849800746707,-3.319546395229581,-1.0,44.0,40.0,True,False,True,1650.0,100.0,40.0,1510.0,2017-2018
2018-02-05,2688.75,2645.25,2760.0,-0.026154278129255856,-0.016310822797668736,0.0028984811561042893,0.006797540847071397,0.0014492405780521446,-3.847608821729107,-1.0,39.0,39.0,False,False,True,8482.5,97.5,39.0,8346.0,2017-2018
2018-02-23,2735.25,2747.25,2703.25,0.011768086531252803,0.004377571970134175,0.0037187554170992594,0.008721254507645559,0.0018593777085496297,1.3493570817061025,1.0,30.0,30.0,False,False,True,1800.0,75.0,30.0,1695.0,2017-2018
2018-02-26,2772.5,2779.25,2747.25,0.009149028897488701,0.0024316668892022807,0.003863414720697309,0.009060510646346246,0.0019317073603486545,1.0097696757498045,1.0,28.0,28.0,False,False,True,945.0,70.0,28.0,847.0,2017-2018
2018-03-01,2670.25,2675.75,2713.5,-0.016067213533654662,0.0020576138946801622,0.004303963195016229,0.010093688399802061,0.0021519815975081145,-1.5918079593154215,-1.0,26.0,26.0,False,False,True,-715.0,65.0,26.0,-806.0,2017-2018
2018-03-09,2780.25,2786.25,2739.0,0.014947961435873148,0.0021557540011273454,0.0042823795508950815,0.010043070267531935,0.0021411897754475408,1.4883856268733027,1.0,25.0,25.0,False,False,True,750.0,62.5,25.0,662.5,2017-2018
2018-03-19,2706.75,2716.25,2753.75,-0.017214965925545254,0.0035035993796316495,0.003278363127102888,0.007688443038893704,0.001639181563551444,-2.2390704904048206,-1.0,34.0,34.0,False,False,True,-1615.0,85.0,34.0,-1734.0,2017-2018
2018-03-22,2667.5,2645.5,2714.75,-0.01755816392110135,-0.008281620831721986,0.0034073886923607077,0.007991034811246406,0.0017036943461803539,-2.197232816004052,-1.0,33.0,33.0,False,False,True,3630.0,82.5,33.0,3514.5,2017-2018
2018-03-23,2610.25,2588.0,2645.5,-0.013414081173966712,-0.008560625549428578,0.004558532099279044,0.010690705400059706,0.002279266049639522,-1.2547423834064118,-1.0,25.0,25.0,False,False,True,2781.25,62.5,25.0,2693.75,2017-2018
2018-03-26,2644.25,2660.0,2588.0,0.021502094587371116,0.005938651567582547,0.005748156453079132,0.013480621808726554,0.002874078226539566,1.5950372981646839,1.0,20.0,20.0,False,False,True,1575.0,50.0,20.0,1505.0,2017-2018
2018-03-29,2650.75,2641.75,2605.0,0.017409943618440307,-0.0034010424847673755,0.0071585187423356044,0.016788214563021157,0.0035792593711678022,1.0370336615061266,1.0,16.0,16.0,False,False,True,-720.0,40.0,16.0,-776.0,2017-2018
2018-04-02,2566.5,2579.5,2641.75,-0.028898473320782256,0.00505247868434664,0.007829865552382393,0.018362662392096482,0.003914932776191197,-1.5737627095524296,-1.0,15.0,15.0,False,False,True,-975.0,37.5,15.0,-1027.5,2017-2018
2018-04-06,2589.25,2602.75,2662.5,-0.027897272548692304,0.00520031988587403,0.00741450279973938,0.017388550391576264,0.00370725139986969,-1.6043472239184988,-1.0,16.0,16.0,False,False,True,-1080.0,40.0,16.0,-1136.0,2017-2018
2018-04-09,2644.0,2613.75,2602.75,0.01572434361671457,-0.011506950228733518,0.005986770685573393,0.01404022178703118,0.0029933853427866965,1.1199498024482062,1.0,19.0,19.0,False,False,True,-2873.75,47.5,19.0,-2940.25,2017-2018
2018-04-10,2660.5,2656.5,2613.75,0.0177281032935806,-0.0015046081454260197,0.006613787250638053,0.015510705976255998,0.0033068936253190266,1.1429591483920218,1.0,17.0,17.0,False,False,True,-340.0,42.5,17.0,-399.5,2017-2018
2018-04-17,2706.25,2706.5,2678.0,0.010493665499682203,9.23744862325835e-05,0.0029817771615789712,0.00699288729547579,0.0014908885807894856,1.500619852184851,1.0,37.0,37.0,False,False,True,46.25,92.5,37.0,-83.25,2017-2018
2018-04-19,2689.0,2693.25,2708.75,-0.007317896581704122,0.0015792655054371913,0.0023233393104265983,0.005448713658521108,0.0011616696552132991,-1.3430503124824416,-1.0,48.0,40.0,True,False,True,-850.0,100.0,40.0,-990.0,2017-2018
2018-04-20,2669.25,2670.75,2693.25,-0.008951108715890162,0.0005617977675850907,0.002395761436393597,0.005618558599018873,0.0011978807181967986,-1.593132572730171,-1.0,47.0,40.0,True,False,True,-300.0,100.0,40.0,-440.0,2017-2018
2018-04-24,2626.5,2633.5,2669.5,-0.01623902754622463,0.0026615985294278304,0.003877001530570027,0.009092374539922607,0.0019385007652850134,-1.7860051271450215,-1.0,30.0,30.0,False,False,True,-1050.0,75.0,30.0,-1155.0,2017-2018
2018-04-26,2673.25,2666.25,2639.0,0.012894903133441887,-0.002621969851205687,0.004605464524173387,0.010800771692745284,0.0023027322620866935,1.1938872054950667,1.0,25.0,25.0,False,False,True,-875.0,62.5,25.0,-962.5,2017-2018
2018-05-04,2664.25,2661.5,2627.5,0.013889768349959457,-0.0010327184882534454,0.004080559484226948,0.009569760256857521,0.002040279742113474,1.4514228128135493,1.0,28.0,28.0,False,False,True,-385.0,70.0,28.0,-483.0,2017-2018
2018-05-09,2697.75,2696.0,2669.5,0.010526903303602004,-0.0006488992116453731,0.003774696137970339,0.008852447127040357,0.0018873480689851694,1.1891517850975821,1.0,30.0,30.0,False,False,True,-262.5,75.0,30.0,-367.5,2017-2018
2018-05-10,2720.5,2721.5,2696.0,0.009046493893782311,0.0003675119482746932,0.0032871824672665835,0.007709126224941225,0.0016435912336332918,1.1734785019493286,1.0,34.0,34.0,False,False,True,170.0,85.0,34.0,51.0,2017-2018
2018-05-15,2705.25,2709.5,2730.0,-0.009107279727247319,0.0015697865544109302,0.0028875315440279443,0.006771861730547976,0.0014437657720139721,-1.3448708921749295,-1.0,39.0,39.0,False,False,True,-828.75,97.5,39.0,-965.25,2017-2018
2018-05-16,2727.0,2722.5,2709.5,0.006437987839419712,-0.0016515280384729533,0.0025017937289456365,0.005867226367037019,0.0012508968644728182,1.0972796065257202,1.0,44.0,40.0,True,False,True,-900.0,100.0,40.0,-1040.0,2017-2018
2018-05-21,2732.0,2732.75,2712.75,0.007071061190363745,0.00027448648326415087,0.0024680397328270135,0.005788066229361116,0.0012340198664135067,1.221662107889226,1.0,45.0,40.0,True,False,True,150.0,100.0,40.0,10.0,2017-2018
2018-05-30,2727.25,2723.5,2688.25,0.014403351207230549,-0.0013759576541369336,0.0035434296395825404,0.008310079112661701,0.0017717148197912702,1.7332387588566753,1.0,31.0,31.0,False,False,True,-581.25,77.5,31.0,-689.75,2017-2018
2018-06-01,2733.75,2733.5,2705.25,0.010479963539219506,-9.145365592361677e-05,0.003264617404642959,0.007656206462265599,0.0016323087023214795,1.3688193481812545,1.0,34.0,34.0,False,False,True,-42.5,85.0,34.0,-161.5,2017-2018
2018-06-06,2767.25,2771.75,2749.25,0.006525900074689612,0.0016248423867277102,0.0018983056368747375,0.0044519213380794604,0.0009491528184373687,1.4658614964443324,1.0,58.0,40.0,True,False,True,900.0,100.0,40.0,760.0,2017-2018
2018-06-25,2705.25,2718.75,2757.0,-0.018948802572038684,0.0049778863852360765,0.002895404023068455,0.006790324330428222,0.0014477020115342275,-2.7905592796395493,-1.0,39.0,39.0,False,False,True,-2632.5,97.5,39.0,-2769.0,2017-2018
2018-06-28,2723.0,2718.5,2701.0,0.008112138881144069,-0.0016539560877842521,0.003230856513768854,0.007577030154954809,0.001615428256884427,1.0706224886592723,1.0,34.0,34.0,False,False,True,-765.0,85.0,34.0,-884.0,2017-2018
2018-07-06,2763.0,2761.25,2738.25,0.008998015719560583,-0.0006335701890896072,0.003077134292270427,0.007216519589779163,0.0015385671461352135,1.2468636172351797,1.0,36.0,36.0,False,False,True,-315.0,90.0,36.0,-441.0,2018-2019
2018-07-09,2785.0,2786.75,2761.25,0.008564397627057482,0.0006281689083483803,0.0023494030858528165,0.0055098386300309245,0.0011747015429264083,1.5543826602067679,1.0,46.0,40.0,True,False,True,350.0,100.0,40.0,210.0,2018-2019
2018-07-11,2778.5,2776.0,2796.25,-0.006368020084363467,-0.0009001710932808397,0.0017627719065613666,0.004134066565754714,0.0008813859532806833,-1.5403767653656353,-1.0,62.0,40.0,True,False,True,500.0,100.0,40.0,360.0,2018-2019
2018-07-12,2796.5,2800.0,2776.0,0.007357592634947602,0.0012507819016526766,0.0017128325107133658,0.004016948301093952,0.0008564162553566829,1.8316373733124418,1.0,63.0,40.0,True,False,True,700.0,100.0,40.0,560.0,2018-2019
2018-07-25,2833.5,2847.0,2820.5,0.00459852242964323,0.004753111668363672,0.0016585697496196644,0.003889690846191237,0.0008292848748098322,1.1822333988692382,1.0,64.0,40.0,True,False,True,2700.0,100.0,40.0,2560.0,2018-2019
2018-07-27,2813.25,2819.0,2837.75,-0.008671086005342391,0.002041813484006181,0.00232867388992852,0.00546122435640503,0.00116433694496426,-1.587754950073196,-1.0,46.0,40.0,True,False,True,-1150.0,100.0,40.0,-1290.0,2018-2019
2018-07-31,2820.5,2816.25,2803.25,0.006134715839040723,-0.001507961433576569,0.002071933455518932,0.004859114666535707,0.001035966727759466,1.26251719912888,1.0,52.0,40.0,True,False,True,-850.0,100.0,40.0,-990.0,2018-2019
2018-08-07,2861.75,2859.0,2850.5,0.003938908326949157,-0.000961412476273856,0.0010063825335793817,0.0023601762479558822,0.0005031912667896909,1.668904316091052,1.0,105.0,40.0,True,False,True,-550.0,100.0,40.0,-690.0,2018-2019
2018-08-10,2828.75,2833.75,2853.25,-0.00862377748596223,0.001766004873991569,0.0013206959746910039,0.003097306606813025,0.0006603479873455019,-2.784282791698065,-1.0,81.0,40.0,True,False,True,-1000.0,100.0,40.0,-1140.0,2018-2019
2018-08-14,2842.0,2840.75,2823.0,0.006707880403556647,-0.0004399278589274209,0.002700115017800272,0.006332331016413158,0.001350057508900136,1.0593066575594483,1.0,39.0,39.0,False,False,True,-243.75,97.5,39.0,-380.25,2018-2019
2018-08-15,2814.25,2819.5,2840.75,-0.00937230556320508,0.0018637680123233403,0.002955889499231978,0.006932175345747128,0.001477944749615989,-1.3520006485345133,-1.0,36.0,36.0,False,False,True,-945.0,90.0,36.0,-1071.0,2018-2019
2018-08-16,2845.25,2842.5,2819.5,0.009091372914762419,-0.0009669905373080935,0.002411955099933787,0.005656536106357964,0.0012059775499668934,1.6072332508482863,1.0,44.0,40.0,True,False,True,-550.0,100.0,40.0,-690.0,2018-2019
2018-08-21,2867.75,2863.25,2858.0,0.003405670671564451,-0.0015704068835514383,0.001320863730274494,0.003097700028529325,0.000660431865137247,1.099419130386663,1.0,80.0,40.0,True,False,True,-900.0,100.0,40.0,-1040.0,2018-2019
2018-08-24,2874.5,2875.5,2858.0,0.005756666573532867,0.0003478260904631707,0.0020261895799967952,0.004751835769203492,0.0010130947899983976,1.2114616020279265,1.0,52.0,40.0,True,False,True,200.0,100.0,40.0,60.0,2018-2019
2018-08-27,2897.75,2897.5,2875.5,0.0077080016150455595,-8.627755494761793e-05,0.0014239480211305643,0.0033394541197400924,0.0007119740105652821,2.308162154252165,1.0,73.0,40.0,True,False,True,-50.0,100.0,40.0,-190.0,2018-2019
2018-08-29,2913.5,2914.5,2899.25,0.004903024746316171,0.00034317090247563227,0.0013263007653727954,0.0031104510060852185,0.0006631503826863977,1.5763066953068865,1.0,78.0,40.0,True,False,True,200.0,100.0,40.0,60.0,2018-2019
2018-08-30,2900.0,2901.5,2914.5,-0.004987541511039051,0.0005171076560976483,0.001180967333729409,0.002769613896980538,0.0005904836668647045,-1.8008075120061036,-1.0,88.0,40.0,True,False,True,-300.0,100.0,40.0,-440.0,2018-2019
2018-09-13,2905.75,2905.25,2888.75,0.0058676499352268855,-0.0001720874208342321,0.001917647736339666,0.004497282582158648,0.000958823868169833,1.304710083930389,1.0,54.0,40.0,True,False,True,-100.0,100.0,40.0,-240.0,2018-2019
2018-09-18,2914.75,2911.25,2895.0,0.006798941806305184,-0.0012015106148500544,0.00148557541030421,0.003483983158448512,0.000742787705152105,1.9514852676075765,1.0,70.0,40.0,True,False,True,-700.0,100.0,40.0,-840.0,2018-2019
2018-09-20,2938.0,2937.0,2914.25,0.008116580933880872,-0.00034042553520250666,0.0016585762058054768,0.0038897059872890784,0.0008292881029027384,2.086682376612661,1.0,62.0,40.0,True,False,True,-200.0,100.0,40.0,-340.0,2018-2019
2018-09-24,2923.75,2924.75,2934.5,-0.0036700421000004473,0.0003419680293222062,0.0015115982626300636,0.003545012156780883,0.0007557991313150318,-1.0352692565469508,-1.0,68.0,40.0,True,False,True,-200.0,100.0,40.0,-340.0,2018-2019
2018-10-04,2901.75,2906.5,2930.25,-0.009773740354557648,0.0016356048926731174,0.002664754403222922,0.006249403024467836,0.001332377201611461,-1.5639478389041688,-1.0,39.0,39.0,False,False,True,-926.25,97.5,39.0,-1062.75,2018-2019
2018-10-10,2827.0,2792.5,2886.0,-0.020655381640225887,-0.012278826750234617,0.003566302503764357,0.008363720733977047,0.0017831512518821785,-2.4696402829801336,-1.0,30.0,30.0,False,False,True,5175.0,75.0,30.0,5070.0,2018-2019
2018-10-11,2733.75,2731.75,2792.5,-0.021262958952378223,-0.000731863540122815,0.00765632043095236,0.017955663005798532,0.00382816021547618,-1.1841923601212412,-1.0,14.0,14.0,False,False,True,140.0,35.0,14.0,91.0,2018-2019
2018-10-16,2803.25,2811.0,2752.75,0.018179046347289667,0.002760833565541776,0.0058413092716915836,0.013699084532972462,0.0029206546358457918,1.32702636468403,1.0,18.0,18.0,False,False,True,697.5,45.0,18.0,634.5,2018-2019
2018-10-18,2771.0,2772.0,2812.0,-0.014687708067577101,0.00036081544681544744,0.005498937420996858,0.012896151370863234,0.002749468710498429,-1.1389218104838317,-1.0,20.0,20.0,False,False,True,-100.0,50.0,20.0,-170.0,2018-2019
2018-10-24,2697.75,2657.75,2741.25,-0.015995928488254915,-0.014938192075128467,0.004493376624841582,0.010537902267989582,0.002246688312420791,-1.517942383736551,-1.0,25.0,25.0,False,False,True,5000.0,62.5,25.0,4912.5,2018-2019
2018-10-25,2718.5,2706.75,2657.75,0.022600357417260863,-0.004331604394967679,0.005624252374353308,0.01319004098694555,0.002812126187176654,1.7134410302158192,1.0,20.0,20.0,False,False,True,-1175.0,50.0,20.0,-1245.0,2018-2019
2018-10-26,2649.0,2657.25,2706.75,-0.021566442918937914,0.003109543141621392,0.006005559797587799,0.01408428616058391,0.0030027798987938997,-1.5312414610896976,-1.0,19.0,19.0,False,False,True,-783.75,47.5,19.0,-850.25,2018-2019
2018-10-31,2733.75,2711.5,2683.0,0.018738721565353486,-0.008172305709862233,0.006219642383714881,0.01458635432852102,0.0031098211918574406,1.2846747818756363,1.0,18.0,18.0,False,False,True,-2002.5,45.0,18.0,-2065.5,2018-2019
2018-11-07,2804.75,2813.0,2754.5,0.0180784705123029,0.002937121064782679,0.003205123727266785,0.00751668142127807,0.0016025618636333924,2.405113307200533,1.0,34.0,34.0,False,False,True,1402.5,85.0,34.0,1283.5,2018-2019
2018-11-09,2778.75,2781.25,2807.25,-0.010204170174241736,0.0008992806361440172,0.003907255937505205,0.009163327413469041,0.0019536279687526023,-1.1135878610255459,-1.0,28.0,28.0,False,False,True,-350.0,70.0,28.0,-448.0,2018-2019
2018-11-12,2739.0,2727.75,2781.25,-0.015307576651472136,-0.004115796727870011,0.0038634491272234437,0.009060591336802457,0.0019317245636117219,-1.6894677270450962,-1.0,29.0,29.0,False,False,True,1631.25,72.5,29.0,1529.75,2018-2019
2018-11-19,2695.5,2692.75,2737.75,-0.015552699264145127,-0.0010207396608438244,0.005795476461510074,0.013591597065376288,0.002897738230755037,-1.1442878411812707,-1.0,19.0,19.0,False,False,True,261.25,47.5,19.0,194.75,2018-2019
2018-11-20,2642.25,2642.5,2692.75,-0.018932149341422858,9.461185493597201e-05,0.004872951875707491,0.01142808513733978,0.0024364759378537456,-1.6566335579321618,-1.0,23.0,23.0,False,False,True,-28.75,57.5,23.0,-109.25,2018-2019
2018-11-28,2727.5,2744.25,2682.5,0.01663624320237229,0.0061223748601999745,0.004141488992548865,0.009712652619893227,0.0020707444962744324,1.7128423977913436,1.0,27.0,27.0,False,False,True,2261.25,67.5,27.0,2166.75,2018-2019
2018-12-04,2721.25,2703.5,2791.0,-0.025308620987564978,-0.00654410372669771,0.00676685971515971,0.015869692726249694,0.003383429857579855,-1.5947770019329088,-1.0,16.0,16.0,False,False,True,1420.0,40.0,16.0,1364.0,2018-2019
2018-12-07,2628.5,2633.25,2696.75,-0.025634002996035674,0.0018054834571485736,0.00905079683409304,0.021226000054794997,0.00452539841704652,-1.2076699769085744,-1.0,13.0,13.0,False,False,True,-308.75,32.5,13.0,-354.25,2018-2019
2018-12-14,2603.0,2600.5,2649.25,-0.01761195506038001,-0.0009608917814381756,0.004848457171359553,0.011370639963686887,0.0024242285856797764,-1.5488974337966286,-1.0,24.0,24.0,False,False,True,300.0,60.0,24.0,216.0,2018-2019
2019-01-03,2456.0,2448.25,2510.75,-0.02204750300641533,-0.003160526666129263,0.006532602731500637,0.015320311402248087,0.0032663013657503186,-1.439102798078902,-1.0,19.0,19.0,False,False,True,736.25,47.5,19.0,669.75,2018-2019
2019-01-04,2524.75,2532.5,2448.25,0.030768564305762483,0.0030649092161721208,0.007416057292673504,0.017392196000654638,0.003708028646336752,1.7691017456682503,1.0,16.0,16.0,False,False,True,620.0,40.0,16.0,564.0,2018-2019
2019-01-15,2603.5,2610.5,2581.25,0.008582915893610935,0.0026850802476532896,0.003481744820578906,0.00816541538906345,0.001740872410289453,1.0511303448329983,1.0,33.0,33.0,False,False,True,1155.0,82.5,33.0,1039.5,2018-2019
2019-01-18,2666.75,2670.5,2635.75,0.011692731048533227,0.001405218274232719,0.0028429425707178525,0.006667291318983975,0.0014214712853589263,1.7537453351168517,1.0,40.0,40.0,False,False,True,750.0,100.0,40.0,610.0,2018-2019
2019-01-25,2665.0,2663.25,2641.5,0.008857119995574363,-0.000656876108638,0.0027107891267924645,0.006357364020932684,0.0013553945633962322,1.3932063613804109,1.0,42.0,40.0,True,False,True,-350.0,100.0,40.0,-490.0,2018-2019
2019-01-28,2639.5,2642.5,2663.25,-0.008957676227636085,0.0011359334807216992,0.002643494319414585,0.006199543708392941,0.0013217471597072926,-1.4448928258234852,-1.0,43.0,40.0,True,False,True,-600.0,100.0,40.0,-740.0,2018-2019
2019-01-30,2689.5,2680.5,2638.75,0.01904998255076683,-0.003351958445704818,0.0027604512152185736,0.006473831942042468,0.0013802256076092868,2.942613080060376,1.0,41.0,40.0,True,False,True,-1800.0,100.0,40.0,-1940.0,2018-2019
2019-01-31,2700.25,2702.5,2680.5,0.007341017030991037,0.0008329092147797928,0.0030528727711645826,0.0071596212793030925,0.0015264363855822913,1.0253359423091721,1.0,37.0,37.0,False,False,True,416.25,92.5,37.0,286.75,2018-2019
2019-02-07,2695.5,2704.25,2731.0,-0.013084126581981582,0.0032408936186754654,0.0018982668613479424,0.004451830401408474,0.0009491334306739712,-2.9390442587035697,-1.0,59.0,40.0,True,False,True,-1750.0,100.0,40.0,-1890.0,2018-2019
2019-02-12,2744.25,2744.0,2708.75,0.013020539716857068,-9.110372165009207e-05,0.00258907354781863,0.006071915686015231,0.001294536773909315,2.144387437204675,1.0,43.0,40.0,True,False,True,-50.0,100.0,40.0,-190.0,2018-2019
2019-02-15,2771.25,2775.75,2745.5,0.009335274211593966,0.0016224990038538466,0.0034519694661519448,0.008095585993234176,0.0017259847330759724,1.153131375467551,1.0,32.0,32.0,False,False,True,720.0,80.0,32.0,608.0,2018-2019
2019-02-21,2766.75,2775.25,2786.0,-0.006933529194856294,0.0030674870678618796,0.0018347726812116404,0.004302923349824284,0.0009173863406058202,-1.6113531734511224,-1.0,60.0,40.0,True,False,True,-1700.0,100.0,40.0,-1840.0,2018-2019
2019-03-01,2802.75,2804.25,2785.0,0.006353204672318616,0.0005350454916298838,0.0018070826934408766,0.00423798457230963,0.0009035413467204383,1.499109910363885,1.0,60.0,40.0,True,False,True,300.0,100.0,40.0,160.0,2018-2019
2019-03-07,2742.25,2749.0,2771.75,-0.010700138361017507,0.0024584578738022617,0.0019249250756280315,0.004514349455602513,0.0009624625378140157,-2.370250346423259,-1.0,57.0,40.0,True,False,True,-1350.0,100.0,40.0,-1490.0,2018-2019
2019-03-08,2736.0,2743.25,2749.0,-0.00474020942280458,0.0026463491284675045,0.0016541626859466628,0.0038793553657380407,0.0008270813429733314,-1.2219064705104075,-1.0,67.0,40.0,True,False,True,-1450.0,100.0,40.0,-1590.0,2018-2019
2019-03-13,2819.0,2816.25,2797.25,0.007745420426282047,-0.0009759993676583644,0.0027078948646671592,0.006350576374589889,0.0013539474323335796,1.2196405443249607,1.0,40.0,40.0,False,False,True,-550.0,100.0,40.0,-690.0,2018-2019
2019-03-15,2830.0,2828.25,2814.0,0.005669752962949012,-0.0006185658307071711,0.002128780243893026,0.004992432202578306,0.001064390121946513,1.1356694959264362,1.0,50.0,40.0,True,False,True,-350.0,100.0,40.0,-490.0,2018-2019
2019-03-21,2861.5,2861.0,2829.5,0.011245945266578385,-0.00017474879904669178,0.002672568606881254,0.006267728956462592,0.001336284303440627,1.7942615809802696,1.0,40.0,40.0,False,False,True,-100.0,100.0,40.0,-240.0,2018-2019
2019-03-22,2825.25,2805.75,2861.0,-0.012574357809850119,-0.006925973343894954,0.003533494626055719,0.00828677944065157,0.0017667473130278594,-1.5173998415072365,-1.0,30.0,30.0,False,False,True,2925.0,75.0,30.0,2820.0,2018-2019
2019-03-29,2837.75,2838.0,2819.75,0.0063632561154225555,8.80940845391061e-05,0.0023114950916512693,0.005420936503317808,0.0011557475458256346,1.1738296715942005,1.0,46.0,40.0,True,False,True,50.0,100.0,40.0,-90.0,2018-2019
2019-04-01,2867.75,2870.75,2838.0,0.010428171441389088,0.0010455694949217079,0.00222200929710343,0.005211073712804055,0.001111004648551715,2.001156002795773,1.0,47.0,40.0,True,False,True,600.0,100.0,40.0,460.0,2018-2019
2019-04-09,2880.75,2883.5,2898.75,-0.006228932675617488,0.0009541571613434394,0.0015974589966307525,0.0037463734267343023,0.0007987294983153762,-1.6626566458024505,-1.0,66.0,40.0,True,False,True,-550.0,100.0,40.0,-690.0,2018-2019
2019-04-12,2908.0,2912.0,2892.25,0.0054308137444116075,0.0013745706631665632,0.0014126580635092296,0.003312976822162669,0.0007063290317546148,1.6392549769987348,1.0,74.0,40.0,True,False,True,800.0,100.0,40.0,660.0,2018-2019
2019-04-23,2937.5,2937.0,2911.75,0.00880460446965327,-0.00017022725379429215,0.0019617189700449392,0.004600638786721685,0.0009808594850224696,1.9137786898343392,1.0,52.0,40.0,True,False,True,-100.0,100.0,40.0,-240.0,2018-2019
2019-05-03,2945.5,2945.75,2918.75,0.009123139544534612,8.487163170800598e-05,0.003502136071575599,0.008213237111582153,0.0017510680357877995,1.1107848733198427,1.0,29.0,29.0,False,False,True,36.25,72.5,29.0,-65.25,2018-2019
2019-05-07,2874.5,2885.0,2933.75,-0.02040272210188766,0.003646153878854237,0.0057883212753346725,0.013574816666375502,0.0028941606376673363,-1.5029832522471347,-1.0,18.0,18.0,False,False,True,-945.0,45.0,18.0,-1008.0,2018-2019
2019-05-13,2820.25,2813.0,2883.75,-0.022265997002933764,-0.0025740039951728773,0.004702502696226517,0.011028346378496513,0.0023512513481132587,-2.0189787515514426,-1.0,23.0,23.0,False,False,True,833.75,57.5,23.0,753.25,2018-2019
2019-05-16,2885.0,2877.75,2852.75,0.011241458627410883,-0.0025161611470285055,0.004382345640356145,0.01027751152825998,0.0021911728201780725,1.0937918771971549,1.0,24.0,24.0,False,False,True,-870.0,60.0,24.0,-954.0,2018-2019
2019-05-21,2867.25,2866.0,2841.25,0.00910928607787895,-0.0004360528565147458,0.0031035108633005746,0.007278378132004116,0.0015517554316502873,1.2515543865224668,1.0,34.0,34.0,False,False,True,-212.5,85.0,34.0,-331.5,2018-2019
2019-05-23,2809.0,2822.5,2857.5,-0.017118568564722058,0.0047944689195734864,0.0022930948850406695,0.005377784193782626,0.0011465474425203348,-3.1832011006527945,-1.0,47.0,40.0,True,False,True,-2700.0,100.0,40.0,-2840.0,2018-2019
2019-05-29,2774.5,2782.75,2801.5,-0.009684437239383331,0.0029690966073792346,0.0026961394127754616,0.006323007396181556,0.0013480697063877308,-1.5316188377751594,-1.0,40.0,40.0,False,False,True,-1650.0,100.0,40.0,-1790.0,2018-2019
2019-05-31,2758.5,2752.0,2789.25,-0.01108568876080369,-0.002359133659251168,0.0031626648556238542,0.007417106540928909,0.0015813324278119271,-1.4946109644820247,-1.0,35.0,35.0,False,False,True,1137.5,87.5,35.0,1015.0,2018-2019
2019-06-04,2791.25,2803.5,2743.5,0.017255046655337468,0.004379112409359674,0.003840475472086652,0.00900671333974528,0.001920237736043326,1.9157983611173153,1.0,28.0,28.0,False,False,True,1715.0,70.0,28.0,1617.0,2018-2019
2019-06-07,2875.25,2873.5,2845.25,0.01048868981069158,-0.0006088280248945883,0.0025557081162012906,0.005993666812869591,0.0012778540581006453,1.7499621080321455,1.0,41.0,40.0,True,False,True,-350.0,100.0,40.0,-490.0,2018-2019
2019-06-10,2894.75,2886.75,2873.5,0.007367952544586258,-0.0027674496604172586,0.002229533956445534,0.005228720603186809,0.001114766978222767,1.409131048252153,1.0,47.0,40.0,True,False,True,-1600.0,100.0,40.0,-1740.0,2018-2019
2019-06-18,2925.5,2923.5,2895.0,0.01048029522119511,-0.0006838776125655731,0.0026264844274328136,0.006159651975680843,0.0013132422137164068,1.701442754001811,1.0,39.0,39.0,False,False,True,-390.0,97.5,39.0,-526.5,2018-2019
2019-06-20,2954.75,2958.25,2931.0,0.008070383181457648,0.0011838323723181937,0.00273276583097279,0.006408903960750873,0.001366382915486395,1.2592454545866085,1.0,37.0,37.0,False,False,True,647.5,92.5,37.0,518.0,2018-2019
2019-06-25,2926.75,2922.0,2950.75,-0.008166782949396535,-0.0016242790491370373,0.0020286417671587583,0.004757586657858746,0.0010143208835793791,-1.716581018215687,-1.0,51.0,40.0,True,False,True,950.0,100.0,40.0,810.0,2018-2019
2019-07-08,2976.75,2979.75,2995.0,-0.006112130218265295,0.0010073030315335349,0.0023835767119346715,0.005589982887203247,0.0011917883559673357,-1.0934076797010173,-1.0,43.0,40.0,True,False,True,-600.0,100.0,40.0,-740.0,2019-2020
2019-07-23,3006.0,3007.75,2987.75,0.006089695565929533,0.000581999600714134,0.0025273959497816904,0.005927268897084973,0.0012636979748908452,1.0274032900590089,1.0,40.0,40.0,False,False,True,350.0,100.0,40.0,210.0,2019-2020
2019-07-25,3003.75,3006.5,3021.75,-0.005974625688887695,0.0009151034289446714,0.002312323567697965,0.005422879451870837,0.0011561617838489824,-1.101744145691181,-1.0,44.0,40.0,True,False,True,-550.0,100.0,40.0,-690.0,2019-2020
2019-07-26,3028.0,3026.75,3006.5,0.007125724077715989,-0.00041289896948975966,0.0022918409874582413,0.0053748435432917135,0.0011459204937291207,1.3257546978478156,1.0,44.0,40.0,True,False,True,-250.0,100.0,40.0,-390.0,2019-2020
2019-07-31,2982.0,2979.5,3014.75,-0.010922691659018196,-0.000838715137650187,0.0022603279440832186,0.005300938905648611,0.0011301639720416093,-2.0605201933904804,-1.0,45.0,40.0,True,False,True,500.0,100.0,40.0,360.0,2019-2020
2019-08-01,2957.0,2954.0,2979.5,-0.0075802603345563645,-0.0010150567611521256,0.003035070003545262,0.007117870088398025,0.001517535001772631,-1.0649618833184418,-1.0,34.0,34.0,False,False,True,510.0,85.0,34.0,391.0,2019-2020
2019-08-02,2927.5,2931.75,2954.0,-0.009011367619452672,0.0014506978693015619,0.003103404773527434,0.007278129329432169,0.001551702386763717,-1.2381433760748695,-1.0,33.0,33.0,False,False,True,-701.25,82.5,33.0,-816.75,2019-2020
2019-08-05,2831.25,2844.5,2931.75,-0.034881204109829776,0.004668994959358007,0.0035068879139605563,0.008224381169787453,0.0017534439569802782,-4.241194977436975,-1.0,30.0,30.0,False,False,True,-1987.5,75.0,30.0,-2092.5,2019-2020
2019-08-06,2873.5,2881.5,2844.5,0.010143493757094042,0.0027801929289248194,0.003954484784087016,0.009274088876631847,0.001977242392043508,1.093745584286221,1.0,27.0,27.0,False,False,True,1080.0,67.5,27.0,985.5,2019-2020
2019-08-08,2929.5,2938.75,2883.25,0.01591362987879515,0.003152560869435951,0.005096022984743066,0.011951233260030655,0.002548011492371533,1.33154709079407,1.0,20.0,20.0,False,False,True,925.0,50.0,20.0,855.0,2019-2020
2019-08-12,2876.0,2883.75,2918.5,-0.014669345802908358,0.0026910906470260557,0.005183982975218774,0.012157517722811245,0.002591991487609387,-1.206606984860417,-1.0,20.0,20.0,False,False,True,-775.0,50.0,20.0,-845.0,2019-2020
2019-08-13,2931.5,2927.25,2883.75,0.016422706916306287,-0.0014508216754357667,0.005929753588577313,0.013906504841866283,0.0029648767942886565,1.1809370580927596,1.0,17.0,17.0,False,False,True,-361.25,42.5,17.0,-420.75,2019-2020
2019-08-14,2847.25,2841.0,2927.25,-0.027709799574373577,-0.002197513300272585,0.0061984469709851385,0.014536646679569247,0.0030992234854925692,-1.9062030043915659,-1.0,17.0,17.0,False,False,True,531.25,42.5,17.0,471.75,2019-2020
2019-08-23,2858.5,2847.75,2923.25,-0.022398999316401894,-0.00376780292400461,0.005317784330329391,0.01247130971515953,0.0026588921651646957,-1.796042262439745,-1.0,20.0,20.0,False,False,True,1075.0,50.0,20.0,1005.0,2019-2020
2019-08-29,2926.0,2924.75,2888.25,0.012985520216941762,-0.0004272956523587084,0.004410645842538241,0.010343881385420528,0.0022053229212691205,1.2553817791496107,1.0,23.0,23.0,False,False,True,-143.75,57.5,23.0,-224.25,2019-2020
2019-09-05,2978.0,2976.25,2938.0,0.013522856510131668,-0.0005878154428817093,0.004488988329480127,0.01052761080312852,0.0022444941647400637,1.2845133395426285,1.0,23.0,23.0,False,False,True,-201.25,57.5,23.0,-281.75,2019-2020
2019-09-18,2988.75,3009.25,3008.25,-0.006503274545737441,0.006835638487309627,0.0023890546825081505,0.005602829866958095,0.0011945273412540753,-1.1607124792579537,-1.0,42.0,40.0,True,False,True,-4100.0,100.0,40.0,-4240.0,2019-2020
2019-09-24,2967.75,2968.75,2993.75,-0.008722692225581955,0.00033689884930789053,0.00291290053183669,0.0068313572806624305,0.001456450265918345,-1.2768607858168008,-1.0,35.0,35.0,False,False,True,-175.0,87.5,35.0,-297.5,2019-2020
2019-09-27,2949.0,2962.75,2979.75,-0.010373274547541758,0.004651761253281833,0.0030191179345155296,0.007080459170408601,0.0015095589672577648,-1.4650567566147175,-1.0,34.0,34.0,False,False,True,-2337.5,85.0,34.0,-2456.5,2019-2020
2019-10-01,2947.0,2940.75,2977.75,-0.010380278023315545,-0.0021230528971439783,0.0036881649136953332,0.008649513418012206,0.0018440824568476666,-1.2000996497327934,-1.0,28.0,28.0,False,False,True,875.0,70.0,28.0,777.0,2019-2020
2019-10-02,2892.25,2888.0,2940.75,-0.01662990493155242,-0.0014705248962813909,0.003988720023260963,0.00935437762931325,0.0019943600116304814,-1.777767115092755,-1.0,26.0,26.0,False,False,True,552.5,65.0,26.0,461.5,2019-2020
2019-10-04,2942.75,2950.5,2911.0,0.010847853546966742,0.0026301292046334085,0.004213637247632133,0.009881855276236388,0.0021068186238160664,1.0977547478410619,1.0,24.0,24.0,False,False,True,930.0,60.0,24.0,846.0,2019-2020
2019-10-09,2925.5,2918.5,2891.5,0.011690007630017782,-0.0023956205844450898,0.004413611535582669,0.01035083655211772,0.0022068057677913345,1.1293780527938175,1.0,23.0,23.0,False,False,True,-805.0,57.5,23.0,-885.5,2019-2020
2019-10-11,2989.75,2968.75,2938.5,0.017290524796211647,-0.007048783065965481,0.004492017203430053,0.010534714142183146,0.0022460086017150266,1.6412903627804059,1.0,23.0,23.0,False,False,True,-2415.0,57.5,23.0,-2495.5,2019-2020
2019-10-15,2999.0,2995.25,2966.25,0.010980370999035793,-0.0012511992290006814,0.004164908501890724,0.00976757623774542,0.002082454250945362,1.1241653744768019,1.0,24.0,24.0,False,False,True,-450.0,60.0,24.0,-534.0,2019-2020
2019-10-28,3039.0,3038.0,3021.0,0.005940611530121155,-0.00032910976107494803,0.0020388452255377895,0.004781515888851602,0.0010194226127688947,1.2424117514640192,1.0,49.0,40.0,True,False,True,-200.0,100.0,40.0,-340.0,2019-2020
2019-10-31,3025.5,3036.0,3045.25,-0.0065066325176921895,0.0034644924531444877,0.002035269348076395,0.004773129712851541,0.0010176346740381976,-1.3631794879098367,-1.0,49.0,40.0,True,False,True,-2100.0,100.0,40.0,-2240.0,2019-2020
2019-11-01,3061.0,3064.75,3036.0,0.008200800429891877,0.0012243400296910458,0.0020987780983221923,0.004922070934371329,0.0010493890491610962,1.666128046352368,1.0,47.0,40.0,True,False,True,750.0,100.0,40.0,610.0,2019-2020
2019-11-15,3116.0,3119.0,3096.25,0.006358426187069483,0.0009623096171642964,0.0017279455155925678,0.004052391439225801,0.0008639727577962839,1.569055280672551,1.0,56.0,40.0,True,False,True,600.0,100.0,40.0,460.0,2019-2020
2019-11-20,3103.75,3108.25,3119.25,-0.004981530468754339,0.0014488090106704785,0.0019178522351997074,0.0044977621744966495,0.0009589261175998537,-1.1075575531762811,-1.0,51.0,40.0,True,False,True,-900.0,100.0,40.0,-1040.0,2019-2020
2019-11-25,3129.0,3133.25,3109.5,0.006251523124938064,0.0013573398227495165,0.0017193016893065243,0.004032119869707184,0.0008596508446532622,1.5504308718361728,1.0,56.0,40.0,True,False,True,850.0,100.0,40.0,710.0,2019-2020
2019-11-27,3152.5,3153.25,3139.75,0.0040526099408384544,0.00023787812822792612,0.0016234009503977736,0.0038072127011290254,0.0008117004751988868,1.0644558786107896,1.0,59.0,40.0,True,False,True,150.0,100.0,40.0,10.0,2019-2020
2019-12-03,3085.25,3093.25,3114.75,-0.009516200845679699,0.0025896267607922936,0.002206484502162161,0.005174664841373778,0.0011032422510810806,-1.8389984931185077,-1.0,44.0,40.0,True,False,True,-1600.0,100.0,40.0,-1740.0,2019-2020
2019-12-04,3118.25,3113.0,3093.25,0.008049628911733279,-0.001685055564210274,0.0022627775605125367,0.0053066837654014085,0.0011313887802562683,1.516884982710928,1.0,43.0,40.0,True,False,True,-1050.0,100.0,40.0,-1190.0,2019-2020
2019-12-06,3147.25,3146.25,3118.0,0.009337285028646912,-0.0003177881968429955,0.0023284724584509047,0.005460751957716465,0.0011642362292254523,1.7098899750340437,1.0,41.0,40.0,True,False,True,-200.0,100.0,40.0,-340.0,2019-2020
2019-12-12,3164.25,3168.25,3141.75,0.007136091177303735,0.0012633242896158549,0.0025407992396732377,0.005958702398155371,0.0012703996198366188,1.1975914721824077,1.0,38.0,38.0,False,False,True,760.0,95.0,38.0,627.0,2019-2020
2019-12-20,3228.5,3224.0,3210.5,0.005590944832418571,-0.001394808440002794,0.0018366043679457033,0.004307219035986538,0.0009183021839728517,1.2980405188838986,1.0,51.0,40.0,True,False,True,-900.0,100.0,40.0,-1040.0,2019-2020
2019-12-30,3222.75,3222.75,3241.25,-0.005724025529659977,0.0,0.001430496908390859,0.0033548126217475887,0.0007152484541954295,-1.706213185366585,-1.0,66.0,40.0,True,False,True,-0.0,100.0,40.0,-140.0,2019-2020
2020-01-02,3248.25,3258.5,3229.5,0.005789063290318384,0.0031505770095892924,0.0015198481158460557,0.003564359777551143,0.0007599240579230278,1.6241523447713522,1.0,61.0,40.0,True,False,True,2050.0,100.0,40.0,1910.0,2019-2020
2020-01-08,3262.5,3254.0,3237.0,0.00784679770470446,-0.002608763851965782,0.0026844202124396356,0.006295523435207713,0.0013422101062198178,1.2464091009210208,1.0,35.0,35.0,False,False,True,-1487.5,87.5,35.0,-1610.0,2019-2020
2020-01-24,3293.0,3294.5,3325.0,-0.009670670713590271,0.00045540797751040087,0.002292469434692295,0.005376317382697124,0.0011462347173461474,-1.798753686810582,-1.0,40.0,40.0,False,False,True,-300.0,100.0,40.0,-440.0,2019-2020
2020-01-27,3248.75,3241.25,3294.5,-0.013984104398174532,-0.0023112491028258342,0.0026974493809851004,0.006326079543949235,0.0013487246904925502,-2.210548302629239,-1.0,35.0,35.0,False,False,True,1312.5,87.5,35.0,1190.0,2019-2020
2020-01-28,3280.75,3275.75,3241.25,0.012112996923521992,-0.0015252042917013907,0.002966014222302555,0.006955919926074169,0.0014830071111512776,1.7413939568390648,1.0,31.0,31.0,False,False,True,-775.0,77.5,31.0,-883.5,2019-2020
2020-01-31,3230.25,3222.5,3282.75,-0.016121952136784776,-0.0024020777889872474,0.0038257363119815215,0.008972146945323447,0.0019128681559907608,-1.7968889982556542,-1.0,24.0,24.0,False,False,True,930.0,60.0,24.0,846.0,2019-2020
2020-02-04,3302.5,3296.25,3246.75,0.01702526140628068,-0.0018942987289839938,0.004072818848896507,0.009551606857885047,0.0020364094244482533,1.7824499751291563,1.0,22.0,22.0,False,False,True,-687.5,55.0,22.0,-764.5,2019-2020
2020-02-05,3331.75,3333.5,3296.25,0.010712232792339888,0.0005251115982784543,0.004225001315252818,0.009908506377168268,0.002112500657626409,1.0811147901184797,1.0,21.0,21.0,False,False,True,183.75,52.5,21.0,110.25,2019-2020
2020-02-19,3391.75,3386.0,3370.0,0.006433268019010462,-0.0016967286723373683,0.0020653701006876912,0.004843722235066825,0.0010326850503438456,1.3281661719650006,1.0,43.0,40.0,True,False,True,-1150.0,100.0,40.0,-1290.0,2019-2020
2020-02-21,3335.5,3337.0,3372.0,-0.010883446972175918,0.00044960660180381193,0.0022156861125515754,0.005196244530566909,0.0011078430562757877,-2.094483219208419,-1.0,41.0,40.0,True,False,True,-300.0,100.0,40.0,-440.0,2019-2020
2020-02-24,3248.25,3225.5,3337.0,-0.02695580998852822,-0.007028412790549375,0.003534660496915664,0.008289513650179272,0.001767330248457832,-3.2517963207582468,-1.0,26.0,26.0,False,False,True,2957.5,65.0,26.0,2866.5,2019-2020
2020-02-25,3142.0,3127.75,3225.5,-0.026228437156729918,-0.004545643618057118,0.004904755062476593,0.01150267022155698,0.0024523775312382964,-2.2802042179367707,-1.0,20.0,20.0,False,False,True,1425.0,50.0,20.0,1355.0,2019-2020
2020-02-27,3031.25,2973.75,3116.25,-0.027655280151974306,-0.019151293068625917,0.005702904641678805,0.013374496904050227,0.0028514523208394023,-2.0677622754990805,-1.0,17.0,17.0,False,False,True,4887.5,42.5,17.0,4828.0,2019-2020
2020-03-03,3011.25,3001.0,3089.5,-0.025653990571953167,-0.003409708488714049,0.009621175125344638,0.022563655717968825,0.004810587562672319,-1.1369607342272696,-1.0,10.0,10.0,False,False,True,512.5,25.0,10.0,477.5,2019-2020
2020-03-04,3091.5,3127.0,3001.0,0.029710843558256386,0.011417668459217796,0.010125205041700872,0.02374571064951871,0.005062602520850436,1.2512088602771962,1.0,10.0,10.0,False,False,True,1775.0,25.0,10.0,1740.0,2019-2020
2020-03-05,3020.25,3021.5,3127.0,-0.0347344690581681,0.0004137874019400569,0.010284653401868453,0.02411965020022272,0.0051423267009342265,-1.4400900829750576,-1.0,10.0,10.0,False,False,True,-62.5,25.0,10.0,-97.5,2019-2020
2020-03-06,2906.0,2970.5,3021.5,-0.03897583167138505,0.02195272366556792,0.010488100949507374,0.02459677699209423,0.005244050474753687,-1.5845910089729422,-1.0,10.0,10.0,False,False,True,-3225.0,25.0,10.0,-3260.0,2019-2020
2020-03-09,2760.0,2736.0,2970.5,-0.07349960908460049,-0.008733679968754553,0.01220938129528477,0.028633537222548543,0.006104690647642385,-2.5669063697348746,-1.0,9.0,9.0,False,False,True,1080.0,22.5,9.0,1048.5,2019-2020
2020-03-11,2731.0,2738.0,2881.0,-0.05346961361082352,0.002559884374689189,0.014437541901482146,0.03385903703391149,0.007218770950741073,-1.579182938878949,-1.0,8.0,8.0,False,False,True,-280.0,20.0,8.0,-308.0,2019-2020
2020-03-12,2511.5,2469.75,2738.0,-0.08634754265829474,-0.016763253265516077,0.01539302025527846,0.03609983239831968,0.00769651012763923,-2.391909793528956,-1.0,8.0,8.0,False,False,True,1670.0,20.0,8.0,1642.0,2019-2020
2020-03-16,2483.75,2387.0,2703.5,-0.08477771495603292,-0.039732167527196556,0.018357260961636243,0.043051593060825025,0.009178630480818122,-1.9692120297675293,-1.0,7.0,7.0,False,False,True,3386.25,17.5,7.0,3361.75,2019-2020
2020-03-18,2331.5,2393.0,2531.25,-0.08220141460647366,0.02603597165999776,0.02098814773842848,0.04922156946091371,0.01049407386921424,-1.67002831292791,-1.0,6.0,6.0,False,False,True,-1845.0,15.0,6.0,-1866.0,2019-2020
2020-03-24,2402.25,2433.0,2216.75,0.08036363889726088,0.012719265626145402,0.024999001792606643,0.05862785599394819,0.012499500896303322,1.370741561921629,1.0,5.0,5.0,False,False,True,768.75,12.5,5.0,751.25,2019-2020
2020-04-06,2623.5,2646.75,2479.25,0.05655320906053206,0.008823168096722676,0.015728057016515244,0.03688556325083229,0.007864028508257622,1.5332071432921928,1.0,7.0,7.0,False,False,True,813.75,17.5,7.0,789.25,2019-2020
2020-04-14,2837.75,2837.0,2753.0,0.030320258492841364,-0.0002643288265974765,0.010864659455165505,0.025479884966811462,0.005432329727582752,1.1899684214561674,1.0,10.0,10.0,False,False,True,-37.5,25.0,10.0,-72.5,2019-2020
2020-04-21,2731.75,2727.25,2813.5,-0.029486830422478946,-0.0016486539729886698,0.009642073979861625,0.022612667876263193,0.004821036989930813,-1.30399608678778,-1.0,11.0,11.0,False,False,True,247.5,27.5,11.0,209.0,2019-2020
2020-04-22,2797.75,2789.0,2727.25,0.025521747220270476,-0.0031324140706475534,0.009090366397344136,0.021318798906336135,0.004545183198672068,1.1971475190699035,1.0,12.0,12.0,False,False,True,-525.0,30.0,12.0,-567.0,2019-2020
2020-04-29,2938.0,2929.75,2855.75,0.028394572119766155,-0.002811982595110871,0.0068264084693070454,0.01600934693371495,0.0034132042346535227,1.7736246354914385,1.0,15.0,15.0,False,False,True,-618.75,37.5,15.0,-671.25,2019-2020
2020-05-01,2822.0,2824.25,2901.0,-0.027609651708644666,0.0007969891942788261,0.0063639033107037975,0.014924676191258797,0.0031819516553518988,-1.849933047446303,-1.0,17.0,17.0,False,False,True,-191.25,42.5,17.0,-250.75,2019-2020
2020-05-05,2889.25,2858.75,2833.0,0.019660732025034055,-0.010612486518559852,0.005754023990807307,0.01349438240444235,0.0028770119954036537,1.456956786593045,1.0,18.0,18.0,False,False,True,-2745.0,45.0,18.0,-2808.0,2019-2020
2020-05-08,2913.75,2921.5,2874.0,0.013736123710996653,0.0026562716445247643,0.005851258921749691,0.0137224185306911,0.0029256294608748456,1.000998743791038,1.0,18.0,18.0,False,False,True,697.5,45.0,18.0,634.5,2019-2020
2020-05-13,2793.25,2813.25,2863.0,-0.02466423367066771,0.007134606202659152,0.00663902691896464,0.015569898245301868,0.00331951345948232,-1.5840972935137845,-1.0,16.0,16.0,False,False,True,-1600.0,40.0,16.0,-1656.0,2019-2020
2020-05-18,2954.0,2946.25,2858.75,0.03277571775433415,-0.002627008840984218,0.007394493536885983,0.017341624510661253,0.0036972467684429915,1.890002734990851,1.0,14.0,14.0,False,False,True,-542.5,35.0,14.0,-591.5,2019-2020
2020-05-20,2967.5,2966.25,2916.5,0.01733558029013069,-0.00042131873384972606,0.007304132370694841,0.017129708791671774,0.0036520661853474204,1.012018388693158,1.0,14.0,14.0,False,False,True,-87.5,35.0,14.0,-136.5,2019-2020
2020-06-03,3118.25,3119.25,3077.75,0.01307313647809405,0.00032064128531221535,0.004923573671881971,0.011546803772623454,0.0024617868359409854,1.1321865977396626,1.0,20.0,20.0,False,False,True,100.0,50.0,20.0,30.0,2019-2020
2020-06-05,3194.75,3189.5,3109.75,0.02696650039873873,-0.0016446728068026423,0.004814403037309626,0.011290775940169428,0.002407201518654813,2.3883655597840225,1.0,20.0,20.0,False,False,True,-525.0,50.0,20.0,-595.0,2019-2020
2020-06-11,3014.0,3003.75,3188.0,-0.056125660723664914,-0.0034065921357620496,0.005729228758066623,0.013436232429234652,0.0028646143790333114,-4.177187393807381,-1.0,18.0,18.0,False,False,True,922.5,45.0,18.0,859.5,2019-2020
2020-06-24,3035.5,3040.25,3120.0,-0.027456846233039317,0.0015635932906200914,0.008686991180729199,0.020372800169769688,0.004343495590364599,-1.3477207847834947,-1.0,11.0,11.0,False,False,True,-261.25,27.5,11.0,-299.75,2019-2020
2020-06-26,3003.0,2999.75,3072.25,-0.022798403181376332,-0.0010828371388320486,0.007192559728491837,0.01686804775199472,0.0035962798642459183,-1.351573312844121,-1.0,14.0,14.0,False,False,True,227.5,35.0,14.0,178.5,2019-2020
2020-07-02,3140.25,3121.75,3104.75,0.011369217739220507,-0.005908672572107883,0.005650614633531194,0.013251865964901802,0.002825307316765597,0.8579333483550483,1.0,17.0,17.0,False,False,True,-1572.5,42.5,17.0,-1632.0,2020-2021
2020-07-13,3203.0,3147.75,3175.0,0.008780238282366045,-0.01739995872734818,0.0046062980520003224,0.010802726488773139,0.0023031490260001612,0.812779837709583,1.0,20.0,20.0,False,False,True,-5525.0,50.0,20.0,-5595.0,2020-2021
2020-07-23,3228.75,3229.0,3268.0,-0.012083111569843253,7.742634822490783e-05,0.004910344245127632,0.011515778016752465,0.002455172122563816,-1.049265759748535,-1.0,19.0,19.0,False,False,True,-23.75,47.5,19.0,-90.25,2020-2021
2020-07-29,3245.0,3250.0,3212.0,0.010221554071538009,0.0015396461855928362,0.0033277077103238805,0.007804166344294535,0.0016638538551619403,1.3097560483203663,1.0,28.0,28.0,False,False,True,700.0,70.0,28.0,602.0,2020-2021
2020-08-03,3294.25,3286.75,3264.75,0.008995334324844914,-0.002279289848647957,0.004472727165928262,0.010489474994230152,0.002236363582964131,0.857558107511853,1.0,21.0,21.0,False,False,True,-787.5,52.5,21.0,-861.0,2020-2021
2020-08-12,3378.0,3373.25,3328.0,0.014912295426646256,-0.00140714705684864,0.004140335348649307,0.00970994708512937,0.0020701676743246533,1.5357751485056184,1.0,22.0,22.0,False,False,True,-522.5,55.0,22.0,-599.5,2020-2021
2020-08-24,3414.0,3428.5,3393.75,0.005949119672140457,0.00423822337003315,0.0026920944062915515,0.006313521015101196,0.0013460472031457758,0.942282390113356,1.0,33.0,33.0,False,False,True,2392.5,82.5,33.0,2277.0,2020-2021
2020-08-26,3464.75,3475.0,3440.25,0.00709633680352078,0.002953999049980673,0.0023115797357273443,0.005421135011272007,0.0011557898678636722,1.3090131104954175,1.0,38.0,38.0,False,False,True,1947.5,95.0,38.0,1814.5,2020-2021
2020-08-27,3490.25,3482.5,3475.0,0.0043788878698647294,-0.002222940214796598,0.00238352523881044,0.005589862172026695,0.00119176261940522,0.783362404135466,1.0,36.0,36.0,False,False,True,-1395.0,90.0,36.0,-1521.0,2020-2021
2020-08-28,3497.25,3505.0,3482.5,0.0042265187025790725,0.0022135751121504323,0.002258289150791776,0.005296157511556008,0.001129144575395888,0.7980349325632734,1.0,38.0,38.0,False,False,True,1472.5,95.0,38.0,1339.5,2020-2021
2020-09-01,3517.5,3525.25,3492.5,0.007132697857427287,0.0022008457287954293,0.002492321383952514,0.005845011748917907,0.001246160691976257,1.2203051360414752,1.0,34.0,34.0,False,False,True,1317.5,85.0,34.0,1198.5,2020-2021
2020-09-02,3567.0,3576.5,3525.25,0.01177355064155211,0.002659762189547021,0.0028253828858242867,0.006626110207602818,0.0014126914429121434,1.7768419589585311,1.0,30.0,30.0,False,False,True,1425.0,75.0,30.0,1320.0,2020-2021
2020-09-03,3438.75,3453.25,3576.5,-0.0392766353096542,0.004207783341284901,0.004701570436162786,0.011026160034848924,0.002350785218081393,-3.5621318015989014,-1.0,19.0,19.0,False,False,True,-1377.5,47.5,19.0,-1444.0,2020-2021
2020-09-09,3415.5,3396.5,3332.25,0.024676143687776368,-0.005578405540547363,0.006042653393807979,0.014171278354733738,0.0030213266969039893,1.741278596756489,1.0,15.0,15.0,False,False,True,-1425.0,37.5,15.0,-1477.5,2020-2021
2020-09-10,3359.0,3338.0,3396.5,-0.011102179019063853,-0.00627148539051231,0.006200844247487848,0.01454226879131373,0.003100422123743924,-0.7634420170871354,-1.0,15.0,15.0,False,False,True,1575.0,37.5,15.0,1522.5,2020-2021
2020-09-17,3328.25,3347.25,3376.75,-0.014467068128846914,0.005692472865462333,0.006643276816622626,0.015579865138778196,0.003321638408311313,-0.92857466993334,-1.0,14.0,14.0,False,False,True,-1330.0,35.0,14.0,-1379.0,2020-2021
2020-09-18,3306.25,3307.75,3347.25,-0.012324496570879476,0.00045358331591090407,0.005369422582065976,0.012592412150037032,0.002684711291032988,-0.9787240461981886,-1.0,17.0,17.0,False,False,True,-127.5,42.5,17.0,-187.0,2020-2021
2020-09-21,3234.5,3270.75,3307.75,-0.02239384343848022,0.011144959906945336,0.005486805009558063,0.012867698343954641,0.0027434025047790313,-1.7403146110431666,-1.0,17.0,17.0,False,False,True,-3081.25,42.5,17.0,-3140.75,2020-2021
2020-09-23,3236.0,3226.75,3303.75,-0.020720187740116615,-0.0028625604630851875,0.005197723266623854,0.01218974156248672,0.002598861633311927,-1.6998053349942945,-1.0,18.0,18.0,False,False,True,832.5,45.0,18.0,769.5,2020-2021
2020-09-25,3281.25,3287.25,3235.25,0.014118242638154447,0.001826901627094454,0.005123586618613922,0.012015875711383588,0.002561793309306961,1.1749657683941521,1.0,18.0,18.0,False,False,True,540.0,45.0,18.0,477.0,2020-2021
2020-09-28,3348.25,3343.0,3287.25,0.018386472300203207,-0.0015692138471329149,0.005055544294358248,0.011856302316371675,0.002527772147179124,1.55077627152054,1.0,18.0,18.0,False,False,True,-472.5,45.0,18.0,-535.5,2020-2021
2020-09-30,3359.5,3349.5,3324.75,0.010397670066932067,-0.002981072411882363,0.005734444572205615,0.013448464597653573,0.0028672222861028077,0.7731492313811203,1.0,16.0,16.0,False,False,True,-800.0,40.0,16.0,-856.0,2020-2021
2020-10-05,3391.75,3397.25,3338.5,0.015824408067494446,0.0016202684351888873,0.0057150087858291775,0.01340288363829127,0.0028575043929145887,1.1806718982685949,1.0,16.0,16.0,False,False,True,440.0,40.0,16.0,384.0,2020-2021
2020-10-07,3412.75,3407.0,3349.5,0.01870733693476491,-0.001686279222120576,0.00610654889161622,0.014321126579684507,0.00305327444580811,1.3062755105665038,1.0,15.0,15.0,False,False,True,-431.25,37.5,15.0,-483.75,2020-2021
2020-10-12,3536.0,3525.25,3469.0,0.0191297767877843,-0.0030447890401946003,0.005578013855141509,0.01308160204733459,0.0027890069275707547,1.4623420524921136,1.0,15.0,15.0,False,False,True,-806.25,37.5,15.0,-858.75,2020-2021
2020-10-19,3422.75,3421.25,3473.5,-0.014718409619070179,-0.0004383401589765599,0.004779326385006676,0.011208513898787627,0.002389663192503338,-1.3131455027826837,-1.0,18.0,18.0,False,False,True,135.0,45.0,18.0,72.0,2020-2021
2020-10-20,3451.5,3434.0,3421.25,0.008802937788641368,-0.00508315668610943,0.00476430417397304,0.011173283691097848,0.00238215208698652,0.7878559277658886,1.0,18.0,18.0,False,False,True,-1575.0,45.0,18.0,-1638.0,2020-2021
2020-10-26,3381.5,3394.5,3458.0,-0.022370989228241208,0.003837076726707151,0.004261290120192,0.009993611168464216,0.002130645060096,-2.2385290813429863,-1.0,21.0,21.0,False,False,True,-1365.0,52.5,21.0,-1438.5,2020-2021
2020-10-28,3287.5,3266.75,3383.25,-0.028709388470595062,-0.006331790616764474,0.004499593468572986,0.010552482058896652,0.002249796734286493,-2.720628977178935,-1.0,20.0,20.0,False,False,True,2075.0,50.0,20.0,2005.0,2020-2021
2020-10-29,3320.75,3299.75,3266.75,0.016395054143357124,-0.006343953003548758,0.004727631805980708,0.011087279364707207,0.002363815902990354,1.4787265301121133,1.0,19.0,19.0,False,False,True,-1995.0,47.5,19.0,-2061.5,2020-2021
2020-10-30,3236.0,3265.25,3299.75,-0.019508708830681665,0.008998330279248372,0.005377199148107806,0.012610649813996986,0.002688599574053903,-1.547002661911069,-1.0,17.0,17.0,False,False,True,-2486.25,42.5,17.0,-2545.75,2020-2021
2020-11-03,3363.0,3359.0,3301.75,0.01838080181635582,-0.001190122127976834,0.006067524729857011,0.014229606808019862,0.0030337623649285056,1.2917294247369033,1.0,15.0,15.0,False,False,True,-300.0,37.5,15.0,-352.5,2020-2021
2020-11-04,3453.75,3435.0,3359.0,0.02781728662533349,-0.005443671581176581,0.006315438088786768,0.01481101517091731,0.003157719044393384,1.8781485471674555,1.0,14.0,14.0,False,False,True,-1312.5,35.0,14.0,-1361.5,2020-2021
2020-11-05,3517.5,3502.25,3435.0,0.0237335843320943,-0.004344890912320811,0.006598576182900434,0.015475032860335861,0.003299288091450217,1.5336693980744929,1.0,13.0,13.0,False,False,True,-991.25,32.5,13.0,-1036.75,2020-2021
2020-11-09,3597.75,3546.5,3501.75,0.02704580653112698,-0.01434744840814154,0.006695169102884841,0.015701563337426977,0.0033475845514424206,1.7224913182153867,1.0,13.0,13.0,False,False,True,-3331.25,32.5,13.0,-3376.75,2020-2021
2020-11-12,3521.0,3533.5,3567.0,-0.012979866203839048,0.003543840975856597,0.0067756378439254505,0.01589027926300199,0.0033878189219627253,-0.8168431774550761,-1.0,13.0,13.0,False,False,True,-812.5,32.5,13.0,-858.0,2020-2021
2020-11-13,3577.5,3581.75,3533.5,0.012375351299697026,0.0011872753428757467,0.006129523746058311,0.014375007389361925,0.0030647618730291555,0.8608935609212469,1.0,14.0,14.0,False,False,True,297.5,35.0,14.0,248.5,2020-2021
2020-11-24,3631.5,3632.25,3575.25,0.015610682293178092,0.00020650490522537986,0.0039059964504129263,0.009160373654415582,0.0019529982252064631,1.7041534419999629,1.0,21.0,21.0,False,False,True,78.75,52.5,21.0,5.25,2020-2021
2020-12-01,3668.5,3660.75,3620.75,0.013101672473083303,-0.002114814718682428,0.0036330355571260876,0.008520223616571548,0.0018165177785630438,1.5377146261280035,1.0,23.0,23.0,False,False,True,-891.25,57.5,23.0,-971.75,2020-2021
2020-12-04,3692.5,3699.0,3667.25,0.006861673037662751,0.001758777426919094,0.0027790661287812385,0.006517487784013505,0.0013895330643906192,1.0528094973178905,1.0,29.0,29.0,False,False,True,942.5,72.5,29.0,841.0,2020-2021
2020-12-09,3668.0,3668.75,3701.75,-0.009159126412472796,0.0002044502000511912,0.0028507122866089306,0.006685512917916407,0.0014253561433044653,-1.369996068353617,-1.0,29.0,29.0,False,False,True,-108.75,72.5,29.0,-210.25,2020-2021
2020-12-15,3684.5,3687.75,3638.75,0.012494615147221015,0.0008816847531043509,0.003035652109972646,0.007119235248978472,0.001517826054986323,1.7550501859049885,1.0,27.0,27.0,False,False,True,438.75,67.5,27.0,344.25,2020-2021
2020-12-18,3682.5,3700.0,3713.25,-0.008315634572856768,0.004740950295530368,0.003115114880927009,0.007305591965580264,0.0015575574404635044,-1.1382560936930561,-1.0,26.0,26.0,False,False,True,-2275.0,65.0,26.0,-2366.0,2020-2021
2020-12-28,3731.0,3727.75,3681.0,0.013491839842136743,-0.000871459750141086,0.004886219397031854,0.011459200232896573,0.002443109698515927,1.177380582233388,1.0,17.0,17.0,False,False,True,-276.25,42.5,17.0,-335.75,2020-2021
2021-01-04,3684.0,3693.75,3744.25,-0.016222211497307546,0.0026430837792108934,0.005155124761969718,0.012089839213699386,0.002577562380984859,-1.3418053962972176,-1.0,16.0,16.0,False,False,True,-780.0,40.0,16.0,-836.0,2020-2021
2021-01-06,3749.5,3740.5,3717.5,0.008571098407133956,-0.0024032054289844333,0.0037166178919204214,0.00871624156675264,0.0018583089459602107,0.9833479650022184,1.0,22.0,22.0,False,False,True,-990.0,55.0,22.0,-1067.0,2020-2021
2021-01-07,3797.5,3795.25,3740.5,0.015123663157468308,-0.0005926706571033771,0.0037131065430320532,0.008708006723670518,0.0018565532715160266,1.7367537299159919,1.0,21.0,21.0,False,False,True,-236.25,52.5,21.0,-309.75,2020-2021
2021-01-20,3846.25,3842.75,3790.5,0.014600711139892884,-0.0009103915312100552,0.0034331054928139386,0.00805134605431544,0.0017165527464069693,1.8134497065949675,1.0,23.0,23.0,False,False,True,-402.5,57.5,23.0,-483.0,2020-2021
2021-01-27,3744.0,3749.25,3842.5,-0.02596863781526825,0.0014012613643067894,0.003108031290209257,0.007288979472810923,0.0015540156451046285,-3.5627261555798704,-1.0,26.0,26.0,False,False,True,-682.5,65.0,26.0,-773.5,2020-2021
2021-01-28,3810.5,3779.75,3749.25,0.01620459414438267,-0.008102544245861654,0.004098702822106761,0.00961231015582116,0.0020493514110533806,1.6858168204829784,1.0,19.0,19.0,False,False,True,-2921.25,47.5,19.0,-2987.75,2020-2021
2021-01-29,3711.25,3704.75,3779.75,-0.01828912278234094,-0.00175296700768172,0.004799559568842325,0.011255964920954693,0.0023997797844211625,-1.624838288922965,-1.0,17.0,17.0,False,False,True,552.5,42.5,17.0,493.0,2020-2021
2021-02-01,3772.25,3764.75,3704.75,0.018055860323472804,-0.0019901824268319856,0.004979842400863137,0.011678765639222701,0.0024899212004315685,1.5460418404863667,1.0,16.0,16.0,False,False,True,-600.0,40.0,16.0,-656.0,2020-2021
2021-02-02,3834.5,3818.5,3764.75,0.018357590237985083,-0.004181372876475095,0.005066397728656995,0.0118817558760132,0.0025331988643284976,1.545023347520988,1.0,16.0,16.0,False,False,True,-1280.0,40.0,16.0,-1336.0,2020-2021
2021-02-04,3856.5,3865.25,3821.75,0.009051603492910456,0.002266326608650077,0.0049882504770400226,0.011698484325727631,0.0024941252385200113,0.7737415583832444,1.0,16.0,16.0,False,False,True,700.0,40.0,16.0,644.0,2020-2021
2021-02-18,3913.5,3911.25,3928.0,-0.0036982762294636893,-0.0005750982618009555,0.0020501979199202933,0.004808140317175679,0.0010250989599601466,-0.7691697798944587,-1.0,38.0,38.0,False,False,True,427.5,95.0,38.0,294.5,2020-2021
2021-02-24,3914.5,3920.75,3878.0,0.009368050545371868,0.0015953546665651826,0.003778156453515274,0.00886056228632332,0.001889078226757637,1.05727494967581,1.0,20.0,20.0,False,False,True,625.0,50.0,20.0,555.0,2020-2021
2021-02-25,3843.75,3826.5,3920.75,-0.019834509459706037,-0.004497905304852228,0.004393454915470881,0.010303565087799168,0.0021967274577354406,-1.9250142344607317,-1.0,18.0,18.0,False,False,True,1552.5,45.0,18.0,1489.5,2020-2021
2021-03-01,3908.25,3897.5,3805.75,0.026576622518070258,-0.002754381525502168,0.004798929285835366,0.0112544867762802,0.002399464642917683,2.361424651907076,1.0,16.0,16.0,False,False,True,-860.0,40.0,16.0,-916.0,2020-2021
2021-03-04,3774.0,3769.5,3816.75,-0.011263828208556207,-0.00119308027673894,0.006027661874193805,0.014136120124802727,0.0030138309370969026,-0.796811862739699,-1.0,13.0,13.0,False,False,True,292.5,32.5,13.0,247.0,2020-2021
2021-03-05,3833.25,3838.25,3769.5,0.016770640664742015,0.0013035262225098733,0.006385131618128628,0.014974460985108696,0.003192565809064314,1.1199495381783373,1.0,12.0,12.0,False,False,True,300.0,30.0,12.0,258.0,2020-2021
2021-03-09,3892.5,3873.25,3820.0,0.018801202107532597,-0.004957676831752238,0.006293129096351677,0.014758695946065643,0.0031465645481758386,1.2739067310716297,1.0,12.0,12.0,False,False,True,-1155.0,30.0,12.0,-1197.0,2020-2021
2021-03-11,3942.75,3936.75,3897.5,0.01154312743573562,-0.0015229395671482856,0.005582739907521101,0.013092685622616085,0.0027913699537605507,0.8816470331951006,1.0,14.0,14.0,False,False,True,-420.0,35.0,14.0,-469.0,2020-2021
2021-03-18,3925.0,3906.0,3964.0,-0.00988726523336978,-0.00485251877988454,0.0038967844188217324,0.009138769525337919,0.0019483922094108662,-1.081903335668615,-1.0,20.0,20.0,False,False,True,1900.0,50.0,20.0,1830.0,2020-2021
2021-03-22,3941.5,3929.5,3897.75,0.0111618979433019,-0.0030491701937332963,0.003757604281604968,0.008812363170809969,0.001878802140802484,1.2666180145950543,1.0,20.0,20.0,False,False,True,-1200.0,50.0,20.0,-1270.0,2020-2021
2021-03-26,3926.25,3963.0,3901.0,0.006451841346199881,0.009316542337578807,0.0036442879824965264,0.00854661289321842,0.0018221439912482632,0.754900382971516,1.0,21.0,21.0,False,False,True,3858.75,52.5,21.0,3785.25,2020-2021
2021-04-01,4003.25,4009.5,3968.5,0.008718341671655937,0.0015600140444972223,0.0036869122264034508,0.008646575605904218,0.0018434561132017254,1.008299940811564,1.0,20.0,20.0,False,False,True,625.0,50.0,20.0,555.0,2020-2021
2021-04-08,4088.5,4089.25,4069.5,0.0046580128349358926,0.00018342453660309465,0.0026333880194049342,0.006175842333973555,0.0013166940097024671,0.7542311773912974,1.0,28.0,28.0,False,False,True,105.0,70.0,28.0,7.0,2020-2021
2021-04-14,4117.75,4120.0,4132.5,-0.0035756530323940894,0.0005462656807870018,0.001870176326860712,0.004385952258578089,0.000935088163430356,-0.8152512434217203,-1.0,39.0,39.0,False,False,True,-438.75,97.5,39.0,-575.25,2020-2021
2021-04-15,4158.25,4163.25,4120.0,0.00924114932707219,0.0012017065677361349,0.0017161970719028776,0.004024838896508041,0.0008580985359514388,2.2960296212327482,1.0,42.0,40.0,True,False,True,1000.0,100.0,40.0,860.0,2020-2021
2021-04-16,4178.75,4177.25,4163.25,0.003716139495927939,-0.0003590234600555419,0.0016655386766085399,0.003906034428680077,0.0008327693383042699,0.9513842142921646,1.0,43.0,40.0,True,False,True,-300.0,100.0,40.0,-440.0,2020-2021
2021-04-19,4154.75,4157.25,4177.25,-0.005400877266620188,0.0006015399603911889,0.0015968014647448595,0.0037448313777742126,0.0007984007323724297,-1.4422217509377597,-1.0,46.0,40.0,True,False,True,-500.0,100.0,40.0,-640.0,2020-2021
2021-04-20,4112.75,4126.75,4157.25,-0.010761893468494016,0.003398267728120674,0.0019371005443690563,0.004542903460835583,0.0009685502721845282,-2.3689461071036195,-1.0,38.0,38.0,False,False,True,-2660.0,95.0,38.0,-2793.0,2020-2021
2021-04-21,4153.5,4165.0,4126.75,0.006461180051475847,0.00276492332181684,0.002021660592124147,0.004741214351156532,0.0010108302960620734,1.362769023488626,1.0,36.0,36.0,False,False,True,2070.0,90.0,36.0,1944.0,2020-2021
2021-04-22,4134.0,4127.25,4165.0,-0.007470814359229532,-0.0016341356337357437,0.002279027825917568,0.005344794015879945,0.001139513912958784,-1.3977740464895292,-1.0,32.0,32.0,False,False,True,1080.0,80.0,32.0,968.0,2020-2021
2021-04-23,4177.75,4171.0,4127.25,0.012161498475514228,-0.0016170088865468093,0.002411087550523596,0.005654501522644973,0.001205543775261798,2.1507640287672105,1.0,30.0,30.0,False,False,True,-1012.5,75.0,30.0,-1117.5,2020-2021
2021-04-29,4204.0,4203.75,4177.75,0.006263628913349633,-5.946894236236575e-05,0.002396673785039029,0.005620698246251367,0.0011983368925195146,1.1143862628681513,1.0,30.0,30.0,False,False,True,-37.5,75.0,30.0,-142.5,2020-2021
2021-04-30,4174.5,4177.0,4203.75,-0.006982393420424187,0.0005986948631202051,0.002480835180133199,0.005818074213210577,0.0012404175900665995,-1.2001210648997729,-1.0,29.0,29.0,False,False,True,-362.5,72.5,29.0,-464.0,2020-2021
2021-05-04,4144.5,4160.75,4186.0,-0.009963469974364092,0.003913192435254853,0.00254600037679118,0.00597090014590887,0.00127300018839559,-1.6686713445025274,-1.0,29.0,29.0,False,False,True,-2356.25,72.5,29.0,-2457.75,2020-2021
2021-05-07,4225.25,4224.5,4194.5,0.00730428735198815,-0.0001775200454379234,0.0024648089271070706,0.005780489318328241,0.0012324044635535353,1.2636105612769477,1.0,29.0,29.0,False,False,True,-108.75,72.5,29.0,-210.25,2020-2021
2021-05-10,4197.0,4183.75,4224.5,-0.006530926259308634,-0.0031620108080544695,0.0024477475645809372,0.005740476876489924,0.0012238737822904686,-1.137697511866303,-1.0,29.0,29.0,False,False,True,1921.25,72.5,29.0,1819.75,2020-2021
2021-05-11,4144.25,4146.25,4183.75,-0.009486142220561029,0.0004824799562867256,0.0028573713319021243,0.006701129763410694,0.0014286856659510622,-1.4156034214345432,-1.0,26.0,26.0,False,False,True,-260.0,65.0,26.0,-351.0,2020-2021
2021-05-12,4077.25,4057.75,4146.25,-0.01678156972423498,-0.004794108751847239,0.0031568977770758113,0.007403581542873969,0.0015784488885379057,-2.266682635566759,-1.0,23.0,23.0,False,False,True,2242.5,57.5,23.0,2162.0,2020-2021
2021-05-13,4113.75,4105.75,4057.75,0.013706388472369853,-0.001946591039879354,0.003848463927138358,0.009025447927480862,0.001924231963569179,1.518638031319905,1.0,19.0,19.0,False,False,True,-760.0,47.5,19.0,-826.5,2020-2021
2021-05-14,4175.5,4168.75,4105.75,0.016845681375613736,-0.0016178809293502525,0.003957218481812395,0.0092804999660787,0.0019786092409061974,1.815169596162561,1.0,18.0,18.0,False,False,True,-607.5,45.0,18.0,-670.5,2020-2021
2021-05-19,4084.5,4111.5,4122.75,-0.009321094626955483,0.006588603629026227,0.004059000226309457,0.009519199315304374,0.0020295001131547287,-0.9791889336710924,-1.0,18.0,18.0,False,False,True,-2430.0,45.0,18.0,-2493.0,2020-2021
2021-05-20,4158.75,4155.5,4111.5,0.011426622921736363,-0.0007817903396054904,0.004333084977209272,0.010161985032878258,0.002166542488604636,1.1244479188629461,1.0,17.0,17.0,False,False,True,-276.25,42.5,17.0,-335.75,2020-2021
2021-05-24,4203.75,4194.75,4152.5,0.012266421567029432,-0.002143240684672361,0.004368279121175522,0.010244522616634655,0.002184139560587761,1.197363901282398,1.0,16.0,16.0,False,False,True,-720.0,40.0,16.0,-776.0,2020-2021
2021-06-04,4227.5,4228.25,4190.75,0.008731086261348164,0.0001773940814159716,0.0023218951202987584,0.005445326732453207,0.0011609475601493792,1.603409068056908,1.0,31.0,31.0,False,False,True,116.25,77.5,31.0,7.75,2020-2021
2021-06-10,4240.75,4238.5,4219.25,0.005082753259238416,-0.0005307073273719938,0.002036606031309091,0.004776264512901805,0.0010183030156545455,1.0641691316527202,1.0,35.0,35.0,False,False,True,-393.75,87.5,35.0,-516.25,2020-2021
2021-06-16,4208.75,4213.5,4237.5,-0.00680778121342141,0.001127964737123817,0.0019968790493204657,0.00468309648169697,0.0009984395246602328,-1.4536922824520877,-1.0,36.0,36.0,False,False,True,-855.0,90.0,36.0,-981.0,2020-2021
2021-06-18,4163.5,4154.75,4212.75,-0.0117595744047778,-0.0021038086682414075,0.0019600708720231867,0.004596773654254204,0.0009800354360115933,-2.5582235039775334,-1.0,37.0,37.0,False,False,True,1618.75,92.5,37.0,1489.25,2020-2021
2021-06-21,4212.25,4214.0,4154.75,0.013744688710862086,0.0004153686456396348,0.0026083244510830407,0.006117063056046345,0.0013041622255415203,2.2469424599565464,1.0,28.0,28.0,False,False,True,245.0,70.0,28.0,147.0,2020-2021
2021-06-22,4234.75,4236.0,4214.0,0.004911979102356883,0.00029513325480573304,0.002655495179237943,0.006227688219416395,0.0013277475896189715,0.7887323400427375,1.0,27.0,27.0,False,False,True,168.75,67.5,27.0,74.25,2020-2021
2021-06-24,4259.0,4256.0,4231.5,0.006477850813052895,-0.0007046389017331989,0.00261132948147905,0.006124110477010441,0.001305664740739525,1.0577619129129652,1.0,27.0,27.0,False,False,True,-405.0,67.5,27.0,-499.5,2020-2021
2021-07-01,4309.5,4310.75,4286.5,0.005351338968643301,0.00029001479278703806,0.0024180939462148236,0.005670932977029819,0.0012090469731074118,0.9436434869392677,1.0,29.0,29.0,False,False,True,181.25,72.5,29.0,79.75,2021-2022
2021-07-02,4338.5,4343.25,4310.75,0.006416763353303407,0.0010942495404645185,0.0021583101483388717,0.005061685967177744,0.0010791550741694358,1.2677126544223796,1.0,32.0,32.0,False,False,True,760.0,80.0,32.0,648.0,2021-2022
2021-07-07,4350.25,4349.75,4334.5,0.00362705138699257,-0.00011494252886213726,0.0011957268389953227,0.002804228005033757,0.0005978634194976613,1.2934224251672104,1.0,58.0,40.0,True,False,True,-100.0,100.0,40.0,-240.0,2021-2022
2021-07-08,4307.5,4315.5,4349.75,-0.009760682764740852,0.001855503257627549,0.001755385632386739,0.004116744217357189,0.0008776928161933695,-2.3709713913211936,-1.0,40.0,40.0,False,False,True,-1600.0,100.0,40.0,-1740.0,2021-2022
2021-07-09,4361.25,4360.0,4315.5,0.01054552084127151,-0.0002866561579038298,0.0019710361728407255,0.004622489564137098,0.0009855180864203627,2.281350924637532,1.0,35.0,35.0,False,False,True,-218.75,87.5,35.0,-341.25,2021-2022
2021-07-12,4373.75,4376.25,4360.0,0.0031487073388178502,0.000571428586977677,0.0020248973907794456,0.004748805316868627,0.0010124486953897228,0.6630525213642818,1.0,34.0,34.0,False,False,True,425.0,85.0,34.0,306.0,2021-2022
2021-07-15,4347.25,4353.0,4367.75,-0.0047045410923756675,0.001321801290119342,0.002226949355794582,0.00522265917737377,0.001113474677897291,-0.9007941993912304,-1.0,31.0,31.0,False,False,True,-891.25,77.5,31.0,-999.75,2021-2022
2021-07-16,4327.25,4319.0,4353.0,-0.005933026245789366,-0.0019083423458070316,0.0023527106077778507,0.0055175954565124955,0.0011763553038889253,-1.0752919985800213,-1.0,30.0,30.0,False,False,True,1237.5,75.0,30.0,1132.5,2021-2022
2021-07-19,4228.25,4255.25,4319.0,-0.021235698106549718,0.006365318833931081,0.0028601497244021483,0.006707645671395238,0.0014300748622010741,-3.1658944355259213,-1.0,25.0,25.0,False,False,True,-3375.0,62.5,25.0,-3462.5,2021-2022
2021-07-20,4320.25,4315.0,4255.25,0.015159756246018589,-0.0012159464165727978,0.003280944288194426,0.0076944963982248996,0.001640472144097213,1.9702077252925747,1.0,21.0,21.0,False,False,True,-551.25,52.5,21.0,-624.75,2021-2022
2021-07-21,4346.25,4351.0,4315.0,0.007216079804542821,0.001092299398608865,0.0033356492139791885,0.007822790821245311,0.0016678246069895943,0.9224431496934865,1.0,21.0,21.0,False,False,True,498.75,52.5,21.0,425.25,2021-2022
2021-07-23,4402.25,4403.75,4360.0,0.009643716497807394,0.00034067681455991197,0.003103366125310032,0.007278038691328173,0.001551683062655016,1.3250433127400023,1.0,22.0,22.0,False,False,True,165.0,55.0,22.0,88.0,2021-2022
2021-07-27,4385.0,4395.0,4414.25,-0.006648318376624216,0.002277905312993867,0.0032243160111895476,0.007561691316767236,0.0016121580055947738,-0.8792104964510103,-1.0,21.0,21.0,False,False,True,-1050.0,52.5,21.0,-1123.5,2021-2022
2021-07-29,4416.25,4412.0,4392.5,0.005392378612102775,-0.0009628182999618864,0.00317389091447866,0.007443433982615552,0.00158694545723933,0.7244476977557535,1.0,22.0,22.0,False,False,True,-467.5,55.0,22.0,-544.5,2021-2022
2021-07-30,4390.0,4390.25,4412.0,-0.004998874304176064,5.6945986746926773e-05,0.0032657821693650307,0.0076589380776700446,0.0016328910846825154,-0.6526850398164847,-1.0,21.0,21.0,False,False,True,-26.25,52.5,21.0,-99.75,2021-2022
2021-08-03,4409.0,4415.25,4380.25,0.006542105990740783,0.0014165512185427016,0.002729319060406636,0.00640082056725888,0.001364659530203318,1.0220730173572743,1.0,25.0,25.0,False,False,True,781.25,62.5,25.0,693.75,2021-2022
2021-08-04,4401.0,4393.75,4415.25,-0.003232669765389039,-0.001648711252116331,0.0026690836045457304,0.0062595559015238104,0.0013345418022728652,-0.5164375582303029,-1.0,26.0,26.0,False,False,True,942.5,65.0,26.0,851.5,2021-2022
2021-08-05,4411.25,4421.75,4393.75,0.003975019430504783,0.002377449325423236,0.0026418311189869183,0.006195643157644104,0.0013209155594934591,0.6415830171885312,1.0,26.0,26.0,False,False,True,1365.0,65.0,26.0,1274.0,2021-2022
2021-08-17,4434.5,4444.5,4474.0,-0.008867993233567866,0.00225250686522247,0.00155501768741388,0.003646839733925123,0.00077750884370694,-2.4316926107479837,-1.0,44.0,40.0,True,False,True,-2000.0,100.0,40.0,-2140.0,2021-2022
2021-08-18,4431.75,4395.25,4444.5,-0.0028728367878359785,-0.008270127570994686,0.001641727891195973,0.0038501931871036386,0.0008208639455979865,-0.746153932602304,-1.0,42.0,40.0,True,False,True,7300.0,100.0,40.0,7160.0,2021-2022
2021-08-20,4431.5,4436.25,4402.25,0.006622353337565156,0.0010712977822536507,0.0025948236217120204,0.006085400804620085,0.0012974118108560102,1.088236182000931,1.0,26.0,26.0,False,False,True,617.5,65.0,26.0,526.5,2021-2022
2021-08-23,4483.75,4476.25,4436.25,0.010650324885786036,-0.001674107533849827,0.002650679460520937,0.006216394357933835,0.0013253397302604684,1.713264035798064,1.0,25.0,25.0,False,False,True,-937.5,62.5,25.0,-1025.0,2021-2022
2021-08-26,4470.5,4466.0,4492.5,-0.004909080482341359,-0.0010071057752695958,0.002587699116204885,0.0060686923581642765,0.0012938495581024424,-0.8089189882458155,-1.0,26.0,26.0,False,False,True,585.0,65.0,26.0,494.0,2021-2022
2021-08-27,4505.25,4505.0,4466.0,0.00875022999827724,-5.549235594218026e-05,0.002690885917459575,0.00631068685756966,0.0013454429587297875,1.3865733153565292,1.0,25.0,25.0,False,False,True,-31.25,62.5,25.0,-118.75,2021-2022
2021-08-30,4532.5,4525.5,4505.0,0.006085772586567901,-0.0015455953617805973,0.0026100581577678714,0.006121128958625066,0.0013050290788839357,0.9942238805461947,1.0,26.0,26.0,False,False,True,-910.0,65.0,26.0,-1001.0,2021-2022
2021-09-09,4501.5,4493.25,4513.25,-0.002606840268236004,-0.0018344039163875495,0.002026923553210368,0.004753557088967607,0.001013461776605184,-0.5483978038858824,-1.0,33.0,33.0,False,False,True,1361.25,82.5,33.0,1245.75,2021-2022
2021-09-14,4434.25,4435.75,4459.75,-0.005734218545681144,0.0003382187179930907,0.002192261979959514,0.00514131007023191,0.001096130989979757,-1.1153224503774168,-1.0,31.0,31.0,False,False,True,-232.5,77.5,31.0,-341.0,2021-2022
2021-09-15,4466.5,4472.5,4435.75,0.006908393338204904,0.0013424322409805207,0.0022853560113800047,0.005359634926291994,0.0011426780056900023,1.2889671466829555,1.0,30.0,30.0,False,False,True,900.0,75.0,30.0,795.0,2021-2022
2021-09-17,4422.75,4420.0,4464.75,-0.00945154715288601,-0.000621978476979448,0.00232681312229903,0.005456860469497666,0.001163406561149515,-1.7320485296843366,-1.0,29.0,29.0,False,False,True,398.75,72.5,29.0,297.25,2021-2022
2021-09-20,4302.75,4346.5,4420.0,-0.026885342921653694,0.010116570369028901,0.0026614323301304946,0.006241612072473832,0.0013307161650652473,-4.307435740875485,-1.0,26.0,26.0,False,False,True,-5687.5,65.0,26.0,-5778.5,2021-2022
2021-09-22,4382.25,4384.0,4342.5,0.009112071987396194,0.00039925852519541195,0.0030736902831651914,0.007208442672487077,0.0015368451415825957,1.2640832980714156,1.0,22.0,22.0,False,False,True,192.5,55.0,22.0,115.5,2021-2022
2021-09-23,4448.0,4437.25,4384.0,0.014493007302566824,-0.002419741761962433,0.0031136960571199112,0.007302264528807653,0.0015568480285599556,1.984727784838727,1.0,22.0,22.0,False,False,True,-1182.5,55.0,22.0,-1259.5,2021-2022
2021-09-28,4364.0,4343.75,4433.0,-0.015687487792092135,-0.004651037639859231,0.003658633845595271,0.00858025692440173,0.0018293169227976355,-1.8283237821792808,-1.0,19.0,19.0,False,False,True,1923.75,47.5,19.0,1857.25,2021-2022
2021-09-29,4372.25,4350.5,4343.75,0.006539720416198478,-0.004986969723221475,0.0036388102001244115,0.008533766354834894,0.0018194051000622058,0.7663345988484125,1.0,19.0,19.0,False,False,True,-2066.25,47.5,19.0,-2132.75,2021-2022
2021-09-30,4329.0,4297.0,4350.5,-0.0049542125640985365,-0.007419463666985468,0.003828319096575195,0.008978204112104645,0.0019141595482875975,-0.551804403446246,-1.0,18.0,18.0,False,False,True,2880.0,45.0,18.0,2817.0,2021-2022
2021-10-01,4352.75,4346.75,4297.0,0.012890724471712843,-0.001379389838808688,0.004149660288877649,0.009731816008432585,0.0020748301444388243,1.3245959911842842,1.0,17.0,17.0,False,False,True,-510.0,42.5,17.0,-569.5,2021-2022
2021-10-04,4286.75,4292.0,4346.75,-0.013899569348938405,0.0012239546916283377,0.004256967465150895,0.009983473643799676,0.0021284837325754474,-1.3922578297755965,-1.0,17.0,17.0,False,False,True,-446.25,42.5,17.0,-505.75,2021-2022
2021-10-05,4354.5,4335.0,4292.0,0.014456968382205277,-0.00448818291815201,0.004302618178873505,0.010090534057345536,0.0021513090894367524,1.4327257903342725,1.0,16.0,16.0,False,False,True,-1560.0,40.0,16.0,-1616.0,2021-2022
2021-10-07,4396.0,4391.25,4353.5,0.009714917254841731,-0.0010811119434751425,0.004652399889960304,0.0109108448824353,0.002326199944980152,0.8903909238487279,1.0,15.0,15.0,False,False,True,-356.25,37.5,15.0,-408.75,2021-2022
2021-10-14,4429.25,4429.0,4355.25,0.01684825556027774,-5.644455734850668e-05,0.0042839797170770196,0.010046822989870986,0.0021419898585385098,1.6769734648718135,1.0,16.0,16.0,False,False,True,-20.0,40.0,16.0,-76.0,2021-2022
2021-10-15,4465.25,4463.0,4429.0,0.008151378861394708,-0.000504018155323037,0.003938483667526851,0.009236562931987562,0.0019692418337634255,0.8825121337251215,1.0,17.0,17.0,False,False,True,-191.25,42.5,17.0,-250.75,2021-2022
2021-10-19,4504.25,4511.75,4477.0,0.006068216254843904,0.0016637093455978643,0.003299755004323669,0.007738611437917983,0.0016498775021618346,0.7841479448251654,1.0,20.0,20.0,False,False,True,750.0,50.0,20.0,680.0,2021-2022
2021-10-20,4527.25,4529.25,4511.75,0.003429586280044374,0.0004416717346684177,0.002772177934404421,0.006501333536282628,0.0013860889672022104,0.5275204326780877,1.0,24.0,24.0,False,False,True,240.0,60.0,24.0,156.0,2021-2022
2021-10-25,4560.0,4560.25,4536.25,0.005221943981151625,5.4823058592259666e-05,0.002121848367483805,0.004976175511400828,0.0010609241837419025,1.049389027615228,1.0,31.0,31.0,False,False,True,38.75,77.5,31.0,-69.75,2021-2022
2021-10-26,4575.75,4564.75,4560.25,0.0033931731330475684,-0.0024068716832291903,0.001895338947124456,0.004444963833899847,0.000947669473562228,0.7633747449572663,1.0,35.0,35.0,False,False,True,-1925.0,87.5,35.0,-2047.5,2021-2022
2021-10-28,4579.75,4587.5,4544.25,0.007781713972360427,0.0016908018972571963,0.0018383816471781783,0.004311387125247342,0.0009191908235890891,1.8049211880767944,1.0,36.0,36.0,False,False,True,1395.0,90.0,36.0,1269.0,2021-2022
2021-11-02,4624.0,4624.0,4605.75,0.003954608474595028,0.0,0.0018778749925742661,0.004404007230074322,0.0009389374962871331,0.8979568533833425,1.0,35.0,35.0,False,False,True,0.0,87.5,35.0,-122.5,2021-2022
2021-11-03,4644.25,4652.25,4624.0,0.00436976391930023,0.0017210782498230275,0.0018636828882675578,0.004370723795221701,0.0009318414441337789,0.9997803851338032,1.0,35.0,35.0,False,False,True,1400.0,87.5,35.0,1277.5,2021-2022
2021-11-05,4691.75,4690.0,4673.75,0.0038438998800585,-0.00037306473105693444,0.0022192222774910686,0.0052045375724476765,0.0011096111387455343,0.7385670343524346,1.0,29.0,29.0,False,False,True,-253.75,72.5,29.0,-355.25,2021-2022
2021-11-09,4676.25,4679.0,4694.5,-0.003895104036246212,0.00058790520386032,0.002284529124778885,0.005357695705319254,0.0011422645623894426,-0.727011060441349,-1.0,28.0,28.0,False,False,True,-385.0,70.0,28.0,-483.0,2021-2022
2021-11-10,4632.25,4641.25,4679.0,-0.010041700703692376,0.0019410153287658122,0.0024209160854083743,0.005677551480104742,0.0012104580427041872,-1.7686674861303278,-1.0,27.0,27.0,False,False,True,-1215.0,67.5,27.0,-1309.5,2021-2022
2021-11-12,4671.25,4677.5,4642.75,0.006119838726531281,0.001337077348550959,0.00228813358423554,0.005366148912039824,0.00114406679211777,1.1404526461799134,1.0,28.0,28.0,False,False,True,875.0,70.0,28.0,777.0,2021-2022
2021-11-16,4703.75,4697.25,4679.0,0.005275651041430701,-0.001382831834015076,0.0022884882418620278,0.005366980657900134,0.0011442441209310139,0.9829830546650105,1.0,28.0,28.0,False,False,True,-910.0,70.0,28.0,-1008.0,2021-2022
2021-11-18,4699.5,4702.0,4686.25,0.0028234310102343164,0.0005318300396587046,0.002188094244408807,0.005131535863977003,0.0010940471222044034,0.5502116880941221,1.0,29.0,29.0,False,False,True,362.5,72.5,29.0,261.0,2021-2022
2021-11-22,4722.75,4680.0,4693.75,0.006159420524516835,-0.009093147125269365,0.00223056971836274,0.005231149680196752,0.00111528485918137,1.1774506372536389,1.0,29.0,29.0,False,False,True,-6198.75,72.5,29.0,-6300.25,2021-2022
2021-11-30,4577.25,4562.75,4650.25,-0.015822600484346222,-0.0031728691825840087,0.00393279697572797,0.009223226457570198,0.001966398487863985,-1.7155168592178955,-1.0,17.0,17.0,False,False,True,1232.5,42.5,17.0,1173.0,2021-2022
2021-12-02,4581.0,4577.5,4508.5,0.015952810946780797,-0.0007643173380763027,0.004842153508414319,0.011355856563675418,0.0024210767542071597,1.4048091271080247,1.0,14.0,14.0,False,False,True,-245.0,35.0,14.0,-294.0,2021-2022
2021-12-03,4499.5,4537.5,4577.5,-0.01718671807466251,0.008409920099102892,0.005069057824875045,0.011887994354625094,0.0025345289124375225,-1.4457205784233835,-1.0,13.0,13.0,False,False,True,-2470.0,32.5,13.0,-2515.5,2021-2022
2021-12-06,4592.25,4591.25,4537.5,0.011993900453067285,-0.00021778189229648814,0.0054586720568025136,0.012801720721467142,0.0027293360284012568,0.9368975244831559,1.0,12.0,12.0,False,False,True,-60.0,30.0,12.0,-102.0,2021-2022
2021-12-07,4685.25,4686.5,4591.25,0.02026695790791195,0.00026675914475141776,0.0055384167810236485,0.012988738677091934,0.0027692083905118243,1.5603484227191755,1.0,12.0,12.0,False,False,True,75.0,30.0,12.0,33.0,2021-2022
2021-12-14,4618.5,4628.75,4660.75,-0.009106402342906146,0.002216876195157614,0.0046888422660135865,0.010996309829918165,0.0023444211330067933,-0.8281325720861319,-1.0,14.0,14.0,False,False,True,-717.5,35.0,14.0,-766.5,2021-2022
2021-12-16,4653.25,4657.75,4700.25,-0.010049798594452075,0.0009665987220207202,0.004545808731789637,0.010660866458364535,0.0022729043658948184,-0.9426812195519985,-1.0,14.0,14.0,False,False,True,-315.0,35.0,14.0,-364.0,2021-2022
2021-12-17,4632.75,4608.5,4657.75,-0.005381854656344989,-0.005248219810399293,0.00436826629865055,0.010244492545148049,0.002184133149325275,-0.5253412633790162,-1.0,15.0,15.0,False,False,True,1818.75,37.5,15.0,1766.25,2021-2022
2021-12-20,4545.5,4558.75,4608.5,-0.013764691871806014,0.002910730560977158,0.004296335889061759,0.01007580078177514,0.0021481679445308796,-1.3661139367407154,-1.0,15.0,15.0,False,False,True,-993.75,37.5,15.0,-1046.25,2021-2022
2021-12-21,4637.5,4640.5,4558.75,0.017126964792800636,0.0006466911197568688,0.0044068093744894146,0.01033488407032139,0.0022034046872447073,1.6571995076349249,1.0,15.0,15.0,False,False,True,225.0,37.5,15.0,172.5,2021-2022
2021-12-22,4672.5,4686.25,4640.5,0.0068721412942704275,0.00293842872040384,0.004458104621835026,0.010455182088598339,0.002229052310917513,0.6572952279582662,1.0,15.0,15.0,False,False,True,1031.25,37.5,15.0,978.75,2021-2022
2021-12-23,4727.5,4715.25,4686.25,0.008763832482490729,-0.0025945846013323854,0.004501503623466294,0.010556961769204289,0.002250751811733147,0.8301472217182507,1.0,14.0,14.0,False,False,True,-857.5,35.0,14.0,-906.5,2021-2022
2021-12-27,4771.5,4783.0,4715.25,0.011858783926028307,0.0024072438229883705,0.004556119393815417,0.010685047104194502,0.0022780596969077084,1.1098485397760245,1.0,14.0,14.0,False,False,True,805.0,35.0,14.0,756.0,2021-2022
2022-01-03,4781.0,4786.5,4759.5,0.004507108934743329,0.001149725760304489,0.0032033591335075147,0.007512543082088987,0.0016016795667537574,0.5999445042104241,1.0,20.0,20.0,False,False,True,550.0,50.0,20.0,480.0,2021-2022
2022-01-05,4725.25,4692.25,4783.5,-0.012252026537156253,-0.007008258044706533,0.0024507207343460327,0.005747449577651341,0.0012253603671730164,-2.131732757569135,-1.0,26.0,26.0,False,False,True,4290.0,65.0,26.0,4199.0,2021-2022
2022-01-10,4636.75,4662.5,4669.0,-0.006931226201540755,0.005538095182674764,0.003626249757888682,0.008504309506728485,0.001813124878944341,-0.8150251582514572,-1.0,18.0,18.0,False,False,True,-2317.5,45.0,18.0,-2380.5,2021-2022
2022-01-11,4696.0,4705.25,4662.5,0.007159297555861435,0.001967824062741108,0.004314357855618521,0.010118066039755564,0.0021571789278092605,0.7075756896358815,1.0,15.0,15.0,False,False,True,693.75,37.5,15.0,641.25,2021-2022
2022-01-13,4680.75,4653.25,4718.5,-0.008032598979125664,-0.005892453303819531,0.004560517279411059,0.01069536106014835,0.0022802586397055293,-0.751035793364254,-1.0,14.0,14.0,False,False,True,1925.0,35.0,14.0,1876.0,2021-2022
2022-01-21,4405.75,4385.5,4474.25,-0.015428233953038944,-0.004606861553042494,0.005729090628539415,0.013435908486778995,0.0028645453142697075,-1.1482836436568773,-1.0,12.0,12.0,False,False,True,1215.0,30.0,12.0,1173.0,2021-2022
2022-01-24,4308.25,4404.5,4385.5,-0.01777185522974985,0.022094956388163858,0.006287191410095667,0.014744770837469603,0.0031435957050478334,-1.2052988429354075,-1.0,11.0,11.0,False,False,True,-5293.75,27.5,11.0,-5332.25,2021-2022
2022-01-28,4365.5,4424.0,4317.75,0.010998297026833663,0.01331153395130829,0.009106490081728003,0.021356612298006387,0.0045532450408640015,0.5149832226836997,1.0,8.0,8.0,False,False,True,2340.0,20.0,8.0,2312.0,2021-2022
2022-01-31,4485.5,4501.5,4424.0,0.013805707797167527,0.003560702549193178,0.009265443394492418,0.021729390859639566,0.004632721697246209,0.6353472072155698,1.0,7.0,7.0,False,False,True,560.0,17.5,7.0,535.5,2021-2022
2022-02-03,4487.0,4471.75,4577.0,-0.019859434677658744,-0.003404496102628192,0.00906713262919609,0.021264310890195294,0.004533566314598045,-0.9339326715174993,-1.0,7.0,7.0,False,False,True,533.75,17.5,7.0,509.25,2021-2022
2022-02-09,4571.5,4579.5,4513.25,0.012823863787713797,0.0017484432385609355,0.006570657226407067,0.015409557103568707,0.0032853286132035336,0.8322019706032896,1.0,10.0,10.0,False,False,True,400.0,25.0,10.0,365.0,2021-2022
2022-02-10,4502.75,4498.25,4579.5,-0.01690150062587539,-0.0009998889845387984,0.004785717357134732,0.011223502056982639,0.002392858678567366,-1.5059025730173246,-1.0,14.0,14.0,False,False,True,315.0,35.0,14.0,266.0,2021-2022
2022-02-11,4413.25,4408.5,4498.25,-0.01907705276323562,-0.0010768839423106883,0.004721258301564445,0.011072332171927535,0.0023606291507822226,-1.7229480173655753,-1.0,15.0,15.0,False,False,True,356.25,37.5,15.0,303.75,2021-2022
2022-02-15,4457.75,4464.5,4394.5,0.014290395409456117,0.00151307154311504,0.0050835424887927996,0.011921963902582884,0.0025417712443963998,1.1986611875548554,1.0,13.0,13.0,False,False,True,438.75,32.5,13.0,393.25,2021-2022
2022-02-17,4387.0,4375.0,4470.25,-0.018798713289098355,-0.0027391023744991875,0.0050914315071692385,0.011940465290644077,0.0025457157535846192,-1.574370247014414,-1.0,14.0,14.0,False,False,True,840.0,35.0,14.0,791.0,2021-2022
2022-02-23,4238.5,4223.0,4299.75,-0.01434744840814154,-0.0036636571145166655,0.006022514017764577,0.014124047331340248,0.0030112570088822884,-1.0158170722286934,-1.0,12.0,12.0,False,False,True,930.0,30.0,12.0,888.0,2021-2022
2022-02-25,4363.75,4379.75,4286.0,0.01797788238572351,0.003659865696685628,0.007443557109229954,0.017456688787138953,0.003721778554614977,1.029856383701389,1.0,9.0,9.0,False,False,True,720.0,22.5,9.0,688.5,2021-2022
2022-02-28,4332.0,4369.5,4379.75,-0.010962315995050173,0.008619256946717755,0.0078874887308558,0.01849780072431787,0.0039437443654279,-0.5926280728410442,-1.0,9.0,9.0,False,False,True,-1687.5,22.5,9.0,-1719.0,2021-2022
2022-03-01,4299.75,4303.5,4369.5,-0.016091704610997216,0.0008717636329274611,0.007802870933768719,0.018299354399808482,0.0039014354668843597,-0.8793591434660465,-1.0,9.0,9.0,False,False,True,-168.75,22.5,9.0,-200.25,2021-2022
2022-03-02,4383.0,4381.5,4303.5,0.0183047763292799,-0.00034228992290382353,0.007972257801865354,0.018696601817622276,0.003986128900932677,0.979042956994834,1.0,9.0,9.0,False,False,True,-67.5,22.5,9.0,-99.0,2021-2022
2022-03-04,4296.0,4325.5,4360.5,-0.014902372478339724,0.0068433834317283984,0.007982102043673152,0.018719688611081677,0.003991051021836576,-0.7960801479100363,-1.0,9.0,9.0,False,False,True,-1327.5,22.5,9.0,-1359.0,2021-2022
2022-03-07,4220.5,4198.0,4325.5,-0.024574136196654304,-0.0053453830431963185,0.008194211131230943,0.019217128514623094,0.004097105565615471,-1.278762130250357,-1.0,9.0,9.0,False,False,True,1012.5,22.5,9.0,981.0,2021-2022
2022-03-09,4276.25,4277.0,4165.5,0.02624014087685046,0.0001753719350941801,0.0082220567952191,0.019282432385229496,0.00411102839760955,1.3608314735723188,1.0,9.0,9.0,False,False,True,33.75,22.5,9.0,2.25,2021-2022
2022-03-15,4240.75,4256.25,4165.0,0.018023864774889254,0.0036483505219902274,0.00632089139523288,0.014823804308166303,0.00316044569761644,1.215873091697525,1.0,11.0,11.0,False,False,True,852.5,27.5,11.0,814.0,2021-2022
2022-03-16,4294.0,4350.75,4256.25,0.0088302085409039,0.013129544575556982,0.006215748907700224,0.0145772233178912,0.003107874453850112,0.60575380841331,1.0,11.0,11.0,False,False,True,3121.25,27.5,11.0,3082.75,2021-2022
2022-03-17,4388.25,4405.0,4350.75,0.008582270322171848,0.0038097450338247787,0.0064429946869596355,0.01511016191008705,0.0032214973434798178,0.5679800370929583,1.0,11.0,11.0,False,False,True,921.25,27.5,11.0,882.75,2021-2022
2022-03-22,4498.75,4505.25,4453.0,0.010221554071538009,0.0014438030051401023,0.005239895691925506,0.012288644666619145,0.002619947845962753,0.8317885616225703,1.0,13.0,13.0,False,False,True,422.5,32.5,13.0,377.0,2021-2022
2022-03-23,4462.0,4446.5,4505.25,-0.009646287405902655,-0.0034798261527830203,0.004873820716054157,0.011430122748567166,0.0024369103580270785,-0.8439355917776015,-1.0,14.0,14.0,False,False,True,1085.0,35.0,14.0,1036.0,2021-2022
2022-03-24,4490.25,4513.0,4446.5,0.009791109633876445,0.005053741353430011,0.004860299613113028,0.011398412951404532,0.002430149806556514,0.8589888500810956,1.0,14.0,14.0,False,False,True,1592.5,35.0,14.0,1543.5,2021-2022
2022-03-29,4616.0,4627.0,4569.0,0.01023416662466407,0.0023801807190641363,0.0037766705756475966,0.008857077593839456,0.0018883352878237983,1.1554789394396239,1.0,17.0,17.0,False,False,True,935.0,42.5,17.0,875.5,2021-2022
2022-03-30,4589.25,4598.25,4627.0,-0.008192097896239996,0.0019591843001474972,0.003737357439959446,0.008764880118239567,0.001868678719979723,-0.9346503073319142,-1.0,18.0,18.0,False,False,True,-810.0,45.0,18.0,-873.0,2021-2022
2022-03-31,4575.5,4527.75,4598.25,-0.004959813955474082,-0.0104908550107876,0.0032730189587228146,0.00767590985309718,0.0016365094793614073,-0.6461532313948202,-1.0,20.0,20.0,False,False,True,4775.0,50.0,20.0,4705.0,2021-2022
2022-04-04,4570.5,4578.0,4538.25,0.0070811329233329825,0.0016396134186385028,0.0032220123795472302,0.0075562888216872594,0.0016110061897736151,0.9371178220463814,1.0,21.0,21.0,False,False,True,787.5,52.5,21.0,714.0,2021-2022
2022-04-05,4534.5,4521.25,4578.0,-0.009547397624889523,-0.0029263196213146986,0.00316424079259112,0.0074208024407227844,0.00158212039629556,-1.2865721330211843,-1.0,21.0,21.0,False,False,True,1391.25,52.5,21.0,1317.75,2021-2022
2022-04-06,4490.0,4475.75,4521.25,-0.006935802530007715,-0.00317876630491757,0.0032974463209131536,0.007733197095391421,0.0016487231604565768,-0.8968868172442015,-1.0,20.0,20.0,False,False,True,1425.0,50.0,20.0,1355.0,2021-2022
2022-04-07,4501.75,4497.75,4475.75,0.005792274618232406,-0.0008889383328860218,0.0032235216474565285,0.007559828368681043,0.0016117608237282643,0.7661912858007092,1.0,21.0,21.0,False,False,True,-420.0,52.5,21.0,-493.5,2021-2022
2022-04-11,4433.75,4409.25,4487.0,-0.011938599888151716,-0.005541120137357528,0.0034679057338755257,0.008132959853875901,0.0017339528669377629,-1.4679280486626494,-1.0,20.0,20.0,False,False,True,2450.0,50.0,20.0,2380.0,2021-2022
2022-04-13,4436.75,4442.5,4391.5,0.010251272057502274,0.0012951546141321006,0.004165847596961959,0.00976977861090647,0.0020829237984809797,1.0492839669937137,1.0,16.0,16.0,False,False,True,460.0,40.0,16.0,404.0,2021-2022
2022-04-14,4401.5,4387.0,4442.5,-0.009271889127845606,-0.0032997697347468373,0.004184017276860455,0.009812390287379893,0.0020920086384302273,-0.9449164633993975,-1.0,16.0,16.0,False,False,True,1160.0,40.0,16.0,1104.0,2021-2022
2022-04-19,4446.75,4459.0,4389.0,0.0130720815673527,0.0027510333718897976,0.004447821467847733,0.010431065954836994,0.0022239107339238665,1.2531875096898453,1.0,15.0,15.0,False,False,True,918.75,37.5,15.0,866.25,2021-2022
2022-04-21,4400.75,4388.75,4455.75,-0.012420415977878836,-0.002730532443439698,0.0047687936125442,0.01118381235781131,0.0023843968062721,-1.1105708483390124,-1.0,14.0,14.0,False,False,True,840.0,35.0,14.0,791.0,2021-2022
2022-04-22,4282.25,4269.5,4388.75,-0.024565876104547617,-0.0029818480304335637,0.005145218697210441,0.012066607432567015,0.0025726093486052207,-2.0358560798328336,-1.0,14.0,14.0,False,False,True,892.5,35.0,14.0,843.5,2021-2022
2022-04-26,4214.25,4168.0,4293.0,-0.018514149564143337,-0.01103533522721446,0.005746829845195263,0.013477510637463752,0.0028734149225976315,-1.3737069153319101,-1.0,12.0,12.0,False,False,True,2775.0,30.0,12.0,2733.0,2021-2022
2022-04-28,4293.5,4285.0,4179.75,0.026850814994784075,-0.0019816990806592214,0.00617734093972412,0.014487148648742242,0.00308867046986206,1.8534230334631951,1.0,11.0,11.0,False,False,True,-467.5,27.5,11.0,-506.0,2021-2022
2022-04-29,4163.25,4127.75,4285.0,-0.028824532793499766,-0.008563554926438432,0.0066433700657139525,0.015580083827281968,0.0033216850328569763,-1.8500884278315441,-1.0,11.0,11.0,False,False,True,1952.5,27.5,11.0,1914.0,2021-2022
2022-05-02,4069.75,4151.5,4127.75,-0.014150891823322577,0.019888142213466055,0.00679959483783297,0.0159464633938929,0.003399797418916485,-0.887400013017433,-1.0,11.0,11.0,False,False,True,-4496.25,27.5,11.0,-4534.75,2021-2022
2022-05-04,4243.25,4296.75,4170.25,0.017353499007475924,0.012529437915156058,0.007022739589343419,0.016469784223496146,0.0035113697946717094,1.0536567311379255,1.0,10.0,10.0,False,False,True,2675.0,25.0,10.0,2640.0,2021-2022
2022-05-05,4132.75,4144.5,4296.75,-0.038915878023675354,0.0028391090984594227,0.007921947020221181,0.018578612576065842,0.0039609735101105905,-2.094660075629613,-1.0,9.0,9.0,False,False,True,-528.75,22.5,9.0,-560.25,2021-2022
2022-05-06,4093.75,4119.0,4144.5,-0.012320733648018911,0.006148995052518616,0.008063570812823528,0.01891074981045985,0.004031785406411764,-0.651520102138103,-1.0,9.0,9.0,False,False,True,-1136.25,22.5,9.0,-1167.75,2021-2022
2022-05-09,4017.75,3987.5,4119.0,-0.02488837100690138,-0.007557576336079416,0.008127327517984948,0.019060272537801622,0.004063663758992474,-1.305772042741838,-1.0,9.0,9.0,False,False,True,1361.25,22.5,9.0,1329.75,2021-2022
2022-05-11,3957.0,3932.25,3995.25,-0.009619993079793917,-0.006274381264672451,0.008117149370838543,0.01903640266691097,0.004058574685419271,-0.5053472154439854,-1.0,9.0,9.0,False,False,True,1113.75,22.5,9.0,1082.25,2021-2022
2022-05-12,3860.75,3928.0,3932.25,-0.018350316017641463,0.01726892537124619,0.007753761043226257,0.018184181497526698,0.0038768805216131286,-1.0091362110600008,-1.0,10.0,10.0,False,False,True,-3362.5,25.0,10.0,-3397.5,2021-2022
2022-05-13,4009.5,4020.25,3928.0,0.020536154772726932,0.0026775444870505293,0.007744053324913764,0.018161414880044274,0.003872026662456882,1.13075742767663,1.0,10.0,10.0,False,False,True,537.5,25.0,10.0,502.5,2021-2022
2022-05-17,4074.5,4086.25,4006.25,0.016892398091294263,0.0028796392781459774,0.00752372102828495,0.017644689841791333,0.003761860514142475,0.957364410638986,1.0,10.0,10.0,False,False,True,587.5,25.0,10.0,552.5,2021-2022
2022-05-18,3920.0,3923.75,4086.25,-0.041536025253912125,0.0009561753716550904,0.00817248285197379,0.019166171182892298,0.004086241425986895,-2.1671529935508,-1.0,9.0,9.0,False,False,True,-168.75,22.5,9.0,-200.25,2021-2022
2022-05-20,3837.5,3898.25,3896.75,-0.015321759473707805,0.015706621569542237,0.0076749930925871105,0.017999454279003273,0.0038374965462935552,-0.8512346672410478,-1.0,10.0,10.0,False,False,True,-3037.5,25.0,10.0,-3072.5,2021-2022
2022-05-23,3965.25,3972.25,3898.25,0.01704117031867443,0.0017637799848070257,0.008041999234122481,0.018860159974108018,0.004020999617061241,0.9035538586135657,1.0,9.0,9.0,False,False,True,315.0,22.5,9.0,283.5,2021-2022
2022-05-24,3910.75,3943.5,3972.25,-0.015603513326596761,0.008339482396165923,0.008054286992074638,0.018888977320883866,0.004027143496037319,-0.8260644852035129,-1.0,10.0,10.0,False,False,True,-1637.5,25.0,10.0,-1672.5,2021-2022
2022-05-25,3979.75,3979.0,3943.5,0.00915034939719968,-0.00018847180831662528,0.007415494513418525,0.01739087616631121,0.0037077472567092623,0.5261580445800257,1.0,10.0,10.0,False,False,True,-37.5,25.0,10.0,-72.5,2021-2022
2022-05-26,4062.75,4055.75,3979.0,0.020829552779189343,-0.0017244569156095876,0.007527370437400276,0.017653248464805617,0.003763685218700138,1.1799274689140733,1.0,10.0,10.0,False,False,True,-350.0,25.0,10.0,-385.0,2021-2022
2022-05-27,4134.25,4156.25,4055.75,0.019170306239797347,0.0053072918738584565,0.00741598863770872,0.017392034990490236,0.00370799431885436,1.1022463012683363,1.0,10.0,10.0,False,False,True,1100.0,25.0,10.0,1065.0,2021-2022
2022-06-02,4149.25,4175.75,4098.5,0.012306541907742776,0.0063663878692288315,0.006948179153202295,0.01629492450112833,0.0034740895766011476,0.7552377371794892,1.0,10.0,10.0,False,False,True,1325.0,25.0,10.0,1290.0,2021-2022
2022-06-03,4117.5,4108.25,4175.75,-0.014047799818261627,-0.002249035990396098,0.006975703131731965,0.016359473952462632,0.0034878515658659827,-0.8586950814605488,-1.0,11.0,11.0,False,False,True,508.75,27.5,11.0,470.25,2021-2022
2022-06-08,4113.75,4114.5,4158.75,-0.010879527075136813,0.000182298788217866,0.005617131385663951,0.01317334078815851,0.0028085656928319757,-0.8258745636426865,-1.0,13.0,13.0,False,False,True,-48.75,32.5,13.0,-94.25,2021-2022
2022-06-09,4067.0,4015.25,4114.5,-0.01161169313854312,-0.012806014964217847,0.005486452298042926,0.012866871162130006,0.002743226149021463,-0.9024488542885899,-1.0,14.0,14.0,False,False,True,3622.5,35.0,14.0,3573.5,2021-2022
2022-06-10,3931.25,3897.75,4015.25,-0.02114217049425593,-0.008557977892089718,0.006198526646454358,0.014536833535107497,0.003099263323227179,-1.4543862281421926,-1.0,12.0,12.0,False,False,True,2010.0,30.0,12.0,1968.0,2021-2022
2022-06-13,3769.25,3750.25,3897.75,-0.033523420897633015,-0.0050535382500281655,0.006290596949420176,0.014752757535128792,0.003145298474710088,-2.272349478923389,-1.0,13.0,13.0,False,False,True,1235.0,32.5,13.0,1189.5,2021-2022
2022-06-15,3784.75,3795.5,3741.75,0.011426418082731787,0.002836319964834638,0.006289006145805977,0.014749026769957381,0.0031445030729029886,0.7747235299624319,1.0,13.0,13.0,False,False,True,698.75,32.5,13.0,653.25,2021-2022
2022-06-16,3649.25,3673.75,3795.5,-0.03929448744613548,0.006691271722439619,0.00633772691409436,0.014863287099662649,0.00316886345704718,-2.643727944071493,-1.0,13.0,13.0,False,False,True,-1592.5,32.5,13.0,-1638.0,2021-2022
2022-06-24,3897.25,3919.25,3798.5,0.02566492424951394,0.005629132755850175,0.006204386209390951,0.014550575428279233,0.0031021931046954754,1.7638425625170688,1.0,13.0,13.0,False,False,True,1430.0,32.5,13.0,1384.5,2021-2022
2022-06-28,3832.5,3825.25,3905.5,-0.018868484304382805,-0.0018935071440463616,0.006305738204495028,0.014788266925842087,0.003152869102247514,-1.2759090973270608,-1.0,13.0,13.0,False,False,True,471.25,32.5,13.0,425.75,2021-2022
2022-06-30,3788.5,3789.5,3820.75,-0.008476576036517651,0.0002639218806557066,0.005980485767947184,0.014025482348689599,0.002990242883973592,-0.6043696627167776,-1.0,13.0,13.0,False,False,True,-65.0,32.5,13.0,-110.5,2021-2022
2022-07-07,3904.5,3904.75,3849.5,0.014186464384625407,6.402663510203376e-05,0.006782483094002886,0.015906332797423556,0.003391241547001443,0.8918752402139651,1.0,11.0,11.0,False,False,True,13.75,27.5,11.0,-24.75,2022-2023
2022-07-11,3860.5,3858.0,3902.0,-0.010692533434186052,-0.0006477942831960836,0.005679108293865328,0.013318689521644942,0.002839554146932664,-0.8028217353373259,-1.0,14.0,14.0,False,False,True,175.0,35.0,14.0,126.0,2022-2023
2022-07-15,3858.25,3865.5,3794.25,0.016726949940785794,0.0018773269795885872,0.005538387316723822,0.012988669577183806,0.002769193658361911,1.2878108755779527,1.0,14.0,14.0,False,False,True,507.5,35.0,14.0,458.5,2022-2023
2022-07-19,3932.5,3936.25,3834.0,0.025366711326843032,0.0009531374828015865,0.006049721993396604,0.014187855690188923,0.003024860996698302,1.7879172075583223,1.0,13.0,13.0,False,False,True,243.75,32.5,13.0,198.25,2022-2023
2022-07-21,3984.0,4002.5,3962.5,0.005411200518952792,0.004632826166380791,0.004411041816837565,0.010344810027467543,0.0022055209084187823,0.5230836046853418,1.0,17.0,17.0,False,False,True,1572.5,42.5,17.0,1513.0,2022-2023
2022-07-22,3951.0,3965.25,4002.5,-0.012950454459479063,0.003600193372278449,0.004527848366000319,0.010618745666989329,0.0022639241830001594,-1.2195842019023353,-1.0,17.0,17.0,False,False,True,-1211.25,42.5,17.0,-1270.75,2022-2023
2022-07-26,3921.0,3923.0,3970.0,-0.012419371388904423,0.0005099439172208418,0.003534119561223712,0.008288245043531981,0.001767059780611856,-1.498431974884274,-1.0,22.0,22.0,False,False,True,-220.0,55.0,22.0,-297.0,2022-2023
2022-07-27,4013.0,4024.0,3923.0,0.022682424057364172,0.002737341512658505,0.0034163979696186617,0.008012163439264069,0.0017081989848093308,2.8309986721198976,1.0,22.0,22.0,False,False,True,1210.0,55.0,22.0,1133.0,2022-2023
2022-07-28,4075.25,4073.0,4024.0,0.012655661706824065,-0.0005522658379866082,0.004760385861292557,0.011164094433323621,0.0023801929306462785,1.1336039642452571,1.0,16.0,16.0,False,False,True,-180.0,40.0,16.0,-236.0,2022-2023
2022-07-29,4132.25,4133.75,4073.0,0.01444222414905024,0.00036293249853988955,0.004439525823628836,0.010411610944645893,0.002219762911814418,1.3871267593298868,1.0,16.0,16.0,False,False,True,120.0,40.0,16.0,64.0,2022-2023
2022-08-03,4161.25,4156.75,4094.25,0.016231959559258085,-0.0010819909687459193,0.004447203959497814,0.010429617769388852,0.002223601979748907,1.5563331195989971,1.0,16.0,16.0,False,False,True,-360.0,40.0,16.0,-416.0,2022-2023
2022-08-05,4131.5,4146.0,4153.0,-0.005190427489514515,0.0035034768544857644,0.0027568548647086163,0.006465397752487592,0.0013784274323543082,-0.8028009549014171,-1.0,27.0,27.0,False,False,True,-1957.5,67.5,27.0,-2052.0,2022-2023
2022-08-09,4121.25,4124.75,4141.5,-0.004901525652377998,0.0008488964856129904,0.0032195551185938568,0.0075505260339364085,0.0016097775592969284,-0.6491634662734387,-1.0,23.0,23.0,False,False,True,-402.5,57.5,23.0,-483.0,2022-2023
2022-08-10,4196.5,4210.5,4124.75,0.017245432651328354,0.0033305609471645323,0.003880483672686825,0.009100540887053895,0.0019402418363434126,1.894989854488879,1.0,19.0,19.0,False,False,True,1330.0,47.5,19.0,1263.5,2022-2023
2022-08-12,4268.25,4281.25,4211.5,0.013385028395924517,0.003041115859192505,0.003939332930078605,0.009238554629216049,0.0019696664650393023,1.4488227794416717,1.0,18.0,18.0,False,False,True,1170.0,45.0,18.0,1107.0,2022-2023
2022-08-15,4300.25,4298.75,4281.25,0.004428137515964756,-0.0003488777800242605,0.0036720209084710608,0.008611652369746906,0.0018360104542355304,0.5142030037720737,1.0,19.0,19.0,False,False,True,-142.5,47.5,19.0,-209.0,2022-2023
2022-08-17,4287.5,4276.75,4307.0,-0.00453779357991518,-0.0025104371417940742,0.0029296693310267015,0.006870683600659503,0.0014648346655133507,-0.660457364021188,-1.0,24.0,24.0,False,False,True,1290.0,60.0,24.0,1206.0,2022-2023
2022-08-19,4226.75,4230.0,4288.25,-0.0144453480728586,0.000768616823247869,0.00290225109822444,0.0068063821450383855,0.00145112554911222,-2.1223239843194452,-1.0,25.0,25.0,False,False,True,-406.25,62.5,25.0,-493.75,2022-2023
2022-08-22,4136.25,4142.75,4230.0,-0.022412412804501753,0.0015702382740812246,0.0029206111241855464,0.006849440222597755,0.0014603055620927732,-3.2721524790534637,-1.0,25.0,25.0,False,False,True,-812.5,62.5,25.0,-900.0,2022-2023
2022-08-25,4173.0,4202.25,4143.75,0.007034026657379982,0.006984894521950969,0.0027012532428971735,0.006335000390879525,0.0013506266214485868,1.1103435238152222,1.0,27.0,27.0,False,False,True,3948.75,67.5,27.0,3854.25,2022-2023
2022-08-26,4080.0,4059.0,4202.25,-0.029523107715296246,-0.005160350559309635,0.005221661061603385,0.01224588066790043,0.0026108305308016927,-2.4108603142511282,-1.0,14.0,14.0,False,False,True,1470.0,35.0,14.0,1421.0,2022-2023
2022-08-30,3978.0,3986.5,4032.0,-0.013483350337286988,0.0021344725286326196,0.006406923936252169,0.015025568501293567,0.0032034619681260844,-0.8973604117625361,-1.0,12.0,12.0,False,False,True,-510.0,30.0,12.0,-552.0,2022-2023
2022-09-02,3928.75,3925.75,3967.5,-0.009814864288786803,-0.0007638933467141306,0.006044656348241077,0.014175975699253345,0.0030223281741205386,-0.6923589950357883,-1.0,13.0,13.0,False,False,True,195.0,32.5,13.0,149.5,2022-2023
2022-09-07,3980.75,3980.5,3911.0,0.017677147981021386,-6.28042079025856e-05,0.005064476081316742,0.011877249213528425,0.002532238040658371,1.4883200363335611,1.0,15.0,15.0,False,False,True,-18.75,37.5,15.0,-71.25,2022-2023
2022-09-09,4069.5,4066.75,4006.0,0.01572690454133256,-0.0006759871205333219,0.004521547525910977,0.010603968887161742,0.0022607737629554885,1.4831149269377026,1.0,16.0,16.0,False,False,True,-220.0,40.0,16.0,-276.0,2022-2023
2022-09-12,4104.75,4111.25,4066.75,0.00930068504557436,0.0015822788111295796,0.0035978156371139643,0.008437625582629256,0.0017989078185569822,1.1022870065154236,1.0,20.0,20.0,False,False,True,650.0,50.0,20.0,580.0,2022-2023
2022-09-15,3927.75,3918.75,3964.5,-0.009313000884746831,-0.0022940174464759744,0.006674761344097849,0.015653702900708385,0.0033373806720489244,-0.5949391619234952,-1.0,12.0,12.0,False,False,True,540.0,30.0,12.0,498.0,2022-2023
2022-09-16,3881.0,3888.5,3918.75,-0.009679873012324465,0.0019306267660916785,0.0066210254947060235,0.015527681163280927,0.0033105127473530118,-0.623394627345578,-1.0,12.0,12.0,False,False,True,-450.0,30.0,12.0,-492.0,2022-2023
2022-09-20,3865.25,3873.75,3918.5,-0.013682564510215293,0.0021966671192540223,0.005401190161051026,0.01266691372659849,0.002700595080525513,-1.0801813926847943,-1.0,14.0,14.0,False,False,True,-595.0,35.0,14.0,-644.0,2022-2023
2022-09-21,3906.5,3804.0,3873.75,0.008418802334841,-0.02658868777151804,0.005240226329067553,0.012289420079450065,0.0026201131645337767,0.6850447198007841,1.0,15.0,15.0,False,False,True,-7687.5,37.5,15.0,-7740.0,2022-2023
2022-09-23,3662.25,3707.5,3771.5,-0.02939508768380625,0.012280082402207902,0.007303751959243501,0.017128816647738486,0.0036518759796217506,-1.7161189992472292,-1.0,11.0,11.0,False,False,True,-2488.75,27.5,11.0,-2527.25,2022-2023
2022-09-28,3722.75,3732.5,3661.0,0.016726308350078368,0.0026156079430310103,0.0087827133170157,0.020597288478070772,0.00439135665850785,0.8120636057453046,1.0,9.0,9.0,False,False,True,438.75,22.5,9.0,407.25,2022-2023
2022-09-29,3624.5,3654.75,3732.5,-0.029361902672412947,0.008311343650792901,0.007546753578695599,0.01769870596050885,0.0037733767893477995,-1.6589858455148192,-1.0,11.0,11.0,False,False,True,-1663.75,27.5,11.0,-1702.25,2022-2023
2022-09-30,3618.25,3597.25,3654.75,-0.010037207874011356,-0.005820818874186948,0.007693184620424554,0.018042117193435278,0.003846592310212277,-0.556320955373433,-1.0,11.0,11.0,False,False,True,1155.0,27.5,11.0,1116.5,2022-2023
2022-10-03,3707.25,3691.5,3597.25,0.030120697211651448,-0.004257482355958151,0.007578298485044016,0.017772685323448237,0.003789149242522008,1.6947746873069298,1.0,11.0,11.0,False,False,True,-866.25,27.5,11.0,-904.75,2022-2023
2022-10-04,3797.0,3805.0,3691.5,0.028178401732582105,0.0021047100639839944,0.006899683776233403,0.016181192760921594,0.0034498418881167016,1.7414292103752935,1.0,12.0,12.0,False,False,True,480.0,30.0,12.0,438.0,2022-2023
2022-10-06,3758.75,3756.25,3797.0,-0.010124825929063464,-0.0006653360192211548,0.005688351058998407,0.013340365727267213,0.0028441755294992036,-0.7589616458841675,-1.0,14.0,14.0,False,False,True,175.0,35.0,14.0,126.0,2022-2023
2022-10-07,3650.75,3651.0,3756.25,-0.02848849336293686,6.847673505611004e-05,0.006846806997547234,0.016057185722882443,0.003423403498773617,-1.774189690185813,-1.0,12.0,12.0,False,False,True,-15.0,30.0,12.0,-57.0,2022-2023
2022-10-11,3595.75,3600.0,3623.5,-0.007687817065337496,0.0011812529602028227,0.0061886690621026155,0.014513715450608896,0.0030943345310513078,-0.5296932471564315,-1.0,14.0,14.0,False,False,True,-297.5,35.0,14.0,-346.5,2022-2023
2022-10-13,3690.75,3682.25,3587.5,0.02837410834632076,-0.002305711044544865,0.009814260647696646,0.023016481406485625,0.004907130323848323,1.232773500224298,1.0,8.0,8.0,False,False,True,-340.0,20.0,8.0,-368.0,2022-2023
2022-10-14,3605.75,3599.25,3682.25,-0.02099418490603289,-0.0018043030571550558,0.009631312511305378,0.02258742999540566,0.004815656255652689,-0.9294631974643932,-1.0,9.0,9.0,False,False,True,292.5,22.5,9.0,261.0,2022-2023
2022-10-17,3690.5,3690.25,3599.25,0.025036459803642372,-6.774379300083964e-05,0.00998758723588094,0.023422968286893647,0.00499379361794047,1.068885014784892,1.0,8.0,8.0,False,False,True,-10.0,20.0,8.0,-38.0,2022-2023
2022-10-20,3676.5,3674.75,3707.25,-0.008329149218901457,-0.0004761095141798739,0.006468825441690528,0.015170740399626006,0.003234412720845264,-0.5490272062863055,-1.0,13.0,13.0,False,False,True,113.75,32.5,13.0,68.25,2022-2023
2022-10-21,3750.25,3763.75,3674.75,0.02033740128690263,0.0035932963869438803,0.006076587595562555,0.014250861112087084,0.0030382937977812773,1.4270998171228513,1.0,13.0,13.0,False,False,True,877.5,32.5,13.0,832.0,2022-2023
2022-10-24,3815.0,3809.5,3763.75,0.013524863922613706,-0.0014427178054930477,0.005787136481744242,0.013572038079111153,0.002893568240872121,0.9965241656247595,1.0,14.0,14.0,False,False,True,-385.0,35.0,14.0,-434.0,2022-2023
2022-10-25,3857.0,3870.25,3809.5,0.012391732295163457,0.003429425212347134,0.006019719061270683,0.014117492577346756,0.0030098595306353414,0.8777573090456239,1.0,13.0,13.0,False,False,True,861.25,32.5,13.0,815.75,2022-2023
2022-10-26,3845.25,3842.0,3870.25,-0.006480484088655213,-0.0008455560034176925,0.00543916057033573,0.012755962229656451,0.002719580285167865,-0.5080356912306214,-1.0,14.0,14.0,False,False,True,227.5,35.0,14.0,178.5,2022-2023
2022-10-28,3909.75,3910.75,3820.0,0.023223010715704134,0.00025573812555468127,0.005535147173427769,0.01298107076759386,0.0027675735867138847,1.7889903792588824,1.0,14.0,14.0,False,False,True,70.0,35.0,14.0,21.0,2022-2023
2022-11-02,3824.25,3767.0,3865.25,-0.010663993379329169,-0.015083440911333757,0.00535415860085946,0.012556614941032686,0.00267707930042973,-0.8492729473196807,-1.0,15.0,15.0,False,False,True,4293.75,37.5,15.0,4241.25,2022-2023
2022-11-04,3755.5,3780.25,3726.25,0.007819066133785302,0.006568712866711979,0.006419954995902974,0.015056129045070235,0.003209977497951487,0.5193277840791001,1.0,13.0,13.0,False,False,True,1608.75,32.5,13.0,1563.25,2022-2023
2022-11-09,3762.25,3755.75,3835.5,-0.019282621732522976,-0.0017291837242949454,0.006841680865937155,0.01604516387863702,0.0034208404329685773,-1.201771566708421,-1.0,12.0,12.0,False,False,True,390.0,30.0,12.0,348.0,2022-2023
2022-11-10,3937.5,3961.25,3755.75,0.04725800519135542,0.006013627871242022,0.008238998746189798,0.019322164782147055,0.004119499373094899,2.4457924732646945,1.0,9.0,9.0,False,False,True,1068.75,22.5,9.0,1037.25,2022-2023
2022-11-11,4008.25,4001.0,3961.25,0.011795105063816196,-0.001810407211711699,0.008173989378522466,0.019169704300825548,0.004086994689261233,0.6152992700731559,1.0,9.0,9.0,False,False,True,-326.25,22.5,9.0,-357.75,2022-2023
2022-11-22,4000.5,4010.25,3958.0,0.010680506127667693,0.002434230206771876,0.004305875305875868,0.010098172697257352,0.002152937652937934,1.0576672085008512,1.0,18.0,18.0,False,False,True,877.5,45.0,18.0,814.5,2022-2023
2022-11-23,4032.5,4034.5,4010.25,0.005532947502413359,0.0004958472891973279,0.004037919261372032,0.00946976007021698,0.002018959630686016,0.5842753629856836,1.0,19.0,19.0,False,False,True,190.0,47.5,19.0,123.5,2022-2023
2022-11-30,4041.25,4082.5,3961.5,0.01993130863434621,0.010155495804977412,0.0033003097049613115,0.007739912326224375,0.0016501548524806558,2.575133644190638,1.0,23.0,23.0,False,False,True,4743.75,57.5,23.0,4663.25,2022-2023
2022-12-05,3994.75,4002.25,4075.5,-0.020012439515014278,0.0018757039387059477,0.005855536547045862,0.01373245045124299,0.002927768273522931,-1.4573101564115134,-1.0,13.0,13.0,False,False,True,-487.5,32.5,13.0,-533.0,2022-2023
2022-12-06,3930.0,3944.0,4002.25,-0.018217277094896907,0.0035560108592192032,0.006222536381734498,0.014593141355481076,0.003111268190867249,-1.2483451404419263,-1.0,12.0,12.0,False,False,True,-840.0,30.0,12.0,-882.0,2022-2023
2022-12-08,3959.0,3965.5,3936.25,0.005762974690896258,0.0016404824172436886,0.004075507425246447,0.009557912128326672,0.0020377537126232237,0.6029533033492323,1.0,19.0,19.0,False,False,True,617.5,47.5,19.0,551.0,2022-2023
2022-12-12,3970.75,3992.5,3936.25,0.008726500300029975,0.005462607373903041,0.0033202277698745307,0.007786624329011449,0.0016601138849372653,1.1207039059938633,1.0,23.0,23.0,False,False,True,2501.25,57.5,23.0,2420.75,2022-2023
2022-12-14,4023.5,4029.25,4056.25,-0.00810673086621256,0.001428083816639988,0.006245082650172665,0.014646017041884868,0.0031225413250863324,-0.5535109540722796,-1.0,12.0,12.0,False,False,True,-345.0,30.0,12.0,-387.0,2022-2023
2022-12-15,3932.0,3927.0,4029.25,-0.02443205213577031,-0.00127242668904753,0.007247534591390604,0.016996975233661976,0.003623767295695302,-1.437435296568733,-1.0,11.0,11.0,False,False,True,275.0,27.5,11.0,236.5,2022-2023
2022-12-16,3875.0,3877.75,3927.0,-0.013330112790562213,0.0007094257174128824,0.008024032526605522,0.018818024310063176,0.004012016263302761,-0.7083694106736682,-1.0,10.0,10.0,False,False,True,-137.5,25.0,10.0,-172.5,2022-2023
2022-12-19,3831.75,3844.25,3877.75,-0.011933470625843132,0.003256907516785211,0.00805408217963589,0.01888849699313861,0.004027041089817945,-0.631785082221103,-1.0,10.0,10.0,False,False,True,-625.0,25.0,10.0,-660.0,2022-2023
2022-12-21,3905.5,3906.5,3849.25,0.014507491940323776,0.00025601638644697037,0.006054654707469405,0.014199423930101807,0.0030273273537347023,1.0216958104595275,1.0,13.0,13.0,False,False,True,65.0,32.5,13.0,19.5,2022-2023
2022-12-22,3826.0,3850.0,3906.5,-0.020821961436600794,0.006253277281631694,0.006167618138164556,0.014464346657909936,0.003083809069082278,-1.4395369475754474,-1.0,13.0,13.0,False,False,True,-1560.0,32.5,13.0,-1605.5,2022-2023
2022-12-28,3824.75,3806.75,3855.75,-0.00807243495623544,-0.004717298926646538,0.006334495134543587,0.01485570790479404,0.0031672475672717935,-0.5433894505714136,-1.0,12.0,12.0,False,False,True,1080.0,30.0,12.0,1038.0,2022-2023
2022-12-29,3874.25,3872.25,3806.75,0.017576288946602524,-0.0005163622395761398,0.006446081733638786,0.015117401676284649,0.003223040866819393,1.162652770824714,1.0,12.0,12.0,False,False,True,-120.0,30.0,12.0,-162.0,2022-2023
2022-12-30,3828.0,3861.5,3872.25,-0.011493259855023294,0.008713235436473638,0.005385902200194106,0.01263106028032906,0.002692951100097053,-0.90992043422691,-1.0,15.0,15.0,False,False,True,-2512.5,37.5,15.0,-2565.0,2022-2023
2023-01-03,3837.25,3844.75,3861.5,-0.00629974481580118,0.0019526171265153624,0.005259825605941491,0.012335384458015394,0.0026299128029707453,-0.5107051861450234,-1.0,15.0,15.0,False,False,True,-562.5,37.5,15.0,-615.0,2022-2023
2023-01-04,3869.5,3873.75,3844.75,0.006416718390481009,0.0010977303914441983,0.004518303725935326,0.010596361501897989,0.002259151862967663,0.6055586523101977,1.0,17.0,17.0,False,False,True,361.25,42.5,17.0,301.75,2022-2023
2023-01-05,3843.25,3828.75,3873.75,-0.007904667309249228,-0.0037799836457238192,0.00468116046293511,0.01097829440480659,0.002340580231467555,-0.7200269019738033,-1.0,17.0,17.0,False,False,True,1232.5,42.5,17.0,1173.0,2022-2023
2023-01-06,3921.25,3916.0,3828.75,0.02387210135790287,-0.0013397558544868634,0.005199054555973533,0.01219286371276003,0.0025995272779867663,1.957874861909621,1.0,15.0,15.0,False,False,True,-393.75,37.5,15.0,-446.25,2022-2023
2023-01-11,3978.25,3989.5,3941.75,0.009217236972702056,0.0028238856580424464,0.00433623277876377,0.010169367281888267,0.002168116389381885,0.9063727090591012,1.0,18.0,18.0,False,False,True,1012.5,45.0,18.0,949.5,2022-2023
2023-01-18,3962.5,3946.75,4010.25,-0.011978444311414607,-0.0039826837736997925,0.00449054127841575,0.010531252791209443,0.002245270639207875,-1.1374187429451081,-1.0,17.0,17.0,False,False,True,1338.75,42.5,17.0,1279.25,2022-2023
2023-01-20,3972.75,3987.75,3916.75,0.01419632181914938,0.0037686119598117087,0.004059601294825067,0.009520608945923548,0.0020298006474125333,1.491114896093683,1.0,19.0,19.0,False,False,True,1425.0,47.5,19.0,1358.5,2022-2023
2023-01-23,4025.25,4035.75,3987.75,0.009359858672490454,0.0026051373125907462,0.004483210711453703,0.01051406108780583,0.0022416053557268514,0.8902229684917833,1.0,17.0,17.0,False,False,True,892.5,42.5,17.0,833.0,2022-2023
2023-01-26,4062.25,4074.75,4032.5,0.007350476283521836,0.0030723878168565084,0.004499058623212507,0.010551227735342722,0.0022495293116062535,0.6966465389520928,1.0,17.0,17.0,False,False,True,1062.5,42.5,17.0,1003.0,2022-2023
2023-01-27,4102.25,4084.0,4074.75,0.006726208555517621,-0.004458703370703551,0.00423819056909395,0.009939437919206647,0.002119095284546975,0.6767192078860026,1.0,17.0,17.0,False,False,True,-1551.25,42.5,17.0,-1610.75,2022-2023
2023-01-30,4039.5,4033.25,4084.0,-0.010955978364792864,-0.0015484193735100015,0.0039491383197570425,0.009261550306355526,0.0019745691598785212,-1.1829529616952548,-1.0,19.0,19.0,False,False,True,593.75,47.5,19.0,527.25,2022-2023
2023-01-31,4071.5,4090.5,4033.25,0.009438979360932784,0.0046557300465669155,0.004184161453782302,0.009812728412233112,0.002092080726891151,0.9619118113129075,1.0,18.0,18.0,False,False,True,1710.0,45.0,18.0,1647.0,2022-2023
2023-02-01,4117.5,4134.25,4090.5,0.0065789710980425605,0.00405975047851033,0.003257817059632225,0.007640258239560307,0.0016289085298161125,0.8610927656839485,1.0,23.0,23.0,False,False,True,1926.25,57.5,23.0,1845.75,2022-2023
2023-02-02,4163.25,4193.0,4134.25,0.006990085708074672,0.007120448932382197,0.0047634207881229835,0.011171211967641292,0.0023817103940614918,0.6257231290859276,1.0,15.0,15.0,False,False,True,2231.25,37.5,15.0,2178.75,2022-2023
2023-02-03,4142.5,4147.5,4193.0,-0.012116997870044709,0.001206272763881596,0.005145943329510779,0.012068306845947806,0.0025729716647553895,-1.004034619331315,-1.0,14.0,14.0,False,False,True,-350.0,35.0,14.0,-399.0,2022-2023
2023-02-07,4158.75,4175.0,4122.5,0.008754772898932483,0.00389980995226938,0.004649396850620218,0.010903802130911244,0.002324698425310109,0.802910103633808,1.0,16.0,16.0,False,False,True,1300.0,40.0,16.0,1244.0,2022-2023
2023-02-08,4135.5,4129.25,4175.0,-0.00950611815299474,-0.0015124477307614374,0.005215326227831948,0.012231024165821724,0.002607663113915974,-0.7772135860509997,-1.0,14.0,14.0,False,False,True,437.5,35.0,14.0,388.5,2022-2023
2023-02-09,4105.25,4092.25,4129.25,-0.00582915002925294,-0.0031717013474827447,0.004225648353640416,0.009910023816693469,0.002112824176820208,-0.5882074692326892,-1.0,17.0,17.0,False,False,True,1105.0,42.5,17.0,1045.5,2022-2023
2023-02-13,4137.25,4148.25,4100.0,0.009044342206653419,0.002655242643844473,0.004235679436396199,0.009933548791016376,0.0021178397181980993,0.9104845002455587,1.0,17.0,17.0,False,False,True,935.0,42.5,17.0,875.5,2022-2023
2023-02-16,4138.75,4099.75,4158.75,-0.004820738471230452,-0.009467813637901069,0.003920910529152605,0.0091953502693975,0.0019604552645763025,-0.524258275106068,-1.0,19.0,19.0,False,False,True,3705.0,47.5,19.0,3638.5,2022-2023
2023-02-24,3979.5,3975.5,4018.75,-0.009814725740025433,-0.0010056569043658248,0.0036904965281339547,0.008654981538566576,0.0018452482640669773,-1.133997305053863,-1.0,21.0,21.0,False,False,True,420.0,52.5,21.0,346.5,2022-2023
2023-03-01,3950.0,3957.75,3972.25,-0.005617105873308784,0.0019601030587193024,0.004084192119813534,0.00957827954246003,0.002042096059906767,-0.586442048220501,-1.0,19.0,19.0,False,False,True,-736.25,47.5,19.0,-802.75,2022-2023
2023-03-03,4046.75,4049.25,3986.0,0.015125868041329824,0.0006175889524361913,0.0034921466732121534,0.008189809895824622,0.0017460733366060767,1.846913204791406,1.0,21.0,21.0,False,False,True,262.5,52.5,21.0,189.0,2022-2023
2023-03-07,3983.75,3989.5,4052.25,-0.0170486956607387,0.001442323016789367,0.0042858148242498235,0.010051126697673128,0.0021429074121249118,-1.696197468556986,-1.0,18.0,18.0,False,False,True,-517.5,45.0,18.0,-580.5,2022-2023
2023-03-09,3938.5,3920.25,3995.5,-0.014368787671138417,-0.004644512882238105,0.004798616995985278,0.011253754391662957,0.002399308497992639,-1.2767994725194243,-1.0,16.0,16.0,False,False,True,1460.0,40.0,16.0,1404.0,2022-2023
2023-03-10,3877.75,3862.25,3920.25,-0.010900338756280723,-0.0040051733127011565,0.005197656586879005,0.012189585184623672,0.0025988282934395024,-0.8942337734372418,-1.0,15.0,15.0,False,False,True,1162.5,37.5,15.0,1110.0,2022-2023
2023-03-16,3987.25,3995.0,3928.75,0.014780461091086232,0.0019418089975115262,0.007458482571055306,0.01749169209782309,0.003729241285527653,0.8449989291159383,1.0,10.0,10.0,False,False,True,387.5,25.0,10.0,352.5,2022-2023
2023-03-17,3943.25,3948.0,3995.0,-0.01303832283279165,0.001203865185788736,0.006901053166908269,0.016184404266722966,0.0034505265834541346,-0.8056103034697404,-1.0,11.0,11.0,False,False,True,-261.25,27.5,11.0,-299.75,2022-2023
2023-03-21,4025.25,4038.25,3984.25,0.010237931985304836,0.0032244090688195214,0.00511272343360423,0.01199039928429792,0.002556361716802115,0.8538441250002379,1.0,15.0,15.0,False,False,True,975.0,37.5,15.0,922.5,2022-2023
2023-03-27,4025.5,4010.25,4002.25,0.005792423781831706,-0.00379554324308484,0.004522101925943204,0.010605269070485944,0.002261050962971602,0.5461835756672877,1.0,17.0,17.0,False,False,True,-1296.25,42.5,17.0,-1355.75,2022-2023
2023-03-29,4051.5,4058.5,4001.25,0.012480370616707119,0.0017262643004503806,0.00439899331202994,0.01031655377905155,0.00219949665601497,1.2097422146966696,1.0,17.0,17.0,False,False,True,595.0,42.5,17.0,535.5,2022-2023
2023-03-30,4075.25,4080.5,4058.5,0.0041186472851688066,0.0012874354228984918,0.0033291920177246836,0.00780764735370711,0.0016645960088623418,0.5275145121933885,1.0,22.0,22.0,False,False,True,577.5,55.0,22.0,500.5,2022-2023
2023-03-31,4119.75,4137.75,4080.5,0.009572951981541967,0.004359679929810465,0.002819248971521225,0.006611724903444575,0.0014096244857606125,1.4478751190259977,1.0,26.0,26.0,False,False,True,2340.0,65.0,26.0,2249.0,2022-2023
2023-04-04,4121.5,4130.0,4153.25,-0.007673985513305895,0.002060232201796175,0.0029684540218700753,0.006961641763245323,0.0014842270109350377,-1.1023241031765612,-1.0,25.0,25.0,False,False,True,-1062.5,62.5,25.0,-1150.0,2022-2023
2023-04-05,4115.75,4117.0,4130.0,-0.0034563294269472707,0.00030366524177359604,0.002905935477507641,0.006815022780365932,0.0014529677387538206,-0.5071632976642352,-1.0,25.0,25.0,False,False,True,-156.25,62.5,25.0,-243.75,2022-2023
2023-04-13,4174.5,4173.25,4120.75,0.012959405022589762,-0.0002994818985577454,0.0033914964885748355,0.007953764289698616,0.0016957482442874177,1.6293423529503186,1.0,21.0,21.0,False,False,True,-131.25,52.5,21.0,-204.75,2022-2023
2023-04-20,4150.5,4153.5,4178.25,-0.006663689673944261,0.000722543384035998,0.003243192752304057,0.007605961198776037,0.0016215963761520285,-0.8761140768134069,-1.0,22.0,22.0,False,False,True,-330.0,55.0,22.0,-407.0,2022-2023
2023-04-25,4098.25,4093.5,4160.25,-0.015015115296887926,-0.0011597034900628692,0.0026367608092566796,0.006183752227311155,0.0013183804046283398,-2.428156036163962,-1.0,28.0,28.0,False,False,True,665.0,70.0,28.0,567.0,2022-2023
2023-04-26,4074.5,4074.75,4093.5,-0.004652310056228392,6.135533946760353e-05,0.0024125522680083027,0.005657936589631951,0.0012062761340041514,-0.8222626716520034,-1.0,31.0,31.0,False,False,True,-38.75,77.5,31.0,-147.25,2022-2023
2023-04-27,4155.5,4154.0,4074.75,0.019623362893338953,-0.0003610325570233763,0.0027556859326871297,0.00646265636389972,0.0013778429663435648,3.0364236914954503,1.0,26.0,26.0,False,False,True,-195.0,65.0,26.0,-286.0,2022-2023
2023-04-28,4178.25,4189.5,4154.0,0.005820773132976853,0.0026888964843066183,0.0031313949967371937,0.007343772221464186,0.0015656974983685968,0.79261351760939,1.0,23.0,23.0,False,False,True,1293.75,57.5,23.0,1213.25,2022-2023
2023-05-02,4139.0,4137.0,4184.75,-0.010992752233996891,-0.0004833252873209234,0.0031690250260881583,0.0074320224628193765,0.0015845125130440792,-1.4791064328708625,-1.0,23.0,23.0,False,False,True,230.0,57.5,23.0,149.5,2022-2023
2023-05-04,4077.5,4077.0,4107.5,-0.007330515416254237,-0.00012263167591557316,0.003789333319324035,0.00888677436009074,0.0018946666596620174,-0.8248792102986834,-1.0,20.0,20.0,False,False,True,50.0,50.0,20.0,-20.0,2022-2023
2023-05-05,4158.75,4151.5,4077.0,0.019853124513433053,-0.0017448336306011367,0.0038703507661903046,0.009076777114891845,0.0019351753830951523,2.1872438049471277,1.0,19.0,19.0,False,False,True,-688.75,47.5,19.0,-755.25,2022-2023
2023-05-12,4120.25,4137.75,4144.0,-0.00574766382502957,0.00423832070636038,0.003296884772667878,0.0077318801480216505,0.001648442386333939,-0.7433720796228611,-1.0,22.0,22.0,False,False,True,-1925.0,55.0,22.0,-2002.0,2022-2023
2023-05-17,4165.75,4172.0,4123.0,0.010315277711832799,0.001499205701930171,0.004044103279167642,0.00948426287748076,0.002022051639583821,1.0876203923369927,1.0,18.0,18.0,False,False,True,562.5,45.0,18.0,499.5,2022-2023
2023-05-18,4189.25,4211.0,4172.0,0.0041261831601703365,0.005178428881094224,0.0034624951767691296,0.008120270972715268,0.0017312475883845648,0.5081336785477514,1.0,21.0,21.0,False,False,True,2283.75,52.5,21.0,2210.25,2022-2023
2023-05-23,4163.75,4158.0,4205.5,-0.009977081894602547,-0.001381921089931149,0.0035137168819599136,0.00824039651935121,0.0017568584409799568,-1.2107526465714384,-1.0,21.0,21.0,False,False,True,603.75,52.5,21.0,530.25,2022-2023
2023-05-24,4120.0,4127.0,4158.0,-0.009181026074386133,0.001697587409009709,0.002879965803758717,0.006754118496851219,0.0014399829018793585,-1.359322623472825,-1.0,25.0,25.0,False,False,True,-875.0,62.5,25.0,-962.5,2022-2023
2023-05-25,4154.75,4159.75,4127.0,0.006701507255050765,0.0012027182879838895,0.0032439599460473813,0.0076077604275883,0.0016219799730236907,0.8808777982478055,1.0,22.0,22.0,False,False,True,550.0,55.0,22.0,473.0,2022-2023
2023-05-26,4215.0,4213.5,4159.75,0.0131946151403392,-0.0003559352235477464,0.0030005838121280252,0.007036992800538177,0.0015002919060640126,1.875036043710333,1.0,24.0,24.0,False,False,True,-180.0,60.0,24.0,-264.0,2022-2023
2023-05-31,4193.25,4191.25,4215.0,-0.005173501861091394,-0.0004770707944260967,0.002839312099625489,0.006658777109570373,0.0014196560498127445,-0.7769447416486944,-1.0,25.0,25.0,False,False,True,250.0,62.5,25.0,162.5,2022-2023
2023-06-01,4235.0,4228.5,4191.25,0.01038430930571639,-0.001536007863877822,0.0033818881493413973,0.007931230736815491,0.0016909440746706987,1.3092935573686066,1.0,21.0,21.0,False,False,True,-682.5,52.5,21.0,-756.0,2022-2023
2023-06-02,4293.5,4289.0,4228.5,0.015254930890262561,-0.0010486455956589637,0.0034294995724197174,0.008042889421392578,0.0017147497862098587,1.8966978272369759,1.0,21.0,21.0,False,False,True,-472.5,52.5,21.0,-546.0,2022-2023
2023-06-08,4296.25,4297.75,4274.5,0.005075412697755357,0.0003490807575592729,0.002530318731481719,0.005934123427759142,0.0012651593657408595,0.8552927419765427,1.0,28.0,28.0,False,False,True,210.0,70.0,28.0,112.0,2022-2023
2023-06-12,4330.25,4343.5,4305.25,0.005790068865380733,0.0030551976495855897,0.0022014817807489836,0.005162932419694591,0.0011007408903744918,1.1214690402093699,1.0,32.0,32.0,False,False,True,2120.0,80.0,32.0,2008.0,2022-2023
2023-06-15,4483.0,4472.75,4419.5,0.014265897654436827,-0.0022890331855072873,0.0028868666384939175,0.006770302388850179,0.0014434333192469588,2.107128579357243,1.0,23.0,23.0,False,False,True,-1178.75,57.5,23.0,-1259.25,2022-2023
2023-06-22,4422.5,4423.75,4409.5,0.002943842705704906,0.00028260562573283735,0.002062293705658888,0.004836507449203555,0.001031146852829444,0.608671181968236,1.0,33.0,33.0,False,False,True,206.25,82.5,33.0,90.75,2022-2023
2023-06-23,4387.0,4390.25,4423.75,-0.008342130493459105,0.0007405508897500046,0.0017794231060017044,0.004173117089892176,0.0008897115530008522,-1.9990166376267786,-1.0,39.0,39.0,False,False,True,-633.75,97.5,39.0,-770.25,2022-2023
2023-06-27,4418.25,4418.0,4371.25,0.010694680692320794,-5.658508984388949e-05,0.0026311736007568276,0.006170649061910592,0.0013155868003784138,1.7331532850143068,1.0,26.0,26.0,False,False,True,-32.5,65.0,26.0,-123.5,2022-2023
2023-06-30,4493.75,4486.5,4436.25,0.012878117508650566,-0.0016146547312444316,0.002610937500752681,0.006123191200722186,0.0013054687503763404,2.103170893492871,1.0,26.0,26.0,False,False,True,-942.5,65.0,26.0,-1033.5,2022-2023
2023-07-06,4450.25,4446.25,4483.5,-0.007443717034559927,-0.0008992300948774146,0.0023332075459776627,0.005471856722296289,0.0011666037729888314,-1.3603640249257363,-1.0,29.0,29.0,False,False,True,580.0,72.5,29.0,478.5,2023-2024
2023-07-07,4461.25,4434.75,4446.25,0.0033679515417051626,-0.005957751435321185,0.002366650714910155,0.005550287905605989,0.0011833253574550775,0.6068066375986391,1.0,29.0,29.0,False,False,True,-3842.5,72.5,29.0,-3944.0,2023-2024
2023-07-11,4462.0,4473.0,4445.5,0.003704747431284196,0.0024622284403703937,0.0025030714936105595,0.0058702229907978696,0.0012515357468052797,0.6311084667638245,1.0,27.0,27.0,False,False,True,1485.0,67.5,27.0,1390.5,2023-2024
2023-07-12,4511.0,4509.25,4473.0,0.008459533975547752,-0.00038801585808736865,0.002860640274605094,0.0067087961135966784,0.001430320137302547,1.2609615543991362,1.0,23.0,23.0,False,False,True,-201.25,57.5,23.0,-281.75,2023-2024
2023-07-13,4540.25,4542.75,4509.25,0.006851234048299249,0.0005504789305583122,0.0024229697256233345,0.00568236769331937,0.0012114848628116672,1.2057005843451645,1.0,27.0,27.0,False,False,True,337.5,67.5,27.0,243.0,2023-2024
2023-07-17,4555.0,4554.5,4539.0,0.003518807237593068,-0.00010977550919421485,0.0019693502975603227,0.004618535836144949,0.0009846751487801613,0.7618880447034022,1.0,34.0,34.0,False,False,True,-85.0,85.0,34.0,-204.0,2023-2024
2023-07-18,4587.25,4587.5,4554.5,0.007164960780198518,5.449739776271101e-05,0.002089532935447619,0.004900389105546812,0.0010447664677238095,1.4621207879366984,1.0,32.0,32.0,False,False,True,40.0,80.0,32.0,-72.0,2023-2024
2023-07-19,4598.75,4595.75,4587.5,0.0024493140561584964,-0.000652564056003009,0.0016409671956529866,0.0038484091979220127,0.0008204835978264933,0.6364484466675291,1.0,40.0,40.0,False,False,True,-600.0,100.0,40.0,-740.0,2023-2024
2023-07-20,4567.75,4565.0,4595.75,-0.006111221071206228,-0.0006022282627059187,0.001763282530477836,0.004135264084987289,0.000881641265238918,-1.4778309064691844,-1.0,38.0,38.0,False,False,True,522.5,95.0,38.0,389.5,2023-2024
2023-07-21,4574.25,4564.0,4565.0,0.0020242368156064513,-0.002243318862709153,0.00168536869694327,0.0039525399486278956,0.000842684348471635,0.512135700566203,1.0,39.0,39.0,False,False,True,-1998.75,97.5,39.0,-2135.25,2023-2024
2023-07-24,4584.5,4584.0,4564.0,0.004481616507989306,-0.00010906909537996759,0.0018594632041909753,0.0043608277588745616,0.0009297316020954877,1.0276985828823282,1.0,35.0,35.0,False,False,True,-87.5,87.5,35.0,-210.0,2023-2024
2023-07-25,4599.5,4595.25,4584.0,0.003375622522636549,-0.0009244406433382914,0.0017353544481890468,0.0040697669263327985,0.0008676772240945234,0.8294387820577893,1.0,38.0,38.0,False,False,True,-807.5,95.0,38.0,-940.5,2023-2024
2023-07-27,4565.75,4563.5,4596.0,-0.006603565896495227,-0.0004929211152191563,0.0021371853760114743,0.005012143984654191,0.0010685926880057372,-1.3175132072649016,-1.0,31.0,31.0,False,False,True,348.75,77.5,31.0,240.25,2023-2024
2023-07-28,4608.75,4607.0,4563.5,0.009866797591422283,-0.0003797846124373036,0.0025122726767204764,0.005891801677931757,0.0012561363383602382,1.6746655998926796,1.0,26.0,26.0,False,False,True,-227.5,65.0,26.0,-318.5,2023-2024
2023-08-02,4541.0,4536.5,4601.0,-0.013126419057517488,-0.000991462488267571,0.0025938860086930646,0.006083201907179722,0.0012969430043465323,-2.1578141343664727,-1.0,26.0,26.0,False,False,True,585.0,65.0,26.0,494.0,2023-2024
2023-08-04,4502.0,4499.25,4520.25,-0.004045559564585678,-0.0006110262653653702,0.0018435187369340753,0.004323434668622685,0.0009217593684670377,-0.9357281593605,-1.0,36.0,36.0,False,False,True,495.0,90.0,36.0,369.0,2023-2024
2023-08-07,4532.0,4538.0,4499.25,0.0072526269465847705,0.001323043191890143,0.002638350786530491,0.006187481054542579,0.0013191753932652456,1.1721453177234713,1.0,25.0,25.0,False,False,True,750.0,62.5,25.0,662.5,2023-2024
2023-08-08,4513.25,4517.5,4538.0,-0.0054688715230195245,0.0009412286496161503,0.0027422522378757305,0.0064311515569716975,0.0013711261189378653,-0.8503720483917049,-1.0,24.0,24.0,False,False,True,-510.0,60.0,24.0,-594.0,2023-2024
2023-08-15,4466.75,4454.0,4506.75,-0.008915198068870419,-0.0028585059959636483,0.003746145505236667,0.008785489958176884,0.0018730727526183335,-1.0147639017642736,-1.0,18.0,18.0,False,False,True,1147.5,45.0,18.0,1084.5,2023-2024
2023-08-17,4393.0,4383.5,4419.5,-0.006014202525223071,-0.0021648729471393175,0.002538408595044147,0.0059530958395331585,0.0012692042975220735,-1.0102646903958974,-1.0,27.0,27.0,False,False,True,1282.5,67.5,27.0,1188.0,2023-2024
2023-08-21,4409.5,4412.75,4384.75,0.005628692689988354,0.0007367735321527803,0.0028424743987387883,0.00666619335836952,0.0014212371993693941,0.8443638501606668,1.0,24.0,24.0,False,False,True,390.0,60.0,24.0,306.0,2023-2024
2023-08-23,4445.25,4448.0,4399.75,0.010288389225736841,0.0006184465943611126,0.0031641193902568325,0.007420517727011774,0.0015820596951284162,1.3864786264556168,1.0,21.0,21.0,False,False,True,288.75,52.5,21.0,215.25,2023-2024
2023-08-24,4406.5,4385.0,4448.0,-0.009373833390703181,-0.00489109773343174,0.0038808302535276863,0.009101353691172908,0.0019404151267638432,-1.0299383705738787,-1.0,18.0,18.0,False,False,True,1935.0,45.0,18.0,1872.0,2023-2024
2023-08-25,4423.5,4415.0,4385.0,0.00874161211715713,-0.0019234038853802467,0.003725737862863985,0.00873762979447405,0.0018628689314319925,1.0004557669272736,1.0,18.0,18.0,False,False,True,-765.0,45.0,18.0,-828.0,2023-2024
2023-08-29,4500.0,4505.75,4441.75,0.013028953842395696,0.001276962114503355,0.003965337292035531,0.00929954026378951,0.0019826686460177657,1.4010320373715413,1.0,17.0,17.0,False,False,True,488.75,42.5,17.0,429.25,2023-2024
2023-09-06,4468.5,4471.0,4502.25,-0.007524489978615537,0.0005593154125339817,0.0017053165033563374,0.0039993217014147745,0.0008526582516781687,-1.8814415394374806,-1.0,40.0,40.0,False,False,True,-500.0,100.0,40.0,-640.0,2023-2024
2023-09-07,4457.0,4455.5,4471.0,-0.003136203287424785,-0.00033660589378130105,0.001954771046184521,0.0045843444609352055,0.0009773855230922606,-0.684111613808575,-1.0,35.0,35.0,False,False,True,262.5,87.5,35.0,140.0,2023-2024
2023-09-11,4490.25,4490.5,4461.5,0.006423347133365059,5.5674637433350586e-05,0.002212103400096714,0.005187842325086311,0.001106051700048357,1.2381538857309415,1.0,30.0,30.0,False,False,True,37.5,75.0,30.0,-67.5,2023-2024
2023-09-14,4557.25,4555.0,4518.0,0.008649953385082353,-0.0004938407189721822,0.0023980760176265646,0.005623986773165124,0.0011990380088132823,1.538046537796931,1.0,28.0,28.0,False,False,True,-315.0,70.0,28.0,-413.0,2023-2024
2023-09-15,4504.0,4497.75,4555.0,-0.011259639874532412,-0.0013886191027974411,0.0027665712724762384,0.006488184748548655,0.0013832856362381192,-1.735406791098402,-1.0,24.0,24.0,False,False,True,750.0,60.0,24.0,666.0,2023-2024
2023-09-19,4484.25,4491.0,4501.0,-0.0037283368638091788,0.0015041366586146462,0.002295814462610768,0.005384162168530052,0.001147907231305384,-0.6924637013351818,-1.0,29.0,29.0,False,False,True,-978.75,72.5,29.0,-1080.25,2023-2024
2023-09-21,4389.5,4373.0,4448.0,-0.013239231564154914,-0.0037660529533428406,0.0031594716948905926,0.007409617915215439,0.0015797358474452963,-1.7867630579126799,-1.0,22.0,22.0,False,False,True,1815.0,55.0,22.0,1738.0,2023-2024
2023-09-26,4313.5,4314.0,4379.5,-0.0151849230865102,0.00011590843246832411,0.0032432441644875483,0.007606081771033884,0.0016216220822437742,-1.9964185954900842,-1.0,22.0,22.0,False,False,True,-55.0,55.0,22.0,-132.0,2023-2024
2023-09-28,4336.75,4338.5,4315.25,0.004969959374719701,0.00040344659202609065,0.0031854818045020557,0.00747061702923361,0.0015927409022510278,0.6652675883761043,1.0,22.0,22.0,False,False,True,192.5,55.0,22.0,115.5,2023-2024
2023-10-02,4302.0,4324.75,4326.25,-0.005621085121878606,0.005274304399411314,0.003959011291415277,0.00928470447728656,0.0019795056457076383,-0.6054134663768381,-1.0,18.0,18.0,False,False,True,-2047.5,45.0,18.0,-2110.5,2023-2024
2023-10-03,4261.25,4266.75,4324.75,-0.0147917907749739,0.0012898688467535575,0.00452145107461025,0.01060374268881125,0.002260725537305125,-1.3949594222596284,-1.0,16.0,16.0,False,False,True,-440.0,40.0,16.0,-496.0,2023-2024
2023-10-06,4354.0,4342.0,4291.5,0.014458640636218038,-0.002759891356255632,0.0050633510986140265,0.011874610895229253,0.0025316755493070132,1.2176096348577574,1.0,14.0,14.0,False,False,True,-840.0,35.0,14.0,-889.0,2023-2024
2023-10-09,4372.5,4369.75,4342.0,0.006999856454519959,-0.0006291286775612293,0.005306332476407416,0.012444452737102115,0.002653166238203708,0.5624880902677593,1.0,13.0,13.0,False,False,True,-178.75,32.5,13.0,-224.25,2023-2024
2023-10-12,4373.25,4380.5,4408.75,-0.008084762779886673,0.0016564333360434595,0.0050581020799736085,0.011862300855351941,0.0025290510399868043,-0.6815509805788691,-1.0,14.0,14.0,False,False,True,-507.5,35.0,14.0,-556.5,2023-2024
2023-10-13,4358.25,4357.75,4380.5,-0.005092272483093865,-0.00011473152834985724,0.004301750313208741,0.010088498731949827,0.0021508751566043705,-0.504760184681083,-1.0,16.0,16.0,False,False,True,40.0,40.0,16.0,-16.0,2023-2024
2023-10-16,4407.75,4402.5,4357.75,0.01140848606589467,-0.0011917937905083426,0.0039474497380670714,0.00925759023127033,0.0019737248690335357,1.2323386303445398,1.0,17.0,17.0,False,False,True,-446.25,42.5,17.0,-505.75,2023-2024
2023-10-18,4352.0,4342.75,4402.5,-0.01153705183458268,-0.0021277215537457528,0.004167584902253214,0.009773852952965331,0.002083792451126607,-1.1803995711928943,-1.0,17.0,17.0,False,False,True,786.25,42.5,17.0,726.75,2023-2024
2023-10-19,4306.75,4301.5,4342.75,-0.008324228655554239,-0.0012197602650757047,0.0036454253868921194,0.00854928034296961,0.0018227126934460597,-0.9736759495083771,-1.0,19.0,19.0,False,False,True,498.75,47.5,19.0,432.25,2023-2024
2023-10-20,4262.75,4248.5,4301.5,-0.009049307163141824,-0.003348512454664918,0.0029883987337050145,0.00700841625860319,0.0014941993668525072,-1.2912057202700162,-1.0,24.0,24.0,False,False,True,1710.0,60.0,24.0,1626.0,2023-2024
2023-10-24,4270.5,4271.0,4240.25,0.007108686634253471,0.00011707545526463055,0.0036930690171020734,0.008661014559965595,0.0018465345085510367,0.8207683505247115,1.0,19.0,19.0,False,False,True,47.5,47.5,19.0,-19.0,2023-2024
2023-10-25,4210.5,4210.0,4271.0,-0.014266586371419596,-0.0001187577936197745,0.003811580599074741,0.008938948855868697,0.0019057902995373705,-1.5960026845945248,-1.0,19.0,19.0,False,False,True,47.5,47.5,19.0,-19.0,2023-2024
2023-10-26,4187.0,4156.75,4210.0,-0.005478160657283725,-0.007250968098654568,0.0038877657512600586,0.009117618875105978,0.0019438828756300293,-0.6008323809455185,-1.0,19.0,19.0,False,False,True,2873.75,47.5,19.0,2807.25,2023-2024
2023-10-27,4125.75,4138.0,4156.75,-0.007485697496811647,0.002964757881811162,0.0039788498861336955,0.009331230105946572,0.0019894249430668478,-0.8022197943700037,-1.0,18.0,18.0,False,False,True,-1102.5,45.0,18.0,-1165.5,2023-2024
2023-10-30,4189.0,4186.25,4138.0,0.012249462641546483,-0.0006566968386205508,0.0031806722482887557,0.0074593376201033,0.0015903361241443779,1.6421649301049934,1.0,23.0,23.0,False,False,True,-316.25,57.5,23.0,-396.75,2023-2024
2023-10-31,4211.25,4212.25,4186.25,0.005954170612348199,0.00023743099773198387,0.003554242295223939,0.008335437037874682,0.0017771211476119695,0.7143201472572525,1.0,20.0,20.0,False,False,True,100.0,50.0,20.0,30.0,2023-2024
2023-11-01,4243.25,4256.5,4212.25,0.007332538323146101,0.003117741282470979,0.0034826674184118087,0.008167579072771164,0.0017413337092059044,0.8977615346989541,1.0,20.0,20.0,False,False,True,1325.0,50.0,20.0,1255.0,2023-2024
2023-11-02,4331.0,4336.0,4256.5,0.01735123589051504,0.0011538019048553752,0.0036124313219336466,0.00847190240183868,0.0018062156609668233,2.0480920420836357,1.0,19.0,19.0,False,False,True,475.0,47.5,19.0,408.5,2023-2024
2023-11-03,4389.75,4374.75,4336.0,0.012320013719957744,-0.0034229025375833166,0.003434309821091204,0.008054170454481284,0.001717154910545602,1.5296440259844482,1.0,20.0,20.0,False,False,True,-1500.0,50.0,20.0,-1570.0,2023-2024
2023-11-09,4362.75,4362.75,4398.5,-0.008160981233748607,0.0,0.0026390378463584958,0.0061890923526651855,0.0013195189231792479,-1.3186071185760015,-1.0,26.0,26.0,False,False,True,-0.0,65.0,26.0,-91.0,2023-2024
2023-11-10,4420.75,4430.25,4362.75,0.013206772476106077,0.0021466509203675855,0.00258840583984191,0.006070349772006748,0.001294202919920955,2.175619687848754,1.0,26.0,26.0,False,False,True,1235.0,65.0,26.0,1144.0,2023-2024
2023-11-14,4517.5,4510.5,4425.25,0.020631969445117693,-0.0015507313696900885,0.003936409853978093,0.009231699408111547,0.0019682049269890466,2.234904813623931,1.0,17.0,17.0,False,False,True,-595.0,42.5,17.0,-654.5,2023-2024
2023-11-20,4565.0,4562.25,4528.0,0.008138173146050037,-0.0006025911601443893,0.003422062046766292,0.008025446877623119,0.001711031023383146,1.014046104864419,1.0,19.0,19.0,False,False,True,-261.25,47.5,19.0,-327.75,2023-2024
2023-11-21,4551.5,4551.0,4562.25,-0.0023590739235809467,-0.00010985992870148586,0.0018798710728739844,0.004408688453322158,0.0009399355364369922,-0.5350965368857651,-1.0,35.0,35.0,False,False,True,87.5,87.5,35.0,-35.0,2023-2024
2023-11-22,4564.5,4566.5,4551.0,0.0029619899884934615,0.0004380681265982222,0.0018979270510055737,0.004451033475515874,0.0009489635255027868,0.6654611799229767,1.0,35.0,35.0,False,False,True,350.0,87.5,35.0,227.5,2023-2024
2023-12-01,4601.75,4601.25,4574.75,0.005884613505034891,-0.0001086602196005417,0.0020902296882112435,0.004902023135618415,0.0010451148441056218,1.2004458857562117,1.0,31.0,31.0,False,False,True,-77.5,77.5,31.0,-186.0,2023-2024
2023-12-04,4570.0,4576.75,4601.25,-0.006814800804980514,0.0014759343428737283,0.0021977564714219236,0.005154195794905661,0.0010988782357109618,-1.3221850849585832,-1.0,30.0,30.0,False,False,True,-1012.5,75.0,30.0,-1117.5,2023-2024
2023-12-07,4587.0,4588.5,4556.25,0.006726298840203741,0.00032695766189578266,0.0022425210300867997,0.005259177990627298,0.0011212605150433999,1.2789639088448972,1.0,29.0,29.0,False,False,True,217.5,72.5,29.0,116.0,2023-2024
2023-12-08,4610.25,4607.5,4588.5,0.004728912196160768,-0.0005966749112501498,0.001951788077465424,0.004577348779189649,0.000975894038732712,1.033111616414328,1.0,34.0,34.0,False,False,True,-467.5,85.0,34.0,-586.5,2023-2024
2023-12-11,4620.75,4625.0,4607.5,0.0028716190188113446,0.0009193413837357289,0.001763960318988185,0.004136853639942674,0.0008819801594940925,0.6941553336779732,1.0,37.0,37.0,False,False,True,786.25,92.5,37.0,656.75,2023-2024
2023-12-13,4754.5,4760.75,4698.0,0.011954651760640846,0.0013136808594270198,0.0026932907598377362,0.006316326712864869,0.0013466453799188681,1.8926588671057873,1.0,24.0,24.0,False,False,True,750.0,60.0,24.0,666.0,2023-2024
2023-12-18,4798.0,4792.75,4766.75,0.006534433455085911,-0.0010948049994811198,0.003677871986592148,0.008625374364262459,0.001838935993296074,0.7575825905203663,1.0,17.0,17.0,False,False,True,-446.25,42.5,17.0,-505.75,2023-2024
2023-12-19,4813.75,4820.25,4792.75,0.0043720467289599515,0.0013493877903866657,0.0030173918746838496,0.0070764112012901455,0.0015086959373419248,0.6178338997828243,1.0,21.0,21.0,False,False,True,682.5,52.5,21.0,609.0,2023-2024
2023-12-20,4776.0,4749.75,4820.25,-0.009222417847067219,-0.005511391007788655,0.0030244779254837597,0.0070930294634635495,0.0015122389627418799,-1.300208591346226,-1.0,21.0,21.0,False,False,True,2756.25,52.5,21.0,2682.75,2023-2024
2023-12-21,4773.5,4795.25,4749.75,0.004987803373438464,0.004546056163709444,0.003144561870438632,0.007374651277422601,0.001572280935219316,0.6763443023683791,1.0,20.0,20.0,False,False,True,2175.0,50.0,20.0,2105.0,2023-2024
2023-12-26,4826.0,4825.0,4805.5,0.004256871921638027,-0.00020723241189079365,0.003212734231729401,0.007534529636313901,0.0016063671158647005,0.5649817741934858,1.0,20.0,20.0,False,False,True,-100.0,50.0,20.0,-170.0,2023-2024
2023-12-29,4819.5,4819.0,4833.25,-0.0028489309885885543,-0.00010375058369014757,0.0017033450805564265,0.0039946983051297865,0.0008516725402782133,-0.7131780101966908,-1.0,37.0,37.0,False,False,True,92.5,92.5,37.0,-37.0,2023-2024
2024-01-02,4769.75,4788.0,4819.0,-0.010272545032912682,0.0038188950704436905,0.001631981041136292,0.0038273347975393565,0.000815990520568146,-2.6839943658749257,-1.0,39.0,39.0,False,False,True,-3558.75,97.5,39.0,-3695.25,2023-2024
2024-01-03,4761.75,4747.0,4788.0,-0.005497539959194831,-0.0031024081673509075,0.0016637165519781559,0.0039017611676387194,0.0008318582759890779,-1.40898935711174,-1.0,38.0,38.0,False,False,True,2802.5,95.0,38.0,2669.5,2023-2024
2024-01-08,4793.25,4801.5,4735.5,0.01212136053234482,0.001719690879526679,0.002332690729945102,0.005470644681264263,0.001166345364972551,2.2157097085573434,1.0,27.0,27.0,False,False,True,1113.75,67.5,27.0,1019.25,2023-2024
2024-01-10,4826.75,4819.25,4793.0,0.0070168431562949015,-0.0015550490382253137,0.0023438051776226714,0.005496710371538566,0.0011719025888113357,1.2765531894544484,1.0,27.0,27.0,False,False,True,-1012.5,67.5,27.0,-1107.0,2023-2024
2024-01-17,4762.75,4770.75,4798.5,-0.007478136562138132,0.0016782927314790046,0.0015649758214542698,0.0036701936283458623,0.0007824879107271349,-2.037531890520035,-1.0,41.0,40.0,True,False,True,-1600.0,100.0,40.0,-1740.0,2023-2024
2024-01-18,4803.75,4811.0,4770.75,0.006893337652030386,0.0015080998204000289,0.001549670485084547,0.0036342994328868892,0.0007748352425422735,1.8967445526508788,1.0,41.0,40.0,True,False,True,1450.0,100.0,40.0,1310.0,2023-2024
2024-01-19,4869.0,4870.75,4811.0,0.01198361448324713,0.0003593521432956386,0.002399934470427556,0.005628345231318453,0.001199967235213778,2.129154128031329,1.0,26.0,26.0,False,False,True,227.5,65.0,26.0,136.5,2023-2024
2024-01-24,4910.75,4898.75,4894.75,0.00326347747700329,-0.0024466091005445,0.002022825239578603,0.004743945691544042,0.0010114126197893014,0.6879247127175913,1.0,30.0,30.0,False,False,True,-1800.0,75.0,30.0,-1905.0,2023-2024
2024-01-29,4930.5,4954.75,4917.0,0.002741814360444474,0.004906309632073288,0.0015920765960911684,0.0037337505785760288,0.0007960382980455842,0.7343324902784862,1.0,39.0,39.0,False,False,True,4728.75,97.5,39.0,4592.25,2023-2024
2024-01-31,4904.25,4868.75,4949.5,-0.00918438525036708,-0.007264945490436637,0.0018992207930144309,0.004454067569469619,0.0009496103965072154,-2.062021984875442,-1.0,32.0,32.0,False,False,True,5680.0,80.0,32.0,5568.0,2023-2024
2024-02-01,4922.25,4929.5,4868.75,0.01092851240288352,0.0014718199931542614,0.0025175665448698864,0.005904216899230967,0.0012587832724349432,1.8509672983570395,1.0,24.0,24.0,False,False,True,870.0,60.0,24.0,786.0,2023-2024
2024-02-02,4993.75,4979.5,4929.5,0.012949567499488687,-0.0028576461428906244,0.0033329010358483335,0.007816345772237429,0.0016664505179241668,1.6567291003788172,1.0,18.0,18.0,False,False,True,-1282.5,45.0,18.0,-1345.5,2023-2024
2024-02-07,5018.0,5015.5,4975.0,0.008606077333674415,-0.0004983306028277618,0.0033198814807955334,0.007785812209134657,0.0016599407403977667,1.1053538285417912,1.0,18.0,18.0,False,False,True,-225.0,45.0,18.0,-288.0,2023-2024
2024-02-09,5045.0,5044.0,5016.75,0.005615340121082272,-0.00019823570289918046,0.0014231771232586829,0.003337646203976349,0.0007115885616293414,1.6824252116333847,1.0,42.0,40.0,True,False,True,-200.0,100.0,40.0,-340.0,2023-2024
2024-02-13,4943.0,4971.75,5041.25,-0.019681632880618548,0.005799456482651253,0.0025976506997005453,0.006092030890195899,0.0012988253498502726,-3.230717840300651,-1.0,24.0,24.0,False,False,True,-3450.0,60.0,24.0,-3534.0,2023-2024
2024-02-14,4998.25,5015.0,4971.75,0.00531596036233138,0.0033455702440938905,0.0024112763588249337,0.005654944317361062,0.0012056381794124668,0.9400552974520052,1.0,25.0,25.0,False,False,True,2093.75,62.5,25.0,2006.25,2023-2024
2024-02-15,5045.0,5046.5,5015.0,0.005964232391673371,0.00029727989120478744,0.002629625539406239,0.006167018536232605,0.0013148127697031194,0.9671176366070865,1.0,23.0,23.0,False,False,True,172.5,57.5,23.0,92.0,2023-2024
2024-02-21,4969.5,4995.75,4992.5,-0.004617554881909992,0.00526831955333818,0.0026585402997690794,0.006234829660081298,0.0013292701498845397,-0.7406064212907114,-1.0,23.0,23.0,False,False,True,-3018.75,57.5,23.0,-3099.25,2023-2024
2024-02-22,5094.75,5097.5,4995.75,0.019623046778122537,0.0005396257090891736,0.0031959902297198925,0.0074952614708599435,0.0015979951148599463,2.618060337776469,1.0,19.0,19.0,False,False,True,261.25,47.5,19.0,194.75,2023-2024
2024-03-01,5147.25,5145.0,5096.5,0.009908561848386266,-0.0004372221887037871,0.002601891897065904,0.006101977379677399,0.001300945948532952,1.6238280203048072,1.0,23.0,23.0,False,False,True,-258.75,57.5,23.0,-339.25,2023-2024
2024-03-05,5071.25,5085.75,5137.75,-0.013027904900372684,0.002855175711404312,0.002720915629723898,0.006381112775403431,0.001360457814861949,-2.041635269414123,-1.0,22.0,22.0,False,False,True,-1595.0,55.0,22.0,-1672.0,2023-2024
2024-03-06,5106.0,5112.0,5085.75,0.00397380756936786,0.0011743982559416616,0.0026668383343331535,0.006254290276128744,0.0013334191671665768,0.6353730629572812,1.0,22.0,22.0,False,False,True,660.0,55.0,22.0,583.0,2023-2024
2024-03-07,5160.5,5159.5,5112.0,0.009442756948617187,-0.00019379845021893252,0.002632001400486523,0.006172590424359663,0.0013160007002432615,1.529788354554039,1.0,22.0,22.0,False,False,True,-110.0,55.0,22.0,-187.0,2023-2024
2024-03-15,5186.5,5183.0,5220.25,-0.006486197578288515,-0.0006750566821762265,0.003677899012707411,0.008625437746120937,0.0018389495063537056,-0.7519847420156167,-1.0,16.0,16.0,False,False,True,280.0,40.0,16.0,224.0,2023-2024
2024-03-18,5222.75,5215.25,5183.0,0.007640043889452135,-0.0014370571547630436,0.003639312131798,0.008534943488950971,0.001819656065899,0.8951487375801209,1.0,16.0,16.0,False,False,True,-600.0,40.0,16.0,-656.0,2023-2024
2024-03-19,5232.75,5242.5,5215.25,0.003349926563060008,0.0018615312886193203,0.002792658412208261,0.006549364514212551,0.0013963292061041305,0.511488794949563,1.0,21.0,21.0,False,False,True,1023.75,52.5,21.0,950.25,2023-2024
2024-03-20,5272.5,5287.5,5242.5,0.005706149576854689,0.0028409110016036497,0.0027354450486905663,0.0064151872832546005,0.0013677225243452832,0.8894751353166735,1.0,21.0,21.0,False,False,True,1575.0,52.5,21.0,1501.5,2023-2024
2024-04-01,5291.5,5294.25,5305.5,-0.0026422587798658513,0.000519566409912064,0.001957304585679795,0.004590286137723589,0.0009786522928398975,-0.5756196238294194,-1.0,29.0,29.0,False,False,True,-398.75,72.5,29.0,-500.25,2023-2024
2024-04-02,5249.0,5261.0,5294.25,-0.008583743691391442,0.002283540478507462,0.0023366830984748554,0.005480007615399752,0.0011683415492374277,-1.5663744092744807,-1.0,25.0,25.0,False,False,True,-1500.0,62.5,25.0,-1587.5,2023-2024
2024-04-04,5226.25,5197.5,5265.25,-0.007434624150817728,-0.005516262938606795,0.0025497302152232,0.005979647392390442,0.0012748651076116,-1.2433214975650329,-1.0,23.0,23.0,False,False,True,3306.25,57.5,23.0,3225.75,2023-2024
2024-04-05,5246.75,5251.25,5197.5,0.009431096545362571,0.0008573062060611777,0.004036449417654095,0.009466312981147435,0.0020182247088270473,0.9962798149760103,1.0,14.0,14.0,False,False,True,315.0,35.0,14.0,266.0,2023-2024
2024-04-09,5231.25,5260.0,5254.5,-0.004434597067865753,0.005480771493970006,0.0037010233702038375,0.008679669171539452,0.0018505116851019188,-0.510917752764904,-1.0,16.0,16.0,False,False,True,-2300.0,40.0,16.0,-2356.0,2023-2024
2024-04-10,5190.25,5205.5,5260.0,-0.013349161175097,0.0029338933581489796,0.004222507343193473,0.009902657494242413,0.0021112536715967366,-1.34803825971548,-1.0,14.0,14.0,False,False,True,-1067.5,35.0,14.0,-1116.5,2023-2024
2024-04-11,5249.25,5242.25,5205.5,0.008369450322951152,-0.0013344137709037428,0.004402962590404545,0.010325862561973237,0.0022014812952022727,0.8105328027290516,1.0,13.0,13.0,False,False,True,-455.0,32.5,13.0,-500.5,2023-2024
2024-04-12,5155.5,5167.75,5242.25,-0.016686689508856736,0.0023732847213471455,0.0034491527417738897,0.008088980189027222,0.0017245763708869449,-2.0628916277347775,-1.0,17.0,17.0,False,False,True,-1041.25,42.5,17.0,-1100.75,2023-2024
2024-04-15,5109.5,5103.25,5167.75,-0.011335838627081634,-0.001223960398570301,0.0046515560692044315,0.010908865947349395,0.0023257780346022158,-1.0391399694333932,-1.0,13.0,13.0,False,False,True,406.25,32.5,13.0,360.75,2023-2024
2024-04-19,5001.75,5003.25,5048.5,-0.009303318263850361,0.000299850077209224,0.004623608952244631,0.010843324148434455,0.0023118044761223154,-0.8579765887745375,-1.0,13.0,13.0,False,False,True,-97.5,32.5,13.0,-143.0,2023-2024
2024-04-22,5065.75,5048.75,5003.25,0.012414500487704008,-0.003361513867815958,0.0038380346701549694,0.009000989151821794,0.0019190173350774847,1.379237356951077,1.0,16.0,16.0,False,False,True,-1360.0,40.0,16.0,-1416.0,2023-2024
2024-04-23,5109.0,5107.75,5048.75,0.011863002453175255,-0.00024469621087663243,0.004143436389975099,0.009717219671682552,0.0020717181949875497,1.2208227099924311,1.0,14.0,14.0,False,False,True,-87.5,35.0,14.0,-136.5,2023-2024
2024-04-25,5072.5,5082.75,5105.5,-0.006484597295622817,0.0020186609843622374,0.004891184813721704,0.011470845167244654,0.002445592406860852,-0.5653112042815974,-1.0,12.0,12.0,False,False,True,-615.0,30.0,12.0,-657.0,2023-2024
2024-04-26,5141.25,5129.5,5082.75,0.011443786860301721,-0.002288052016866376,0.004394192995058675,0.010305296037864464,0.0021970964975293376,1.110476285033844,1.0,13.0,13.0,False,False,True,-763.75,32.5,13.0,-809.25,2023-2024
2024-04-30,5092.75,5065.25,5147.25,-0.010644631759186781,-0.005414464891406338,0.003969353651611261,0.009308959461915069,0.0019846768258056304,-1.1434824485740034,-1.0,15.0,15.0,False,False,True,2062.5,37.5,15.0,2010.0,2023-2024
2024-05-01,5118.0,5046.25,5065.25,0.01036024291347346,-0.014118344552583512,0.004345417953582327,0.010190908426251111,0.0021727089767911633,1.0166162308736044,1.0,14.0,14.0,False,False,True,-5022.5,35.0,14.0,-5071.5,2023-2024
2024-05-02,5096.25,5091.5,5046.25,0.009859581966312493,-0.0009324925217430464,0.0033420081366858354,0.007837703816884688,0.0016710040683429177,1.257968174948394,1.0,18.0,18.0,False,False,True,-427.5,45.0,18.0,-490.5,2023-2024
2024-05-03,5157.25,5154.25,5091.5,0.012831009061397265,-0.0005818746224399299,0.003409831639116907,0.00799676402922925,0.0017049158195584534,1.6045251572383779,1.0,17.0,17.0,False,False,True,-255.0,42.5,17.0,-314.5,2023-2024
2024-05-06,5195.25,5207.25,5154.25,0.007923129520146607,0.0023071387306683546,0.003382626316316407,0.007932961891821974,0.0016913131581582034,0.998760567388392,1.0,17.0,17.0,False,False,True,1020.0,42.5,17.0,960.5,2023-2024
2024-05-09,5236.75,5239.25,5211.5,0.004833354706498638,0.0004772814141768046,0.0022431774901333253,0.005260717525901257,0.0011215887450666626,0.9187633973315448,1.0,26.0,26.0,False,False,True,325.0,65.0,26.0,234.0,2023-2024
2024-05-14,5268.75,5268.75,5245.5,0.004422576578625466,0.0,0.0013437326169087097,0.0031513323216686958,0.0006718663084543549,1.4033989840473633,1.0,43.0,40.0,True,False,True,0.0,100.0,40.0,-140.0,2023-2024
2024-05-15,5325.75,5333.5,5268.75,0.010760403980147085,0.0014541363352247956,0.001899321445532098,0.004454303620547185,0.000949660722766049,2.415732041819195,1.0,30.0,30.0,False,False,True,1162.5,75.0,30.0,1057.5,2023-2024
2024-05-22,5316.5,5329.25,5346.25,-0.005580188449977557,0.002395323222163085,0.0012259051399146556,0.0028750023941521235,0.0006129525699573278,-1.9409334967260883,-1.0,46.0,40.0,True,False,True,-2550.0,100.0,40.0,-2690.0,2023-2024
2024-05-23,5275.75,5286.25,5329.25,-0.010089665980881648,0.0019882604542761106,0.001999648057942472,0.004689590382536843,0.000999824028971236,-2.151502617041709,-1.0,29.0,29.0,False,False,True,-1522.5,72.5,29.0,-1624.0,2023-2024
2024-05-24,5317.5,5321.5,5286.25,0.005894158287693857,0.0007519504067066881,0.0021201992079426615,0.004972307889449706,0.0010600996039713307,1.1853968858606165,1.0,27.0,27.0,False,False,True,540.0,67.5,27.0,445.5,2023-2024
2024-05-29,5287.25,5287.5,5325.5,-0.00720834197036111,4.728244167418703e-05,0.002261311751868729,0.005303246139419507,0.0011306558759343645,-1.3592320214558502,-1.0,25.0,25.0,False,False,True,-31.25,62.5,25.0,-118.75,2023-2024
2024-05-30,5265.5,5251.5,5287.5,-0.004169436533881591,-0.002662357757821865,0.00215695426671758,0.005058506142915263,0.00107847713335879,-0.8242426550615409,-1.0,27.0,27.0,False,False,True,1890.0,67.5,27.0,1795.5,2023-2024
2024-05-31,5237.0,5296.75,5251.5,-0.0027649347833423863,0.011344609624912308,0.0021417379315230656,0.005022820673713711,0.0010708689657615328,-0.5504745168013501,-1.0,27.0,27.0,False,False,True,-8066.25,67.5,27.0,-8160.75,2023-2024
2024-06-05,5358.5,5366.5,5304.0,0.010222832287353278,0.0014918417685272842,0.0036694689111252013,0.008605667405461882,0.0018347344555626006,1.187918589656975,1.0,15.0,15.0,False,False,True,600.0,37.5,15.0,547.5,2023-2024
2024-06-12,5438.5,5426.5,5384.0,0.010071695209341192,-0.0022089286478353576,0.002565703158506745,0.006017107264844394,0.0012828515792533725,1.6738433878661547,1.0,22.0,22.0,False,False,True,-1320.0,55.0,22.0,-1397.0,2023-2024
2024-06-17,5487.0,5479.75,5437.5,0.009062261662035855,-0.0013221785955142157,0.0029800644333371333,0.006988870591706884,0.0014900322166685666,1.2966704051995601,1.0,18.0,18.0,False,False,True,-652.5,45.0,18.0,-715.5,2023-2024
2024-06-25,5531.5,5535.25,5514.75,0.00303270573052416,0.0006777057661059856,0.00159468269137353,0.003739862413768024,0.000797341345686765,0.8109137168681608,1.0,34.0,34.0,False,False,True,637.5,85.0,34.0,518.5,2023-2024
2024-06-28,5532.5,5523.5,5548.0,-0.0027977095095174636,-0.001628075612874921,0.0016200343368170606,0.0037993172924309197,0.0008100171684085303,-0.7363716410553863,-1.0,34.0,34.0,False,False,True,1530.0,85.0,34.0,1411.0,2023-2024
