date,gross,turnover_cost,borrow_cost,net,held_gross_lev,test_year,L,net_stress
2010-07-01,-973.2569910568284,134.86675173668309,2.313266637709553,-1110.437009431221,2.6519809987927196,2010,6,-1177.8703852995627
2010-07-02,-111.05645218896021,0.0,1.250477977008992,-112.3069301659692,1.3939956091013053,2010,6,-112.3069301659692
2010-07-06,-286.7686305828307,0.0,1.250477977008992,-288.0191085598397,1.3939956091013053,2010,6,-288.0191085598397
2010-07-07,-873.3189779125547,0.0,1.250477977008992,-874.5694558895638,1.3939956091013053,2010,6,-874.5694558895638
2010-07-08,-479.6354159706017,0.0,1.250477977008992,-480.88589394761067,1.3939956091013053,2010,6,-480.88589394761067
2010-07-09,-102.28957900883736,0.0,1.250477977008992,-103.54005698584636,1.3939956091013053,2010,6,-103.54005698584636
2010-07-12,229.61370154898955,0.0,1.250477977008992,228.36322357198057,1.3939956091013053,2010,6,228.36322357198057
2010-07-13,-614.0285401010874,0.0,1.250477977008992,-615.2790180780964,1.3939956091013053,2010,6,-615.2790180780964
2010-07-14,176.8080332479727,0.0,1.250477977008992,175.55755527096372,1.3939956091013053,2010,6,175.55755527096372
2010-07-15,33.54355249706089,0.0,1.250477977008992,32.293074520051896,1.3939956091013053,2010,6,32.293074520051896
2010-07-16,753.0141905626718,0.0,1.250477977008992,751.7637125856628,1.3939956091013053,2010,6,751.7637125856628
2010-07-19,-378.9823391452384,0.0,1.250477977008992,-380.2328171222474,1.3939956091013053,2010,6,-380.2328171222474
2010-07-20,-202.80196666243353,0.0,1.250477977008992,-204.0524446394425,1.3939956091013053,2010,6,-204.0524446394425
2010-07-21,921.0286238543947,0.0,1.250477977008992,919.7781458773857,1.3939956091013053,2010,6,919.7781458773857
2010-07-22,-954.2535559810888,0.0,1.250477977008992,-955.5040339580978,1.3939956091013053,2010,6,-955.5040339580978
2010-07-23,-473.8770633881022,0.0,1.250477977008992,-475.1275413651112,1.3939956091013053,2010,6,-475.1275413651112
2010-07-26,-236.6337004086348,0.0,1.250477977008992,-237.8841783856438,1.3939956091013053,2010,6,-237.8841783856438
2010-07-27,-323.8586988343001,0.0,1.250477977008992,-325.1091768113091,1.3939956091013053,2010,6,-325.1091768113091
2010-07-28,370.0068134508561,0.0,1.250477977008992,368.7563354738471,1.3939956091013053,2010,6,368.7563354738471
2010-07-29,-150.78234487820194,0.0,1.250477977008992,-152.03282285521092,1.3939956091013053,2010,6,-152.03282285521092
2010-07-30,432.83047691770093,0.0,1.250477977008992,431.57999894069195,1.3939956091013053,2010,6,431.57999894069195
2010-08-02,-888.7131234575289,91.01471821817947,1.250477977008992,-980.9783196527175,1.3939956091013053,2010,6,-1026.485678761807
2010-08-03,325.6549442648597,0.0,0.5332513930402054,325.1216928718195,2.0268192499190456,2010,6,325.1216928718195
2010-08-04,76.53329302888591,0.0,0.5332513930402054,76.0000416358457,2.0268192499190456,2010,6,76.0000416358457
2010-08-05,78.36431035797759,0.0,0.5332513930402054,77.83105896493738,2.0268192499190456,2010,6,77.83105896493738
2010-08-06,150.62123896918865,0.0,0.5332513930402054,150.08798757614844,2.0268192499190456,2010,6,150.08798757614844
2010-08-09,243.12895857773273,0.0,0.5332513930402054,242.59570718469251,2.0268192499190456,2010,6,242.59570718469251
2010-08-10,-20.512182056698496,0.0,0.5332513930402054,-21.045433449738702,2.0268192499190456,2010,6,-21.045433449738702
2010-08-11,-703.9836999443978,0.0,0.5332513930402054,-704.5169513374381,2.0268192499190456,2010,6,-704.5169513374381
2010-08-12,-534.5898777179108,0.0,0.5332513930402054,-535.123129110951,2.0268192499190456,2010,6,-535.123129110951
2010-08-13,359.9021474906825,0.0,0.5332513930402054,359.36889609764233,2.0268192499190456,2010,6,359.36889609764233
2010-08-16,940.4723079668776,0.0,0.5332513930402054,939.9390565738373,2.0268192499190456,2010,6,939.9390565738373
2010-08-17,281.44064339163594,0.0,0.5332513930402054,280.90739199859576,2.0268192499190456,2010,6,280.90739199859576
2010-08-18,-32.714370082433085,0.0,0.5332513930402054,-33.24762147547329,2.0268192499190456,2010,6,-33.24762147547329
2010-08-19,-395.30312705808416,0.0,0.5332513930402054,-395.83637845112435,2.0268192499190456,2010,6,-395.83637845112435
2010-08-20,-94.44866457424715,0.0,0.5332513930402054,-94.98191596728735,2.0268192499190456,2010,6,-94.98191596728735
2010-08-23,-85.45378321255129,0.0,0.5332513930402054,-85.98703460559149,2.0268192499190456,2010,6,-85.98703460559149
2010-08-24,29.089540602547128,0.0,0.5332513930402054,28.55628920950692,2.0268192499190456,2010,6,28.55628920950692
2010-08-25,410.8181677785686,0.0,0.5332513930402054,410.2849163855284,2.0268192499190456,2010,6,410.2849163855284
2010-08-26,162.9639404333549,0.0,0.5332513930402054,162.4306890403147,2.0268192499190456,2010,6,162.4306890403147
2010-08-27,-153.7919043692688,0.0,0.5332513930402054,-154.325155762309,2.0268192499190456,2010,6,-154.325155762309
2010-08-30,282.41211543236875,0.0,0.5332513930402054,281.87886403932856,2.0268192499190456,2010,6,281.87886403932856
2010-08-31,431.97727703299853,0.0,0.5332513930402054,431.44402563995834,2.0268192499190456,2010,6,431.44402563995834
2010-09-01,436.5097057347256,53.345528223488465,0.5332513930402054,382.63092611819695,2.0268192499190456,2010,6,355.9581620064527
2010-09-02,-307.5320299862363,0.0,1.5276167912942753,-309.0596467775306,2.0746253000510895,2010,6,-309.0596467775306
2010-09-03,-756.8405656069709,0.0,1.5276167912942753,-758.3681823982652,2.0746253000510895,2010,6,-758.3681823982652
2010-09-07,1203.3911066558062,0.0,1.5276167912942753,1201.8634898645118,2.0746253000510895,2010,6,1201.8634898645118
2010-09-08,-447.5136804556635,0.0,1.5276167912942753,-449.0412972469578,2.0746253000510895,2010,6,-449.0412972469578
2010-09-09,-551.5520321508405,0.0,1.5276167912942753,-553.0796489421348,2.0746253000510895,2010,6,-553.0796489421348
2010-09-10,-293.7582480775128,0.0,1.5276167912942753,-295.2858648688071,2.0746253000510895,2010,6,-295.2858648688071
2010-09-13,-50.22902657867083,0.0,1.5276167912942753,-51.75664336996511,2.0746253000510895,2010,6,-51.75664336996511
2010-09-14,374.83127699039784,0.0,1.5276167912942753,373.30366019910355,2.0746253000510895,2010,6,373.30366019910355
2010-09-15,-578.3211392519045,0.0,1.5276167912942753,-579.8487560431987,2.0746253000510895,2010,6,-579.8487560431987
2010-09-16,-125.58987766278297,0.0,1.5276167912942753,-127.11749445407725,2.0746253000510895,2010,6,-127.11749445407725
2010-09-17,184.41880342577795,0.0,1.5276167912942753,182.8911866344837,2.0746253000510895,2010,6,182.8911866344837
2010-09-20,-174.40253487328812,0.0,1.5276167912942753,-175.93015166458238,2.0746253000510895,2010,6,-175.93015166458238
2010-09-21,999.6271503113226,0.0,1.5276167912942753,998.0995335200283,2.0746253000510895,2010,6,998.0995335200283
2010-09-22,2.8922925222833697,0.0,1.5276167912942753,1.3646757309890944,2.0746253000510895,2010,6,1.3646757309890944
2010-09-23,138.80538396415034,0.0,1.5276167912942753,137.27776717285607,2.0746253000510895,2010,6,137.27776717285607
2010-09-24,-1093.7631309981314,0.0,1.5276167912942753,-1095.2907477894257,2.0746253000510895,2010,6,-1095.2907477894257
2010-09-27,647.2175102196596,0.0,1.5276167912942753,645.6898934283654,2.0746253000510895,2010,6,645.6898934283654
2010-09-28,376.3126982901277,0.0,1.5276167912942753,374.7850814988334,2.0746253000510895,2010,6,374.7850814988334
2010-09-29,-413.4512603060069,0.0,1.5276167912942753,-414.97887709730117,2.0746253000510895,2010,6,-414.97887709730117
2010-09-30,108.24796981868401,0.0,1.5276167912942753,106.72035302738973,2.0746253000510895,2010,6,106.72035302738973
2010-10-01,-202.65658648057857,97.57107650050452,1.5276167912942753,-301.7552797723774,2.0746253000510895,2010,6,-350.5408180226296
2010-10-04,-191.42697557957442,0.0,1.0231801896485726,-192.450155769223,2.1913483036382946,2010,6,-192.450155769223
2010-10-05,1336.6199711379081,0.0,1.0231801896485726,1335.5967909482595,2.1913483036382946,2010,6,1335.5967909482595
2010-10-06,847.6698239850081,0.0,1.0231801896485726,846.6466437953595,2.1913483036382946,2010,6,846.6466437953595
2010-10-07,-332.1644207351189,0.0,1.0231801896485726,-333.1876009247675,2.1913483036382946,2010,6,-333.1876009247675
2010-10-08,965.8851140658035,0.0,1.0231801896485726,964.8619338761549,2.1913483036382946,2010,6,964.8619338761549
2010-10-11,54.11471282651648,0.0,1.0231801896485726,53.09153263686791,2.1913483036382946,2010,6,53.09153263686791
2010-10-12,17.350726792026755,0.0,1.0231801896485726,16.32754660237818,2.1913483036382946,2010,6,16.32754660237818
2010-10-13,904.8010124640329,0.0,1.0231801896485726,903.7778322743843,2.1913483036382946,2010,6,903.7778322743843
2010-10-14,46.58062391129191,0.0,1.0231801896485726,45.55744372164334,2.1913483036382946,2010,6,45.55744372164334
2010-10-15,-699.5630977863826,0.0,1.0231801896485726,-700.5862779760312,2.1913483036382946,2010,6,-700.5862779760312
2010-10-18,544.8165476398682,0.0,1.0231801896485726,543.7933674502196,2.1913483036382946,2010,6,543.7933674502196
2010-10-19,-1678.5628696296608,0.0,1.0231801896485726,-1679.5860498193094,2.1913483036382946,2010,6,-1679.5860498193094
2010-10-20,1311.2243456420224,0.0,1.0231801896485726,1310.2011654523737,2.1913483036382946,2010,6,1310.2011654523737
2010-10-21,-779.8739748894262,0.0,1.0231801896485726,-780.8971550790748,2.1913483036382946,2010,6,-780.8971550790748
2010-10-22,277.0038903233806,0.0,1.0231801896485726,275.980710133732,2.1913483036382946,2010,6,275.980710133732
2010-10-25,885.8703941324703,0.0,1.0231801896485726,884.8472139428218,2.1913483036382946,2010,6,884.8472139428218
2010-10-26,-780.3578579193576,0.0,1.0231801896485726,-781.3810381090061,2.1913483036382946,2010,6,-781.3810381090061
2010-10-27,-1043.6004587167108,0.0,1.0231801896485726,-1044.6236389063595,2.1913483036382946,2010,6,-1044.6236389063595
2010-10-28,1120.9218661330387,0.0,1.0231801896485726,1119.89868594339,2.1913483036382946,2010,6,1119.89868594339
2010-10-29,782.5494258788887,0.0,1.0231801896485726,781.5262456892401,2.1913483036382946,2010,6,781.5262456892401
2010-11-01,-62.461120874839025,29.20177535450288,1.0231801896485726,-92.68607641899048,2.1913483036382946,2010,6,-107.28696409624192
2010-11-02,968.8981617571485,0.0,0.8572638620283795,968.0408978951201,2.0033832779442076,2010,6,968.0408978951201
2010-11-03,-53.70680608995639,0.0,0.8572638620283795,-54.56406995198477,2.0033832779442076,2010,6,-54.56406995198477
2010-11-04,1960.5330796104142,0.0,0.8572638620283795,1959.675815748386,2.0033832779442076,2010,6,1959.675815748386
2010-11-05,-661.2766229994445,0.0,0.8572638620283795,-662.1338868614729,2.0033832779442076,2010,6,-662.1338868614729
2010-11-08,80.73060920101501,0.0,0.8572638620283795,79.87334533898664,2.0033832779442076,2010,6,79.87334533898664
2010-11-09,-1741.465789617292,0.0,0.8572638620283795,-1742.3230534793204,2.0033832779442076,2010,6,-1742.3230534793204
2010-11-10,101.22627819731784,0.0,0.8572638620283795,100.36901433528946,2.0033832779442076,2010,6,100.36901433528946
2010-11-11,-563.5053769254323,0.0,0.8572638620283795,-564.3626407874607,2.0033832779442076,2010,6,-564.3626407874607
2010-11-12,-1562.220969834103,0.0,0.8572638620283795,-1563.0782336961313,2.0033832779442076,2010,6,-1563.0782336961313
2010-11-15,-1556.455501516628,0.0,0.8572638620283795,-1557.3127653786562,2.0033832779442076,2010,6,-1557.3127653786562
2010-11-16,-537.6419289937191,0.0,0.8572638620283795,-538.4991928557475,2.0033832779442076,2010,6,-538.4991928557475
2010-11-17,45.9705627986179,0.0,0.8572638620283795,45.113298936589516,2.0033832779442076,2010,6,45.113298936589516
2010-11-18,1207.1657532623597,0.0,0.8572638620283795,1206.3084894003314,2.0033832779442076,2010,6,1206.3084894003314
2010-11-19,334.06258368546906,0.0,0.8572638620283795,333.2053198234407,2.0033832779442076,2010,6,333.2053198234407
2010-11-22,357.39747930078533,0.0,0.8572638620283795,356.54021543875695,2.0033832779442076,2010,6,356.54021543875695
2010-11-23,-1056.2900047526898,0.0,0.8572638620283795,-1057.147268614718,2.0033832779442076,2010,6,-1057.147268614718
2010-11-24,-264.7211049293922,0.0,0.8572638620283795,-265.5783687914206,2.0033832779442076,2010,6,-265.5783687914206
2010-11-26,-536.2176032362846,0.0,0.8572638620283795,-537.074867098313,2.0033832779442076,2010,6,-537.074867098313
2010-11-29,-33.74925287887784,0.0,0.8572638620283795,-34.60651674090622,2.0033832779442076,2010,6,-34.60651674090622
2010-11-30,5.472215892445332,0.0,0.8572638620283795,4.614952030416953,2.0033832779442076,2010,6,4.614952030416953
2010-12-01,327.63867097528504,75.57717436026782,0.8572638620283795,251.20423275298884,2.0033832779442076,2010,6,213.41564557285494
2010-12-02,558.812979572528,0.0,0.2300854665728211,558.5828941059551,1.213631795845992,2010,6,558.5828941059551
2010-12-03,729.7610808871051,0.0,0.2300854665728211,729.5309954205322,1.213631795845992,2010,6,729.5309954205322
2010-12-06,295.2819001912762,0.0,0.2300854665728211,295.0518147247034,1.213631795845992,2010,6,295.0518147247034
2010-12-07,-954.1276861839688,0.0,0.2300854665728211,-954.3577716505416,1.213631795845992,2010,6,-954.3577716505416
2010-12-08,-520.2778173733079,0.0,0.2300854665728211,-520.5079028398808,1.213631795845992,2010,6,-520.5079028398808
2010-12-09,131.79578097829545,0.0,0.2300854665728211,131.56569551172262,1.213631795845992,2010,6,131.56569551172262
2010-12-10,-155.05664240502577,0.0,0.2300854665728211,-155.2867278715986,1.213631795845992,2010,6,-155.2867278715986
2010-12-13,661.6879124081311,0.0,0.2300854665728211,661.4578269415582,1.213631795845992,2010,6,661.4578269415582
2010-12-14,-362.2503336965379,0.0,0.2300854665728211,-362.4804191631107,1.213631795845992,2010,6,-362.4804191631107
2010-12-15,-811.8553314832379,0.0,0.2300854665728211,-812.0854169498108,1.213631795845992,2010,6,-812.0854169498108
2010-12-16,435.5699991243595,0.0,0.2300854665728211,435.3399136577867,1.213631795845992,2010,6,435.3399136577867
2010-12-17,430.9142396990429,0.0,0.2300854665728211,430.6841542324701,1.213631795845992,2010,6,430.6841542324701
2010-12-20,167.0346696581672,0.0,0.2300854665728211,166.80458419159436,1.213631795845992,2010,6,166.80458419159436
2010-12-21,390.4225960173529,0.0,0.2300854665728211,390.19251055078007,1.213631795845992,2010,6,390.19251055078007
2010-12-22,101.8545136757433,0.0,0.2300854665728211,101.62442820917049,1.213631795845992,2010,6,101.62442820917049
2010-12-23,23.55036840016136,0.0,0.2300854665728211,23.32028293358854,1.213631795845992,2010,6,23.32028293358854
2010-12-27,220.1151576208027,0.0,0.2300854665728211,219.88507215422987,1.213631795845992,2010,6,219.88507215422987
2010-12-28,-83.45813782006122,0.0,0.2300854665728211,-83.68822328663404,1.213631795845992,2010,6,-83.68822328663404
2010-12-29,838.4829022762635,0.0,0.2300854665728211,838.2528168096907,1.213631795845992,2010,6,838.2528168096907
2010-12-30,-145.4417270121887,0.0,0.2300854665728211,-145.67181247876152,1.213631795845992,2010,6,-145.67181247876152
2010-12-31,681.7781173062197,0.0,0.2300854665728211,681.5480318396468,1.213631795845992,2010,6,681.5480318396468
2011-01-03,122.86411378638188,11.452989596079473,0.2300854665728211,111.18103872372959,1.213631795845992,2010,6,105.45454392568985
2011-01-04,-498.6264297207242,0.0,0.362868172412498,-498.9892978931367,1.2367719111005024,2010,6,-498.9892978931367
2011-01-05,-323.7129528521858,0.0,0.362868172412498,-324.0758210245983,1.2367719111005024,2010,6,-324.0758210245983
2011-01-06,-387.5856076554417,0.0,0.362868172412498,-387.9484758278542,1.2367719111005024,2010,6,-387.9484758278542
2011-01-07,-67.63920773342173,0.0,0.362868172412498,-68.00207590583423,1.2367719111005024,2010,6,-68.00207590583423
2011-01-10,251.1915238813767,0.0,0.362868172412498,250.8286557089642,1.2367719111005024,2010,6,250.8286557089642
2011-01-11,272.2888763019714,0.0,0.362868172412498,271.9260081295589,1.2367719111005024,2010,6,271.9260081295589
2011-01-12,674.5738287958687,0.0,0.362868172412498,674.2109606234562,1.2367719111005024,2010,6,674.2109606234562
2011-01-13,134.41913418364126,0.0,0.362868172412498,134.05626601122876,1.2367719111005024,2010,6,134.05626601122876
2011-01-14,15.190470864198414,0.0,0.362868172412498,14.827602691785916,1.2367719111005024,2010,6,14.827602691785916
2011-01-18,234.77940359201352,0.0,0.362868172412498,234.41653541960102,1.2367719111005024,2010,6,234.41653541960102
2011-01-19,-214.15901701738386,0.0,0.362868172412498,-214.52188518979636,1.2367719111005024,2010,6,-214.52188518979636
2011-01-20,-922.746292956505,0.0,0.362868172412498,-923.1091611289175,1.2367719111005024,2010,6,-923.1091611289175
2011-01-21,191.72661187135415,0.0,0.362868172412498,191.36374369894165,1.2367719111005024,2010,6,191.36374369894165
2011-01-24,210.85161575629735,0.0,0.362868172412498,210.48874758388484,1.2367719111005024,2010,6,210.48874758388484
2011-01-25,98.00680386355344,0.0,0.362868172412498,97.64393569114094,1.2367719111005024,2010,6,97.64393569114094
2011-01-26,390.92910573397273,0.0,0.362868172412498,390.56623756156023,1.2367719111005024,2010,6,390.56623756156023
2011-01-27,-195.11777152261823,0.0,0.362868172412498,-195.48063969503073,1.2367719111005024,2010,6,-195.48063969503073
2011-01-28,-317.00129851428085,0.0,0.362868172412498,-317.36416668669335,1.2367719111005024,2010,6,-317.36416668669335
2011-01-31,517.2814155483976,0.0,0.362868172412498,516.9185473759851,1.2367719111005024,2010,6,516.9185473759851
2011-02-01,941.5194368340799,17.751049485762625,0.362868172412498,923.4055191759047,1.2367719111005024,2010,6,914.5299944330235
2011-02-02,-85.52517095819667,0.0,0.6690030579801931,-86.19417401617686,1.3625780843675357,2010,6,-86.19417401617686
2011-02-03,62.32342180700969,0.0,0.6690030579801931,61.654418749029496,1.3625780843675357,2010,6,61.654418749029496
2011-02-04,-158.47119507851946,0.0,0.6690030579801931,-159.14019813649966,1.3625780843675357,2010,6,-159.14019813649966
2011-02-07,112.82113860679694,0.0,0.6690030579801931,112.15213554881674,1.3625780843675357,2010,6,112.15213554881674
2011-02-08,415.38938897715235,0.0,0.6690030579801931,414.72038591917214,1.3625780843675357,2010,6,414.72038591917214
2011-02-09,-170.0877980533046,0.0,0.6690030579801931,-170.7568011112848,1.3625780843675357,2010,6,-170.7568011112848
2011-02-10,-402.261002798789,0.0,0.6690030579801931,-402.9300058567692,1.3625780843675357,2010,6,-402.9300058567692
2011-02-11,72.27317871097665,0.0,0.6690030579801931,71.60417565299646,1.3625780843675357,2010,6,71.60417565299646
2011-02-14,195.48697880446218,0.0,0.6690030579801931,194.81797574648198,1.3625780843675357,2010,6,194.81797574648198
2011-02-15,-322.3576711209881,0.0,0.6690030579801931,-323.0266741789683,1.3625780843675357,2010,6,-323.0266741789683
2011-02-16,523.3651396474339,0.0,0.6690030579801931,522.6961365894538,1.3625780843675357,2010,6,522.6961365894538
2011-02-17,510.2661323086553,0.0,0.6690030579801931,509.5971292506751,1.3625780843675357,2010,6,509.5971292506751
2011-02-18,436.54206288694,0.0,0.6690030579801931,435.8730598289598,1.3625780843675357,2010,6,435.8730598289598
2011-02-22,-856.2368724643976,0.0,0.6690030579801931,-856.9058755223778,1.3625780843675357,2010,6,-856.9058755223778
2011-02-23,328.27278483614253,0.0,0.6690030579801931,327.60378177816233,1.3625780843675357,2010,6,327.60378177816233
2011-02-24,-49.13100927693838,0.0,0.6690030579801931,-49.80001233491857,1.3625780843675357,2010,6,-49.80001233491857
2011-02-25,934.6122132956111,0.0,0.6690030579801931,933.943210237631,1.3625780843675357,2010,6,933.943210237631
2011-02-28,417.7663205089272,0.0,0.6690030579801931,417.097317450947,1.3625780843675357,2010,6,417.097317450947
2011-03-01,-239.38261781585322,19.65729870293734,0.6690030579801931,-259.70891957677077,1.3625780843675357,2010,6,-269.5375689282394
2011-03-02,465.4071539803943,0.0,1.1272670194693744,464.2798869609249,1.4593135839724432,2010,6,464.2798869609249
2011-03-03,684.8062995244347,0.0,1.1272670194693744,683.6790325049653,1.4593135839724432,2010,6,683.6790325049653
2011-03-04,-56.50147423921494,0.0,1.1272670194693744,-57.628741258684315,1.4593135839724432,2010,6,-57.628741258684315
2011-03-07,-355.6704691788506,0.0,1.1272670194693744,-356.79773619832,1.4593135839724432,2010,6,-356.79773619832
2011-03-08,183.02194145756414,0.0,1.1272670194693744,181.89467443809477,1.4593135839724432,2010,6,181.89467443809477
2011-03-09,-243.05309431435566,0.0,1.1272670194693744,-244.18036133382503,1.4593135839724432,2010,6,-244.18036133382503
2011-03-10,-1544.1492980081832,0.0,1.1272670194693744,-1545.2765650276526,1.4593135839724432,2010,6,-1545.2765650276526
2011-03-11,504.2477442049941,0.0,1.1272670194693744,503.1204771855247,1.4593135839724432,2010,6,503.1204771855247
2011-03-14,-515.1496144822803,0.0,1.1272670194693744,-516.2768815017497,1.4593135839724432,2010,6,-516.2768815017497
2011-03-15,-1156.5821043975573,0.0,1.1272670194693744,-1157.7093714170267,1.4593135839724432,2010,6,-1157.7093714170267
2011-03-16,-1065.2471060527964,0.0,1.1272670194693744,-1066.3743730722658,1.4593135839724432,2010,6,-1066.3743730722658
2011-03-17,1473.7568481859453,0.0,1.1272670194693744,1472.6295811664759,1.4593135839724432,2010,6,1472.6295811664759
2011-03-18,581.3559152555997,0.0,1.1272670194693744,580.2286482361303,1.4593135839724432,2010,6,580.2286482361303
2011-03-21,1127.311180137715,0.0,1.1272670194693744,1126.1839131182455,1.4593135839724432,2010,6,1126.1839131182455
2011-03-22,-28.953324835216133,0.0,1.1272670194693744,-30.08059185468551,1.4593135839724432,2010,6,-30.08059185468551
2011-03-23,97.09973963789577,0.0,1.1272670194693744,95.9724726184264,1.4593135839724432,2010,6,95.9724726184264
2011-03-24,559.6177631516356,0.0,1.1272670194693744,558.4904961321662,1.4593135839724432,2010,6,558.4904961321662
2011-03-25,-197.00293868174506,0.0,1.1272670194693744,-198.13020570121444,1.4593135839724432,2010,6,-198.13020570121444
2011-03-28,-280.2908278585323,0.0,1.1272670194693744,-281.4180948780017,1.4593135839724432,2010,6,-281.4180948780017
2011-03-29,349.0693967478237,0.0,1.1272670194693744,347.9421297283543,1.4593135839724432,2010,6,347.9421297283543
2011-03-30,350.2570246235238,0.0,1.1272670194693744,349.1297576040544,1.4593135839724432,2010,6,349.1297576040544
2011-03-31,321.2951073818595,0.0,1.1272670194693744,320.1678403623901,1.4593135839724432,2010,6,320.1678403623901
2011-04-01,75.3403459939676,8.01440837535769,1.1272670194693744,66.19867059914054,1.4593135839724432,2010,6,62.191466411461704
2011-04-04,196.04273288864738,0.0,1.2063965904422347,194.83633629820514,1.4706921340744483,2010,6,194.83633629820514
2011-04-05,-11.13952385081094,0.0,1.2063965904422347,-12.345920441253176,1.4706921340744483,2010,6,-12.345920441253176
2011-04-06,429.48429056792565,0.0,1.2063965904422347,428.2778939774834,1.4706921340744483,2010,6,428.2778939774834
2011-04-07,27.497036044000545,0.0,1.2063965904422347,26.29063945355831,1.4706921340744483,2010,6,26.29063945355831
2011-04-08,652.5145687716397,0.0,1.2063965904422347,651.3081721811975,1.4706921340744483,2010,6,651.3081721811975
2011-04-11,-531.0543170755253,0.0,1.2063965904422347,-532.2607136659675,1.4706921340744483,2010,6,-532.2607136659675
2011-04-12,-548.2975706477232,0.0,1.2063965904422347,-549.5039672381654,1.4706921340744483,2010,6,-549.5039672381654
2011-04-13,223.49130036245674,0.0,1.2063965904422347,222.2849037720145,1.4706921340744483,2010,6,222.2849037720145
2011-04-14,522.9765600107085,0.0,1.2063965904422347,521.7701634202663,1.4706921340744483,2010,6,521.7701634202663
2011-04-15,146.03863981843168,0.0,1.2063965904422347,144.83224322798944,1.4706921340744483,2010,6,144.83224322798944
2011-04-18,-762.8822062327076,0.0,1.2063965904422347,-764.0886028231498,1.4706921340744483,2010,6,-764.0886028231498
2011-04-19,433.11292917855434,0.0,1.2063965904422347,431.9065325881121,1.4706921340744483,2010,6,431.9065325881121
2011-04-20,1325.8689332129636,0.0,1.2063965904422347,1324.6625366225214,1.4706921340744483,2010,6,1324.6625366225214
2011-04-21,546.81553502255,0.0,1.2063965904422347,545.6091384321078,1.4706921340744483,2010,6,545.6091384321078
2011-04-25,-27.88862629201459,0.0,1.2063965904422347,-29.095022882456824,1.4706921340744483,2010,6,-29.095022882456824
2011-04-26,132.78551646847072,0.0,1.2063965904422347,131.57911987802848,1.4706921340744483,2010,6,131.57911987802848
2011-04-27,830.40600785584,0.0,1.2063965904422347,829.1996112653978,1.4706921340744483,2010,6,829.1996112653978
2011-04-28,232.65267439313843,0.0,1.2063965904422347,231.4462778026962,1.4706921340744483,2010,6,231.4462778026962
2011-04-29,227.4194180783025,0.0,1.2063965904422347,226.21302148786026,1.4706921340744483,2010,6,226.21302148786026
2011-05-02,-459.4491099063784,38.72315096293946,1.2063965904422347,-499.37865745976006,1.4706921340744483,2010,6,-518.7402329412298
2011-05-03,-704.6259245740121,0.0,1.0848687007462223,-705.7107932747583,1.5555497466207266,2010,6,-705.7107932747583
2011-05-04,-809.7104482230035,0.0,1.0848687007462223,-810.7953169237497,1.5555497466207266,2010,6,-810.7953169237497
2011-05-05,-2073.1458131175186,0.0,1.0848687007462223,-2074.2306818182647,1.5555497466207266,2010,6,-2074.2306818182647
2011-05-06,270.37495227136765,0.0,1.0848687007462223,269.29008357062145,1.5555497466207266,2010,6,269.29008357062145
2011-05-09,919.8185696788609,0.0,1.0848687007462223,918.7337009781146,1.5555497466207266,2010,6,918.7337009781146
2011-05-10,681.390643302231,0.0,1.0848687007462223,680.3057746014847,1.5555497466207266,2010,6,680.3057746014847
2011-05-11,-1522.6662181401298,0.0,1.0848687007462223,-1523.751086840876,1.5555497466207266,2010,6,-1523.751086840876
2011-05-12,113.21784506540418,0.0,1.0848687007462223,112.13297636465795,1.5555497466207266,2010,6,112.13297636465795
2011-05-13,-798.2932120998793,0.0,1.0848687007462223,-799.3780808006255,1.5555497466207266,2010,6,-799.3780808006255
2011-05-16,-414.11621059874614,0.0,1.0848687007462223,-415.20107929949233,1.5555497466207266,2010,6,-415.20107929949233
2011-05-17,126.21808833577545,0.0,1.0848687007462223,125.13321963502922,1.5555497466207266,2010,6,125.13321963502922
2011-05-18,855.6652109973049,0.0,1.0848687007462223,854.5803422965587,1.5555497466207266,2010,6,854.5803422965587
2011-05-19,18.808843487272117,0.0,1.0848687007462223,17.723974786525893,1.5555497466207266,2010,6,17.723974786525893
2011-05-20,-405.2283668063035,0.0,1.0848687007462223,-406.3132355070497,1.5555497466207266,2010,6,-406.3132355070497
2011-05-23,-1061.9361513634547,0.0,1.0848687007462223,-1063.021020064201,1.5555497466207266,2010,6,-1063.021020064201
2011-05-24,480.44373939598063,0.0,1.0848687007462223,479.35887069523443,1.5555497466207266,2010,6,479.35887069523443
2011-05-25,393.3627429325788,0.0,1.0848687007462223,392.2778742318326,1.5555497466207266,2010,6,392.2778742318326
2011-05-26,349.1124201550051,0.0,1.0848687007462223,348.0275514542589,1.5555497466207266,2010,6,348.0275514542589
2011-05-27,602.3656700916958,0.0,1.0848687007462223,601.2808013909496,1.5555497466207266,2010,6,601.2808013909496
2011-05-31,841.791188941793,0.0,1.0848687007462223,840.7063202410468,1.5555497466207266,2010,6,840.7063202410468
2011-06-01,-1354.6406839326276,48.70479557176702,1.0848687007462223,-1404.4303482051407,1.5555497466207266,2010,6,-1428.7827459910243
2011-06-02,-216.98479542351535,0.0,0.3158679407225307,-217.3006633642379,1.678717920946069,2010,6,-217.3006633642379
2011-06-03,145.8166708179935,0.0,0.3158679407225307,145.50080287727096,1.678717920946069,2010,6,145.50080287727096
2011-06-06,-754.9207889189487,0.0,0.3158679407225307,-755.2366568596713,1.678717920946069,2010,6,-755.2366568596713
2011-06-07,531.536403911358,0.0,0.3158679407225307,531.2205359706354,1.678717920946069,2010,6,531.2205359706354
2011-06-08,-349.54733465232323,0.0,0.3158679407225307,-349.86320259304574,1.678717920946069,2010,6,-349.86320259304574
2011-06-09,11.491039713332034,0.0,0.3158679407225307,11.175171772609504,1.678717920946069,2010,6,11.175171772609504
2011-06-10,-1260.8834387099027,0.0,0.3158679407225307,-1261.1993066506252,1.678717920946069,2010,6,-1261.1993066506252
2011-06-13,-159.94941225233995,0.0,0.3158679407225307,-160.2652801930625,1.678717920946069,2010,6,-160.2652801930625
2011-06-14,643.9990776836189,0.0,0.3158679407225307,643.6832097428963,1.678717920946069,2010,6,643.6832097428963
2011-06-15,-1081.817005202317,0.0,0.3158679407225307,-1082.1328731430394,1.678717920946069,2010,6,-1082.1328731430394
2011-06-16,-302.3704291179707,0.0,0.3158679407225307,-302.6862970586932,1.678717920946069,2010,6,-302.6862970586932
2011-06-17,536.5946802663399,0.0,0.3158679407225307,536.2788123256173,1.678717920946069,2010,6,536.2788123256173
2011-06-20,171.6751913707349,0.0,0.3158679407225307,171.35932343001235,1.678717920946069,2010,6,171.35932343001235
2011-06-21,1013.8711169707068,0.0,0.3158679407225307,1013.5552490299842,1.678717920946069,2010,6,1013.5552490299842
2011-06-22,-451.2434702155367,0.0,0.3158679407225307,-451.55933815625923,1.678717920946069,2010,6,-451.55933815625923
2011-06-23,-236.091011068095,0.0,0.3158679407225307,-236.40687900881755,1.678717920946069,2010,6,-236.40687900881755
2011-06-24,-566.872684155708,0.0,0.3158679407225307,-567.1885520964306,1.678717920946069,2010,6,-567.1885520964306
2011-06-27,-4.4653871453047005,0.0,0.3158679407225307,-4.781255086027231,1.678717920946069,2010,6,-4.781255086027231
2011-06-28,495.31816176422905,0.0,0.3158679407225307,495.00229382350653,1.678717920946069,2010,6,495.00229382350653
2011-06-29,866.2010404331835,0.0,0.3158679407225307,865.8851724924609,1.678717920946069,2010,6,865.8851724924609
2011-06-30,481.32460437729316,0.0,0.3158679407225307,481.00873643657064,1.678717920946069,2010,6,481.00873643657064
2011-07-01,514.9610474581871,131.35610207501446,0.4913380301673059,383.1136073530053,1.870998359025786,2011,3,317.43555631549816
2011-07-05,-213.76435187501164,0.0,1.841253785742087,-215.60560566075372,3.0,2011,3,-215.60560566075372
2011-07-06,212.5098807057719,0.0,1.841253785742087,210.66862692002982,3.0,2011,3,210.66862692002982
2011-07-07,-225.04142599341688,0.0,1.841253785742087,-226.88267977915896,3.0,2011,3,-226.88267977915896
2011-07-08,843.8037392747866,0.0,1.841253785742087,841.9624854890445,3.0,2011,3,841.9624854890445
2011-07-11,37.71395896978794,0.0,1.841253785742087,35.87270518404585,3.0,2011,3,35.87270518404585
2011-07-12,386.596871730756,0.0,1.841253785742087,384.7556179450139,3.0,2011,3,384.7556179450139
2011-07-13,819.2972483410903,0.0,1.841253785742087,817.4559945553482,3.0,2011,3,817.4559945553482
2011-07-14,-655.7070272191319,0.0,1.841253785742087,-657.548281004874,3.0,2011,3,-657.548281004874
2011-07-15,140.45459201145286,0.0,1.841253785742087,138.61333822571078,3.0,2011,3,138.61333822571078
2011-07-18,-436.685858540464,0.0,1.841253785742087,-438.52711232620607,3.0,2011,3,-438.52711232620607
2011-07-19,884.0515890447851,0.0,1.841253785742087,882.2103352590431,3.0,2011,3,882.2103352590431
2011-07-20,52.53690473460609,0.0,1.841253785742087,50.695650948864,3.0,2011,3,50.695650948864
2011-07-21,520.1135972948385,0.0,1.841253785742087,518.2723435090965,3.0,2011,3,518.2723435090965
2011-07-22,396.78418048295015,0.0,1.841253785742087,394.94292669720807,3.0,2011,3,394.94292669720807
2011-07-25,-380.62502916985625,0.0,1.841253785742087,-382.46628295559833,3.0,2011,3,-382.46628295559833
2011-07-26,951.2433312749222,0.0,1.841253785742087,949.4020774891801,3.0,2011,3,949.4020774891801
2011-07-27,-503.9521076848068,0.0,1.841253785742087,-505.79336147054886,3.0,2011,3,-505.79336147054886
2011-07-28,264.4036347304838,0.0,1.841253785742087,262.56238094474173,3.0,2011,3,262.56238094474173
2011-07-29,1856.0417668086645,0.0,1.841253785742087,1854.2005130229225,3.0,2011,3,1854.2005130229225
2011-08-01,-70.65948500791703,164.61604453051132,1.841253785742087,-237.11678332417043,3.0,2011,3,-319.4248055894261
2011-08-02,1810.6466795715987,0.0,1.9147949586349333,1808.7318846129638,1.726179715627578,2011,3,1808.7318846129638
2011-08-03,-229.05031348308887,0.0,1.9147949586349333,-230.9651084417238,1.726179715627578,2011,3,-230.9651084417238
2011-08-04,2949.7629801342773,0.0,1.9147949586349333,2947.8481851756424,1.726179715627578,2011,3,2947.8481851756424
2011-08-05,-580.9471641133877,0.0,1.9147949586349333,-582.8619590720226,1.726179715627578,2011,3,-582.8619590720226
2011-08-08,4054.401488922528,0.0,1.9147949586349333,4052.4866939638932,1.726179715627578,2011,3,4052.4866939638932
2011-08-09,-1684.9678082197963,0.0,1.9147949586349333,-1686.8826031784313,1.726179715627578,2011,3,-1686.8826031784313
2011-08-10,2551.729780050747,0.0,1.9147949586349333,2549.8149850921122,1.726179715627578,2011,3,2549.8149850921122
2011-08-11,-3378.7545726794965,0.0,1.9147949586349333,-3380.6693676381315,1.726179715627578,2011,3,-3380.6693676381315
2011-08-12,344.1810589623266,0.0,1.9147949586349333,342.2662640036916,1.726179715627578,2011,3,342.2662640036916
2011-08-15,-1405.8024779298573,0.0,1.9147949586349333,-1407.7172728884923,1.726179715627578,2011,3,-1407.7172728884923
2011-08-16,800.2202481579802,0.0,1.9147949586349333,798.3054531993453,1.726179715627578,2011,3,798.3054531993453
2011-08-17,168.51867716118988,0.0,1.9147949586349333,166.60388220255496,1.726179715627578,2011,3,166.60388220255496
2011-08-18,2225.906882658505,0.0,1.9147949586349333,2223.99208769987,1.726179715627578,2011,3,2223.99208769987
2011-08-19,561.0254473283778,0.0,1.9147949586349333,559.1106523697429,1.726179715627578,2011,3,559.1106523697429
2011-08-22,-92.98135393073726,0.0,1.9147949586349333,-94.89614888937218,1.726179715627578,2011,3,-94.89614888937218
2011-08-23,-2007.361413057866,0.0,1.9147949586349333,-2009.276208016501,1.726179715627578,2011,3,-2009.276208016501
2011-08-24,-1209.5665593372423,0.0,1.9147949586349333,-1211.4813542958773,1.726179715627578,2011,3,-1211.4813542958773
2011-08-25,1003.2629806135371,0.0,1.9147949586349333,1001.3481856549022,1.726179715627578,2011,3,1001.3481856549022
2011-08-26,-220.92651272239615,0.0,1.9147949586349333,-222.84130768103108,1.726179715627578,2011,3,-222.84130768103108
2011-08-29,-1616.9511610335883,0.0,1.9147949586349333,-1618.8659559922232,1.726179715627578,2011,3,-1618.8659559922232
2011-08-30,499.44795579662025,0.0,1.9147949586349333,497.5331608379853,1.726179715627578,2011,3,497.5331608379853
2011-08-31,-553.8870855800827,0.0,1.9147949586349333,-555.8018805387177,1.726179715627578,2011,3,-555.8018805387177
2011-09-01,972.1728556292284,77.92454234290688,1.9147949586349333,892.3335183276865,1.726179715627578,2011,3,853.3712471562332
2011-09-02,1213.292586280278,0.0,1.4381882177162082,1211.8543980625618,1.1844820078874556,2011,3,1211.8543980625618
2011-09-06,56.03903540592381,0.0,1.4381882177162082,54.6008471882076,1.1844820078874556,2011,3,54.6008471882076
2011-09-07,-895.6420625763011,0.0,1.4381882177162082,-897.0802507940173,1.1844820078874556,2011,3,-897.0802507940173
2011-09-08,506.59573995505343,0.0,1.4381882177162082,505.1575517373372,1.1844820078874556,2011,3,505.1575517373372
2011-09-09,645.3081326035993,0.0,1.4381882177162082,643.8699443858832,1.1844820078874556,2011,3,643.8699443858832
2011-09-12,-483.31483836229785,0.0,1.4381882177162082,-484.7530265800141,1.1844820078874556,2011,3,-484.7530265800141
2011-09-13,-320.309780916054,0.0,1.4381882177162082,-321.74796913377025,1.1844820078874556,2011,3,-321.74796913377025
2011-09-14,-278.1952893605822,0.0,1.4381882177162082,-279.6334775782984,1.1844820078874556,2011,3,-279.6334775782984
2011-09-15,-697.356561688277,0.0,1.4381882177162082,-698.7947499059932,1.1844820078874556,2011,3,-698.7947499059932
2011-09-16,46.50551614145279,0.0,1.4381882177162082,45.06732792373658,1.1844820078874556,2011,3,45.06732792373658
2011-09-19,465.9638528348241,0.0,1.4381882177162082,464.52566461710785,1.1844820078874556,2011,3,464.52566461710785
2011-09-20,252.5441438688647,0.0,1.4381882177162082,251.1059556511485,1.1844820078874556,2011,3,251.1059556511485
2011-09-21,639.8190218126425,0.0,1.4381882177162082,638.3808335949263,1.1844820078874556,2011,3,638.3808335949263
2011-09-22,554.0515156379668,0.0,1.4381882177162082,552.6133274202506,1.1844820078874556,2011,3,552.6133274202506
2011-09-23,-1224.0121660824109,0.0,1.4381882177162082,-1225.4503543001272,1.1844820078874556,2011,3,-1225.4503543001272
2011-09-26,-577.5262480658814,0.0,1.4381882177162082,-578.9644362835976,1.1844820078874556,2011,3,-578.9644362835976
2011-09-27,-318.6047123072138,0.0,1.4381882177162082,-320.04290052493,1.1844820078874556,2011,3,-320.04290052493
2011-09-28,79.26148880907728,0.0,1.4381882177162082,77.82330059136108,1.1844820078874556,2011,3,77.82330059136108
2011-09-29,-161.95893521227384,0.0,1.4381882177162082,-163.39712342999005,1.1844820078874556,2011,3,-163.39712342999005
2011-09-30,809.1328427485482,0.0,1.4381882177162082,807.694654530832,1.1844820078874556,2011,3,807.694654530832
2011-10-03,1272.074850749286,58.45608567541334,1.4381882177162082,1212.1805768561564,1.1844820078874556,2011,3,1182.9525340184498
2011-10-04,-709.1208125597378,0.0,1.080829881836581,-710.2016424415744,0.868594365217119,2011,3,-710.2016424415744
2011-10-05,-453.0144150846565,0.0,1.080829881836581,-454.09524496649306,0.868594365217119,2011,3,-454.09524496649306
2011-10-06,-879.7709753446835,0.0,1.080829881836581,-880.8518052265201,0.868594365217119,2011,3,-880.8518052265201
2011-10-07,132.2962751956873,0.0,1.080829881836581,131.2154453138507,0.868594365217119,2011,3,131.2154453138507
2011-10-10,-1334.4914801023742,0.0,1.080829881836581,-1335.5723099842107,0.868594365217119,2011,3,-1335.5723099842107
2011-10-11,100.6575797792012,0.0,1.080829881836581,99.57674989736462,0.868594365217119,2011,3,99.57674989736462
2011-10-12,-662.423878117505,0.0,1.080829881836581,-663.5047079993416,0.868594365217119,2011,3,-663.5047079993416
2011-10-13,159.81395428632632,0.0,1.080829881836581,158.73312440448973,0.868594365217119,2011,3,158.73312440448973
2011-10-14,-714.8470707303097,0.0,1.080829881836581,-715.9279006121463,0.868594365217119,2011,3,-715.9279006121463
2011-10-17,778.6093117099974,0.0,1.080829881836581,777.5284818281608,0.868594365217119,2011,3,777.5284818281608
2011-10-18,-448.121775376947,0.0,1.080829881836581,-449.2026052587836,0.868594365217119,2011,3,-449.2026052587836
2011-10-19,468.181351700482,0.0,1.080829881836581,467.10052181864546,0.868594365217119,2011,3,467.10052181864546
2011-10-20,-100.23619549110947,0.0,1.080829881836581,-101.31702537294605,0.868594365217119,2011,3,-101.31702537294605
2011-10-21,-557.7665073836553,0.0,1.080829881836581,-558.8473372654919,0.868594365217119,2011,3,-558.8473372654919
2011-10-24,-624.5027325580112,0.0,1.080829881836581,-625.5835624398478,0.868594365217119,2011,3,-625.5835624398478
2011-10-25,700.056154985604,0.0,1.080829881836581,698.9753251037674,0.868594365217119,2011,3,698.9753251037674
2011-10-26,-224.02766489487126,0.0,1.080829881836581,-225.10849477670786,0.868594365217119,2011,3,-225.10849477670786
2011-10-27,-1576.0178976087866,0.0,1.080829881836581,-1577.098727490623,0.868594365217119,2011,3,-1577.098727490623
2011-10-28,235.79959464438906,0.0,1.080829881836581,234.71876476255247,0.868594365217119,2011,3,234.71876476255247
2011-10-31,1053.4672094683867,0.0,1.080829881836581,1052.3863795865502,0.868594365217119,2011,3,1052.3863795865502
2011-11-01,1200.8080389978122,97.6392592783041,1.080829881836581,1102.0879498376717,0.868594365217119,2011,3,1053.2683201985196
2011-11-02,-125.88127599142047,0.0,1.7331893772725726,-127.61446536869303,1.7232222676422309,2011,3,-127.61446536869303
2011-11-03,-334.1567186587011,0.0,1.7331893772725726,-335.8899080359737,1.7232222676422309,2011,3,-335.8899080359737
2011-11-04,328.6506740902727,0.0,1.7331893772725726,326.9174847130001,1.7232222676422309,2011,3,326.9174847130001
2011-11-07,12.152147517239694,0.0,1.7331893772725726,10.41895813996712,1.7232222676422309,2011,3,10.41895813996712
2011-11-08,-565.167693332041,0.0,1.7331893772725726,-566.9008827093136,1.7232222676422309,2011,3,-566.9008827093136
2011-11-09,997.8205753562019,0.0,1.7331893772725726,996.0873859789293,1.7232222676422309,2011,3,996.0873859789293
2011-11-10,-325.11113827997616,0.0,1.7331893772725726,-326.84432765724875,1.7232222676422309,2011,3,-326.84432765724875
2011-11-11,-582.2601394824939,0.0,1.7331893772725726,-583.9933288597664,1.7232222676422309,2011,3,-583.9933288597664
2011-11-14,515.2774628291613,0.0,1.7331893772725726,513.5442734518888,1.7232222676422309,2011,3,513.5442734518888
2011-11-15,87.13334389649128,0.0,1.7331893772725726,85.40015451921872,1.7232222676422309,2011,3,85.40015451921872
2011-11-16,308.5266285513933,0.0,1.7331893772725726,306.7934391741207,1.7232222676422309,2011,3,306.7934391741207
2011-11-17,-63.791101760542745,0.0,1.7331893772725726,-65.52429113781531,1.7232222676422309,2011,3,-65.52429113781531
2011-11-18,-292.91794102599346,0.0,1.7331893772725726,-294.65113040326605,1.7232222676422309,2011,3,-294.65113040326605
2011-11-21,83.81218412523324,0.0,1.7331893772725726,82.07899474796068,1.7232222676422309,2011,3,82.07899474796068
2011-11-22,-43.4483817491947,0.0,1.7331893772725726,-45.181571126467276,1.7232222676422309,2011,3,-45.181571126467276
2011-11-23,644.6652046954771,0.0,1.7331893772725726,642.9320153182045,1.7232222676422309,2011,3,642.9320153182045
2011-11-25,22.093048240392527,0.0,1.7331893772725726,20.359858863119953,1.7232222676422309,2011,3,20.359858863119953
2011-11-28,-228.25731210150587,0.0,1.7331893772725726,-229.99050147877844,1.7232222676422309,2011,3,-229.99050147877844
2011-11-29,-296.9165081340801,0.0,1.7331893772725726,-298.6496975113527,1.7232222676422309,2011,3,-298.6496975113527
2011-11-30,-755.6444861218968,0.0,1.7331893772725726,-757.3776754991693,1.7232222676422309,2011,3,-757.3776754991693
2011-12-01,251.0759622603555,45.24329159577256,1.7331893772725726,204.0994812873104,1.7232222676422309,2011,3,181.4778354894241
2011-12-02,272.61895399962697,0.0,2.6950777109265833,269.9238762887004,1.8395571728294449,2011,3,269.9238762887004
2011-12-05,-71.56059703563497,0.0,2.6950777109265833,-74.25567474656155,1.8395571728294449,2011,3,-74.25567474656155
2011-12-06,-5.736569770711198,0.0,2.6950777109265833,-8.431647481637782,1.8395571728294449,2011,3,-8.431647481637782
2011-12-07,-310.4091882831658,0.0,2.6950777109265833,-313.1042659940924,1.8395571728294449,2011,3,-313.1042659940924
2011-12-08,831.3949784165352,0.0,2.6950777109265833,828.6999007056086,1.8395571728294449,2011,3,828.6999007056086
2011-12-09,-495.36104424913435,0.0,2.6950777109265833,-498.0561219600609,1.8395571728294449,2011,3,-498.0561219600609
2011-12-12,1217.3836642339588,0.0,2.6950777109265833,1214.6885865230322,1.8395571728294449,2011,3,1214.6885865230322
2011-12-13,707.8613632221114,0.0,2.6950777109265833,705.1662855111848,1.8395571728294449,2011,3,705.1662855111848
2011-12-14,744.8493201743155,0.0,2.6950777109265833,742.1542424633889,1.8395571728294449,2011,3,742.1542424633889
2011-12-15,-286.2357542094296,0.0,2.6950777109265833,-288.9308319203562,1.8395571728294449,2011,3,-288.9308319203562
2011-12-16,-235.5924612921557,0.0,2.6950777109265833,-238.2875390030823,1.8395571728294449,2011,3,-238.2875390030823
2011-12-19,567.0866166740449,0.0,2.6950777109265833,564.3915389631183,1.8395571728294449,2011,3,564.3915389631183
2011-12-20,-870.626660015653,0.0,2.6950777109265833,-873.3217377265796,1.8395571728294449,2011,3,-873.3217377265796
2011-12-21,17.661712034216993,0.0,2.6950777109265833,14.96663432329041,1.8395571728294449,2011,3,14.96663432329041
2011-12-22,-60.15265603887301,0.0,2.6950777109265833,-62.847733749799595,1.8395571728294449,2011,3,-62.847733749799595
2011-12-23,-85.21980921933822,0.0,2.6950777109265833,-87.9148869302648,1.8395571728294449,2011,3,-87.9148869302648
2011-12-27,105.63371124444353,0.0,2.6950777109265833,102.93863353351695,1.8395571728294449,2011,3,102.93863353351695
2011-12-28,926.3014472523024,0.0,2.6950777109265833,923.6063695413758,1.8395571728294449,2011,3,923.6063695413758
2011-12-29,-306.6689569255097,0.0,2.6950777109265833,-309.36403463643626,1.8395571728294449,2011,3,-309.36403463643626
2011-12-30,-443.97358905757966,0.0,2.6950777109265833,-446.6686667685062,1.8395571728294449,2011,3,-446.6686667685062
2012-01-03,-1134.9247351700178,138.73146972364913,2.6950777109265833,-1276.3512826045935,1.8395571728294449,2011,3,-1345.7170174664182
2012-01-04,35.92270247298071,0.0,0.9546265701274527,34.96807590285326,2.3047183580117614,2011,3,34.96807590285326
2012-01-05,-147.04978192845425,0.0,0.9546265701274527,-148.0044084985817,2.3047183580117614,2011,3,-148.0044084985817
2012-01-06,567.3020846404218,0.0,0.9546265701274527,566.3474580702944,2.3047183580117614,2011,3,566.3474580702944
2012-01-09,-22.360938704477896,0.0,0.9546265701274527,-23.315565274605348,2.3047183580117614,2011,3,-23.315565274605348
2012-01-10,234.34123165900806,0.0,0.9546265701274527,233.3866050888806,2.3047183580117614,2011,3,233.3866050888806
2012-01-11,381.77827016694863,0.0,0.9546265701274527,380.82364359682117,2.3047183580117614,2011,3,380.82364359682117
2012-01-12,-470.0453483860745,0.0,0.9546265701274527,-470.999974956202,2.3047183580117614,2011,3,-470.999974956202
2012-01-13,492.8480715374858,0.0,0.9546265701274527,491.89344496735833,2.3047183580117614,2011,3,491.89344496735833
2012-01-17,500.43320160336435,0.0,0.9546265701274527,499.4785750332369,2.3047183580117614,2011,3,499.4785750332369
2012-01-18,-131.81523872559526,0.0,0.9546265701274527,-132.76986529572272,2.3047183580117614,2011,3,-132.76986529572272
2012-01-19,-455.29334793351484,0.0,0.9546265701274527,-456.2479745036423,2.3047183580117614,2011,3,-456.2479745036423
2012-01-20,-552.1409063332186,0.0,0.9546265701274527,-553.095532903346,2.3047183580117614,2011,3,-553.095532903346
2012-01-23,-156.22229431167563,0.0,0.9546265701274527,-157.17692088180308,2.3047183580117614,2011,3,-157.17692088180308
2012-01-24,86.89262330986907,0.0,0.9546265701274527,85.9379967397416,2.3047183580117614,2011,3,85.9379967397416
2012-01-25,448.55491994517286,0.0,0.9546265701274527,447.6002933750454,2.3047183580117614,2011,3,447.6002933750454
2012-01-26,621.8486635827645,0.0,0.9546265701274527,620.8940370126371,2.3047183580117614,2011,3,620.8940370126371
2012-01-27,73.30716990249773,0.0,0.9546265701274527,72.35254333237027,2.3047183580117614,2011,3,72.35254333237027
2012-01-30,164.9103690456422,0.0,0.9546265701274527,163.95574247551474,2.3047183580117614,2011,3,163.95574247551474
2012-01-31,536.4136536894387,0.0,0.9546265701274527,535.4590271193113,2.3047183580117614,2011,3,535.4590271193113
2012-02-01,170.96109290909408,127.79151078400955,0.9546265701274527,42.21495555495708,2.3047183580117614,2011,3,-21.680799837047708
2012-02-02,138.13939418156187,0.0,2.2494331402346894,135.88996104132718,3.0000000000000004,2011,3,135.88996104132718
2012-02-03,-166.81519650103624,0.0,2.2494331402346894,-169.06462964127093,3.0000000000000004,2011,3,-169.06462964127093
2012-02-06,226.15665600257813,0.0,2.2494331402346894,223.90722286234345,3.0000000000000004,2011,3,223.90722286234345
2012-02-07,-549.3073843905853,0.0,2.2494331402346894,-551.55681753082,3.0000000000000004,2011,3,-551.55681753082
2012-02-08,169.64883970775082,0.0,2.2494331402346894,167.39940656751614,3.0000000000000004,2011,3,167.39940656751614
2012-02-09,-184.94084675980315,0.0,2.2494331402346894,-187.19027990003784,3.0000000000000004,2011,3,-187.19027990003784
2012-02-10,254.13600933620393,0.0,2.2494331402346894,251.88657619596924,3.0000000000000004,2011,3,251.88657619596924
2012-02-13,602.7846978771842,0.0,2.2494331402346894,600.5352647369494,3.0000000000000004,2011,3,600.5352647369494
2012-02-14,572.4894572117156,0.0,2.2494331402346894,570.2400240714809,3.0000000000000004,2011,3,570.2400240714809
2012-02-15,-155.28898324066495,0.0,2.2494331402346894,-157.53841638089963,3.0000000000000004,2011,3,-157.53841638089963
2012-02-16,64.12589864831372,0.0,2.2494331402346894,61.876465508079036,3.0000000000000004,2011,3,61.876465508079036
2012-02-17,53.161234321056014,0.0,2.2494331402346894,50.91180118082133,3.0000000000000004,2011,3,50.91180118082133
2012-02-21,-547.9034385647731,0.0,2.2494331402346894,-550.1528717050078,3.0000000000000004,2011,3,-550.1528717050078
2012-02-22,697.4318521955123,0.0,2.2494331402346894,695.1824190552776,3.0000000000000004,2011,3,695.1824190552776
2012-02-23,-96.10328738906668,0.0,2.2494331402346894,-98.35272052930137,3.0000000000000004,2011,3,-98.35272052930137
2012-02-24,365.14643688012194,0.0,2.2494331402346894,362.8970037398872,3.0000000000000004,2011,3,362.8970037398872
2012-02-27,421.0092770632343,0.0,2.2494331402346894,418.7598439229996,3.0000000000000004,2011,3,418.7598439229996
2012-02-28,-304.2277969747237,0.0,2.2494331402346894,-306.4772301149584,3.0000000000000004,2011,3,-306.4772301149584
2012-02-29,244.78211351988747,0.0,2.2494331402346894,242.5326803796528,3.0000000000000004,2011,3,242.5326803796528
2012-03-01,-158.98379592754543,199.29184636720393,2.2494331402346894,-360.52507543498405,3.0000000000000004,2011,3,-460.1709986185861
2012-03-02,-431.11986057759594,0.0,0.838353247023692,-431.95821382461963,1.348948771413374,2011,3,-431.95821382461963
2012-03-05,-351.5217748752242,0.0,0.838353247023692,-352.3601281222479,1.348948771413374,2011,3,-352.3601281222479
2012-03-06,-1003.2938699719851,0.0,0.838353247023692,-1004.1322232190089,1.348948771413374,2011,3,-1004.1322232190089
2012-03-07,431.97375343293373,0.0,0.838353247023692,431.13540018591004,1.348948771413374,2011,3,431.13540018591004
2012-03-08,700.9178216515378,0.0,0.838353247023692,700.079468404514,1.348948771413374,2011,3,700.079468404514
2012-03-09,18.939515909126587,0.0,0.838353247023692,18.101162662102894,1.348948771413374,2011,3,18.101162662102894
2012-03-12,-157.75977781920471,0.0,0.838353247023692,-158.5981310662284,1.348948771413374,2011,3,-158.5981310662284
2012-03-13,570.1595015926858,0.0,0.838353247023692,569.3211483456621,1.348948771413374,2011,3,569.3211483456621
2012-03-14,-633.0648814693723,0.0,0.838353247023692,-633.903234716396,1.348948771413374,2011,3,-633.903234716396
2012-03-15,170.34729799074162,0.0,0.838353247023692,169.50894474371793,1.348948771413374,2011,3,169.50894474371793
2012-03-16,329.2518674776155,0.0,0.838353247023692,328.41351423059183,1.348948771413374,2011,3,328.41351423059183
2012-03-19,216.0795155545818,0.0,0.838353247023692,215.2411623075581,1.348948771413374,2011,3,215.2411623075581
2012-03-20,-432.5605208221064,0.0,0.838353247023692,-433.3988740691301,1.348948771413374,2011,3,-433.3988740691301
2012-03-21,-38.449795706010526,0.0,0.838353247023692,-39.28814895303422,1.348948771413374,2011,3,-39.28814895303422
2012-03-22,-476.3347664213139,0.0,0.838353247023692,-477.17311966833756,1.348948771413374,2011,3,-477.17311966833756
2012-03-23,407.8724006199186,0.0,0.838353247023692,407.0340473728949,1.348948771413374,2011,3,407.0340473728949
2012-03-26,656.2183611779683,0.0,0.838353247023692,655.3800079309445,1.348948771413374,2011,3,655.3800079309445
2012-03-27,110.71707104295395,0.0,0.838353247023692,109.87871779593026,1.348948771413374,2011,3,109.87871779593026
2012-03-28,-388.65407791340596,0.0,0.838353247023692,-389.49243116042965,1.348948771413374,2011,3,-389.49243116042965
2012-03-29,-196.6584255917263,0.0,0.838353247023692,-197.49677883875,1.348948771413374,2011,3,-197.49677883875
2012-03-30,124.25704892249426,0.0,0.838353247023692,123.41869567547057,1.348948771413374,2011,3,123.41869567547057
2012-04-02,501.0359026637311,24.922403766976508,0.838353247023692,475.2751456497309,1.348948771413374,2011,3,462.8139437662427
2012-04-03,-505.2197775032992,0.0,0.931741634902093,-506.1515191382013,1.2121069104517144,2011,3,-506.1515191382013
2012-04-04,-990.7219778356294,0.0,0.931741634902093,-991.6537194705315,1.2121069104517144,2011,3,-991.6537194705315
2012-04-05,12.486091172493474,0.0,0.931741634902093,11.554349537591381,1.2121069104517144,2011,3,11.554349537591381
2012-04-09,-395.7695616902481,0.0,0.931741634902093,-396.7013033251502,1.2121069104517144,2011,3,-396.7013033251502
2012-04-10,-755.9819151797885,0.0,0.931741634902093,-756.9136568146906,1.2121069104517144,2011,3,-756.9136568146906
2012-04-11,547.4494343337263,0.0,0.931741634902093,546.5176926988242,1.2121069104517144,2011,3,546.5176926988242
2012-04-12,817.7607740135189,0.0,0.931741634902093,816.8290323786168,1.2121069104517144,2011,3,816.8290323786168
2012-04-13,-694.7061963943071,0.0,0.931741634902093,-695.6379380292092,1.2121069104517144,2011,3,-695.6379380292092
2012-04-16,-18.783456679452907,0.0,0.931741634902093,-19.715198314355,1.2121069104517144,2011,3,-19.715198314355
2012-04-17,569.4118559440706,0.0,0.931741634902093,568.4801143091685,1.2121069104517144,2011,3,568.4801143091685
2012-04-18,-281.6450984421377,0.0,0.931741634902093,-282.5768400770398,1.2121069104517144,2011,3,-282.5768400770398
2012-04-19,-157.35177315578144,0.0,0.931741634902093,-158.28351479068354,1.2121069104517144,2011,3,-158.28351479068354
2012-04-20,322.50555172634677,0.0,0.931741634902093,321.57381009144467,1.2121069104517144,2011,3,321.57381009144467
2012-04-23,-608.9738539373265,0.0,0.931741634902093,-609.9055955722285,1.2121069104517144,2011,3,-609.9055955722285
2012-04-24,244.96533828357622,0.0,0.931741634902093,244.03359664867412,1.2121069104517144,2011,3,244.03359664867412
2012-04-25,596.2595378719376,0.0,0.931741634902093,595.3277962370355,1.2121069104517144,2011,3,595.3277962370355
2012-04-26,247.43736423087475,0.0,0.931741634902093,246.50562259597265,1.2121069104517144,2011,3,246.50562259597265
2012-04-27,105.29038510169639,0.0,0.931741634902093,104.35864346679429,1.2121069104517144,2011,3,104.35864346679429
2012-04-30,-202.38308815134104,0.0,0.931741634902093,-203.31482978624314,1.2121069104517144,2011,3,-203.31482978624314
2012-05-01,86.82878369649366,86.97333064023101,0.931741634902093,-1.0762885786394463,1.2121069104517144,2011,3,-44.56295389875497
2012-05-02,-159.35394414500007,0.0,1.5472005280812433,-160.90114467308132,1.9615079545032823,2011,3,-160.90114467308132
2012-05-03,-420.5241231010926,0.0,1.5472005280812433,-422.07132362917383,1.9615079545032823,2011,3,-422.07132362917383
2012-05-04,-1055.9539079567655,0.0,1.5472005280812433,-1057.5011084848468,1.9615079545032823,2011,3,-1057.5011084848468
2012-05-07,124.7335558288304,0.0,1.5472005280812433,123.18635530074916,1.9615079545032823,2011,3,123.18635530074916
2012-05-08,-54.325105307100074,0.0,1.5472005280812433,-55.872305835181315,1.9615079545032823,2011,3,-55.872305835181315
2012-05-09,-512.3733942831935,0.0,1.5472005280812433,-513.9205948112748,1.9615079545032823,2011,3,-513.9205948112748
2012-05-10,59.888253618078565,0.0,1.5472005280812433,58.341053089997324,1.9615079545032823,2011,3,58.341053089997324
2012-05-11,-119.93029442296087,0.0,1.5472005280812433,-121.47749495104212,1.9615079545032823,2011,3,-121.47749495104212
2012-05-14,-681.6228838160448,0.0,1.5472005280812433,-683.170084344126,1.9615079545032823,2011,3,-683.170084344126
2012-05-15,-411.6259459288402,0.0,1.5472005280812433,-413.1731464569215,1.9615079545032823,2011,3,-413.1731464569215
2012-05-16,-523.4872364263878,0.0,1.5472005280812433,-525.034436954469,1.9615079545032823,2011,3,-525.034436954469
2012-05-17,-1356.1118012453162,0.0,1.5472005280812433,-1357.6590017733974,1.9615079545032823,2011,3,-1357.6590017733974
2012-05-18,-528.1258581505114,0.0,1.5472005280812433,-529.6730586785926,1.9615079545032823,2011,3,-529.6730586785926
2012-05-21,1241.3104955878366,0.0,1.5472005280812433,1239.7632950597554,1.9615079545032823,2011,3,1239.7632950597554
2012-05-22,-302.1667382540118,0.0,1.5472005280812433,-303.71393878209307,1.9615079545032823,2011,3,-303.71393878209307
2012-05-23,-293.34925950588627,0.0,1.5472005280812433,-294.8964600339675,1.9615079545032823,2011,3,-294.8964600339675
2012-05-24,-225.77225423438458,0.0,1.5472005280812433,-227.31945476246582,1.9615079545032823,2011,3,-227.31945476246582
2012-05-25,-163.38894383734228,0.0,1.5472005280812433,-164.93614436542353,1.9615079545032823,2011,3,-164.93614436542353
2012-05-29,705.263050413191,0.0,1.5472005280812433,703.7158498851097,1.9615079545032823,2011,3,703.7158498851097
2012-05-30,-1168.1536894482542,0.0,1.5472005280812433,-1169.7008899763355,1.9615079545032823,2011,3,-1169.7008899763355
2012-05-31,-55.99544145409301,0.0,1.5472005280812433,-57.54264198217425,1.9615079545032823,2011,3,-57.54264198217425
2012-06-01,-1530.5364473972106,163.0850735264871,1.5472005280812433,-1695.168721451779,1.9615079545032823,2011,3,-1776.7112582150223
2012-06-04,-635.2582709544736,0.0,1.8569936313362418,-637.1152645858098,1.4143420861732683,2011,3,-637.1152645858098
2012-06-05,-317.3005807749352,0.0,1.8569936313362418,-319.15757440627146,1.4143420861732683,2011,3,-319.15757440627146
2012-06-06,-1512.0027203402633,0.0,1.8569936313362418,-1513.8597139715996,1.4143420861732683,2011,3,-1513.8597139715996
2012-06-07,287.5036689613419,0.0,1.8569936313362418,285.6466753300056,1.4143420861732683,2011,3,285.6466753300056
2012-06-08,117.16736471681943,0.0,1.8569936313362418,115.3103710854832,1.4143420861732683,2011,3,115.3103710854832
2012-06-11,604.5864602612808,0.0,1.8569936313362418,602.7294666299446,1.4143420861732683,2011,3,602.7294666299446
2012-06-12,-856.5001244103353,0.0,1.8569936313362418,-858.3571180416715,1.4143420861732683,2011,3,-858.3571180416715
2012-06-13,392.5156737124776,0.0,1.8569936313362418,390.65868008114137,1.4143420861732683,2011,3,390.65868008114137
2012-06-14,-547.6568612896847,0.0,1.8569936313362418,-549.5138549210209,1.4143420861732683,2011,3,-549.5138549210209
2012-06-15,-123.14339156201238,0.0,1.8569936313362418,-125.00038519334862,1.4143420861732683,2011,3,-125.00038519334862
2012-06-18,30.28436813144111,0.0,1.8569936313362418,28.427374500104868,1.4143420861732683,2011,3,28.427374500104868
2012-06-19,-727.2975798667306,0.0,1.8569936313362418,-729.1545734980668,1.4143420861732683,2011,3,-729.1545734980668
2012-06-20,153.15126986967306,0.0,1.8569936313362418,151.2942762383368,1.4143420861732683,2011,3,151.2942762383368
2012-06-21,1306.2064481666966,0.0,1.8569936313362418,1304.3494545353603,1.4143420861732683,2011,3,1304.3494545353603
2012-06-22,-707.4681527136908,0.0,1.8569936313362418,-709.325146345027,1.4143420861732683,2011,3,-709.325146345027
2012-06-25,810.8972207018917,0.0,1.8569936313362418,809.0402270705555,1.4143420861732683,2011,3,809.0402270705555
2012-06-26,-196.7735255043749,0.0,1.8569936313362418,-198.63051913571115,1.4143420861732683,2011,3,-198.63051913571115
2012-06-27,-258.35967737133655,0.0,1.8569936313362418,-260.2166710026728,1.4143420861732683,2011,3,-260.2166710026728
2012-06-28,460.419008804239,0.0,1.8569936313362418,458.56201517290276,1.4143420861732683,2011,3,458.56201517290276
2012-06-29,-2145.3570251788933,0.0,1.8569936313362418,-2147.2140188102294,1.4143420861732683,2011,3,-2147.2140188102294
2012-07-02,698.0295133660601,32.65150113254745,2.060600800001221,663.3174114335114,2.400157867701774,2012,12,646.9916608672377
2012-07-03,-736.147922523116,0.0,2.0460125590172136,-738.1939350821332,2.740747214792141,2012,12,-738.1939350821332
2012-07-05,1097.767880367182,0.0,2.0460125590172136,1095.7218678081647,2.740747214792141,2012,12,1095.7218678081647
2012-07-06,1085.2430700102611,0.0,2.0460125590172136,1083.1970574512438,2.740747214792141,2012,12,1083.1970574512438
2012-07-09,-75.1868943078055,0.0,2.0460125590172136,-77.23290686682272,2.740747214792141,2012,12,-77.23290686682272
2012-07-10,360.81483522886447,0.0,2.0460125590172136,358.7688226698473,2.740747214792141,2012,12,358.7688226698473
2012-07-11,-413.0402102629035,0.0,2.0460125590172136,-415.08622282192067,2.740747214792141,2012,12,-415.08622282192067
2012-07-12,802.8484933356126,0.0,2.0460125590172136,800.8024807765954,2.740747214792141,2012,12,800.8024807765954
2012-07-13,-175.7890924740511,0.0,2.0460125590172136,-177.83510503306832,2.740747214792141,2012,12,-177.83510503306832
2012-07-16,-87.37364958618717,0.0,2.0460125590172136,-89.41966214520438,2.740747214792141,2012,12,-89.41966214520438
2012-07-17,-218.31106423470945,0.0,2.0460125590172136,-220.35707679372666,2.740747214792141,2012,12,-220.35707679372666
2012-07-18,244.7947844285577,0.0,2.0460125590172136,242.7487718695405,2.740747214792141,2012,12,242.7487718695405
2012-07-19,-394.9295114321256,0.0,2.0460125590172136,-396.9755239911428,2.740747214792141,2012,12,-396.9755239911428
2012-07-20,913.9261193892145,0.0,2.0460125590172136,911.8801068301973,2.740747214792141,2012,12,911.8801068301973
2012-07-23,608.368208039821,0.0,2.0460125590172136,606.3221954808038,2.740747214792141,2012,12,606.3221954808038
2012-07-24,325.22272013335726,0.0,2.0460125590172136,323.17670757434007,2.740747214792141,2012,12,323.17670757434007
2012-07-25,-404.0689942921872,0.0,2.0460125590172136,-406.1150068512044,2.740747214792141,2012,12,-406.1150068512044
2012-07-26,-632.7112974495315,0.0,2.0460125590172136,-634.7573100085486,2.740747214792141,2012,12,-634.7573100085486
2012-07-27,-737.7045181901185,0.0,2.0460125590172136,-739.7505307491357,2.740747214792141,2012,12,-739.7505307491357
2012-07-30,458.76339629221263,0.0,2.0460125590172136,456.71738373319545,2.740747214792141,2012,12,456.71738373319545
2012-07-31,329.2703248600561,0.0,2.0460125590172136,327.22431230103894,2.740747214792141,2012,12,327.22431230103894
2012-08-01,-57.85321755965203,86.01116321539362,2.0460125590172136,-145.91039333406286,2.740747214792141,2012,12,-188.91597494175969
2012-08-02,364.6380641764602,0.0,2.3675589185163592,362.27050525794385,3.0000000000000004,2012,12,362.27050525794385
2012-08-03,-1093.070714208893,0.0,2.3675589185163592,-1095.4382731274093,3.0000000000000004,2012,12,-1095.4382731274093
2012-08-06,-200.76077184627422,0.0,2.3675589185163592,-203.12833076479058,3.0000000000000004,2012,12,-203.12833076479058
2012-08-07,-799.1041175828054,0.0,2.3675589185163592,-801.4716765013218,3.0000000000000004,2012,12,-801.4716765013218
2012-08-08,-265.02943902210615,0.0,2.3675589185163592,-267.3969979406225,3.0000000000000004,2012,12,-267.3969979406225
2012-08-09,23.061002071783474,0.0,2.3675589185163592,20.693443153267115,3.0000000000000004,2012,12,20.693443153267115
2012-08-10,139.00535268677444,0.0,2.3675589185163592,136.6377937682581,3.0000000000000004,2012,12,136.6377937682581
2012-08-13,-81.908127337387,0.0,2.3675589185163592,-84.27568625590337,3.0000000000000004,2012,12,-84.27568625590337
2012-08-14,-630.5000205892139,0.0,2.3675589185163592,-632.8675795077303,3.0000000000000004,2012,12,-632.8675795077303
2012-08-15,-518.9039133562676,0.0,2.3675589185163592,-521.271472274784,3.0000000000000004,2012,12,-521.271472274784
2012-08-16,-387.1443298133167,0.0,2.3675589185163592,-389.51188873183304,3.0000000000000004,2012,12,-389.51188873183304
2012-08-17,220.01211099112604,0.0,2.3675589185163592,217.64455207260968,3.0000000000000004,2012,12,217.64455207260968
2012-08-20,-59.78953164411054,0.0,2.3675589185163592,-62.1570905626269,3.0000000000000004,2012,12,-62.1570905626269
2012-08-21,-314.933823364761,0.0,2.3675589185163592,-317.30138228327735,3.0000000000000004,2012,12,-317.30138228327735
2012-08-22,452.39223663181116,0.0,2.3675589185163592,450.0246777132948,3.0000000000000004,2012,12,450.0246777132948
2012-08-23,18.00740343884398,0.0,2.3675589185163592,15.639844520327621,3.0000000000000004,2012,12,15.639844520327621
2012-08-24,481.3078548037664,0.0,2.3675589185163592,478.94029588525007,3.0000000000000004,2012,12,478.94029588525007
2012-08-27,466.9120998161252,0.0,2.3675589185163592,464.54454089760884,3.0000000000000004,2012,12,464.54454089760884
2012-08-28,40.367061411693314,0.0,2.3675589185163592,37.999502493176955,3.0000000000000004,2012,12,37.999502493176955
2012-08-29,-66.81926029043397,0.0,2.3675589185163592,-69.18681920895034,3.0000000000000004,2012,12,-69.18681920895034
2012-08-30,246.03591574443493,0.0,2.3675589185163592,243.66835682591858,3.0000000000000004,2012,12,243.66835682591858
2012-08-31,306.5590586296192,0.0,2.3675589185163592,304.19149971110284,3.0000000000000004,2012,12,304.19149971110284
2012-09-04,35.764859207488,39.82195850559079,2.3675589185163592,-6.42465821661915,3.0000000000000004,2012,12,-26.33563746941455
2012-09-05,70.77547450449313,0.0,2.318367349932448,68.45710715456069,3.0,2012,12,68.45710715456069
2012-09-06,30.843267173198555,0.0,2.318367349932448,28.524899823266107,3.0,2012,12,28.524899823266107
2012-09-07,-770.1264150202846,0.0,2.318367349932448,-772.4447823702171,3.0,2012,12,-772.4447823702171
2012-09-10,-19.11812781214537,0.0,2.318367349932448,-21.43649516207782,3.0,2012,12,-21.43649516207782
2012-09-11,-299.2248581261142,0.0,2.318367349932448,-301.54322547604664,3.0,2012,12,-301.54322547604664
2012-09-12,-420.66555993114963,0.0,2.318367349932448,-422.98392728108206,3.0,2012,12,-422.98392728108206
2012-09-13,243.55656134262398,0.0,2.318367349932448,241.23819399269152,3.0,2012,12,241.23819399269152
2012-09-14,-564.8596840781718,0.0,2.318367349932448,-567.1780514281043,3.0,2012,12,-567.1780514281043
2012-09-17,594.1319379822102,0.0,2.318367349932448,591.8135706322777,3.0,2012,12,591.8135706322777
2012-09-18,-10.131402011639459,0.0,2.318367349932448,-12.449769361571907,3.0,2012,12,-12.449769361571907
2012-09-19,-70.3189669433548,0.0,2.318367349932448,-72.63733429328724,3.0,2012,12,-72.63733429328724
2012-09-20,-143.4359100291082,0.0,2.318367349932448,-145.75427737904064,3.0,2012,12,-145.75427737904064
2012-09-21,-69.16214289911386,0.0,2.318367349932448,-71.4805102490463,3.0,2012,12,-71.4805102490463
2012-09-24,200.02939400787534,0.0,2.318367349932448,197.71102665794288,3.0,2012,12,197.71102665794288
2012-09-25,-344.17500776049263,0.0,2.318367349932448,-346.49337511042506,3.0,2012,12,-346.49337511042506
2012-09-26,219.45003192662807,0.0,2.318367349932448,217.1316645766956,3.0,2012,12,217.1316645766956
2012-09-27,21.436828718958985,0.0,2.318367349932448,19.118461369026537,3.0,2012,12,19.118461369026537
2012-09-28,15.032741229653471,0.0,2.318367349932448,12.714373879721023,3.0,2012,12,12.714373879721023
2012-10-01,45.540045675652586,122.76482428048537,2.318367349932448,-79.54314595476522,3.0,2012,12,-140.9255580950079
2012-10-02,83.67437511456886,0.0,1.5266043556986593,82.1477707588702,2.310676975629075,2012,12,82.1477707588702
2012-10-03,-154.2865596202853,0.0,1.5266043556986593,-155.81316397598394,2.310676975629075,2012,12,-155.81316397598394
2012-10-04,556.4171994755176,0.0,1.5266043556986593,554.890595119819,2.310676975629075,2012,12,554.890595119819
2012-10-05,-603.5058401502979,0.0,1.5266043556986593,-605.0324445059965,2.310676975629075,2012,12,-605.0324445059965
2012-10-08,-108.56176024915938,0.0,1.5266043556986593,-110.08836460485804,2.310676975629075,2012,12,-110.08836460485804
2012-10-09,-373.40636397211364,0.0,1.5266043556986593,-374.9329683278123,2.310676975629075,2012,12,-374.9329683278123
2012-10-10,7.644304640518361,0.0,1.5266043556986593,6.117700284819701,2.310676975629075,2012,12,6.117700284819701
2012-10-11,515.9935872780528,0.0,1.5266043556986593,514.4669829223542,2.310676975629075,2012,12,514.4669829223542
2012-10-12,-383.70051915574356,0.0,1.5266043556986593,-385.22712351144224,2.310676975629075,2012,12,-385.22712351144224
2012-10-15,269.8575791580087,0.0,1.5266043556986593,268.33097480231004,2.310676975629075,2012,12,268.33097480231004
2012-10-16,225.40614523985084,0.0,1.5266043556986593,223.8795408841522,2.310676975629075,2012,12,223.8795408841522
2012-10-17,24.899628322164332,0.0,1.5266043556986593,23.373023966465674,2.310676975629075,2012,12,23.373023966465674
2012-10-18,-363.9823658489636,0.0,1.5266043556986593,-365.50897020466226,2.310676975629075,2012,12,-365.50897020466226
2012-10-19,-792.3481006229605,0.0,1.5266043556986593,-793.8747049786591,2.310676975629075,2012,12,-793.8747049786591
2012-10-22,-170.11944695630137,0.0,1.5266043556986593,-171.64605131200003,2.310676975629075,2012,12,-171.64605131200003
2012-10-23,-655.7908217943999,0.0,1.5266043556986593,-657.3174261500985,2.310676975629075,2012,12,-657.3174261500985
2012-10-24,-313.9689554185976,0.0,1.5266043556986593,-315.4955597742963,2.310676975629075,2012,12,-315.4955597742963
2012-10-25,116.27889485570182,0.0,1.5266043556986593,114.75229050000316,2.310676975629075,2012,12,114.75229050000316
2012-10-26,250.85502326921574,0.0,1.5266043556986593,249.32841891351708,2.310676975629075,2012,12,249.32841891351708
2012-10-31,617.6104108608348,0.0,1.5266043556986593,616.0838065051362,2.310676975629075,2012,12,616.0838065051362
2012-11-01,223.0346029991637,124.74575226230738,1.5266043556986593,96.76224638115765,2.310676975629075,2012,12,34.38937025000393
2012-11-02,616.2026747838739,0.0,2.2531453232913186,613.9495294605827,2.9999999999999996,2012,12,613.9495294605827
2012-11-05,130.55626879640957,0.0,2.2531453232913186,128.30312347311826,2.9999999999999996,2012,12,128.30312347311826
2012-11-06,-720.8282036512834,0.0,2.2531453232913186,-723.0813489745747,2.9999999999999996,2012,12,-723.0813489745747
2012-11-07,28.944326454078023,0.0,2.2531453232913186,26.691181130786706,2.9999999999999996,2012,12,26.691181130786706
2012-11-08,-723.2691634993123,0.0,2.2531453232913186,-725.5223088226036,2.9999999999999996,2012,12,-725.5223088226036
2012-11-09,-239.93744939719883,0.0,2.2531453232913186,-242.19059472049014,2.9999999999999996,2012,12,-242.19059472049014
2012-11-12,402.433963718366,0.0,2.2531453232913186,400.18081839507465,2.9999999999999996,2012,12,400.18081839507465
2012-11-13,-219.03616066480865,0.0,2.2531453232913186,-221.28930598809995,2.9999999999999996,2012,12,-221.28930598809995
2012-11-14,-852.1669033356405,0.0,2.2531453232913186,-854.4200486589318,2.9999999999999996,2012,12,-854.4200486589318
2012-11-15,-55.606913338870626,0.0,2.2531453232913186,-57.86005866216195,2.9999999999999996,2012,12,-57.86005866216195
2012-11-16,276.3122888753909,0.0,2.2531453232913186,274.05914355209956,2.9999999999999996,2012,12,274.05914355209956
2012-11-19,518.4440244372815,0.0,2.2531453232913186,516.1908791139903,2.9999999999999996,2012,12,516.1908791139903
2012-11-20,-41.08047681572077,0.0,2.2531453232913186,-43.33362213901209,2.9999999999999996,2012,12,-43.33362213901209
2012-11-21,39.13932293472326,0.0,2.2531453232913186,36.88617761143194,2.9999999999999996,2012,12,36.88617761143194
2012-11-23,61.33065096743077,0.0,2.2531453232913186,59.07750564413945,2.9999999999999996,2012,12,59.07750564413945
2012-11-26,278.0368446846484,0.0,2.2531453232913186,275.78369936135704,2.9999999999999996,2012,12,275.78369936135704
2012-11-27,142.75550418417046,0.0,2.2531453232913186,140.50235886087916,2.9999999999999996,2012,12,140.50235886087916
2012-11-28,636.7362185130448,0.0,2.2531453232913186,634.4830731897536,2.9999999999999996,2012,12,634.4830731897536
2012-11-29,124.06342536742572,0.0,2.2531453232913186,121.8102800441344,2.9999999999999996,2012,12,121.8102800441344
2012-11-30,241.2013205345388,0.0,2.2531453232913186,238.9481752112475,2.9999999999999996,2012,12,238.9481752112475
2012-12-03,-22.645294306645543,122.09627035085597,2.2531453232913186,-146.99470998079283,2.9999999999999996,2012,12,-208.0428451562208
2012-12-04,-52.38395266102203,0.0,1.5994095331477074,-53.983362194169736,2.5853552969263838,2012,12,-53.983362194169736
2012-12-05,188.94303720465626,0.0,1.5994095331477074,187.34362767150856,2.5853552969263838,2012,12,187.34362767150856
2012-12-06,507.35741348029484,0.0,1.5994095331477074,505.75800394714713,2.5853552969263838,2012,12,505.75800394714713
2012-12-07,-111.72658930904049,0.0,1.5994095331477074,-113.3259988421882,2.5853552969263838,2012,12,-113.3259988421882
2012-12-10,262.4291418665585,0.0,1.5994095331477074,260.8297323334108,2.5853552969263838,2012,12,260.8297323334108
2012-12-11,65.71818754591695,0.0,1.5994095331477074,64.11877801276924,2.5853552969263838,2012,12,64.11877801276924
2012-12-12,-127.11109288446221,0.0,1.5994095331477074,-128.71050241760992,2.5853552969263838,2012,12,-128.71050241760992
2012-12-13,-777.5100348809474,0.0,1.5994095331477074,-779.1094444140952,2.5853552969263838,2012,12,-779.1094444140952
2012-12-14,121.1743647602073,0.0,1.5994095331477074,119.57495522705959,2.5853552969263838,2012,12,119.57495522705959
2012-12-17,145.68428119217177,0.0,1.5994095331477074,144.08487165902406,2.5853552969263838,2012,12,144.08487165902406
2012-12-18,157.0635746743045,0.0,1.5994095331477074,155.4641651411568,2.5853552969263838,2012,12,155.4641651411568
2012-12-19,55.37800403967374,0.0,1.5994095331477074,53.778594506526034,2.5853552969263838,2012,12,53.778594506526034
2012-12-20,216.0007188640111,0.0,1.5994095331477074,214.4013093308634,2.5853552969263838,2012,12,214.4013093308634
2012-12-21,-254.84850292450233,0.0,1.5994095331477074,-256.44791245765003,2.5853552969263838,2012,12,-256.44791245765003
2012-12-24,-206.5501867760587,0.0,1.5994095331477074,-208.1495963092064,2.5853552969263838,2012,12,-208.1495963092064
2012-12-26,109.14515174487941,0.0,1.5994095331477074,107.5457422117317,2.5853552969263838,2012,12,107.5457422117317
2012-12-27,468.0805020524162,0.0,1.5994095331477074,466.4810925192685,2.5853552969263838,2012,12,466.4810925192685
2012-12-28,-348.46212374951654,0.0,1.5994095331477074,-350.06153328266424,2.5853552969263838,2012,12,-350.06153328266424
2012-12-31,637.3473970344991,0.0,1.5994095331477074,635.7479875013513,2.5853552969263838,2012,12,635.7479875013513
2013-01-02,1609.9039840060093,40.19603397487823,1.5994095331477074,1568.1085404979833,2.5853552969263838,2012,12,1548.010523510544
2013-01-03,-1483.9954397833096,0.0,1.0896376189589008,-1485.0850774022686,2.4553025244456843,2012,12,-1485.0850774022686
2013-01-04,273.4283650418708,0.0,1.0896376189589008,272.3387274229119,2.4553025244456843,2012,12,272.3387274229119
2013-01-07,-6.359066743260206,0.0,1.0896376189589008,-7.4487043622191065,2.4553025244456843,2012,12,-7.4487043622191065
2013-01-08,-191.69179634701354,0.0,1.0896376189589008,-192.78143396597244,2.4553025244456843,2012,12,-192.78143396597244
2013-01-09,407.1963447698865,0.0,1.0896376189589008,406.1067071509276,2.4553025244456843,2012,12,406.1067071509276
2013-01-10,1033.165701641337,0.0,1.0896376189589008,1032.076064022378,2.4553025244456843,2012,12,1032.076064022378
2013-01-11,341.07646664364074,0.0,1.0896376189589008,339.98682902468187,2.4553025244456843,2012,12,339.98682902468187
2013-01-14,291.3416779144281,0.0,1.0896376189589008,290.2520402954692,2.4553025244456843,2012,12,290.2520402954692
2013-01-15,-70.19495345430386,0.0,1.0896376189589008,-71.28459107326276,2.4553025244456843,2012,12,-71.28459107326276
2013-01-16,-257.211939432664,0.0,1.0896376189589008,-258.30157705162287,2.4553025244456843,2012,12,-258.30157705162287
2013-01-17,501.0370183826171,0.0,1.0896376189589008,499.9473807636582,2.4553025244456843,2012,12,499.9473807636582
2013-01-18,207.9292206800889,0.0,1.0896376189589008,206.83958306112999,2.4553025244456843,2012,12,206.83958306112999
2013-01-22,53.101061089263375,0.0,1.0896376189589008,52.01142347030447,2.4553025244456843,2012,12,52.01142347030447
2013-01-23,-30.196159758115687,0.0,1.0896376189589008,-31.285797377074587,2.4553025244456843,2012,12,-31.285797377074587
2013-01-24,-33.33885747684728,0.0,1.0896376189589008,-34.428495095806184,2.4553025244456843,2012,12,-34.428495095806184
2013-01-25,-118.84608165229824,0.0,1.0896376189589008,-119.93571927125714,2.4553025244456843,2012,12,-119.93571927125714
2013-01-28,-457.4445757333794,0.0,1.0896376189589008,-458.53421335233827,2.4553025244456843,2012,12,-458.53421335233827
2013-01-29,343.98415719363055,0.0,1.0896376189589008,342.8945195746717,2.4553025244456843,2012,12,342.8945195746717
2013-01-30,-8.074033509332617,0.0,1.0896376189589008,-9.163671128291519,2.4553025244456843,2012,12,-9.163671128291519
2013-01-31,74.20927922206864,0.0,1.0896376189589008,73.11964160310974,2.4553025244456843,2012,12,73.11964160310974
2013-02-01,435.4951568856289,57.96543183499224,1.0896376189589008,376.4400874316778,2.4553025244456843,2012,12,347.45737151418166
2013-02-04,-474.12369710833536,0.0,1.6785961448451683,-475.80229325318055,2.9999999999999996,2012,12,-475.80229325318055
2013-02-05,244.12032415399275,0.0,1.6785961448451683,242.4417280091476,2.9999999999999996,2012,12,242.4417280091476
2013-02-06,81.66547065321049,0.0,1.6785961448451683,79.98687450836532,2.9999999999999996,2012,12,79.98687450836532
2013-02-07,-502.08905891935336,0.0,1.6785961448451683,-503.76765506419855,2.9999999999999996,2012,12,-503.76765506419855
2013-02-08,479.6182198289242,0.0,1.6785961448451683,477.93962368407904,2.9999999999999996,2012,12,477.93962368407904
2013-02-11,228.62017128652744,0.0,1.6785961448451683,226.94157514168228,2.9999999999999996,2012,12,226.94157514168228
2013-02-12,186.87715266156394,0.0,1.6785961448451683,185.19855651671878,2.9999999999999996,2012,12,185.19855651671878
2013-02-13,-29.124743813101627,0.0,1.6785961448451683,-30.803339957946797,2.9999999999999996,2012,12,-30.803339957946797
2013-02-14,6.174820466601778,0.0,1.6785961448451683,4.49622432175661,2.9999999999999996,2012,12,4.49622432175661
2013-02-15,92.14766783865056,0.0,1.6785961448451683,90.46907169380539,2.9999999999999996,2012,12,90.46907169380539
2013-02-19,614.5060629050953,0.0,1.6785961448451683,612.8274667602501,2.9999999999999996,2012,12,612.8274667602501
2013-02-20,-563.8582432485204,0.0,1.6785961448451683,-565.5368393933655,2.9999999999999996,2012,12,-565.5368393933655
2013-02-21,-850.492678829829,0.0,1.6785961448451683,-852.1712749746741,2.9999999999999996,2012,12,-852.1712749746741
2013-02-22,1033.3769575243584,0.0,1.6785961448451683,1031.6983613795132,2.9999999999999996,2012,12,1031.6983613795132
2013-02-25,-1318.4311983797538,0.0,1.6785961448451683,-1320.109794524599,2.9999999999999996,2012,12,-1320.109794524599
2013-02-26,182.51190683362626,0.0,1.6785961448451683,180.8333106887811,2.9999999999999996,2012,12,180.8333106887811
2013-02-27,931.5243470743221,0.0,1.6785961448451683,929.8457509294769,2.9999999999999996,2012,12,929.8457509294769
2013-02-28,111.94118606058805,0.0,1.6785961448451683,110.26258991574288,2.9999999999999996,2012,12,110.26258991574288
2013-03-01,619.0505252752082,145.10438914993836,1.6785961448451683,472.26753998042466,2.9999999999999996,2012,12,399.7153454054555
2013-03-04,98.10502246935485,0.0,2.249517201454657,95.8555052679002,2.9999999999999996,2012,12,95.8555052679002
2013-03-05,171.33480414097647,0.0,2.249517201454657,169.0852869395218,2.9999999999999996,2012,12,169.0852869395218
2013-03-06,20.860715285460422,0.0,2.249517201454657,18.611198084005764,2.9999999999999996,2012,12,18.611198084005764
2013-03-07,-661.4510505184394,0.0,2.249517201454657,-663.700567719894,2.9999999999999996,2012,12,-663.700567719894
2013-03-08,285.0877207731857,0.0,2.249517201454657,282.83820357173107,2.9999999999999996,2012,12,282.83820357173107
2013-03-11,-40.63406522169646,0.0,2.249517201454657,-42.88358242315112,2.9999999999999996,2012,12,-42.88358242315112
2013-03-12,-410.66013780876017,0.0,2.249517201454657,-412.9096550102148,2.9999999999999996,2012,12,-412.9096550102148
2013-03-13,324.1755831931411,0.0,2.249517201454657,321.92606599168647,2.9999999999999996,2012,12,321.92606599168647
2013-03-14,194.664909532665,0.0,2.249517201454657,192.41539233121034,2.9999999999999996,2012,12,192.41539233121034
2013-03-15,-172.5184376755676,0.0,2.249517201454657,-174.76795487702228,2.9999999999999996,2012,12,-174.76795487702228
2013-03-18,154.71560035843405,0.0,2.249517201454657,152.46608315697938,2.9999999999999996,2012,12,152.46608315697938
2013-03-19,313.9202883033986,0.0,2.249517201454657,311.67077110194396,2.9999999999999996,2012,12,311.67077110194396
2013-03-20,6.939218530731592,0.0,2.249517201454657,4.689701329276936,2.9999999999999996,2012,12,4.689701329276936
2013-03-21,-493.64127527363667,0.0,2.249517201454657,-495.8907924750913,2.9999999999999996,2012,12,-495.8907924750913
2013-03-22,128.77714529765166,0.0,2.249517201454657,126.527628096197,2.9999999999999996,2012,12,126.527628096197
2013-03-25,-83.75716031300055,0.0,2.249517201454657,-86.0066775144552,2.9999999999999996,2012,12,-86.0066775144552
2013-03-26,483.5940670889721,0.0,2.249517201454657,481.3445498875175,2.9999999999999996,2012,12,481.3445498875175
2013-03-27,581.565226611868,0.0,2.249517201454657,579.3157094104133,2.9999999999999996,2012,12,579.3157094104133
2013-03-28,169.88103355838308,0.0,2.249517201454657,167.63151635692842,2.9999999999999996,2012,12,167.63151635692842
2013-04-01,-750.8875272421602,43.34416775320373,2.249517201454657,-796.4812121968185,2.9999999999999996,2012,12,-818.1532960734205
2013-04-02,716.7241538520108,0.0,1.7329535599148413,714.991200292096,2.9999999999999996,2012,12,714.991200292096
2013-04-03,268.9528270193486,0.0,1.7329535599148413,267.21987345943376,2.9999999999999996,2012,12,267.21987345943376
2013-04-04,1663.2118790649677,0.0,1.7329535599148413,1661.4789255050528,2.9999999999999996,2012,12,1661.4789255050528
2013-04-05,223.834569591117,0.0,1.7329535599148413,222.10161603120216,2.9999999999999996,2012,12,222.10161603120216
2013-04-08,452.1028538592133,0.0,1.7329535599148413,450.3699002992985,2.9999999999999996,2012,12,450.3699002992985
2013-04-09,-248.82595155158336,0.0,1.7329535599148413,-250.5589051114982,2.9999999999999996,2012,12,-250.5589051114982
2013-04-10,1005.9094309046793,0.0,1.7329535599148413,1004.1764773447645,2.9999999999999996,2012,12,1004.1764773447645
2013-04-11,472.08763292274506,0.0,1.7329535599148413,470.3546793628302,2.9999999999999996,2012,12,470.3546793628302
2013-04-12,1363.9102237339175,0.0,1.7329535599148413,1362.1772701740026,2.9999999999999996,2012,12,1362.1772701740026
2013-04-15,333.61910760817085,0.0,1.7329535599148413,331.886154048256,2.9999999999999996,2012,12,331.886154048256
2013-04-16,410.8049835710936,0.0,1.7329535599148413,409.07203001117875,2.9999999999999996,2012,12,409.07203001117875
2013-04-17,-221.86896201765796,0.0,1.7329535599148413,-223.6019155775728,2.9999999999999996,2012,12,-223.6019155775728
2013-04-18,-939.2448769073249,0.0,1.7329535599148413,-940.9778304672396,2.9999999999999996,2012,12,-940.9778304672396
2013-04-19,1096.013943426687,0.0,1.7329535599148413,1094.2809898667722,2.9999999999999996,2012,12,1094.2809898667722
2013-04-22,-45.04202043081122,0.0,1.7329535599148413,-46.77497399072606,2.9999999999999996,2012,12,-46.77497399072606
2013-04-23,1219.0695020184235,0.0,1.7329535599148413,1217.3365484585086,2.9999999999999996,2012,12,1217.3365484585086
2013-04-24,-57.6777621337554,0.0,1.7329535599148413,-59.41071569367024,2.9999999999999996,2012,12,-59.41071569367024
2013-04-25,-578.3967777378648,0.0,1.7329535599148413,-580.1297312977796,2.9999999999999996,2012,12,-580.1297312977796
2013-04-26,111.19763333014514,0.0,1.7329535599148413,109.46467977023029,2.9999999999999996,2012,12,109.46467977023029
2013-04-29,-40.090877107003955,0.0,1.7329535599148413,-41.823830666918795,2.9999999999999996,2012,12,-41.823830666918795
2013-04-30,467.61221706035275,0.0,1.7329535599148413,465.8792635004379,2.9999999999999996,2012,12,465.8792635004379
2013-05-01,0.23858437753672151,18.108996314444614,1.7329535599148413,-19.603365496822732,2.9999999999999996,2012,12,-28.657863654045038
2013-05-02,633.1609979393975,0.0,1.4963329455575847,631.6646649938399,3.0000000000000004,2012,12,631.6646649938399
2013-05-03,-445.1378896045884,0.0,1.4963329455575847,-446.634222550146,3.0000000000000004,2012,12,-446.634222550146
2013-05-06,44.76986387611589,0.0,1.4963329455575847,43.27353093055831,3.0000000000000004,2012,12,43.27353093055831
2013-05-07,138.49240504498314,0.0,1.4963329455575847,136.99607209942556,3.0000000000000004,2012,12,136.99607209942556
2013-05-08,33.96379295139989,0.0,1.4963329455575847,32.467460005842305,3.0000000000000004,2012,12,32.467460005842305
2013-05-09,-39.563371132600814,0.0,1.4963329455575847,-41.0597040781584,3.0000000000000004,2012,12,-41.0597040781584
2013-05-10,-335.22168605319774,0.0,1.4963329455575847,-336.7180189987553,3.0000000000000004,2012,12,-336.7180189987553
2013-05-13,-184.9254627629947,0.0,1.4963329455575847,-186.42179570855228,3.0000000000000004,2012,12,-186.42179570855228
2013-05-14,210.1535986333643,0.0,1.4963329455575847,208.65726568780673,3.0000000000000004,2012,12,208.65726568780673
2013-05-15,1036.9781442576157,0.0,1.4963329455575847,1035.481811312058,3.0000000000000004,2012,12,1035.481811312058
2013-05-16,45.19378005035685,0.0,1.4963329455575847,43.69744710479927,3.0000000000000004,2012,12,43.69744710479927
2013-05-17,229.8955624162606,0.0,1.4963329455575847,228.399229470703,3.0000000000000004,2012,12,228.399229470703
2013-05-20,-507.4395150768604,0.0,1.4963329455575847,-508.935848022418,3.0000000000000004,2012,12,-508.935848022418
2013-05-21,889.1994040836909,0.0,1.4963329455575847,887.7030711381333,3.0000000000000004,2012,12,887.7030711381333
2013-05-22,-1750.9925510337907,0.0,1.4963329455575847,-1752.4888839793484,3.0000000000000004,2012,12,-1752.4888839793484
2013-05-23,-1275.36369790564,0.0,1.4963329455575847,-1276.8600308511977,3.0000000000000004,2012,12,-1276.8600308511977
2013-05-24,-483.95692655677425,0.0,1.4963329455575847,-485.45325950233183,3.0000000000000004,2012,12,-485.45325950233183
2013-05-28,-1032.4085604983043,0.0,1.4963329455575847,-1033.904893443862,3.0000000000000004,2012,12,-1033.904893443862
2013-05-29,-944.988820200435,0.0,1.4963329455575847,-946.4851531459926,3.0000000000000004,2012,12,-946.4851531459926
2013-05-30,-446.39403050598986,0.0,1.4963329455575847,-447.89036345154744,3.0000000000000004,2012,12,-447.89036345154744
2013-05-31,-1296.8099984246107,0.0,1.4963329455575847,-1298.3063313701684,3.0000000000000004,2012,12,-1298.3063313701684
2013-06-03,-221.20132009251043,215.22688718211484,1.4963329455575847,-437.92454022018285,3.0000000000000004,2012,12,-545.5379838112402
2013-06-04,121.2240343139423,0.0,2.8369243870494345,118.38710992689286,2.766652025529783,2012,12,118.38710992689286
2013-06-05,-1410.3018260961453,0.0,2.8369243870494345,-1413.1387504831948,2.766652025529783,2012,12,-1413.1387504831948
2013-06-06,944.9872083916553,0.0,2.8369243870494345,942.1502840046059,2.766652025529783,2012,12,942.1502840046059
2013-06-07,1195.0267101520374,0.0,2.8369243870494345,1192.1897857649878,2.766652025529783,2012,12,1192.1897857649878
2013-06-10,133.86381765740177,0.0,2.8369243870494345,131.02689327035233,2.766652025529783,2012,12,131.02689327035233
2013-06-11,-1164.902475039524,0.0,2.8369243870494345,-1167.7393994265735,2.766652025529783,2012,12,-1167.7393994265735
2013-06-12,-438.1560203031879,0.0,2.8369243870494345,-440.9929446902373,2.766652025529783,2012,12,-440.9929446902373
2013-06-13,1421.580925516065,0.0,2.8369243870494345,1418.7440011290155,2.766652025529783,2012,12,1418.7440011290155
2013-06-14,-701.9465032061635,0.0,2.8369243870494345,-704.7834275932129,2.766652025529783,2012,12,-704.7834275932129
2013-06-17,965.8484238721923,0.0,2.8369243870494345,963.0114994851428,2.766652025529783,2012,12,963.0114994851428
2013-06-18,818.8676554127491,0.0,2.8369243870494345,816.0307310256997,2.766652025529783,2012,12,816.0307310256997
2013-06-19,-1657.6971535036212,0.0,2.8369243870494345,-1660.5340778906707,2.766652025529783,2012,12,-1660.5340778906707
2013-06-20,-1981.7610064511541,0.0,2.8369243870494345,-1984.5979308382036,2.766652025529783,2012,12,-1984.5979308382036
2013-06-21,-40.61304896179508,0.0,2.8369243870494345,-43.449973348844516,2.766652025529783,2012,12,-43.449973348844516
2013-06-24,-1501.4538356536718,0.0,2.8369243870494345,-1504.2907600407214,2.766652025529783,2012,12,-1504.2907600407214
2013-06-25,1287.5153240269685,0.0,2.8369243870494345,1284.678399639919,2.766652025529783,2012,12,1284.678399639919
2013-06-26,1086.8130604473342,0.0,2.8369243870494345,1083.9761360602847,2.766652025529783,2012,12,1083.9761360602847
2013-06-27,1214.971463905988,0.0,2.8369243870494345,1212.1345395189385,2.766652025529783,2012,12,1212.1345395189385
2013-06-28,-644.2206919511613,0.0,2.8369243870494345,-647.0576163382107,2.766652025529783,2012,12,-647.0576163382107
2013-07-01,507.16896267606165,88.82223633782672,2.8369243870494345,415.5098019511855,2.766652025529783,2013,12,371.09868378227213
2013-07-02,107.12549185869297,0.0,2.339735426707124,104.78575643198585,1.9011997385969188,2013,12,104.78575643198585
2013-07-03,262.3673011055477,0.0,2.339735426707124,260.0275656788406,1.9011997385969188,2013,12,260.0275656788406
2013-07-05,698.5054684159536,0.0,2.339735426707124,696.1657329892465,1.9011997385969188,2013,12,696.1657329892465
2013-07-08,75.60635177187247,0.0,2.339735426707124,73.26661634516535,1.9011997385969188,2013,12,73.26661634516535
2013-07-09,200.07577432340105,0.0,2.339735426707124,197.7360388966939,1.9011997385969188,2013,12,197.7360388966939
2013-07-10,585.568100154074,0.0,2.339735426707124,583.228364727367,1.9011997385969188,2013,12,583.228364727367
2013-07-11,1087.9981471298427,0.0,2.339735426707124,1085.6584117031355,1.9011997385969188,2013,12,1085.6584117031355
2013-07-12,119.74383194344603,0.0,2.339735426707124,117.4040965167389,1.9011997385969188,2013,12,117.4040965167389
2013-07-15,203.6883018949573,0.0,2.339735426707124,201.34856646825017,1.9011997385969188,2013,12,201.34856646825017
2013-07-16,-300.652951023592,0.0,2.339735426707124,-302.9926864502991,1.9011997385969188,2013,12,-302.9926864502991
2013-07-17,416.6309583499743,0.0,2.339735426707124,414.2912229232672,1.9011997385969188,2013,12,414.2912229232672
2013-07-18,587.5948683350498,0.0,2.339735426707124,585.2551329083427,1.9011997385969188,2013,12,585.2551329083427
2013-07-19,-375.8702882719053,0.0,2.339735426707124,-378.2100236986124,1.9011997385969188,2013,12,-378.2100236986124
2013-07-22,-142.33778072070425,0.0,2.339735426707124,-144.67751614741138,1.9011997385969188,2013,12,-144.67751614741138
2013-07-23,62.64212230417898,0.0,2.339735426707124,60.30238687747186,1.9011997385969188,2013,12,60.30238687747186
2013-07-24,-56.30951644160996,0.0,2.339735426707124,-58.64925186831708,1.9011997385969188,2013,12,-58.64925186831708
2013-07-25,-0.3616977963687287,0.0,2.339735426707124,-2.7014332230758527,1.9011997385969188,2013,12,-2.7014332230758527
2013-07-26,-345.9144865581511,0.0,2.339735426707124,-348.25422198485825,1.9011997385969188,2013,12,-348.25422198485825
2013-07-29,-262.6571042387053,0.0,2.339735426707124,-264.99683966541244,1.9011997385969188,2013,12,-264.99683966541244
2013-07-30,143.1807759806522,0.0,2.339735426707124,140.84104055394505,1.9011997385969188,2013,12,140.84104055394505
2013-07-31,132.32646242526073,0.0,2.339735426707124,129.9867269985536,1.9011997385969188,2013,12,129.9867269985536
2013-08-01,912.3036603807695,58.940946758995885,2.339735426707124,851.0229781950666,1.9011997385969188,2013,12,821.5525048155687
2013-08-02,-33.96418042444738,0.0,3.5244651844699977,-37.48864560891737,2.2572721157420728,2013,12,-37.48864560891737
2013-08-05,70.67438441778143,0.0,3.5244651844699977,67.14991923331142,2.2572721157420728,2013,12,67.14991923331142
2013-08-06,-322.7296638847172,0.0,3.5244651844699977,-326.2541290691872,2.2572721157420728,2013,12,-326.2541290691872
2013-08-07,-664.7560274462016,0.0,3.5244651844699977,-668.2804926306717,2.2572721157420728,2013,12,-668.2804926306717
2013-08-08,-146.37365586106546,0.0,3.5244651844699977,-149.89812104553545,2.2572721157420728,2013,12,-149.89812104553545
2013-08-09,-224.76226809546165,0.0,3.5244651844699977,-228.28673327993164,2.2572721157420728,2013,12,-228.28673327993164
2013-08-12,-170.83393892144,0.0,3.5244651844699977,-174.35840410590998,2.2572721157420728,2013,12,-174.35840410590998
2013-08-13,848.0897298755825,0.0,3.5244651844699977,844.5652646911125,2.2572721157420728,2013,12,844.5652646911125
2013-08-14,-385.10100033217674,0.0,3.5244651844699977,-388.6254655166467,2.2572721157420728,2013,12,-388.6254655166467
2013-08-15,-690.8264424433037,0.0,3.5244651844699977,-694.3509076277737,2.2572721157420728,2013,12,-694.3509076277737
2013-08-16,-211.4056960150626,0.0,3.5244651844699977,-214.9301611995326,2.2572721157420728,2013,12,-214.9301611995326
2013-08-19,-122.87239254467664,0.0,3.5244651844699977,-126.39685772914665,2.2572721157420728,2013,12,-126.39685772914665
2013-08-20,183.35092234741458,0.0,3.5244651844699977,179.8264571629446,2.2572721157420728,2013,12,179.8264571629446
2013-08-21,-114.32098262871277,0.0,3.5244651844699977,-117.84544781318277,2.2572721157420728,2013,12,-117.84544781318277
2013-08-22,539.2598774060937,0.0,3.5244651844699977,535.7354122216236,2.2572721157420728,2013,12,535.7354122216236
2013-08-23,-158.9330728679836,0.0,3.5244651844699977,-162.4575380524536,2.2572721157420728,2013,12,-162.4575380524536
2013-08-26,-612.5770417232153,0.0,3.5244651844699977,-616.1015069076853,2.2572721157420728,2013,12,-616.1015069076853
2013-08-27,-1588.6476413730409,0.0,3.5244651844699977,-1592.172106557511,2.2572721157420728,2013,12,-1592.172106557511
2013-08-28,390.168417179715,0.0,3.5244651844699977,386.643951995245,2.2572721157420728,2013,12,386.643951995245
2013-08-29,166.53220625237995,0.0,3.5244651844699977,163.00774106790996,2.2572721157420728,2013,12,163.00774106790996
2013-08-30,-269.60583501375714,0.0,3.5244651844699977,-273.13030019822713,2.2572721157420728,2013,12,-273.13030019822713
2013-09-03,397.46243914446757,33.56035192591157,3.5244651844699977,360.377622034086,2.2572721157420728,2013,12,343.5974460711302
2013-09-04,1040.1150108981883,0.0,4.273889983648123,1035.8411209145402,2.618148284285483,2013,12,1035.8411209145402
2013-09-05,508.18194108036874,0.0,4.273889983648123,503.9080510967206,2.618148284285483,2013,12,503.9080510967206
2013-09-06,-244.31047663872823,0.0,4.273889983648123,-248.58436662237636,2.618148284285483,2013,12,-248.58436662237636
2013-09-09,888.315071010974,0.0,4.273889983648123,884.0411810273258,2.618148284285483,2013,12,884.0411810273258
2013-09-10,966.7135269488715,0.0,4.273889983648123,962.4396369652234,2.618148284285483,2013,12,962.4396369652234
2013-09-11,-264.3822722976264,0.0,4.273889983648123,-268.65616228127453,2.618148284285483,2013,12,-268.65616228127453
2013-09-12,278.4188975176261,0.0,4.273889983648123,274.14500753397795,2.618148284285483,2013,12,274.14500753397795
2013-09-13,45.535163481085135,0.0,4.273889983648123,41.26127349743701,2.618148284285483,2013,12,41.26127349743701
2013-09-16,458.9178390777467,0.0,4.273889983648123,454.64394909409856,2.618148284285483,2013,12,454.64394909409856
2013-09-17,89.1714045670506,0.0,4.273889983648123,84.89751458340248,2.618148284285483,2013,12,84.89751458340248
2013-09-18,-512.6742500676683,0.0,4.273889983648123,-516.9481400513164,2.618148284285483,2013,12,-516.9481400513164
2013-09-19,440.2947795206818,0.0,4.273889983648123,436.02088953703367,2.618148284285483,2013,12,436.02088953703367
2013-09-20,63.31743549035625,0.0,4.273889983648123,59.04354550670813,2.618148284285483,2013,12,59.04354550670813
2013-09-23,-617.5994592028734,0.0,4.273889983648123,-621.8733491865215,2.618148284285483,2013,12,-621.8733491865215
2013-09-24,-335.0212096272543,0.0,4.273889983648123,-339.2950996109024,2.618148284285483,2013,12,-339.2950996109024
2013-09-25,-256.01341840803764,0.0,4.273889983648123,-260.28730839168577,2.618148284285483,2013,12,-260.28730839168577
2013-09-26,544.2079138130495,0.0,4.273889983648123,539.9340238294013,2.618148284285483,2013,12,539.9340238294013
2013-09-27,-142.97173915983518,0.0,4.273889983648123,-147.2456291434833,2.618148284285483,2013,12,-147.2456291434833
2013-09-30,-215.97298384128348,0.0,4.273889983648123,-220.2468738249316,2.618148284285483,2013,12,-220.2468738249316
2013-10-01,776.7704799803181,21.839061241136502,4.273889983648123,750.6575287555335,2.618148284285483,2013,12,739.7379981349652
2013-10-02,-247.38429097198286,0.0,3.676103613451284,-251.06039458543415,2.4102153164770734,2013,12,-251.06039458543415
2013-10-03,-658.1555296133731,0.0,3.676103613451284,-661.8316332268244,2.4102153164770734,2013,12,-661.8316332268244
2013-10-04,331.74669957666447,0.0,3.676103613451284,328.0705959632132,2.4102153164770734,2013,12,328.0705959632132
2013-10-07,-965.6717890135541,0.0,3.676103613451284,-969.3478926270053,2.4102153164770734,2013,12,-969.3478926270053
2013-10-08,-722.15839545572,0.0,3.676103613451284,-725.8344990691712,2.4102153164770734,2013,12,-725.8344990691712
2013-10-09,285.1806250478296,0.0,3.676103613451284,281.5045214343783,2.4102153164770734,2013,12,281.5045214343783
2013-10-10,1595.4622442166096,0.0,3.676103613451284,1591.7861406031584,2.4102153164770734,2013,12,1591.7861406031584
2013-10-11,709.3374938429297,0.0,3.676103613451284,705.6613902294785,2.4102153164770734,2013,12,705.6613902294785
2013-10-14,624.5565927877726,0.0,3.676103613451284,620.8804891743214,2.4102153164770734,2013,12,620.8804891743214
2013-10-15,-748.0075778517225,0.0,3.676103613451284,-751.6836814651738,2.4102153164770734,2013,12,-751.6836814651738
2013-10-16,506.3040913967292,0.0,3.676103613451284,502.6279877832779,2.4102153164770734,2013,12,502.6279877832779
2013-10-17,148.57518312525565,0.0,3.676103613451284,144.89907951180436,2.4102153164770734,2013,12,144.89907951180436
2013-10-18,312.0624172802192,0.0,3.676103613451284,308.38631366676793,2.4102153164770734,2013,12,308.38631366676793
2013-10-21,-56.57580022061417,0.0,3.676103613451284,-60.25190383406545,2.4102153164770734,2013,12,-60.25190383406545
2013-10-22,-133.5296630225413,0.0,3.676103613451284,-137.2057666359926,2.4102153164770734,2013,12,-137.2057666359926
2013-10-23,-422.5274879938527,0.0,3.676103613451284,-426.20359160730396,2.4102153164770734,2013,12,-426.20359160730396
2013-10-24,339.8891077230146,0.0,3.676103613451284,336.2130041095633,2.4102153164770734,2013,12,336.2130041095633
2013-10-25,130.33163218096382,0.0,3.676103613451284,126.65552856751253,2.4102153164770734,2013,12,126.65552856751253
2013-10-28,43.01196341653306,0.0,3.676103613451284,39.335859803081775,2.4102153164770734,2013,12,39.335859803081775
2013-10-29,231.09624255730532,0.0,3.676103613451284,227.42013894385403,2.4102153164770734,2013,12,227.42013894385403
2013-10-30,-416.5054632141895,0.0,3.676103613451284,-420.1815668276408,2.4102153164770734,2013,12,-420.1815668276408
2013-10-31,-313.396411657933,0.0,3.676103613451284,-317.0725152713843,2.4102153164770734,2013,12,-317.0725152713843
2013-11-01,202.87146362956244,12.338937552454427,3.676103613451284,186.8564224636567,2.4102153164770734,2013,12,180.6869536874295
2013-11-04,290.641792708162,0.0,3.9979688767667776,286.6438238313952,2.5457483289102334,2013,12,286.6438238313952
2013-11-05,-258.5402282102045,0.0,3.9979688767667776,-262.53819708697125,2.5457483289102334,2013,12,-262.53819708697125
2013-11-06,200.66370560359567,0.0,3.9979688767667776,196.6657367268289,2.5457483289102334,2013,12,196.6657367268289
2013-11-07,-1314.6067899775226,0.0,3.9979688767667776,-1318.6047588542895,2.5457483289102334,2013,12,-1318.6047588542895
2013-11-08,1417.5605220428652,0.0,3.9979688767667776,1413.5625531660983,2.5457483289102334,2013,12,1413.5625531660983
2013-11-11,238.7049696890041,0.0,3.9979688767667776,234.7070008122373,2.5457483289102334,2013,12,234.7070008122373
2013-11-12,200.9103676432129,0.0,3.9979688767667776,196.91239876644613,2.5457483289102334,2013,12,196.91239876644613
2013-11-13,351.66493173197046,0.0,3.9979688767667776,347.6669628552037,2.5457483289102334,2013,12,347.6669628552037
2013-11-14,-77.51995440718942,0.0,3.9979688767667776,-81.5179232839562,2.5457483289102334,2013,12,-81.5179232839562
2013-11-15,510.1996773041552,0.0,3.9979688767667776,506.20170842738844,2.5457483289102334,2013,12,506.20170842738844
2013-11-18,-402.93287542689274,0.0,3.9979688767667776,-406.9308443036595,2.5457483289102334,2013,12,-406.9308443036595
2013-11-19,107.56147011935157,0.0,3.9979688767667776,103.56350124258479,2.5457483289102334,2013,12,103.56350124258479
2013-11-20,239.70926457678203,0.0,3.9979688767667776,235.71129570001526,2.5457483289102334,2013,12,235.71129570001526
2013-11-21,785.941589000907,0.0,3.9979688767667776,781.9436201241402,2.5457483289102334,2013,12,781.9436201241402
2013-11-22,194.64528074346237,0.0,3.9979688767667776,190.6473118666956,2.5457483289102334,2013,12,190.6473118666956
2013-11-25,-384.12165835820167,0.0,3.9979688767667776,-388.11962723496845,2.5457483289102334,2013,12,-388.11962723496845
2013-11-26,176.38226077344774,0.0,3.9979688767667776,172.38429189668096,2.5457483289102334,2013,12,172.38429189668096
2013-11-27,520.5875045148288,0.0,3.9979688767667776,516.589535638062,2.5457483289102334,2013,12,516.589535638062
2013-11-29,122.68887439660595,0.0,3.9979688767667776,118.69090551983918,2.5457483289102334,2013,12,118.69090551983918
2013-12-02,246.44354603734357,8.636379780851696,3.9979688767667776,233.8091973797251,2.5457483289102334,2013,12,229.49100748929925
2013-12-03,-301.6678828463169,0.0,4.1324302565997595,-305.8003131029167,2.658758197523849,2013,12,-305.8003131029167
2013-12-04,176.19945435957823,0.0,4.1324302565997595,172.06702410297848,2.658758197523849,2013,12,172.06702410297848
2013-12-05,232.44239752013394,0.0,4.1324302565997595,228.3099672635342,2.658758197523849,2013,12,228.3099672635342
2013-12-06,786.7055411155259,0.0,4.1324302565997595,782.5731108589262,2.658758197523849,2013,12,782.5731108589262
2013-12-09,84.16325035102885,0.0,4.1324302565997595,80.03082009442909,2.658758197523849,2013,12,80.03082009442909
2013-12-10,-713.5423707830025,0.0,4.1324302565997595,-717.6748010396022,2.658758197523849,2013,12,-717.6748010396022
2013-12-11,-615.4503464430619,0.0,4.1324302565997595,-619.5827766996616,2.658758197523849,2013,12,-619.5827766996616
2013-12-12,563.7139903946073,0.0,4.1324302565997595,559.5815601380076,2.658758197523849,2013,12,559.5815601380076
2013-12-13,-390.04005934220436,0.0,4.1324302565997595,-394.17248959880413,2.658758197523849,2013,12,-394.17248959880413
2013-12-16,416.64539919848266,0.0,4.1324302565997595,412.5129689418829,2.658758197523849,2013,12,412.5129689418829
2013-12-17,-245.34483538666066,0.0,4.1324302565997595,-249.4772656432604,2.658758197523849,2013,12,-249.4772656432604
2013-12-18,1506.7801223626973,0.0,4.1324302565997595,1502.6476921060976,2.658758197523849,2013,12,1502.6476921060976
2013-12-19,-3.316309120119125,0.0,4.1324302565997595,-7.448739376718884,2.658758197523849,2013,12,-7.448739376718884
2013-12-20,-149.2067747453265,0.0,4.1324302565997595,-153.33920500192625,2.658758197523849,2013,12,-153.33920500192625
2013-12-23,775.3933115435817,0.0,4.1324302565997595,771.260881286982,2.658758197523849,2013,12,771.260881286982
2013-12-24,214.56221542330567,0.0,4.1324302565997595,210.42978516670593,2.658758197523849,2013,12,210.42978516670593
2013-12-26,388.27491045110446,0.0,4.1324302565997595,384.1424801945047,2.658758197523849,2013,12,384.1424801945047
2013-12-27,386.7433649675014,0.0,4.1324302565997595,382.61093471090163,2.658758197523849,2013,12,382.61093471090163
2013-12-30,195.38400017674573,0.0,4.1324302565997595,191.25156992014598,2.658758197523849,2013,12,191.25156992014598
2013-12-31,355.2198868462958,0.0,4.1324302565997595,351.08745658969605,2.658758197523849,2013,12,351.08745658969605
2014-01-02,-1666.6738738311687,32.3450414375938,4.1324302565997595,-1703.1513455253623,2.658758197523849,2013,12,-1719.3238662441593
2014-01-03,-371.24227254468497,0.0,4.866915874705163,-376.10918841939014,3.0,2013,12,-376.10918841939014
2014-01-06,-344.77114876417346,0.0,4.866915874705163,-349.63806463887863,3.0,2013,12,-349.63806463887863
2014-01-07,500.0515322685197,0.0,4.866915874705163,495.1846163938145,3.0,2013,12,495.1846163938145
2014-01-08,369.7398076622752,0.0,4.866915874705163,364.87289178757004,3.0,2013,12,364.87289178757004
2014-01-09,-98.16522095947387,0.0,4.866915874705163,-103.03213683417903,3.0,2013,12,-103.03213683417903
2014-01-10,-616.2835997096012,0.0,4.866915874705163,-621.1505155843063,3.0,2013,12,-621.1505155843063
2014-01-13,-1258.5299814896966,0.0,4.866915874705163,-1263.3968973644019,3.0,2013,12,-1263.3968973644019
2014-01-14,1424.5742661448446,0.0,4.866915874705163,1419.7073502701394,3.0,2013,12,1419.7073502701394
2014-01-15,601.6520742711405,0.0,4.866915874705163,596.7851583964353,3.0,2013,12,596.7851583964353
2014-01-16,-66.25317722873108,0.0,4.866915874705163,-71.12009310343623,3.0,2013,12,-71.12009310343623
2014-01-17,-661.4761393020566,0.0,4.866915874705163,-666.3430551767617,3.0,2013,12,-666.3430551767617
2014-01-21,751.4185337172381,0.0,4.866915874705163,746.551617842533,3.0,2013,12,746.551617842533
2014-01-22,240.84460388207177,0.0,4.866915874705163,235.9776880073666,3.0,2013,12,235.9776880073666
2014-01-23,-584.4871292731361,0.0,4.866915874705163,-589.3540451478412,3.0,2013,12,-589.3540451478412
2014-01-24,-1706.122334185985,0.0,4.866915874705163,-1710.9892500606902,3.0,2013,12,-1710.9892500606902
2014-01-27,-140.70154672308504,0.0,4.866915874705163,-145.56846259779022,3.0,2013,12,-145.56846259779022
2014-01-28,298.16348539514695,0.0,4.866915874705163,293.2965695204418,3.0,2013,12,293.2965695204418
2014-01-29,-1092.5599228958708,0.0,4.866915874705163,-1097.426838770576,3.0,2013,12,-1097.426838770576
2014-01-30,840.0000254377672,0.0,4.866915874705163,835.1331095630621,3.0,2013,12,835.1331095630621
2014-01-31,-1100.060367717006,0.0,4.866915874705163,-1104.9272835917113,3.0,2013,12,-1104.9272835917113
2014-02-03,-2136.5849575770526,128.38816256576473,4.866915874705163,-2269.8400360175224,3.0,2013,12,-2334.034117300405
2014-02-04,300.7355428502081,0.0,3.721827992211134,297.01371485799694,2.7069130541552826,2013,12,297.01371485799694
2014-02-05,-55.35004123638133,0.0,3.721827992211134,-59.07186922859246,2.7069130541552826,2013,12,-59.07186922859246
2014-02-06,575.8471641462787,0.0,3.721827992211134,572.1253361540676,2.7069130541552826,2013,12,572.1253361540676
2014-02-07,572.059862733338,0.0,3.721827992211134,568.3380347411269,2.7069130541552826,2013,12,568.3380347411269
2014-02-10,161.00368900972978,0.0,3.721827992211134,157.28186101751865,2.7069130541552826,2013,12,157.28186101751865
2014-02-11,448.1298830091754,0.0,3.721827992211134,444.4080550169642,2.7069130541552826,2013,12,444.4080550169642
2014-02-12,208.39931390225445,0.0,3.721827992211134,204.67748591004332,2.7069130541552826,2013,12,204.67748591004332
2014-02-13,-252.71103589500729,0.0,3.721827992211134,-256.43286388721845,2.7069130541552826,2013,12,-256.43286388721845
2014-02-14,-326.34687169250185,0.0,3.721827992211134,-330.068699684713,2.7069130541552826,2013,12,-330.068699684713
2014-02-18,257.590899705801,0.0,3.721827992211134,253.86907171358988,2.7069130541552826,2013,12,253.86907171358988
2014-02-19,-2.590401743488073,0.0,3.721827992211134,-6.312229735699207,2.7069130541552826,2013,12,-6.312229735699207
2014-02-20,179.7232720437945,0.0,3.721827992211134,176.00144405158338,2.7069130541552826,2013,12,176.00144405158338
2014-02-21,37.62453336608901,0.0,3.721827992211134,33.90270537387788,2.7069130541552826,2013,12,33.90270537387788
2014-02-24,219.10677051626038,0.0,3.721827992211134,215.38494252404925,2.7069130541552826,2013,12,215.38494252404925
2014-02-25,-96.6043416901814,0.0,3.721827992211134,-100.32616968239253,2.7069130541552826,2013,12,-100.32616968239253
2014-02-26,450.6304113755946,0.0,3.721827992211134,446.9085833833834,2.7069130541552826,2013,12,446.9085833833834
2014-02-27,-53.20177383887183,0.0,3.721827992211134,-56.92360183108296,2.7069130541552826,2013,12,-56.92360183108296
2014-02-28,-93.05804681500358,0.0,3.721827992211134,-96.77987480721471,2.7069130541552826,2013,12,-96.77987480721471
2014-03-03,-822.6548119081207,104.58339486641044,3.721827992211134,-930.9600347667423,2.7069130541552826,2013,12,-983.2517321999476
2014-03-04,1678.49909061631,0.0,4.239569028378606,1674.2595215879314,2.999999999999999,2013,12,1674.2595215879314
2014-03-05,-376.43185362808,0.0,4.239569028378606,-380.67142265645856,2.999999999999999,2013,12,-380.67142265645856
2014-03-06,347.9998336414987,0.0,4.239569028378606,343.7602646131201,2.999999999999999,2013,12,343.7602646131201
2014-03-07,234.15614287192187,0.0,4.239569028378606,229.91657384354326,2.999999999999999,2013,12,229.91657384354326
2014-03-10,-151.92863618421407,0.0,4.239569028378606,-156.16820521259268,2.999999999999999,2013,12,-156.16820521259268
2014-03-11,-429.32259244958675,0.0,4.239569028378606,-433.56216147796533,2.999999999999999,2013,12,-433.56216147796533
2014-03-12,-344.9597740515953,0.0,4.239569028378606,-349.19934307997386,2.999999999999999,2013,12,-349.19934307997386
2014-03-13,-1282.6310152583533,0.0,4.239569028378606,-1286.8705842867319,2.999999999999999,2013,12,-1286.8705842867319
2014-03-14,-313.1062944747541,0.0,4.239569028378606,-317.3458635031327,2.999999999999999,2013,12,-317.3458635031327
2014-03-17,907.734692179963,0.0,4.239569028378606,903.4951231515844,2.999999999999999,2013,12,903.4951231515844
2014-03-18,410.8908996152891,0.0,4.239569028378606,406.6513305869105,2.999999999999999,2013,12,406.6513305869105
2014-03-19,12.204386458339734,0.0,4.239569028378606,7.964817429961128,2.999999999999999,2013,12,7.964817429961128
2014-03-20,128.45279289513954,0.0,4.239569028378606,124.21322386676093,2.999999999999999,2013,12,124.21322386676093
2014-03-21,-468.805422686946,0.0,4.239569028378606,-473.04499171532456,2.999999999999999,2013,12,-473.04499171532456
2014-03-24,-97.50138593935203,0.0,4.239569028378606,-101.74095496773064,2.999999999999999,2013,12,-101.74095496773064
2014-03-25,190.42836450413893,0.0,4.239569028378606,186.18879547576032,2.999999999999999,2013,12,186.18879547576032
2014-03-26,-644.7532761275274,0.0,4.239569028378606,-648.992845155906,2.999999999999999,2013,12,-648.992845155906
2014-03-27,-253.61321240142536,0.0,4.239569028378606,-257.85278142980394,2.999999999999999,2013,12,-257.85278142980394
2014-03-28,633.9695343677456,0.0,4.239569028378606,629.729965339367,2.999999999999999,2013,12,629.729965339367
2014-03-31,641.2832568426069,0.0,4.239569028378606,637.0436878142283,2.999999999999999,2013,12,637.0436878142283
2014-04-01,822.3792140811743,27.442702125033136,4.239569028378606,790.6969429277625,2.999999999999999,2013,12,776.975591865246
2014-04-02,217.5852926594349,0.0,3.6412180990547958,213.94407456038013,2.70593527728759,2013,12,213.94407456038013
2014-04-03,-402.6793934672994,0.0,3.6412180990547958,-406.3206115663542,2.70593527728759,2013,12,-406.3206115663542
2014-04-04,-1034.9262946997083,0.0,3.6412180990547958,-1038.5675127987631,2.70593527728759,2013,12,-1038.5675127987631
2014-04-07,-367.8316043391672,0.0,3.6412180990547958,-371.472822438222,2.70593527728759,2013,12,-371.472822438222
2014-04-08,32.2354214559003,0.0,3.6412180990547958,28.594203356845505,2.70593527728759,2013,12,28.594203356845505
2014-04-09,950.1047007150949,0.0,3.6412180990547958,946.4634826160401,2.70593527728759,2013,12,946.4634826160401
2014-04-10,-1712.59315719215,0.0,3.6412180990547958,-1716.234375291205,2.70593527728759,2013,12,-1716.234375291205
2014-04-11,-631.207476132235,0.0,3.6412180990547958,-634.8486942312898,2.70593527728759,2013,12,-634.8486942312898
2014-04-14,270.24006707630036,0.0,3.6412180990547958,266.59884897724555,2.70593527728759,2013,12,266.59884897724555
2014-04-15,313.96592407037394,0.0,3.6412180990547958,310.32470597131913,2.70593527728759,2013,12,310.32470597131913
2014-04-16,743.3455422625318,0.0,3.6412180990547958,739.704324163477,2.70593527728759,2013,12,739.704324163477
2014-04-17,344.5623734422972,0.0,3.6412180990547958,340.9211553432424,2.70593527728759,2013,12,340.9211553432424
2014-04-21,314.4477463355283,0.0,3.6412180990547958,310.80652823647347,2.70593527728759,2013,12,310.80652823647347
2014-04-22,83.53584489623341,0.0,3.6412180990547958,79.89462679717862,2.70593527728759,2013,12,79.89462679717862
2014-04-23,-267.56647727523864,0.0,3.6412180990547958,-271.20769537429345,2.70593527728759,2013,12,-271.20769537429345
2014-04-24,5.392765393644313,0.0,3.6412180990547958,1.7515472945895176,2.70593527728759,2013,12,1.7515472945895176
2014-04-25,-778.7183091347504,0.0,3.6412180990547958,-782.3595272338051,2.70593527728759,2013,12,-782.3595272338051
2014-04-28,543.5128848305139,0.0,3.6412180990547958,539.8716667314592,2.70593527728759,2013,12,539.8716667314592
2014-04-29,247.12173633621893,0.0,3.6412180990547958,243.48051823716415,2.70593527728759,2013,12,243.48051823716415
2014-04-30,187.06243350653244,0.0,3.6412180990547958,183.42121540747766,2.70593527728759,2013,12,183.42121540747766
2014-05-01,157.21300035107558,70.15872007499652,3.6412180990547958,83.41306217702426,2.70593527728759,2013,12,48.33370213952601
2014-05-02,-242.17376521623598,0.0,4.10459683288849,-246.27836204912447,2.999999999999999,2013,12,-246.27836204912447
2014-05-05,10.138379583970304,0.0,4.10459683288849,6.033782751081814,2.999999999999999,2013,12,6.033782751081814
2014-05-06,-363.787964630961,0.0,4.10459683288849,-367.8925614638495,2.999999999999999,2013,12,-367.8925614638495
2014-05-07,602.4702856004699,0.0,4.10459683288849,598.3656887675813,2.999999999999999,2013,12,598.3656887675813
2014-05-08,-368.5871091999097,0.0,4.10459683288849,-372.6917060327982,2.999999999999999,2013,12,-372.6917060327982
2014-05-09,-184.63146121035203,0.0,4.10459683288849,-188.73605804324052,2.999999999999999,2013,12,-188.73605804324052
2014-05-12,459.5332387324797,0.0,4.10459683288849,455.4286418995912,2.999999999999999,2013,12,455.4286418995912
2014-05-13,-272.97382134522695,0.0,4.10459683288849,-277.07841817811544,2.999999999999999,2013,12,-277.07841817811544
2014-05-14,-610.1991229413748,0.0,4.10459683288849,-614.3037197742633,2.999999999999999,2013,12,-614.3037197742633
2014-05-15,-371.18485755407505,0.0,4.10459683288849,-375.28945438696354,2.999999999999999,2013,12,-375.28945438696354
2014-05-16,375.0687028739174,0.0,4.10459683288849,370.9641060410289,2.999999999999999,2013,12,370.9641060410289
2014-05-19,382.9375547857175,0.0,4.10459683288849,378.832957952829,2.999999999999999,2013,12,378.832957952829
2014-05-20,-240.89620079465385,0.0,4.10459683288849,-245.00079762754234,2.999999999999999,2013,12,-245.00079762754234
2014-05-21,322.2753198008829,0.0,4.10459683288849,318.17072296799444,2.999999999999999,2013,12,318.17072296799444
2014-05-22,-26.114598268740032,0.0,4.10459683288849,-30.21919510162852,2.999999999999999,2013,12,-30.21919510162852
2014-05-23,137.39436379702565,0.0,4.10459683288849,133.28976696413716,2.999999999999999,2013,12,133.28976696413716
2014-05-27,575.1160620257695,0.0,4.10459683288849,571.0114651928809,2.999999999999999,2013,12,571.0114651928809
2014-05-28,-611.8201672652716,0.0,4.10459683288849,-615.92476409816,2.999999999999999,2013,12,-615.92476409816
2014-05-29,139.36205813254034,0.0,4.10459683288849,135.25746129965185,2.999999999999999,2013,12,135.25746129965185
2014-05-30,295.1259620997958,0.0,4.10459683288849,291.0213652669073,2.999999999999999,2013,12,291.0213652669073
2014-06-02,0.4434032487849642,140.486914927587,4.10459683288849,-144.14810851169054,2.999999999999999,2013,12,-214.391565975484
2014-06-03,-493.6636552221015,0.0,2.3909436181289516,-496.0545988402305,2.9999999999999996,2013,12,-496.0545988402305
2014-06-04,-15.661319027905437,0.0,2.3909436181289516,-18.05226264603439,2.9999999999999996,2013,12,-18.05226264603439
2014-06-05,823.6892934429517,0.0,2.3909436181289516,821.2983498248227,2.9999999999999996,2013,12,821.2983498248227
2014-06-06,330.3127181685704,0.0,2.3909436181289516,327.92177455044146,2.9999999999999996,2013,12,327.92177455044146
2014-06-09,-299.33280181478136,0.0,2.3909436181289516,-301.72374543291033,2.9999999999999996,2013,12,-301.72374543291033
2014-06-10,-533.4686891734776,0.0,2.3909436181289516,-535.8596327916066,2.9999999999999996,2013,12,-535.8596327916066
2014-06-11,-123.56323640070923,0.0,2.3909436181289516,-125.95418001883819,2.9999999999999996,2013,12,-125.95418001883819
2014-06-12,-86.38875241782904,0.0,2.3909436181289516,-88.779696035958,2.9999999999999996,2013,12,-88.779696035958
2014-06-13,59.290889196646255,0.0,2.3909436181289516,56.899945578517304,2.9999999999999996,2013,12,56.899945578517304
2014-06-16,133.67422418710888,0.0,2.3909436181289516,131.28328056897993,2.9999999999999996,2013,12,131.28328056897993
2014-06-17,-300.2774121013801,0.0,2.3909436181289516,-302.66835571950907,2.9999999999999996,2013,12,-302.66835571950907
2014-06-18,1095.0484494523605,0.0,2.3909436181289516,1092.6575058342316,2.9999999999999996,2013,12,1092.6575058342316
2014-06-19,-675.1317526268911,0.0,2.3909436181289516,-677.52269624502,2.9999999999999996,2013,12,-677.52269624502
2014-06-20,371.3969141722166,0.0,2.3909436181289516,369.00597055408764,2.9999999999999996,2013,12,369.00597055408764
2014-06-23,-266.1817699922171,0.0,2.3909436181289516,-268.57271361034606,2.9999999999999996,2013,12,-268.57271361034606
2014-06-24,192.17174631909168,0.0,2.3909436181289516,189.78080270096274,2.9999999999999996,2013,12,189.78080270096274
2014-06-25,333.34011166550624,0.0,2.3909436181289516,330.94916804737727,2.9999999999999996,2013,12,330.94916804737727
2014-06-26,46.41142410427504,0.0,2.3909436181289516,44.02048048614609,2.9999999999999996,2013,12,44.02048048614609
2014-06-27,304.7456715909228,0.0,2.3909436181289516,302.35472797279385,2.9999999999999996,2013,12,302.35472797279385
2014-06-30,138.2615065427896,0.0,2.3909436181289516,135.87056292466065,2.9999999999999996,2013,12,135.87056292466065
2014-07-01,177.91627780723917,82.42875400486105,2.3909436181289516,93.09658018424916,2.9999999999999996,2014,12,51.882203181818646
2014-07-02,-597.7828941521933,0.0,1.1970454911273258,-598.9799396433207,2.9395608289749324,2014,12,-598.9799396433207
2014-07-03,-332.9948812960656,0.0,1.1970454911273258,-334.1919267871929,2.9395608289749324,2014,12,-334.1919267871929
2014-07-07,-309.484855635677,0.0,1.1970454911273258,-310.6819011268043,2.9395608289749324,2014,12,-310.6819011268043
2014-07-08,-17.43934024831724,0.0,1.1970454911273258,-18.636385739444567,2.9395608289749324,2014,12,-18.636385739444567
2014-07-09,357.9295740373539,0.0,1.1970454911273258,356.7325285462266,2.9395608289749324,2014,12,356.7325285462266
2014-07-10,-415.8762408249996,0.0,1.1970454911273258,-417.07328631612694,2.9395608289749324,2014,12,-417.07328631612694
2014-07-11,74.49766488708126,0.0,1.1970454911273258,73.30061939595393,2.9395608289749324,2014,12,73.30061939595393
2014-07-14,69.34183839354857,0.0,1.1970454911273258,68.14479290242124,2.9395608289749324,2014,12,68.14479290242124
2014-07-15,-836.1883394537042,0.0,1.1970454911273258,-837.3853849448316,2.9395608289749324,2014,12,-837.3853849448316
2014-07-16,289.9798534798268,0.0,1.1970454911273258,288.78280798869946,2.9395608289749324,2014,12,288.78280798869946
2014-07-17,-173.77427404592947,0.0,1.1970454911273258,-174.9713195370568,2.9395608289749324,2014,12,-174.9713195370568
2014-07-18,532.5119767282455,0.0,1.1970454911273258,531.3149312371181,2.9395608289749324,2014,12,531.3149312371181
2014-07-21,82.15582334978758,0.0,1.1970454911273258,80.95877785866026,2.9395608289749324,2014,12,80.95877785866026
2014-07-22,173.0060824580371,0.0,1.1970454911273258,171.8090369669098,2.9395608289749324,2014,12,171.8090369669098
2014-07-23,376.79187515654644,0.0,1.1970454911273258,375.5948296654191,2.9395608289749324,2014,12,375.5948296654191
2014-07-24,-606.8936676951631,0.0,1.1970454911273258,-608.0907131862905,2.9395608289749324,2014,12,-608.0907131862905
2014-07-25,155.81098324734245,0.0,1.1970454911273258,154.61393775621514,2.9395608289749324,2014,12,154.61393775621514
2014-07-28,-110.10794648057986,0.0,1.1970454911273258,-111.30499197170718,2.9395608289749324,2014,12,-111.30499197170718
2014-07-29,-314.2973213424955,0.0,1.1970454911273258,-315.4943668336228,2.9395608289749324,2014,12,-315.4943668336228
2014-07-30,-952.2947951114778,0.0,1.1970454911273258,-953.4918406026052,2.9395608289749324,2014,12,-953.4918406026052
2014-07-31,-1955.6171812030461,0.0,1.1970454911273258,-1956.8142266941734,2.9395608289749324,2014,12,-1956.8142266941734
2014-08-01,237.82321818005963,64.4810984193452,1.1970454911273258,172.1450742695871,2.9395608289749324,2014,12,139.90452505991453
2014-08-04,419.5630282415161,0.0,2.1474059459421135,417.415622295574,3.0,2014,12,417.415622295574
2014-08-05,-798.3761201445514,0.0,2.1474059459421135,-800.5235260904934,3.0,2014,12,-800.5235260904934
2014-08-06,-137.32431171930173,0.0,2.1474059459421135,-139.47171766524386,3.0,2014,12,-139.47171766524386
2014-08-07,-169.30417142425878,0.0,2.1474059459421135,-171.4515773702009,3.0,2014,12,-171.4515773702009
2014-08-08,731.3802901080385,0.0,2.1474059459421135,729.2328841620964,3.0,2014,12,729.2328841620964
2014-08-11,487.3455572577517,0.0,2.1474059459421135,485.19815131180957,3.0,2014,12,485.19815131180957
2014-08-12,-209.05192817950532,0.0,2.1474059459421135,-211.19933412544745,3.0,2014,12,-211.19933412544745
2014-08-13,894.0619394885056,0.0,2.1474059459421135,891.9145335425635,3.0,2014,12,891.9145335425635
2014-08-14,858.8648459180794,0.0,2.1474059459421135,856.7174399721373,3.0,2014,12,856.7174399721373
2014-08-15,349.36349089588236,0.0,2.1474059459421135,347.21608494994024,3.0,2014,12,347.21608494994024
2014-08-18,459.5329630510641,0.0,2.1474059459421135,457.38555710512196,3.0,2014,12,457.38555710512196
2014-08-19,-35.785960748820735,0.0,2.1474059459421135,-37.933366694762846,3.0,2014,12,-37.933366694762846
2014-08-20,-404.27608031179466,0.0,2.1474059459421135,-406.4234862577368,3.0,2014,12,-406.4234862577368
2014-08-21,431.3164750727542,0.0,2.1474059459421135,429.1690691268121,3.0,2014,12,429.1690691268121
2014-08-22,-266.28865248185014,0.0,2.1474059459421135,-268.43605842779226,3.0,2014,12,-268.43605842779226
2014-08-25,250.68099688429004,0.0,2.1474059459421135,248.5335909383479,3.0,2014,12,248.5335909383479
2014-08-26,-33.40211260626036,0.0,2.1474059459421135,-35.54951855220247,3.0,2014,12,-35.54951855220247
2014-08-27,354.7918483817906,0.0,2.1474059459421135,352.6444424358485,3.0,2014,12,352.6444424358485
2014-08-28,-179.074971183949,0.0,2.1474059459421135,-181.22237712989113,3.0,2014,12,-181.22237712989113
2014-08-29,-92.62268133504783,0.0,2.1474059459421135,-94.77008728098994,3.0,2014,12,-94.77008728098994
2014-09-02,58.854140346140476,67.4466348351307,2.1474059459421135,-10.739900434932332,3.0,2014,12,-44.46321785249771
2014-09-03,-27.23926043899935,0.0,2.990906875624475,-30.230167314623824,2.999999999999999,2014,12,-30.230167314623824
2014-09-04,-383.3135616445193,0.0,2.990906875624475,-386.3044685201438,2.999999999999999,2014,12,-386.3044685201438
2014-09-05,245.7582023878668,0.0,2.990906875624475,242.7672955122423,2.999999999999999,2014,12,242.7672955122423
2014-09-08,-194.06403834595594,0.0,2.990906875624475,-197.0549452215804,2.999999999999999,2014,12,-197.0549452215804
2014-09-09,-888.0433633600499,0.0,2.990906875624475,-891.0342702356743,2.999999999999999,2014,12,-891.0342702356743
2014-09-10,171.44141051426956,0.0,2.990906875624475,168.4505036386451,2.999999999999999,2014,12,168.4505036386451
2014-09-11,-117.335663588554,0.0,2.990906875624475,-120.32657046417847,2.999999999999999,2014,12,-120.32657046417847
2014-09-12,-896.8113538415868,0.0,2.990906875624475,-899.8022607172112,2.999999999999999,2014,12,-899.8022607172112
2014-09-15,-371.4059049395358,0.0,2.990906875624475,-374.3968118151603,2.999999999999999,2014,12,-374.3968118151603
2014-09-16,293.2767311668708,0.0,2.990906875624475,290.2858242912463,2.999999999999999,2014,12,290.2858242912463
2014-09-17,-190.67440723664265,0.0,2.990906875624475,-193.66531411226714,2.999999999999999,2014,12,-193.66531411226714
2014-09-18,576.5281199754302,0.0,2.990906875624475,573.5372130998057,2.999999999999999,2014,12,573.5372130998057
2014-09-19,492.0750077406984,0.0,2.990906875624475,489.08410086507394,2.999999999999999,2014,12,489.08410086507394
2014-09-22,-499.7963308453595,0.0,2.990906875624475,-502.78723772098397,2.999999999999999,2014,12,-502.78723772098397
2014-09-23,-320.6126593453858,0.0,2.990906875624475,-323.6035662210103,2.999999999999999,2014,12,-323.6035662210103
2014-09-24,159.13604894284776,0.0,2.990906875624475,156.14514206722328,2.999999999999999,2014,12,156.14514206722328
2014-09-25,-814.7199794555007,0.0,2.990906875624475,-817.7108863311252,2.999999999999999,2014,12,-817.7108863311252
2014-09-26,261.2266126114616,0.0,2.990906875624475,258.2357057358371,2.999999999999999,2014,12,258.2357057358371
2014-09-29,-403.38963657059486,0.0,2.990906875624475,-406.38054344621935,2.999999999999999,2014,12,-406.38054344621935
2014-09-30,659.3279561311994,0.0,2.990906875624475,656.3370492555749,2.999999999999999,2014,12,656.3370492555749
2014-10-01,-164.20061645044225,98.25483378670896,2.990906875624475,-265.44635711277573,2.999999999999999,2014,12,-314.57377400613024
2014-10-02,-722.7158478089967,0.0,2.4973540917584716,-725.2132019007552,2.9999999999999996,2014,12,-725.2132019007552
2014-10-03,2266.2344293410642,0.0,2.4973540917584716,2263.7370752493057,2.9999999999999996,2014,12,2263.7370752493057
2014-10-06,-1163.8177457481022,0.0,2.4973540917584716,-1166.3150998398607,2.9999999999999996,2014,12,-1166.3150998398607
2014-10-07,-585.8454060939007,0.0,2.4973540917584716,-588.3427601856591,2.9999999999999996,2014,12,-588.3427601856591
2014-10-08,1328.042239419386,0.0,2.4973540917584716,1325.5448853276275,2.9999999999999996,2014,12,1325.5448853276275
2014-10-09,-1237.8625698528563,0.0,2.4973540917584716,-1240.3599239446148,2.9999999999999996,2014,12,-1240.3599239446148
2014-10-10,-473.89028253686786,0.0,2.4973540917584716,-476.38763662862635,2.9999999999999996,2014,12,-476.38763662862635
2014-10-13,-742.424321623312,0.0,2.4973540917584716,-744.9216757150705,2.9999999999999996,2014,12,-744.9216757150705
2014-10-14,1318.1330542841185,0.0,2.4973540917584716,1315.63570019236,2.9999999999999996,2014,12,1315.63570019236
2014-10-15,-742.540448666722,0.0,2.4973540917584716,-745.0378027584804,2.9999999999999996,2014,12,-745.0378027584804
2014-10-16,-322.5325760513825,0.0,2.4973540917584716,-325.029930143141,2.9999999999999996,2014,12,-325.029930143141
2014-10-17,889.4067019711537,0.0,2.4973540917584716,886.9093478793952,2.9999999999999996,2014,12,886.9093478793952
2014-10-20,894.2358873313237,0.0,2.4973540917584716,891.7385332395653,2.9999999999999996,2014,12,891.7385332395653
2014-10-21,991.3370051674385,0.0,2.4973540917584716,988.8396510756801,2.9999999999999996,2014,12,988.8396510756801
2014-10-22,169.27244905752775,0.0,2.4973540917584716,166.77509496576928,2.9999999999999996,2014,12,166.77509496576928
2014-10-23,337.1062682772693,0.0,2.4973540917584716,334.6089141855108,2.9999999999999996,2014,12,334.6089141855108
2014-10-24,422.81982281412945,0.0,2.4973540917584716,420.32246872237096,2.9999999999999996,2014,12,420.32246872237096
2014-10-27,-156.69683439092842,0.0,2.4973540917584716,-159.19418848268688,2.9999999999999996,2014,12,-159.19418848268688
2014-10-28,444.3112425049074,0.0,2.4973540917584716,441.8138884131489,2.9999999999999996,2014,12,441.8138884131489
2014-10-29,209.49259164629743,0.0,2.4973540917584716,206.99523755453896,2.9999999999999996,2014,12,206.99523755453896
2014-10-30,1168.257982775432,0.0,2.4973540917584716,1165.7606286836735,2.9999999999999996,2014,12,1165.7606286836735
2014-10-31,2475.3110017620916,0.0,2.4973540917584716,2472.813647670333,2.9999999999999996,2014,12,2472.813647670333
2014-11-03,971.6049503230938,28.03982287770035,2.4973540917584716,941.0677733536351,2.9999999999999996,2014,12,927.0478619147849
2014-11-04,-232.2495303839032,0.0,2.2974598066727085,-234.5469901905759,2.8529458681506155,2014,12,-234.5469901905759
2014-11-05,825.2288802661602,0.0,2.2974598066727085,822.9314204594875,2.8529458681506155,2014,12,822.9314204594875
2014-11-06,-97.86752371314718,0.0,2.2974598066727085,-100.16498351981988,2.8529458681506155,2014,12,-100.16498351981988
2014-11-07,-197.97203795948155,0.0,2.2974598066727085,-200.26949776615427,2.8529458681506155,2014,12,-200.26949776615427
2014-11-10,528.2863452104148,0.0,2.2974598066727085,525.9888854037421,2.8529458681506155,2014,12,525.9888854037421
2014-11-11,-380.10892564523664,0.0,2.2974598066727085,-382.40638545190933,2.8529458681506155,2014,12,-382.40638545190933
2014-11-12,-7.594100678712375,0.0,2.2974598066727085,-9.891560485385083,2.8529458681506155,2014,12,-9.891560485385083
2014-11-13,395.3771535280957,0.0,2.2974598066727085,393.079693721423,2.8529458681506155,2014,12,393.079693721423
2014-11-14,-823.0013029373758,0.0,2.2974598066727085,-825.2987627440485,2.8529458681506155,2014,12,-825.2987627440485
2014-11-17,-23.630176257884806,0.0,2.2974598066727085,-25.927636064557515,2.8529458681506155,2014,12,-25.927636064557515
2014-11-18,414.55165544053983,0.0,2.2974598066727085,412.25419563386714,2.8529458681506155,2014,12,412.25419563386714
2014-11-19,-216.62253893256897,0.0,2.2974598066727085,-218.9199987392417,2.8529458681506155,2014,12,-218.9199987392417
2014-11-20,-90.96310200028616,0.0,2.2974598066727085,-93.26056180695886,2.8529458681506155,2014,12,-93.26056180695886
2014-11-21,959.7428454190476,0.0,2.2974598066727085,957.4453856123749,2.8529458681506155,2014,12,957.4453856123749
2014-11-24,579.8983106947198,0.0,2.2974598066727085,577.6008508880471,2.8529458681506155,2014,12,577.6008508880471
2014-11-25,478.16531281189134,0.0,2.2974598066727085,475.86785300521865,2.8529458681506155,2014,12,475.86785300521865
2014-11-26,507.8091415596374,0.0,2.2974598066727085,505.5116817529647,2.8529458681506155,2014,12,505.5116817529647
2014-11-28,2001.1130213972644,0.0,2.2974598066727085,1998.8155615905916,2.8529458681506155,2014,12,1998.8155615905916
2014-12-01,-2414.7802733143635,35.42409985589834,2.2974598066727085,-2452.5018329769346,2.8529458681506155,2014,12,-2470.2138829048836
2014-12-02,716.1787885535838,0.0,2.3745630566886198,713.8042254968951,2.999999999999999,2014,12,713.8042254968951
2014-12-03,606.862112772085,0.0,2.3745630566886198,604.4875497153963,2.999999999999999,2014,12,604.4875497153963
2014-12-04,226.0639867075273,0.0,2.3745630566886198,223.68942365083868,2.999999999999999,2014,12,223.68942365083868
2014-12-05,329.20352956696973,0.0,2.3745630566886198,326.82896651028113,2.999999999999999,2014,12,326.82896651028113
2014-12-08,155.26586679561424,0.0,2.3745630566886198,152.89130373892561,2.999999999999999,2014,12,152.89130373892561
2014-12-09,-480.1409150917221,0.0,2.3745630566886198,-482.5154781484107,2.999999999999999,2014,12,-482.5154781484107
2014-12-10,-827.1101914848141,0.0,2.3745630566886198,-829.4847545415028,2.999999999999999,2014,12,-829.4847545415028
2014-12-11,567.4366686879874,0.0,2.3745630566886198,565.0621056312988,2.999999999999999,2014,12,565.0621056312988
2014-12-12,-547.7446454491479,0.0,2.3745630566886198,-550.1192085058366,2.999999999999999,2014,12,-550.1192085058366
2014-12-15,112.90730993323298,0.0,2.3745630566886198,110.53274687654437,2.999999999999999,2014,12,110.53274687654437
2014-12-16,-163.77374976566466,0.0,2.3745630566886198,-166.1483128223533,2.999999999999999,2014,12,-166.1483128223533
2014-12-17,2112.6823086819472,0.0,2.3745630566886198,2110.3077456252586,2.999999999999999,2014,12,2110.3077456252586
2014-12-18,708.1189147146538,0.0,2.3745630566886198,705.7443516579651,2.999999999999999,2014,12,705.7443516579651
2014-12-19,661.6568706072773,0.0,2.3745630566886198,659.2823075505886,2.999999999999999,2014,12,659.2823075505886
2014-12-22,1439.2856099579903,0.0,2.3745630566886198,1436.9110469013017,2.999999999999999,2014,12,1436.9110469013017
2014-12-23,-993.1844481563649,0.0,2.3745630566886198,-995.5590112130535,2.999999999999999,2014,12,-995.5590112130535
2014-12-24,415.12536538307586,0.0,2.3745630566886198,412.75080232638726,2.999999999999999,2014,12,412.75080232638726
2014-12-26,114.43012182777268,0.0,2.3745630566886198,112.05555877108407,2.999999999999999,2014,12,112.05555877108407
2014-12-29,885.1264372579219,0.0,2.3745630566886198,882.7518742012332,2.999999999999999,2014,12,882.7518742012332
2014-12-30,-715.8414669869505,0.0,2.3745630566886198,-718.2160300436392,2.999999999999999,2014,12,-718.2160300436392
2014-12-31,198.82888835261718,0.0,2.3745630566886198,196.45432529592856,2.999999999999999,2014,12,196.45432529592856
2015-01-02,1259.9677717462116,33.99322699879377,2.3745630566886198,1223.5999816907292,2.999999999999999,2014,12,1206.6033681913323
2015-01-05,658.7731415129742,0.0,3.0314600535729235,655.7416814594013,3.0000000000000004,2014,12,655.7416814594013
2015-01-06,523.3185953324871,0.0,3.0314600535729235,520.2871352789142,3.0000000000000004,2014,12,520.2871352789142
2015-01-07,631.7310820267311,0.0,3.0314600535729235,628.6996219731582,3.0000000000000004,2014,12,628.6996219731582
2015-01-08,41.64958136402154,0.0,3.0314600535729235,38.61812131044862,3.0000000000000004,2014,12,38.61812131044862
2015-01-09,-72.65699951328206,0.0,3.0314600535729235,-75.68845956685499,3.0000000000000004,2014,12,-75.68845956685499
2015-01-12,575.1907235068325,0.0,3.0314600535729235,572.1592634532595,3.0000000000000004,2014,12,572.1592634532595
2015-01-13,-281.5525336194535,0.0,3.0314600535729235,-284.58399367302644,3.0000000000000004,2014,12,-284.58399367302644
2015-01-14,126.0732312120533,0.0,3.0314600535729235,123.04177115848037,3.0000000000000004,2014,12,123.04177115848037
2015-01-15,418.2492463906938,0.0,3.0314600535729235,415.2177863371209,3.0000000000000004,2014,12,415.2177863371209
2015-01-16,-885.6583335947124,0.0,3.0314600535729235,-888.6897936482853,3.0000000000000004,2014,12,-888.6897936482853
2015-01-20,765.9397677744968,0.0,3.0314600535729235,762.9083077209239,3.0000000000000004,2014,12,762.9083077209239
2015-01-21,-813.2409904336151,0.0,3.0314600535729235,-816.272450487188,3.0000000000000004,2014,12,-816.272450487188
2015-01-22,1350.2961655210468,0.0,3.0314600535729235,1347.2647054674737,3.0000000000000004,2014,12,1347.2647054674737
2015-01-23,1659.5953028472784,0.0,3.0314600535729235,1656.5638427937054,3.0000000000000004,2014,12,1656.5638427937054
2015-01-26,71.194898352238,0.0,3.0314600535729235,68.16343829866507,3.0000000000000004,2014,12,68.16343829866507
2015-01-27,-1124.5747862484889,0.0,3.0314600535729235,-1127.606246302062,3.0000000000000004,2014,12,-1127.606246302062
2015-01-28,1300.3242161429282,0.0,3.0314600535729235,1297.2927560893552,3.0000000000000004,2014,12,1297.2927560893552
2015-01-29,759.3394993817398,0.0,3.0314600535729235,756.3080393281668,3.0000000000000004,2014,12,756.3080393281668
2015-01-30,-74.24839444757548,0.0,3.0314600535729235,-77.2798545011484,3.0000000000000004,2014,12,-77.2798545011484
2015-02-02,-501.9938826055057,55.57648027294095,3.0314600535729235,-560.6018229320196,3.0000000000000004,2014,12,-588.39006306849
2015-02-03,-1200.0787968724533,0.0,2.0637079281584443,-1202.1425048006117,2.743395909303666,2014,12,-1202.1425048006117
2015-02-04,769.0966409119042,0.0,2.0637079281584443,767.0329329837457,2.743395909303666,2014,12,767.0329329837457
2015-02-05,-447.0392414822587,0.0,2.0637079281584443,-449.1029494104172,2.743395909303666,2014,12,-449.1029494104172
2015-02-06,-993.5057036994721,0.0,2.0637079281584443,-995.5694116276305,2.743395909303666,2014,12,-995.5694116276305
2015-02-09,-653.2141390166375,0.0,2.0637079281584443,-655.277846944796,2.743395909303666,2014,12,-655.277846944796
2015-02-10,583.8008767863525,0.0,2.0637079281584443,581.7371688581941,2.743395909303666,2014,12,581.7371688581941
2015-02-11,409.40750154586783,0.0,2.0637079281584443,407.34379361770937,2.743395909303666,2014,12,407.34379361770937
2015-02-12,-337.3507807553899,0.0,2.0637079281584443,-339.41448868354837,2.743395909303666,2014,12,-339.41448868354837
2015-02-13,-398.63252442803116,0.0,2.0637079281584443,-400.6962323561896,2.743395909303666,2014,12,-400.6962323561896
2015-02-17,-724.332407043422,0.0,2.0637079281584443,-726.3961149715805,2.743395909303666,2014,12,-726.3961149715805
2015-02-18,918.3725165654153,0.0,2.0637079281584443,916.3088086372568,2.743395909303666,2014,12,916.3088086372568
2015-02-19,-110.67389908548968,0.0,2.0637079281584443,-112.73760701364813,2.743395909303666,2014,12,-112.73760701364813
2015-02-20,429.03449988774753,0.0,2.0637079281584443,426.97079195958906,2.743395909303666,2014,12,426.97079195958906
2015-02-23,722.3305511407958,0.0,2.0637079281584443,720.2668432126374,2.743395909303666,2014,12,720.2668432126374
2015-02-24,532.6679390636365,0.0,2.0637079281584443,530.604231135478,2.743395909303666,2014,12,530.604231135478
2015-02-25,-365.2761946171907,0.0,2.0637079281584443,-367.33990254534916,2.743395909303666,2014,12,-367.33990254534916
2015-02-26,516.9456469548925,0.0,2.0637079281584443,514.881939026734,2.743395909303666,2014,12,514.881939026734
2015-02-27,197.80766255997258,0.0,2.0637079281584443,195.74395463181415,2.743395909303666,2014,12,195.74395463181415
2015-03-02,-268.2991356706623,44.922905009128804,2.0637079281584443,-315.28574860794953,2.743395909303666,2014,12,-337.74720111251395
2015-03-03,-575.449779446728,0.0,1.7391394005614882,-577.1889188472895,2.355046960695804,2014,12,-577.1889188472895
2015-03-04,-151.74278919539148,0.0,1.7391394005614882,-153.48192859595298,2.355046960695804,2014,12,-153.48192859595298
2015-03-05,514.1804022380551,0.0,1.7391394005614882,512.4412628374936,2.355046960695804,2014,12,512.4412628374936
2015-03-06,-909.7922683631224,0.0,1.7391394005614882,-911.5314077636839,2.355046960695804,2014,12,-911.5314077636839
2015-03-09,406.8553629738375,0.0,1.7391394005614882,405.116223573276,2.355046960695804,2014,12,405.116223573276
2015-03-10,15.064594646219012,0.0,1.7391394005614882,13.325455245657524,2.355046960695804,2014,12,13.325455245657524
2015-03-11,1026.4540534070177,0.0,1.7391394005614882,1024.7149140064562,2.355046960695804,2014,12,1024.7149140064562
2015-03-12,451.5732733598624,0.0,1.7391394005614882,449.8341339593009,2.355046960695804,2014,12,449.8341339593009
2015-03-13,186.05573547298255,0.0,1.7391394005614882,184.31659607242105,2.355046960695804,2014,12,184.31659607242105
2015-03-16,605.4736473110256,0.0,1.7391394005614882,603.7345079104641,2.355046960695804,2014,12,603.7345079104641
2015-03-17,392.9672002047967,0.0,1.7391394005614882,391.2280608042352,2.355046960695804,2014,12,391.2280608042352
2015-03-18,481.17556786749554,0.0,1.7391394005614882,479.43642846693405,2.355046960695804,2014,12,479.43642846693405
2015-03-19,305.32744369319244,0.0,1.7391394005614882,303.58830429263094,2.355046960695804,2014,12,303.58830429263094
2015-03-20,103.27301964347846,0.0,1.7391394005614882,101.53388024291698,2.355046960695804,2014,12,101.53388024291698
2015-03-23,-745.5925012384033,0.0,1.7391394005614882,-747.3316406389648,2.355046960695804,2014,12,-747.3316406389648
2015-03-24,303.56331088942665,0.0,1.7391394005614882,301.82417148886515,2.355046960695804,2014,12,301.82417148886515
2015-03-25,-1370.0343850256256,0.0,1.7391394005614882,-1371.7735244261871,2.355046960695804,2014,12,-1371.7735244261871
2015-03-26,-999.5231268296034,0.0,1.7391394005614882,-1001.2622662301649,2.355046960695804,2014,12,-1001.2622662301649
2015-03-27,975.8468775108537,0.0,1.7391394005614882,974.1077381102922,2.355046960695804,2014,12,974.1077381102922
2015-03-30,1264.3903591934613,0.0,1.7391394005614882,1262.6512197928998,2.355046960695804,2014,12,1262.6512197928998
2015-03-31,-174.1109251820044,0.0,1.7391394005614882,-175.8500645825659,2.355046960695804,2014,12,-175.8500645825659
2015-04-01,124.22560850760013,26.471893215542707,1.7391394005614882,96.01457589149594,2.355046960695804,2014,12,82.77862928372458
2015-04-02,-77.54160667268714,0.0,2.0874852669834216,-79.62909193967056,2.4673587933814973,2014,12,-79.62909193967056
2015-04-06,-155.80837781458206,0.0,2.0874852669834216,-157.8958630815655,2.4673587933814973,2014,12,-157.8958630815655
2015-04-07,397.909447071813,0.0,2.0874852669834216,395.8219618048296,2.4673587933814973,2014,12,395.8219618048296
2015-04-08,700.5791862793366,0.0,2.0874852669834216,698.4917010123531,2.4673587933814973,2014,12,698.4917010123531
2015-04-09,61.2339604213923,0.0,2.0874852669834216,59.146475154408876,2.4673587933814973,2014,12,59.146475154408876
2015-04-10,-99.12287567070547,0.0,2.0874852669834216,-101.21036093768889,2.4673587933814973,2014,12,-101.21036093768889
2015-04-13,190.28957972867207,0.0,2.0874852669834216,188.20209446168863,2.4673587933814973,2014,12,188.20209446168863
2015-04-14,-26.25461926519575,0.0,2.0874852669834216,-28.34210453217917,2.4673587933814973,2014,12,-28.34210453217917
2015-04-15,-311.2373358680957,0.0,2.0874852669834216,-313.32482113507916,2.4673587933814973,2014,12,-313.32482113507916
2015-04-16,-471.2217728027076,0.0,2.0874852669834216,-473.30925806969105,2.4673587933814973,2014,12,-473.30925806969105
2015-04-17,-386.8082124986062,0.0,2.0874852669834216,-388.89569776558966,2.4673587933814973,2014,12,-388.89569776558966
2015-04-20,688.01475530277,0.0,2.0874852669834216,685.9272700357866,2.4673587933814973,2014,12,685.9272700357866
2015-04-21,141.78661433802932,0.0,2.0874852669834216,139.6991290710459,2.4673587933814973,2014,12,139.6991290710459
2015-04-22,-127.06969622452863,0.0,2.0874852669834216,-129.15718149151206,2.4673587933814973,2014,12,-129.15718149151206
2015-04-23,-194.92592418469735,0.0,2.0874852669834216,-197.0134094516808,2.4673587933814973,2014,12,-197.0134094516808
2015-04-24,416.4842943559631,0.0,2.0874852669834216,414.39680908897964,2.4673587933814973,2014,12,414.39680908897964
2015-04-27,-718.2199335875599,0.0,2.0874852669834216,-720.3074188545434,2.4673587933814973,2014,12,-720.3074188545434
2015-04-28,-1087.2718045690544,0.0,2.0874852669834216,-1089.3592898360378,2.4673587933814973,2014,12,-1089.3592898360378
2015-04-29,-1285.1053355305332,0.0,2.0874852669834216,-1287.1928207975166,2.4673587933814973,2014,12,-1287.1928207975166
2015-04-30,-669.3768739047307,0.0,2.0874852669834216,-671.4643591717141,2.4673587933814973,2014,12,-671.4643591717141
2015-05-01,376.5502495615867,20.17581511094809,2.0874852669834216,354.2869491836552,2.4673587933814973,2014,12,344.19904162818113
2015-05-04,-178.3676965843862,0.0,1.6976484063876196,-180.06534499077384,2.3347617905093805,2014,12,-180.06534499077384
2015-05-05,-1521.6103480542463,0.0,1.6976484063876196,-1523.3079964606338,2.3347617905093805,2014,12,-1523.3079964606338
2015-05-06,-1149.5903381630571,0.0,1.6976484063876196,-1151.2879865694447,2.3347617905093805,2014,12,-1151.2879865694447
2015-05-07,1198.6481818074594,0.0,1.6976484063876196,1196.9505334010719,2.3347617905093805,2014,12,1196.9505334010719
2015-05-08,1332.0127483467916,0.0,1.6976484063876196,1330.315099940404,2.3347617905093805,2014,12,1330.315099940404
2015-05-11,-1169.350808290574,0.0,1.6976484063876196,-1171.0484566969615,2.3347617905093805,2014,12,-1171.0484566969615
2015-05-12,-633.8759456031288,0.0,1.6976484063876196,-635.5735940095165,2.3347617905093805,2014,12,-635.5735940095165
2015-05-13,-889.1931746568874,0.0,1.6976484063876196,-890.8908230632751,2.3347617905093805,2014,12,-890.8908230632751
2015-05-14,819.9330618799963,0.0,1.6976484063876196,818.2354134736087,2.3347617905093805,2014,12,818.2354134736087
2015-05-15,839.3511339301049,0.0,1.6976484063876196,837.6534855237172,2.3347617905093805,2014,12,837.6534855237172
2015-05-18,-70.74340953355204,0.0,1.6976484063876196,-72.44105793993965,2.3347617905093805,2014,12,-72.44105793993965
2015-05-19,538.0370371359469,0.0,1.6976484063876196,536.3393887295592,2.3347617905093805,2014,12,536.3393887295592
2015-05-20,289.8887451853682,0.0,1.6976484063876196,288.1910967789806,2.3347617905093805,2014,12,288.1910967789806
2015-05-21,308.64874344670227,0.0,1.6976484063876196,306.95109504031467,2.3347617905093805,2014,12,306.95109504031467
2015-05-22,400.31290930355874,0.0,1.6976484063876196,398.61526089717114,2.3347617905093805,2014,12,398.61526089717114
2015-05-26,627.4303267695643,0.0,1.6976484063876196,625.7326783631767,2.3347617905093805,2014,12,625.7326783631767
2015-05-27,877.7871736854102,0.0,1.6976484063876196,876.0895252790225,2.3347617905093805,2014,12,876.0895252790225
2015-05-28,-270.911549698447,0.0,1.6976484063876196,-272.6091981048346,2.3347617905093805,2014,12,-272.6091981048346
2015-05-29,-640.2978292534528,0.0,1.6976484063876196,-641.9954776598405,2.3347617905093805,2014,12,-641.9954776598405
2015-06-01,62.3192185584288,57.29932499477789,1.6976484063876196,3.322245157263291,2.3347617905093805,2014,12,-25.327417340125642
2015-06-02,-1406.5534086599057,0.0,2.6187766367103325,-1409.1721852966161,2.4126398114179852,2014,12,-1409.1721852966161
2015-06-03,-183.0274869440328,0.0,2.6187766367103325,-185.64626358074312,2.4126398114179852,2014,12,-185.64626358074312
2015-06-04,404.9811411896551,0.0,2.6187766367103325,402.36236455294477,2.4126398114179852,2014,12,402.36236455294477
2015-06-05,-71.95313122729696,0.0,2.6187766367103325,-74.5719078640073,2.4126398114179852,2014,12,-74.5719078640073
2015-06-08,-910.507276136069,0.0,2.6187766367103325,-913.1260527727793,2.4126398114179852,2014,12,-913.1260527727793
2015-06-09,-630.8654363041239,0.0,2.6187766367103325,-633.4842129408343,2.4126398114179852,2014,12,-633.4842129408343
2015-06-10,-86.25467510006025,0.0,2.6187766367103325,-88.87345173677059,2.4126398114179852,2014,12,-88.87345173677059
2015-06-11,1046.5222583153618,0.0,2.6187766367103325,1043.9034816786514,2.4126398114179852,2014,12,1043.9034816786514
2015-06-12,-282.38043950946934,0.0,2.6187766367103325,-284.99921614617966,2.4126398114179852,2014,12,-284.99921614617966
2015-06-15,-362.1026994603927,0.0,2.6187766367103325,-364.72147609710305,2.4126398114179852,2014,12,-364.72147609710305
2015-06-16,538.6701192176816,0.0,2.6187766367103325,536.0513425809713,2.4126398114179852,2014,12,536.0513425809713
2015-06-17,-455.27252007762974,0.0,2.6187766367103325,-457.89129671434006,2.4126398114179852,2014,12,-457.89129671434006
2015-06-18,192.67046988863285,0.0,2.6187766367103325,190.05169325192253,2.4126398114179852,2014,12,190.05169325192253
2015-06-19,413.8217634670611,0.0,2.6187766367103325,411.20298683035077,2.4126398114179852,2014,12,411.20298683035077
2015-06-22,179.8467246391659,0.0,2.6187766367103325,177.22794800245558,2.4126398114179852,2014,12,177.22794800245558
2015-06-23,294.8337727069459,0.0,2.6187766367103325,292.2149960702356,2.4126398114179852,2014,12,292.2149960702356
2015-06-24,-212.88788180791875,0.0,2.6187766367103325,-215.50665844462907,2.4126398114179852,2014,12,-215.50665844462907
2015-06-25,-340.6775138224168,0.0,2.6187766367103325,-343.29629045912714,2.4126398114179852,2014,12,-343.29629045912714
2015-06-26,17.338176804751384,0.0,2.6187766367103325,14.719400168041052,2.4126398114179852,2014,12,14.719400168041052
2015-06-29,-1144.988294475823,0.0,2.6187766367103325,-1147.6070711125335,2.4126398114179852,2014,12,-1147.6070711125335
2015-06-30,-58.30034976874052,0.0,2.6187766367103325,-60.91912640545085,2.4126398114179852,2014,12,-60.91912640545085
2015-07-01,966.43114208604,51.02176284273874,2.6187766367103325,912.7906026065909,2.4126398114179852,2015,12,887.2797211852217
2015-07-02,-139.0248416009112,0.0,3.97392471738206,-142.99876631829326,2.640682854280788,2015,12,-142.99876631829326
2015-07-06,1474.184004047321,0.0,3.97392471738206,1470.210079329939,2.640682854280788,2015,12,1470.210079329939
2015-07-07,1148.533056190656,0.0,3.97392471738206,1144.559131473274,2.640682854280788,2015,12,1144.559131473274
2015-07-08,-456.79968182562334,0.0,3.97392471738206,-460.77360654300537,2.640682854280788,2015,12,-460.77360654300537
2015-07-09,-769.5742125297137,0.0,3.97392471738206,-773.5481372470957,2.640682854280788,2015,12,-773.5481372470957
2015-07-10,-406.64202484887795,0.0,3.97392471738206,-410.61594956626,2.640682854280788,2015,12,-410.61594956626
2015-07-13,990.5977099959206,0.0,3.97392471738206,986.6237852785385,2.640682854280788,2015,12,986.6237852785385
2015-07-14,236.32839444100782,0.0,3.97392471738206,232.35446972362575,2.640682854280788,2015,12,232.35446972362575
2015-07-15,945.056204873374,0.0,3.97392471738206,941.082280155992,2.640682854280788,2015,12,941.082280155992
2015-07-16,584.3531251929696,0.0,3.97392471738206,580.3792004755876,2.640682854280788,2015,12,580.3792004755876
2015-07-17,611.8898479857744,0.0,3.97392471738206,607.9159232683924,2.640682854280788,2015,12,607.9159232683924
2015-07-20,751.471276437515,0.0,3.97392471738206,747.497351720133,2.640682854280788,2015,12,747.497351720133
2015-07-21,-438.80054670642375,0.0,3.97392471738206,-442.7744714238058,2.640682854280788,2015,12,-442.7744714238058
2015-07-22,840.8951524921523,0.0,3.97392471738206,836.9212277747703,2.640682854280788,2015,12,836.9212277747703
2015-07-23,84.14870862166295,0.0,3.97392471738206,80.17478390428089,2.640682854280788,2015,12,80.17478390428089
2015-07-24,49.68876672559422,0.0,3.97392471738206,45.71484200821216,2.640682854280788,2015,12,45.71484200821216
2015-07-27,219.2570898889943,0.0,3.97392471738206,215.28316517161224,2.640682854280788,2015,12,215.28316517161224
2015-07-28,-237.5458313502352,0.0,3.97392471738206,-241.51975606761727,2.640682854280788,2015,12,-241.51975606761727
2015-07-29,-19.612654874298542,0.0,3.97392471738206,-23.586579591680604,2.640682854280788,2015,12,-23.586579591680604
2015-07-30,464.7269156135933,0.0,3.97392471738206,460.75299089621126,2.640682854280788,2015,12,460.75299089621126
2015-07-31,316.4677316927048,0.0,3.97392471738206,312.49380697532274,2.640682854280788,2015,12,312.49380697532274
2015-08-03,943.6635889132106,43.939354130141126,3.97392471738206,895.7503100656874,2.640682854280788,2015,12,873.7806330006168
2015-08-04,-411.93225965861956,0.0,2.767068265065152,-414.69932792368473,2.478585898307004,2015,12,-414.69932792368473
2015-08-05,180.8243696978849,0.0,2.767068265065152,178.05730143281974,2.478585898307004,2015,12,178.05730143281974
2015-08-06,-414.3609713544662,0.0,2.767068265065152,-417.12803961953136,2.478585898307004,2015,12,-417.12803961953136
2015-08-07,-115.74618097341514,0.0,2.767068265065152,-118.51324923848028,2.478585898307004,2015,12,-118.51324923848028
2015-08-10,-355.27523022925044,0.0,2.767068265065152,-358.0422984943156,2.478585898307004,2015,12,-358.0422984943156
2015-08-11,88.46183624737859,0.0,2.767068265065152,85.69476798231344,2.478585898307004,2015,12,85.69476798231344
2015-08-12,-745.4191734772585,0.0,2.767068265065152,-748.1862417423237,2.478585898307004,2015,12,-748.1862417423237
2015-08-13,272.6021841679993,0.0,2.767068265065152,269.83511590293415,2.478585898307004,2015,12,269.83511590293415
2015-08-14,455.02163015918325,0.0,2.767068265065152,452.25456189411807,2.478585898307004,2015,12,452.25456189411807
2015-08-17,616.7465891906683,0.0,2.767068265065152,613.9795209256031,2.478585898307004,2015,12,613.9795209256031
2015-08-18,-20.7686226107103,0.0,2.767068265065152,-23.53569087577545,2.478585898307004,2015,12,-23.53569087577545
2015-08-19,-520.9393813382667,0.0,2.767068265065152,-523.7064496033319,2.478585898307004,2015,12,-523.7064496033319
2015-08-20,-1710.1687292794866,0.0,2.767068265065152,-1712.9357975445516,2.478585898307004,2015,12,-1712.9357975445516
2015-08-21,-1616.8309535783958,0.0,2.767068265065152,-1619.5980218434609,2.478585898307004,2015,12,-1619.5980218434609
2015-08-24,-2205.2774153073515,0.0,2.767068265065152,-2208.0444835724165,2.478585898307004,2015,12,-2208.0444835724165
2015-08-25,-324.81468885945213,0.0,2.767068265065152,-327.5817571245173,2.478585898307004,2015,12,-327.5817571245173
2015-08-26,2714.9110195953513,0.0,2.767068265065152,2712.143951330286,2.478585898307004,2015,12,2712.143951330286
2015-08-27,429.11171282381713,0.0,2.767068265065152,426.34464455875195,2.478585898307004,2015,12,426.34464455875195
2015-08-28,-206.80048327469942,0.0,2.767068265065152,-209.56755153976457,2.478585898307004,2015,12,-209.56755153976457
2015-08-31,-1349.2024956529935,0.0,2.767068265065152,-1351.9695639180586,2.478585898307004,2015,12,-1351.9695639180586
2015-09-01,-996.8302029577343,79.74688370336209,2.767068265065152,-1079.3441549261615,2.478585898307004,2015,12,-1119.2175967778426
2015-09-02,507.50406759918116,0.0,4.806159047430183,502.69790855175097,2.659671297542095,2015,12,502.69790855175097
2015-09-03,131.31253062856348,0.0,4.806159047430183,126.5063715811333,2.659671297542095,2015,12,126.5063715811333
2015-09-04,13.33208908934117,0.0,4.806159047430183,8.525930041910987,2.659671297542095,2015,12,8.525930041910987
2015-09-08,-11.340110408021316,0.0,4.806159047430183,-16.1462694554515,2.659671297542095,2015,12,-16.1462694554515
2015-09-09,184.85097151662978,0.0,4.806159047430183,180.0448124691996,2.659671297542095,2015,12,180.0448124691996
2015-09-10,-557.7786106420934,0.0,4.806159047430183,-562.5847696895236,2.659671297542095,2015,12,-562.5847696895236
2015-09-11,252.22144580895957,0.0,4.806159047430183,247.4152867615294,2.659671297542095,2015,12,247.4152867615294
2015-09-14,216.31454937974104,0.0,4.806159047430183,211.50839033231085,2.659671297542095,2015,12,211.50839033231085
2015-09-15,469.92417270489636,0.0,4.806159047430183,465.1180136574662,2.659671297542095,2015,12,465.1180136574662
2015-09-16,-785.9095064196605,0.0,4.806159047430183,-790.7156654670906,2.659671297542095,2015,12,-790.7156654670906
2015-09-17,-561.8002117604351,0.0,4.806159047430183,-566.6063708078652,2.659671297542095,2015,12,-566.6063708078652
2015-09-18,346.60357306245743,0.0,4.806159047430183,341.79741401502724,2.659671297542095,2015,12,341.79741401502724
2015-09-21,508.98881390712006,0.0,4.806159047430183,504.1826548596899,2.659671297542095,2015,12,504.1826548596899
2015-09-22,512.4603297561197,0.0,4.806159047430183,507.6541707086895,2.659671297542095,2015,12,507.6541707086895
2015-09-23,525.6843071110038,0.0,4.806159047430183,520.8781480635737,2.659671297542095,2015,12,520.8781480635737
2015-09-24,-623.2235454193826,0.0,4.806159047430183,-628.0297044668127,2.659671297542095,2015,12,-628.0297044668127
2015-09-25,335.00035062297457,0.0,4.806159047430183,330.1941915755444,2.659671297542095,2015,12,330.1941915755444
2015-09-28,493.8772145710771,0.0,4.806159047430183,489.0710555236469,2.659671297542095,2015,12,489.0710555236469
2015-09-29,-299.34355137770393,0.0,4.806159047430183,-304.1497104251341,2.659671297542095,2015,12,-304.1497104251341
2015-09-30,330.9699701961549,0.0,4.806159047430183,326.16381114872473,2.659671297542095,2015,12,326.16381114872473
2015-10-01,226.7260534522475,53.449335155028955,4.806159047430183,168.47055924978835,2.659671297542095,2015,12,141.7458916722739
2015-10-02,-598.0797074109348,0.0,4.340942976173434,-602.4206503871083,2.7314990123577036,2015,12,-602.4206503871083
2015-10-05,-738.2389766511725,0.0,4.340942976173434,-742.5799196273459,2.7314990123577036,2015,12,-742.5799196273459
2015-10-06,-1192.6739752177439,0.0,4.340942976173434,-1197.0149181939173,2.7314990123577036,2015,12,-1197.0149181939173
2015-10-07,-340.6530817716679,0.0,4.340942976173434,-344.99402474784137,2.7314990123577036,2015,12,-344.99402474784137
2015-10-08,-380.3295126900895,0.0,4.340942976173434,-384.6704556662629,2.7314990123577036,2015,12,-384.6704556662629
2015-10-09,-444.87218348411346,0.0,4.340942976173434,-449.2131264602869,2.7314990123577036,2015,12,-449.2131264602869
2015-10-12,534.119320319829,0.0,4.340942976173434,529.7783773436555,2.7314990123577036,2015,12,529.7783773436555
2015-10-13,217.07982572084146,0.0,4.340942976173434,212.73888274466802,2.7314990123577036,2015,12,212.73888274466802
2015-10-14,-840.539193250079,0.0,4.340942976173434,-844.8801362262525,2.7314990123577036,2015,12,-844.8801362262525
2015-10-15,281.58430864749886,0.0,4.340942976173434,277.2433656713254,2.7314990123577036,2015,12,277.2433656713254
2015-10-16,424.63098887257684,0.0,4.340942976173434,420.2900458964034,2.7314990123577036,2015,12,420.2900458964034
2015-10-19,800.5978821629494,0.0,4.340942976173434,796.256939186776,2.7314990123577036,2015,12,796.256939186776
2015-10-20,-308.0411659313693,0.0,4.340942976173434,-312.3821089075427,2.7314990123577036,2015,12,-312.3821089075427
2015-10-21,546.8693151573467,0.0,4.340942976173434,542.5283721811733,2.7314990123577036,2015,12,542.5283721811733
2015-10-22,696.1538428358266,0.0,4.340942976173434,691.8128998596532,2.7314990123577036,2015,12,691.8128998596532
2015-10-23,244.5971891574845,0.0,4.340942976173434,240.25624618131107,2.7314990123577036,2015,12,240.25624618131107
2015-10-26,129.45476410309607,0.0,4.340942976173434,125.11382112692263,2.7314990123577036,2015,12,125.11382112692263
2015-10-27,291.87321628309263,0.0,4.340942976173434,287.5322733069192,2.7314990123577036,2015,12,287.5322733069192
2015-10-28,455.4946327462366,0.0,4.340942976173434,451.1536897700632,2.7314990123577036,2015,12,451.1536897700632
2015-10-29,-28.737483743704903,0.0,4.340942976173434,-33.07842671987834,2.7314990123577036,2015,12,-33.07842671987834
2015-10-30,-412.90747664424015,0.0,4.340942976173434,-417.2484196204136,2.7314990123577036,2015,12,-417.2484196204136
2015-11-02,135.87813437219563,28.15498149145779,4.340942976173434,103.3822099045644,2.7314990123577036,2015,12,89.3047191588355
2015-11-03,-223.49822140697145,0.0,3.9042789357694643,-227.40250034274092,2.7415007731941663,2015,12,-227.40250034274092
2015-11-04,868.6728846192178,0.0,3.9042789357694643,864.7686056834484,2.7415007731941663,2015,12,864.7686056834484
2015-11-05,492.97497616823506,0.0,3.9042789357694643,489.0706972324656,2.7415007731941663,2015,12,489.0706972324656
2015-11-06,716.5091052256828,0.0,3.9042789357694643,712.6048262899134,2.7415007731941663,2015,12,712.6048262899134
2015-11-09,-305.47208138816757,0.0,3.9042789357694643,-309.37636032393704,2.7415007731941663,2015,12,-309.37636032393704
2015-11-10,721.6860788562635,0.0,3.9042789357694643,717.7817999204941,2.7415007731941663,2015,12,717.7817999204941
2015-11-11,46.71624049457756,0.0,3.9042789357694643,42.8119615588081,2.7415007731941663,2015,12,42.8119615588081
2015-11-12,-417.919715602322,0.0,3.9042789357694643,-421.8239945380915,2.7415007731941663,2015,12,-421.8239945380915
2015-11-13,184.13957497257218,0.0,3.9042789357694643,180.2352960368027,2.7415007731941663,2015,12,180.2352960368027
2015-11-16,581.6942325414182,0.0,3.9042789357694643,577.7899536056487,2.7415007731941663,2015,12,577.7899536056487
2015-11-17,485.1050338263367,0.0,3.9042789357694643,481.2007548905672,2.7415007731941663,2015,12,481.2007548905672
2015-11-18,479.4023001358405,0.0,3.9042789357694643,475.49802120007104,2.7415007731941663,2015,12,475.49802120007104
2015-11-19,-367.11049406555907,0.0,3.9042789357694643,-371.01477300132854,2.7415007731941663,2015,12,-371.01477300132854
2015-11-20,429.03802954421775,0.0,3.9042789357694643,425.1337506084483,2.7415007731941663,2015,12,425.1337506084483
2015-11-23,220.49292153545323,0.0,3.9042789357694643,216.58864259968377,2.7415007731941663,2015,12,216.58864259968377
2015-11-24,-603.3469783947795,0.0,3.9042789357694643,-607.2512573305489,2.7415007731941663,2015,12,-607.2512573305489
2015-11-25,352.0618111725456,0.0,3.9042789357694643,348.15753223677615,2.7415007731941663,2015,12,348.15753223677615
2015-11-27,799.9893569740653,0.0,3.9042789357694643,796.0850780382959,2.7415007731941663,2015,12,796.0850780382959
2015-11-30,-71.79227218045858,0.0,3.9042789357694643,-75.69655111622805,2.7415007731941663,2015,12,-75.69655111622805
2015-12-01,128.3394876258005,56.228401892647184,3.9042789357694643,68.20680679738385,2.7415007731941663,2015,12,40.09260585106028
2015-12-02,651.7673738020293,0.0,5.392037009697484,646.3753367923318,3.0,2015,12,646.3753367923318
2015-12-03,-2059.542917643444,0.0,5.392037009697484,-2064.9349546531416,3.0,2015,12,-2064.9349546531416
2015-12-04,581.6018626848941,0.0,5.392037009697484,576.2098256751966,3.0,2015,12,576.2098256751966
2015-12-07,1339.6727895071017,0.0,5.392037009697484,1334.2807524974041,3.0,2015,12,1334.2807524974041
2015-12-08,395.5252292930863,0.0,5.392037009697484,390.1331922833888,3.0,2015,12,390.1331922833888
2015-12-09,-993.9887245620005,0.0,5.392037009697484,-999.3807615716979,3.0,2015,12,-999.3807615716979
2015-12-10,631.915399112502,0.0,5.392037009697484,626.5233621028045,3.0,2015,12,626.5233621028045
2015-12-11,553.5204422856347,0.0,5.392037009697484,548.1284052759372,3.0,2015,12,548.1284052759372
2015-12-14,669.8953115102654,0.0,5.392037009697484,664.503274500568,3.0,2015,12,664.503274500568
2015-12-15,-7.982246607817585,0.0,5.392037009697484,-13.374283617515069,3.0,2015,12,-13.374283617515069
2015-12-16,103.79719072915522,0.0,5.392037009697484,98.40515371945773,3.0,2015,12,98.40515371945773
2015-12-17,1435.3970127814464,0.0,5.392037009697484,1430.0049757717488,3.0,2015,12,1430.0049757717488
2015-12-18,-1354.8009523467783,0.0,5.392037009697484,-1360.192989356476,3.0,2015,12,-1360.192989356476
2015-12-21,-23.408615210223818,0.0,5.392037009697484,-28.800652219921304,3.0,2015,12,-28.800652219921304
2015-12-22,-296.559319233949,0.0,5.392037009697484,-301.9513562436465,3.0,2015,12,-301.9513562436465
2015-12-23,-489.64283219457957,0.0,5.392037009697484,-495.0348692042771,3.0,2015,12,-495.0348692042771
2015-12-24,-531.3235268402115,0.0,5.392037009697484,-536.7155638499089,3.0,2015,12,-536.7155638499089
2015-12-28,865.5331364880283,0.0,5.392037009697484,860.1410994783308,3.0,2015,12,860.1410994783308
2015-12-29,25.45255586117684,0.0,5.392037009697484,20.060518851479358,3.0,2015,12,20.060518851479358
2015-12-30,174.63030130713088,0.0,5.392037009697484,169.2382642974334,3.0,2015,12,169.2382642974334
2015-12-31,-318.19129643630333,0.0,5.392037009697484,-323.58333344600084,3.0,2015,12,-323.58333344600084
2016-01-04,-115.13909437659093,44.86609808824467,5.392037009697484,-165.39722947453308,3.0,2015,12,-187.8302785186554
2016-01-05,531.0002671719094,0.0,5.197160427148791,525.8031067447606,2.7617140415036485,2015,12,525.8031067447606
2016-01-06,-317.7888363400909,0.0,5.197160427148791,-322.98599676723967,2.7617140415036485,2015,12,-322.98599676723967
2016-01-07,-945.9614457141558,0.0,5.197160427148791,-951.1586061413046,2.7617140415036485,2015,12,-951.1586061413046
2016-01-08,54.33253617955446,0.0,5.197160427148791,49.135375752405665,2.7617140415036485,2015,12,49.135375752405665
2016-01-11,1341.5536091315553,0.0,5.197160427148791,1336.3564487044064,2.7617140415036485,2015,12,1336.3564487044064
2016-01-12,55.74033598300645,0.0,5.197160427148791,50.54317555585766,2.7617140415036485,2015,12,50.54317555585766
2016-01-13,-659.9777231875853,0.0,5.197160427148791,-665.1748836147341,2.7617140415036485,2015,12,-665.1748836147341
2016-01-14,825.2214540137892,0.0,5.197160427148791,820.0242935866404,2.7617140415036485,2015,12,820.0242935866404
2016-01-15,-255.70840356831656,0.0,5.197160427148791,-260.90556399546534,2.7617140415036485,2015,12,-260.90556399546534
2016-01-19,639.8202238423738,0.0,5.197160427148791,634.623063415225,2.7617140415036485,2015,12,634.623063415225
2016-01-20,-852.3349327074425,0.0,5.197160427148791,-857.5320931345913,2.7617140415036485,2015,12,-857.5320931345913
2016-01-21,-121.54005576781383,0.0,5.197160427148791,-126.73721619496261,2.7617140415036485,2015,12,-126.73721619496261
2016-01-22,471.44096133520384,0.0,5.197160427148791,466.24380090805505,2.7617140415036485,2015,12,466.24380090805505
2016-01-25,48.55008368100407,0.0,5.197160427148791,43.35292325385528,2.7617140415036485,2015,12,43.35292325385528
2016-01-26,-684.7327874361227,0.0,5.197160427148791,-689.9299478632715,2.7617140415036485,2015,12,-689.9299478632715
2016-01-27,-635.7387688854848,0.0,5.197160427148791,-640.9359293126336,2.7617140415036485,2015,12,-640.9359293126336
2016-01-28,-456.6999466716349,0.0,5.197160427148791,-461.8971070987837,2.7617140415036485,2015,12,-461.8971070987837
2016-01-29,733.0123970747294,0.0,5.197160427148791,727.8152366475806,2.7617140415036485,2015,12,727.8152366475806
2016-02-01,325.62252788550074,38.056502617687485,5.197160427148791,282.36886484066446,2.7617140415036485,2015,12,263.34061353182074
2016-02-02,696.0270799582406,0.0,5.593057475486359,690.4340224827542,2.592408561436221,2015,12,690.4340224827542
2016-02-03,-2366.008515313371,0.0,5.593057475486359,-2371.601572788857,2.592408561436221,2015,12,-2371.601572788857
2016-02-04,-655.540370148055,0.0,5.593057475486359,-661.1334276235414,2.592408561436221,2015,12,-661.1334276235414
2016-02-05,872.3336941445207,0.0,5.593057475486359,866.7406366690343,2.592408561436221,2015,12,866.7406366690343
2016-02-08,63.06230982475983,0.0,5.593057475486359,57.46925234927347,2.592408561436221,2015,12,57.46925234927347
2016-02-09,575.5978527634821,0.0,5.593057475486359,570.0047952879958,2.592408561436221,2015,12,570.0047952879958
2016-02-10,-740.2489271191031,0.0,5.593057475486359,-745.8419845945895,2.592408561436221,2015,12,-745.8419845945895
2016-02-11,-648.5935640806372,0.0,5.593057475486359,-654.1866215561236,2.592408561436221,2015,12,-654.1866215561236
2016-02-12,-321.1316820558908,0.0,5.593057475486359,-326.72473953137717,2.592408561436221,2015,12,-326.72473953137717
2016-02-16,1003.1088118737135,0.0,5.593057475486359,997.5157543982272,2.592408561436221,2015,12,997.5157543982272
2016-02-17,-994.4589793323114,0.0,5.593057475486359,-1000.0520368077978,2.592408561436221,2015,12,-1000.0520368077978
2016-02-18,-634.9833638536437,0.0,5.593057475486359,-640.5764213291301,2.592408561436221,2015,12,-640.5764213291301
2016-02-19,-49.14315189080282,0.0,5.593057475486359,-54.73620936628918,2.592408561436221,2015,12,-54.73620936628918
2016-02-22,-420.9682837789007,0.0,5.593057475486359,-426.56134125438706,2.592408561436221,2015,12,-426.56134125438706
2016-02-23,87.4449572937227,0.0,5.593057475486359,81.85189981823633,2.592408561436221,2015,12,81.85189981823633
2016-02-24,-153.2691564989015,0.0,5.593057475486359,-158.86221397438786,2.592408561436221,2015,12,-158.86221397438786
2016-02-25,-635.4951740293982,0.0,5.593057475486359,-641.0882315048846,2.592408561436221,2015,12,-641.0882315048846
2016-02-26,912.5587706494974,0.0,5.593057475486359,906.9657131740111,2.592408561436221,2015,12,906.9657131740111
2016-02-29,-851.3890690337656,0.0,5.593057475486359,-856.982126509252,2.592408561436221,2015,12,-856.982126509252
2016-03-01,-457.69189402540206,114.78491236514088,5.593057475486359,-578.0698638660293,2.592408561436221,2015,12,-635.4623200485997
2016-03-02,-415.3261572966265,0.0,3.165127589056251,-418.4912848856827,1.654019279831883,2015,12,-418.4912848856827
2016-03-03,-599.4897448107907,0.0,3.165127589056251,-602.654872399847,1.654019279831883,2015,12,-602.654872399847
2016-03-04,-708.984616107166,0.0,3.165127589056251,-712.1497436962222,1.654019279831883,2015,12,-712.1497436962222
2016-03-07,-180.29273974179185,0.0,3.165127589056251,-183.4578673308481,1.654019279831883,2015,12,-183.4578673308481
2016-03-08,818.3176381364924,0.0,3.165127589056251,815.1525105474361,1.654019279831883,2015,12,815.1525105474361
2016-03-09,-564.3044565819986,0.0,3.165127589056251,-567.4695841710549,1.654019279831883,2015,12,-567.4695841710549
2016-03-10,-262.059781706472,0.0,3.165127589056251,-265.2249092955282,1.654019279831883,2015,12,-265.2249092955282
2016-03-11,-1276.5219993248938,0.0,3.165127589056251,-1279.6871269139501,1.654019279831883,2015,12,-1279.6871269139501
2016-03-14,288.2791474495447,0.0,3.165127589056251,285.1140198604885,1.654019279831883,2015,12,285.1140198604885
2016-03-15,591.6054401449397,0.0,3.165127589056251,588.4403125558835,1.654019279831883,2015,12,588.4403125558835
2016-03-16,-1045.071553993809,0.0,3.165127589056251,-1048.2366815828652,1.654019279831883,2015,12,-1048.2366815828652
2016-03-17,-835.0382364172435,0.0,3.165127589056251,-838.2033640062998,1.654019279831883,2015,12,-838.2033640062998
2016-03-18,-16.393690491858774,0.0,3.165127589056251,-19.558818080915024,1.654019279831883,2015,12,-19.558818080915024
2016-03-21,-76.13356681393111,0.0,3.165127589056251,-79.29869440298737,1.654019279831883,2015,12,-79.29869440298737
2016-03-22,3.912277055596099,0.0,3.165127589056251,0.7471494665398479,1.654019279831883,2015,12,0.7471494665398479
2016-03-23,883.1768770675765,0.0,3.165127589056251,880.0117494785202,1.654019279831883,2015,12,880.0117494785202
2016-03-24,155.17124753577593,0.0,3.165127589056251,152.00611994671968,1.654019279831883,2015,12,152.00611994671968
2016-03-28,-221.4963954432078,0.0,3.165127589056251,-224.66152303226406,1.654019279831883,2015,12,-224.66152303226406
2016-03-29,-801.7864343533245,0.0,3.165127589056251,-804.9515619423807,1.654019279831883,2015,12,-804.9515619423807
2016-03-30,-318.32564134494635,0.0,3.165127589056251,-321.4907689340026,1.654019279831883,2015,12,-321.4907689340026
2016-03-31,21.10332883462998,0.0,3.165127589056251,17.93820124557373,1.654019279831883,2015,12,17.93820124557373
2016-04-01,278.6480621033659,185.85608954944732,3.165127589056251,89.6268449648623,1.654019279831883,2015,12,-3.301199809861398
2016-04-04,326.71404311142527,0.0,2.040264898579709,324.67377821284555,2.3265205490175753,2015,12,324.67377821284555
2016-04-05,650.0979616708244,0.0,2.040264898579709,648.0576967722446,2.3265205490175753,2015,12,648.0576967722446
2016-04-06,-484.10298916788423,0.0,2.040264898579709,-486.14325406646395,2.3265205490175753,2015,12,-486.14325406646395
2016-04-07,678.9019911880897,0.0,2.040264898579709,676.86172628951,2.3265205490175753,2015,12,676.86172628951
2016-04-08,-895.684094379642,0.0,2.040264898579709,-897.7243592782218,2.3265205490175753,2015,12,-897.7243592782218
2016-04-11,-275.0375820323756,0.0,2.040264898579709,-277.07784693095533,2.3265205490175753,2015,12,-277.07784693095533
2016-04-12,-1030.4370098506051,0.0,2.040264898579709,-1032.4772747491847,2.3265205490175753,2015,12,-1032.4772747491847
2016-04-13,-844.1153350126463,0.0,2.040264898579709,-846.155599911226,2.3265205490175753,2015,12,-846.155599911226
2016-04-14,-282.548330240022,0.0,2.040264898579709,-284.5885951386017,2.3265205490175753,2015,12,-284.5885951386017
2016-04-15,828.4590230883243,0.0,2.040264898579709,826.4187581897446,2.3265205490175753,2015,12,826.4187581897446
2016-04-18,-101.3455440704858,0.0,2.040264898579709,-103.38580896906551,2.3265205490175753,2015,12,-103.38580896906551
2016-04-19,-546.3973667388171,0.0,2.040264898579709,-548.4376316373969,2.3265205490175753,2015,12,-548.4376316373969
2016-04-20,-1191.0631901170118,0.0,2.040264898579709,-1193.1034550155914,2.3265205490175753,2015,12,-1193.1034550155914
2016-04-21,-131.44788456638372,0.0,2.040264898579709,-133.48814946496344,2.3265205490175753,2015,12,-133.48814946496344
2016-04-22,-725.066891840761,0.0,2.040264898579709,-727.1071567393407,2.3265205490175753,2015,12,-727.1071567393407
2016-04-25,306.84687315939317,0.0,2.040264898579709,304.80660826081345,2.3265205490175753,2015,12,304.80660826081345
2016-04-26,-373.49659443354216,0.0,2.040264898579709,-375.5368593321219,2.3265205490175753,2015,12,-375.5368593321219
2016-04-27,32.55567861280987,0.0,2.040264898579709,30.515413714230164,2.3265205490175753,2015,12,30.515413714230164
2016-04-28,1357.0191719150714,0.0,2.040264898579709,1354.9789070164918,2.3265205490175753,2015,12,1354.9789070164918
2016-04-29,435.82500385803905,0.0,2.040264898579709,433.78473895945933,2.3265205490175753,2015,12,433.78473895945933
2016-05-02,191.65755545534176,47.649480884164994,2.040264898579709,141.96780967259704,2.3265205490175753,2015,12,118.14306923051456
2016-05-03,982.4003125231226,0.0,1.9791330913899632,980.4211794317326,2.1044363509047397,2015,12,980.4211794317326
2016-05-04,254.2291270674237,0.0,1.9791330913899632,252.24999397603372,2.1044363509047397,2015,12,252.24999397603372
2016-05-05,113.54062522076775,0.0,1.9791330913899632,111.56149212937778,2.1044363509047397,2015,12,111.56149212937778
2016-05-06,-17.65122491248659,0.0,1.9791330913899632,-19.63035800387655,2.1044363509047397,2015,12,-19.63035800387655
2016-05-09,62.31512978999174,0.0,1.9791330913899632,60.335996698601775,2.1044363509047397,2015,12,60.335996698601775
2016-05-10,-555.4245851249245,0.0,1.9791330913899632,-557.4037182163145,2.1044363509047397,2015,12,-557.4037182163145
2016-05-11,197.14802274820897,0.0,1.9791330913899632,195.168889656819,2.1044363509047397,2015,12,195.168889656819
2016-05-12,-471.2879794206454,0.0,1.9791330913899632,-473.26711251203534,2.1044363509047397,2015,12,-473.26711251203534
2016-05-13,526.8003349813836,0.0,1.9791330913899632,524.8212018899936,2.1044363509047397,2015,12,524.8212018899936
2016-05-16,-619.9722759976809,0.0,1.9791330913899632,-621.9514090890708,2.1044363509047397,2015,12,-621.9514090890708
2016-05-17,-143.8342979163779,0.0,1.9791330913899632,-145.81343100776786,2.1044363509047397,2015,12,-145.81343100776786
2016-05-18,-1168.8153567652053,0.0,1.9791330913899632,-1170.7944898565952,2.1044363509047397,2015,12,-1170.7944898565952
2016-05-19,38.3335037651689,0.0,1.9791330913899632,36.35437067377894,2.1044363509047397,2015,12,36.35437067377894
2016-05-20,-114.96038978798939,0.0,1.9791330913899632,-116.93952287937935,2.1044363509047397,2015,12,-116.93952287937935
2016-05-23,189.68510581006765,0.0,1.9791330913899632,187.70597271867769,2.1044363509047397,2015,12,187.70597271867769
2016-05-24,-585.486719853599,0.0,1.9791330913899632,-587.4658529449889,2.1044363509047397,2015,12,-587.4658529449889
2016-05-25,-205.95962930292177,0.0,1.9791330913899632,-207.93876239431174,2.1044363509047397,2015,12,-207.93876239431174
2016-05-26,365.6077687851989,0.0,1.9791330913899632,363.628635693809,2.1044363509047397,2015,12,363.628635693809
2016-05-27,-387.7665538403641,0.0,1.9791330913899632,-389.74568693175405,2.1044363509047397,2015,12,-389.74568693175405
2016-05-31,-50.70937018882483,0.0,1.9791330913899632,-52.68850328021479,2.1044363509047397,2015,12,-52.68850328021479
2016-06-01,129.59674019928676,27.17084297782074,1.9791330913899632,100.44676413007605,2.1044363509047397,2015,12,86.86134264116566
2016-06-02,335.4597549864837,0.0,2.3764039445854173,333.08335104189825,2.3381227980381567,2015,12,333.08335104189825
2016-06-03,1217.4503014726913,0.0,2.3764039445854173,1215.0738975281058,2.3381227980381567,2015,12,1215.0738975281058
2016-06-06,-736.0929453163551,0.0,2.3764039445854173,-738.4693492609405,2.3381227980381567,2015,12,-738.4693492609405
2016-06-07,-187.9464842149364,0.0,2.3764039445854173,-190.3228881595218,2.3381227980381567,2015,12,-190.3228881595218
2016-06-08,-40.34423236541069,0.0,2.3764039445854173,-42.72063630999611,2.3381227980381567,2015,12,-42.72063630999611
2016-06-09,364.29196130393206,0.0,2.3764039445854173,361.9155573593466,2.3381227980381567,2015,12,361.9155573593466
2016-06-10,720.6671547181262,0.0,2.3764039445854173,718.2907507735408,2.3381227980381567,2015,12,718.2907507735408
2016-06-13,574.8515708614466,0.0,2.3764039445854173,572.4751669168612,2.3381227980381567,2015,12,572.4751669168612
2016-06-14,-56.35477983460389,0.0,2.3764039445854173,-58.73118377918931,2.3381227980381567,2015,12,-58.73118377918931
2016-06-15,378.75171099402843,0.0,2.3764039445854173,376.375307049443,2.3381227980381567,2015,12,376.375307049443
2016-06-16,645.0770378991821,0.0,2.3764039445854173,642.7006339545967,2.3381227980381567,2015,12,642.7006339545967
2016-06-17,-684.448305781647,0.0,2.3764039445854173,-686.8247097262324,2.3381227980381567,2015,12,-686.8247097262324
2016-06-20,-915.8435323559521,0.0,2.3764039445854173,-918.2199363005375,2.3381227980381567,2015,12,-918.2199363005375
2016-06-21,-600.4791177129226,0.0,2.3764039445854173,-602.855521657508,2.3381227980381567,2015,12,-602.855521657508
2016-06-22,388.1846648290476,0.0,2.3764039445854173,385.8082608844622,2.3381227980381567,2015,12,385.8082608844622
2016-06-23,-1029.1829301221728,0.0,2.3764039445854173,-1031.5593340667583,2.3381227980381567,2015,12,-1031.5593340667583
2016-06-24,2272.3638144483684,0.0,2.3764039445854173,2269.987410503783,2.3381227980381567,2015,12,2269.987410503783
2016-06-27,1143.7563400361369,0.0,2.3764039445854173,1141.3799360915514,2.3381227980381567,2015,12,1141.3799360915514
2016-06-28,-245.52701296921197,0.0,2.3764039445854173,-247.90341691379737,2.3381227980381567,2015,12,-247.90341691379737
2016-06-29,-866.2095217182872,0.0,2.3764039445854173,-868.5859256628726,2.3381227980381567,2015,12,-868.5859256628726
2016-06-30,23.777676702764634,0.0,2.3764039445854173,21.401272758179218,2.3381227980381567,2015,12,21.401272758179218
2016-07-01,1381.2163303787577,28.671016779109348,1.4284752329706734,1351.1168383666777,2.479356742610754,2016,6,1336.781329977123
2016-07-05,-122.94084311463448,0.0,0.9503157649618835,-123.89115887959636,2.2984067545285236,2016,6,-123.89115887959636
2016-07-06,578.7319015087039,0.0,0.9503157649618835,577.7815857437421,2.2984067545285236,2016,6,577.7815857437421
2016-07-07,-765.9938207343869,0.0,0.9503157649618835,-766.9441364993487,2.2984067545285236,2016,6,-766.9441364993487
2016-07-08,1265.2407408783831,0.0,0.9503157649618835,1264.2904251134212,2.2984067545285236,2016,6,1264.2904251134212
2016-07-11,-915.2450501116344,0.0,0.9503157649618835,-916.1953658765963,2.2984067545285236,2016,6,-916.1953658765963
2016-07-12,-369.39698451033,0.0,0.9503157649618835,-370.3473002752919,2.2984067545285236,2016,6,-370.3473002752919
2016-07-13,376.17373905844727,0.0,0.9503157649618835,375.2234232934854,2.2984067545285236,2016,6,375.2234232934854
2016-07-14,-431.21763534036876,0.0,0.9503157649618835,-432.16795110533064,2.2984067545285236,2016,6,-432.16795110533064
2016-07-15,-541.9034002707671,0.0,0.9503157649618835,-542.8537160357289,2.2984067545285236,2016,6,-542.8537160357289
2016-07-18,-99.53675718279136,0.0,0.9503157649618835,-100.48707294775325,2.2984067545285236,2016,6,-100.48707294775325
2016-07-19,-204.78192670523782,0.0,0.9503157649618835,-205.7322424701997,2.2984067545285236,2016,6,-205.7322424701997
2016-07-20,-640.7712215485168,0.0,0.9503157649618835,-641.7215373134786,2.2984067545285236,2016,6,-641.7215373134786
2016-07-21,439.19886543661386,0.0,0.9503157649618835,438.248549671652,2.2984067545285236,2016,6,438.248549671652
2016-07-22,-209.19647778705118,0.0,0.9503157649618835,-210.14679355201307,2.2984067545285236,2016,6,-210.14679355201307
2016-07-25,-443.6725067586864,0.0,0.9503157649618835,-444.62282252364827,2.2984067545285236,2016,6,-444.62282252364827
2016-07-26,203.026683457173,0.0,0.9503157649618835,202.0763676922111,2.2984067545285236,2016,6,202.0763676922111
2016-07-27,641.4798176468645,0.0,0.9503157649618835,640.5295018819027,2.2984067545285236,2016,6,640.5295018819027
2016-07-28,-113.95174701206885,0.0,0.9503157649618835,-114.90206277703074,2.2984067545285236,2016,6,-114.90206277703074
2016-07-29,1362.337084291964,0.0,0.9503157649618835,1361.386768527002,2.2984067545285236,2016,6,1361.386768527002
2016-08-01,-1044.0688891668935,59.34412379845683,0.9503157649618835,-1104.3633287303123,2.2984067545285236,2016,6,-1134.0353906295409
2016-08-02,-400.133847030401,0.0,0.33050999234655704,-400.46435702274755,1.776133292770084,2016,6,-400.46435702274755
2016-08-03,107.82843760844585,0.0,0.33050999234655704,107.49792761609929,1.776133292770084,2016,6,107.49792761609929
2016-08-04,567.5997735366275,0.0,0.33050999234655704,567.2692635442809,1.776133292770084,2016,6,567.2692635442809
2016-08-05,-375.40202736800677,0.0,0.33050999234655704,-375.7325373603533,1.776133292770084,2016,6,-375.7325373603533
2016-08-08,213.319601159983,0.0,0.33050999234655704,212.98909116763645,1.776133292770084,2016,6,212.98909116763645
2016-08-09,672.9216846846365,0.0,0.33050999234655704,672.5911746922899,1.776133292770084,2016,6,672.5911746922899
2016-08-10,228.57139233293532,0.0,0.33050999234655704,228.24088234058877,1.776133292770084,2016,6,228.24088234058877
2016-08-11,-111.9569119870853,0.0,0.33050999234655704,-112.28742197943187,1.776133292770084,2016,6,-112.28742197943187
2016-08-12,346.80492805165267,0.0,0.33050999234655704,346.4744180593061,1.776133292770084,2016,6,346.4744180593061
2016-08-15,241.7084683480091,0.0,0.33050999234655704,241.37795835566254,1.776133292770084,2016,6,241.37795835566254
2016-08-16,-22.373980326077966,0.0,0.33050999234655704,-22.704490318424522,1.776133292770084,2016,6,-22.704490318424522
2016-08-17,216.5816809115078,0.0,0.33050999234655704,216.25117091916124,1.776133292770084,2016,6,216.25117091916124
2016-08-18,685.7222334201808,0.0,0.33050999234655704,685.3917234278342,1.776133292770084,2016,6,685.3917234278342
2016-08-19,-688.2614297674119,0.0,0.33050999234655704,-688.5919397597585,1.776133292770084,2016,6,-688.5919397597585
2016-08-22,-18.108126130529858,0.0,0.33050999234655704,-18.438636122876414,1.776133292770084,2016,6,-18.438636122876414
2016-08-23,198.78480972831733,0.0,0.33050999234655704,198.45429973597078,1.776133292770084,2016,6,198.45429973597078
2016-08-24,-630.5446594709479,0.0,0.33050999234655704,-630.8751694632945,1.776133292770084,2016,6,-630.8751694632945
2016-08-25,-8.285426274893675,0.0,0.33050999234655704,-8.615936267240231,1.776133292770084,2016,6,-8.615936267240231
2016-08-26,-798.1835187839995,0.0,0.33050999234655704,-798.5140287763461,1.776133292770084,2016,6,-798.5140287763461
2016-08-29,651.7363169670125,0.0,0.33050999234655704,651.4058069746659,1.776133292770084,2016,6,651.4058069746659
2016-08-30,-573.2043016228722,0.0,0.33050999234655704,-573.5348116152188,1.776133292770084,2016,6,-573.5348116152188
2016-08-31,-359.72291780936706,0.0,0.33050999234655704,-360.0534278017136,1.776133292770084,2016,6,-360.0534278017136
2016-09-01,267.0866538966441,8.420520510620689,0.33050999234655704,258.3356233936769,1.776133292770084,2016,6,254.12536313836654
2016-09-02,428.9065500739819,0.0,0.3488433905475174,428.5577066834344,1.881957788828908,2016,6,428.5577066834344
2016-09-06,1491.748839175094,0.0,0.3488433905475174,1491.3999957845465,1.881957788828908,2016,6,1491.3999957845465
2016-09-07,59.167099676322096,0.0,0.3488433905475174,58.81825628577458,1.881957788828908,2016,6,58.81825628577458
2016-09-08,-617.8139865763719,0.0,0.3488433905475174,-618.1628299669194,1.881957788828908,2016,6,-618.1628299669194
2016-09-09,-2418.4530492936724,0.0,0.3488433905475174,-2418.80189268422,1.881957788828908,2016,6,-2418.80189268422
2016-09-12,746.7271653027454,0.0,0.3488433905475174,746.378321912198,1.881957788828908,2016,6,746.378321912198
2016-09-13,-1750.807261107715,0.0,0.3488433905475174,-1751.1561044982625,1.881957788828908,2016,6,-1751.1561044982625
2016-09-14,153.0057082036827,0.0,0.3488433905475174,152.65686481313517,1.881957788828908,2016,6,152.65686481313517
2016-09-15,585.6613122897226,0.0,0.3488433905475174,585.3124688991751,1.881957788828908,2016,6,585.3124688991751
2016-09-16,-364.56490856024004,0.0,0.3488433905475174,-364.91375195078757,1.881957788828908,2016,6,-364.91375195078757
2016-09-19,312.8083521877511,0.0,0.3488433905475174,312.45950879720357,1.881957788828908,2016,6,312.45950879720357
2016-09-20,198.54515536650266,0.0,0.3488433905475174,198.19631197595513,1.881957788828908,2016,6,198.19631197595513
2016-09-21,1824.8337857228992,0.0,0.3488433905475174,1824.4849423323517,1.881957788828908,2016,6,1824.4849423323517
2016-09-22,970.6533003662737,0.0,0.3488433905475174,970.3044569757262,1.881957788828908,2016,6,970.3044569757262
2016-09-23,-493.455731144635,0.0,0.3488433905475174,-493.80457453518255,1.881957788828908,2016,6,-493.80457453518255
2016-09-26,-86.82132310420886,0.0,0.3488433905475174,-87.17016649475637,1.881957788828908,2016,6,-87.17016649475637
2016-09-27,179.08972568187903,0.0,0.3488433905475174,178.7408822913315,1.881957788828908,2016,6,178.7408822913315
2016-09-28,577.787893032894,0.0,0.3488433905475174,577.4390496423465,1.881957788828908,2016,6,577.4390496423465
2016-09-29,-577.3692229652839,0.0,0.3488433905475174,-577.7180663558314,1.881957788828908,2016,6,-577.7180663558314
2016-09-30,134.52407405852168,0.0,0.3488433905475174,134.17523066797415,1.881957788828908,2016,6,134.17523066797415
2016-10-03,-392.7650523913081,56.21521431438643,0.3488433905475174,-449.329110096242,1.881957788828908,2016,6,-477.43671725343523
2016-10-04,-1257.3044642347631,0.0,0.3710244612567928,-1257.67548869602,1.948605036184444,2016,6,-1257.67548869602
2016-10-05,2.9155578942372884,0.0,0.3710244612567928,2.5445334329804954,1.948605036184444,2016,6,2.5445334329804954
2016-10-06,-188.15282900474287,0.0,0.3710244612567928,-188.52385346599965,1.948605036184444,2016,6,-188.52385346599965
2016-10-07,-49.184789298186736,0.0,0.3710244612567928,-49.55581375944353,1.948605036184444,2016,6,-49.55581375944353
2016-10-10,490.79152101776674,0.0,0.3710244612567928,490.42049655650993,1.948605036184444,2016,6,490.42049655650993
2016-10-11,-801.1827265032816,0.0,0.3710244612567928,-801.5537509645384,1.948605036184444,2016,6,-801.5537509645384
2016-10-12,89.79801332928436,0.0,0.3710244612567928,89.42698886802756,1.948605036184444,2016,6,89.42698886802756
2016-10-13,20.021767340440437,0.0,0.3710244612567928,19.650742879183646,1.948605036184444,2016,6,19.650742879183646
2016-10-14,-187.46618364796117,0.0,0.3710244612567928,-187.83720810921795,1.948605036184444,2016,6,-187.83720810921795
2016-10-17,174.1586135097799,0.0,0.3710244612567928,173.78758904852313,1.948605036184444,2016,6,173.78758904852313
2016-10-18,761.8983895104927,0.0,0.3710244612567928,761.527365049236,1.948605036184444,2016,6,761.527365049236
2016-10-19,501.68747160043245,0.0,0.3710244612567928,501.31644713917564,1.948605036184444,2016,6,501.31644713917564
2016-10-20,-284.0276744520775,0.0,0.3710244612567928,-284.39869891333433,1.948605036184444,2016,6,-284.39869891333433
2016-10-21,185.0605053929694,0.0,0.3710244612567928,184.6894809317126,1.948605036184444,2016,6,184.6894809317126
2016-10-24,37.30585490239865,0.0,0.3710244612567928,36.934830441141855,1.948605036184444,2016,6,36.934830441141855
2016-10-25,-20.670733896644855,0.0,0.3710244612567928,-21.041758357901646,1.948605036184444,2016,6,-21.041758357901646
2016-10-26,-758.8524967412737,0.0,0.3710244612567928,-759.2235212025305,1.948605036184444,2016,6,-759.2235212025305
2016-10-27,-750.739783022248,0.0,0.3710244612567928,-751.1108074835048,1.948605036184444,2016,6,-751.1108074835048
2016-10-28,-307.8644941565363,0.0,0.3710244612567928,-308.2355186177931,1.948605036184444,2016,6,-308.2355186177931
2016-10-31,117.3763726657258,0.0,0.3710244612567928,117.005348204469,1.948605036184444,2016,6,117.005348204469
2016-11-01,-345.1516683767573,25.32647148371812,0.3710244612567928,-370.84916432173225,1.948605036184444,2016,6,-383.5124000635913
2016-11-02,-608.2130123646348,0.0,0.6207575365939862,-608.8337699012287,2.2008332399182273,2016,6,-608.8337699012287
2016-11-03,-558.8612055540981,0.0,0.6207575365939862,-559.481963090692,2.2008332399182273,2016,6,-559.481963090692
2016-11-04,-21.74635354946137,0.0,0.6207575365939862,-22.367111086055356,2.2008332399182273,2016,6,-22.367111086055356
2016-11-07,1412.2469317027635,0.0,0.6207575365939862,1411.6261741661694,2.2008332399182273,2016,6,1411.6261741661694
2016-11-08,72.58699879545011,0.0,0.6207575365939862,71.96624125885613,2.2008332399182273,2016,6,71.96624125885613
2016-11-09,-1251.0768418388373,0.0,0.6207575365939862,-1251.6975993754313,2.2008332399182273,2016,6,-1251.6975993754313
2016-11-10,-920.0138793274102,0.0,0.6207575365939862,-920.6346368640042,2.2008332399182273,2016,6,-920.6346368640042
2016-11-11,-691.5387436205843,0.0,0.6207575365939862,-692.1595011571783,2.2008332399182273,2016,6,-692.1595011571783
2016-11-14,-155.640370584496,0.0,0.6207575365939862,-156.26112812109,2.2008332399182273,2016,6,-156.26112812109
2016-11-15,908.9175724351079,0.0,0.6207575365939862,908.296814898514,2.2008332399182273,2016,6,908.296814898514
2016-11-16,-140.52335331650238,0.0,0.6207575365939862,-141.14411085309638,2.2008332399182273,2016,6,-141.14411085309638
2016-11-17,-250.42866545487334,0.0,0.6207575365939862,-251.04942299146734,2.2008332399182273,2016,6,-251.04942299146734
2016-11-18,-437.6753016709505,0.0,0.6207575365939862,-438.2960592075445,2.2008332399182273,2016,6,-438.2960592075445
2016-11-21,786.5719715720766,0.0,0.6207575365939862,785.9512140354826,2.2008332399182273,2016,6,785.9512140354826
2016-11-22,618.0727759974336,0.0,0.6207575365939862,617.4520184608397,2.2008332399182273,2016,6,617.4520184608397
2016-11-23,-278.7607159289702,0.0,0.6207575365939862,-279.3814734655642,2.2008332399182273,2016,6,-279.3814734655642
2016-11-25,-71.0499634435687,0.0,0.6207575365939862,-71.67072098016268,2.2008332399182273,2016,6,-71.67072098016268
2016-11-28,357.610170967481,0.0,0.6207575365939862,356.989413430887,2.2008332399182273,2016,6,356.989413430887
2016-11-29,-56.435804250974925,0.0,0.6207575365939862,-57.05656178756891,2.2008332399182273,2016,6,-57.05656178756891
2016-11-30,-232.73972214036888,0.0,0.6207575365939862,-233.36047967696288,2.2008332399182273,2016,6,-233.36047967696288
2016-12-01,-762.2987001865677,109.90447092777802,0.6207575365939862,-872.8239286509396,2.2008332399182273,2016,6,-927.7761641148287
2016-12-02,-176.80944949279697,0.0,2.8960009414359122,-179.7054504342329,2.493643152112252,2016,6,-179.7054504342329
2016-12-05,314.41834104863904,0.0,2.8960009414359122,311.52234010720315,2.493643152112252,2016,6,311.52234010720315
2016-12-06,503.60876236915993,0.0,2.8960009414359122,500.71276142772405,2.493643152112252,2016,6,500.71276142772405
2016-12-07,403.577203417801,0.0,2.8960009414359122,400.6812024763651,2.493643152112252,2016,6,400.6812024763651
2016-12-08,854.0080492762468,0.0,2.8960009414359122,851.1120483348109,2.493643152112252,2016,6,851.1120483348109
2016-12-09,710.7706332949548,0.0,2.8960009414359122,707.8746323535189,2.493643152112252,2016,6,707.8746323535189
2016-12-12,-543.8319449283006,0.0,2.8960009414359122,-546.7279458697365,2.493643152112252,2016,6,-546.7279458697365
2016-12-13,455.16508197629685,0.0,2.8960009414359122,452.26908103486096,2.493643152112252,2016,6,452.26908103486096
2016-12-14,49.61283951411296,0.0,2.8960009414359122,46.71683857267705,2.493643152112252,2016,6,46.71683857267705
2016-12-15,239.70214829121508,0.0,2.8960009414359122,236.80614734977917,2.493643152112252,2016,6,236.80614734977917
2016-12-16,-562.3455990088771,0.0,2.8960009414359122,-565.241599950313,2.493643152112252,2016,6,-565.241599950313
2016-12-19,-231.12090607844104,0.0,2.8960009414359122,-234.01690701987695,2.493643152112252,2016,6,-234.01690701987695
2016-12-20,581.7703407146337,0.0,2.8960009414359122,578.8743397731978,2.493643152112252,2016,6,578.8743397731978
2016-12-21,-312.48397683975304,0.0,2.8960009414359122,-315.3799777811889,2.493643152112252,2016,6,-315.3799777811889
2016-12-22,-135.02622926750342,0.0,2.8960009414359122,-137.92223020893934,2.493643152112252,2016,6,-137.92223020893934
2016-12-23,-86.91691280545156,0.0,2.8960009414359122,-89.81291374688747,2.493643152112252,2016,6,-89.81291374688747
2016-12-27,241.92983805746172,0.0,2.8960009414359122,239.0338371160258,2.493643152112252,2016,6,239.0338371160258
2016-12-28,-303.23024933050027,0.0,2.8960009414359122,-306.12625027193616,2.493643152112252,2016,6,-306.12625027193616
2016-12-29,-504.23921772787435,0.0,2.8960009414359122,-507.13521866931023,2.493643152112252,2016,6,-507.13521866931023
2016-12-30,-393.86083677617194,0.0,2.8960009414359122,-396.7568377176078,2.493643152112252,2016,6,-396.7568377176078
2017-01-03,981.5468547156077,116.77661058821882,2.8960009414359122,861.874243185953,2.493643152112252,2016,6,803.4859378918436
2017-01-04,-10.681902986025605,0.0,3.3445461120734086,-14.026449098099015,2.047044286297981,2016,6,-14.026449098099015
2017-01-05,-968.1915751667945,0.0,3.3445461120734086,-971.5361212788679,2.047044286297981,2016,6,-971.5361212788679
2017-01-06,821.9238119965111,0.0,3.3445461120734086,818.5792658844376,2.047044286297981,2016,6,818.5792658844376
2017-01-09,-732.5374293864757,0.0,3.3445461120734086,-735.8819754985491,2.047044286297981,2016,6,-735.8819754985491
2017-01-10,-70.40977416098322,0.0,3.3445461120734086,-73.75432027305662,2.047044286297981,2016,6,-73.75432027305662
2017-01-11,70.04576217952449,0.0,3.3445461120734086,66.70121606745109,2.047044286297981,2016,6,66.70121606745109
2017-01-12,-253.53421589066426,0.0,3.3445461120734086,-256.8787620027377,2.047044286297981,2016,6,-256.8787620027377
2017-01-13,233.22652145759128,0.0,3.3445461120734086,229.88197534551787,2.047044286297981,2016,6,229.88197534551787
2017-01-17,-1320.2583407126087,0.0,3.3445461120734086,-1323.6028868246822,2.047044286297981,2016,6,-1323.6028868246822
2017-01-18,874.3233179114126,0.0,3.3445461120734086,870.9787717993391,2.047044286297981,2016,6,870.9787717993391
2017-01-19,-2.435726059839131,0.0,3.3445461120734086,-5.780272171912539,2.047044286297981,2016,6,-5.780272171912539
2017-01-20,133.88117603091106,0.0,3.3445461120734086,130.53662991883766,2.047044286297981,2016,6,130.53662991883766
2017-01-23,-721.1920610738248,0.0,3.3445461120734086,-724.5366071858982,2.047044286297981,2016,6,-724.5366071858982
2017-01-24,665.0900819052233,0.0,3.3445461120734086,661.7455357931499,2.047044286297981,2016,6,661.7455357931499
2017-01-25,824.5725258492316,0.0,3.3445461120734086,821.2279797371582,2.047044286297981,2016,6,821.2279797371582
2017-01-26,367.40387965014673,0.0,3.3445461120734086,364.0593335380733,2.047044286297981,2016,6,364.0593335380733
2017-01-27,-304.8330793374225,0.0,3.3445461120734086,-308.1776254494959,2.047044286297981,2016,6,-308.1776254494959
2017-01-30,-490.80471871738513,0.0,3.3445461120734086,-494.14926482945856,2.047044286297981,2016,6,-494.14926482945856
2017-01-31,-741.4260462717982,0.0,3.3445461120734086,-744.7705923838716,2.047044286297981,2016,6,-744.7705923838716
2017-02-01,624.823451233145,30.78327781321007,3.3445461120734086,590.6956273078615,2.047044286297981,2016,6,575.3039884012564
2017-02-02,20.44975844724431,0.0,3.115493228201343,17.33426521904297,2.1458791399515054,2016,6,17.33426521904297
2017-02-03,284.2488570630045,0.0,3.115493228201343,281.13336383480316,2.1458791399515054,2016,6,281.13336383480316
2017-02-06,-743.2553416190618,0.0,3.115493228201343,-746.3708348472632,2.1458791399515054,2016,6,-746.3708348472632
2017-02-07,-66.86989817434018,0.0,3.115493228201343,-69.98539140254152,2.1458791399515054,2016,6,-69.98539140254152
2017-02-08,-321.6786599982237,0.0,3.115493228201343,-324.794153226425,2.1458791399515054,2016,6,-324.794153226425
2017-02-09,906.7233628298269,0.0,3.115493228201343,903.6078696016256,2.1458791399515054,2016,6,903.6078696016256
2017-02-10,369.03924257239623,0.0,3.115493228201343,365.9237493441949,2.1458791399515054,2016,6,365.9237493441949
2017-02-13,361.13389813558746,0.0,3.115493228201343,358.0184049073861,2.1458791399515054,2016,6,358.0184049073861
2017-02-14,412.1472698625288,0.0,3.115493228201343,409.03177663432746,2.1458791399515054,2016,6,409.03177663432746
2017-02-15,300.0420148181911,0.0,3.115493228201343,296.92652158998976,2.1458791399515054,2016,6,296.92652158998976
2017-02-16,-620.4735649815728,0.0,3.115493228201343,-623.5890582097742,2.1458791399515054,2016,6,-623.5890582097742
2017-02-17,-79.41295256489327,0.0,3.115493228201343,-82.52844579309462,2.1458791399515054,2016,6,-82.52844579309462
2017-02-21,561.493241152609,0.0,3.115493228201343,558.3777479244077,2.1458791399515054,2016,6,558.3777479244077
2017-02-22,-260.9195749053021,0.0,3.115493228201343,-264.03506813350344,2.1458791399515054,2016,6,-264.03506813350344
2017-02-23,-360.6504124796286,0.0,3.115493228201343,-363.7659057078299,2.1458791399515054,2016,6,-363.7659057078299
2017-02-24,-670.098520294054,0.0,3.115493228201343,-673.2140135222553,2.1458791399515054,2016,6,-673.2140135222553
2017-02-27,344.26916817467304,0.0,3.115493228201343,341.1536749464717,2.1458791399515054,2016,6,341.1536749464717
2017-02-28,-340.3673258313691,0.0,3.115493228201343,-343.48281905957043,2.1458791399515054,2016,6,-343.48281905957043
2017-03-01,1581.6973653408322,10.559643847721148,3.115493228201343,1568.0222282649097,2.1458791399515054,2016,6,1562.7424063410492
2017-03-02,-197.38843759290137,0.0,3.274411120587375,-200.66284871348876,2.290742218913092,2016,6,-200.66284871348876
2017-03-03,-199.0236978253989,0.0,3.274411120587375,-202.2981089459863,2.290742218913092,2016,6,-202.2981089459863
2017-03-06,93.87410701415875,0.0,3.274411120587375,90.59969589357138,2.290742218913092,2016,6,90.59969589357138
2017-03-07,141.68208390409023,0.0,3.274411120587375,138.40767278350285,2.290742218913092,2016,6,138.40767278350285
2017-03-08,-93.28941867012622,0.0,3.274411120587375,-96.5638297907136,2.290742218913092,2016,6,-96.5638297907136
2017-03-09,285.2686193812217,0.0,3.274411120587375,281.9942082606343,2.290742218913092,2016,6,281.9942082606343
2017-03-10,-199.98122547947457,0.0,3.274411120587375,-203.25563660006196,2.290742218913092,2016,6,-203.25563660006196
2017-03-13,596.1855720167457,0.0,3.274411120587375,592.9111608961583,2.290742218913092,2016,6,592.9111608961583
2017-03-14,-310.88412407884044,0.0,3.274411120587375,-314.15853519942783,2.290742218913092,2016,6,-314.15853519942783
2017-03-15,-258.596279261851,0.0,3.274411120587375,-261.8706903824384,2.290742218913092,2016,6,-261.8706903824384
2017-03-16,-64.4439548034121,0.0,3.274411120587375,-67.71836592399947,2.290742218913092,2016,6,-67.71836592399947
2017-03-17,-172.72190652654126,0.0,3.274411120587375,-175.99631764712865,2.290742218913092,2016,6,-175.99631764712865
2017-03-20,-208.4597461285769,0.0,3.274411120587375,-211.7341572491643,2.290742218913092,2016,6,-211.7341572491643
2017-03-21,-1522.604060339545,0.0,3.274411120587375,-1525.8784714601322,2.290742218913092,2016,6,-1525.8784714601322
2017-03-22,-47.70772932784585,0.0,3.274411120587375,-50.98214044843322,2.290742218913092,2016,6,-50.98214044843322
2017-03-23,-49.82867431096906,0.0,3.274411120587375,-53.10308543155644,2.290742218913092,2016,6,-53.10308543155644
2017-03-24,33.63880798970406,0.0,3.274411120587375,30.36439686911669,2.290742218913092,2016,6,30.36439686911669
2017-03-27,-498.8709270776303,0.0,3.274411120587375,-502.1453381982177,2.290742218913092,2016,6,-502.1453381982177
2017-03-28,994.9909973618825,0.0,3.274411120587375,991.7165862412951,2.290742218913092,2016,6,991.7165862412951
2017-03-29,62.144579258196835,0.0,3.274411120587375,58.87016813760946,2.290742218913092,2016,6,58.87016813760946
2017-03-30,745.6233027840351,0.0,3.274411120587375,742.3488916634477,2.290742218913092,2016,6,742.3488916634477
2017-03-31,-440.0048068923905,0.0,3.274411120587375,-443.2792180129779,2.290742218913092,2016,6,-443.2792180129779
2017-04-03,-604.3525219171852,18.783046910113963,3.274411120587375,-626.4099799478865,2.290742218913092,2016,6,-635.8015034029435
2017-04-04,78.81840176755125,0.0,3.5982912226055084,75.22011054494574,2.4474096854905825,2016,6,75.22011054494574
2017-04-05,-513.2405543889865,0.0,3.5982912226055084,-516.8388456115921,2.4474096854905825,2016,6,-516.8388456115921
2017-04-06,152.7835918655044,0.0,3.5982912226055084,149.1853006428989,2.4474096854905825,2016,6,149.1853006428989
2017-04-07,356.07487569603586,0.0,3.5982912226055084,352.47658447343036,2.4474096854905825,2016,6,352.47658447343036
2017-04-10,-239.97078194380137,0.0,3.5982912226055084,-243.56907316640687,2.4474096854905825,2016,6,-243.56907316640687
2017-04-11,-773.6484075745913,0.0,3.5982912226055084,-777.2466987971968,2.4474096854905825,2016,6,-777.2466987971968
2017-04-12,-740.7404231010022,0.0,3.5982912226055084,-744.3387143236077,2.4474096854905825,2016,6,-744.3387143236077
2017-04-13,-425.07386463280227,0.0,3.5982912226055084,-428.67215585540777,2.4474096854905825,2016,6,-428.67215585540777
2017-04-17,662.6650790224874,0.0,3.5982912226055084,659.0667877998818,2.4474096854905825,2016,6,659.0667877998818
2017-04-18,-1076.6113976328306,0.0,3.5982912226055084,-1080.209688855436,2.4474096854905825,2016,6,-1080.209688855436
2017-04-19,290.80188404538666,0.0,3.5982912226055084,287.20359282278116,2.4474096854905825,2016,6,287.20359282278116
2017-04-20,858.442526342479,0.0,3.5982912226055084,854.8442351198735,2.4474096854905825,2016,6,854.8442351198735
2017-04-21,31.087716726017824,0.0,3.5982912226055084,27.489425503412317,2.4474096854905825,2016,6,27.489425503412317
2017-04-24,951.7636522467228,0.0,3.5982912226055084,948.1653610241173,2.4474096854905825,2016,6,948.1653610241173
2017-04-25,914.4403049027183,0.0,3.5982912226055084,910.8420136801127,2.4474096854905825,2016,6,910.8420136801127
2017-04-26,-247.9225782920185,0.0,3.5982912226055084,-251.520869514624,2.4474096854905825,2016,6,-251.520869514624
2017-04-27,203.83699345067262,0.0,3.5982912226055084,200.23870222806713,2.4474096854905825,2016,6,200.23870222806713
2017-04-28,-201.62121207688105,0.0,3.5982912226055084,-205.21950329948655,2.4474096854905825,2016,6,-205.21950329948655
2017-05-01,894.6310894640411,86.43264104172142,3.5982912226055084,804.6001571997141,2.4474096854905825,2016,6,761.3838366788534
2017-05-02,156.25704079053907,0.0,4.239657220458127,152.01738357008094,2.8203081728052886,2016,6,152.01738357008094
2017-05-03,241.4466383784791,0.0,4.239657220458127,237.20698115802097,2.8203081728052886,2016,6,237.20698115802097
2017-05-04,342.5172608854547,0.0,4.239657220458127,338.27760366499655,2.8203081728052886,2016,6,338.27760366499655
2017-05-05,208.0129153401575,0.0,4.239657220458127,203.77325811969936,2.8203081728052886,2016,6,203.77325811969936
2017-05-08,531.8754481304492,0.0,4.239657220458127,527.6357909099911,2.8203081728052886,2016,6,527.6357909099911
2017-05-09,460.3050889553251,0.0,4.239657220458127,456.065431734867,2.8203081728052886,2016,6,456.065431734867
2017-05-10,-55.98821617766774,0.0,4.239657220458127,-60.227873398125865,2.8203081728052886,2016,6,-60.227873398125865
2017-05-11,-447.51816884794187,0.0,4.239657220458127,-451.7578260684,2.8203081728052886,2016,6,-451.7578260684
2017-05-12,-621.2465532199861,0.0,4.239657220458127,-625.4862104404442,2.8203081728052886,2016,6,-625.4862104404442
2017-05-15,252.62703304299998,0.0,4.239657220458127,248.38737582254186,2.8203081728052886,2016,6,248.38737582254186
2017-05-16,-431.2732368966477,0.0,4.239657220458127,-435.5128941171058,2.8203081728052886,2016,6,-435.5128941171058
2017-05-17,-2224.4201793907655,0.0,4.239657220458127,-2228.6598366112235,2.8203081728052886,2016,6,-2228.6598366112235
2017-05-18,361.53715511237095,0.0,4.239657220458127,357.2974978919128,2.8203081728052886,2016,6,357.2974978919128
2017-05-19,-59.08915468217431,0.0,4.239657220458127,-63.32881190263244,2.8203081728052886,2016,6,-63.32881190263244
2017-05-22,213.15360726198523,0.0,4.239657220458127,208.9139500415271,2.8203081728052886,2016,6,208.9139500415271
2017-05-23,531.2555317714763,0.0,4.239657220458127,527.0158745510182,2.8203081728052886,2016,6,527.0158745510182
2017-05-24,-59.65228311716497,0.0,4.239657220458127,-63.8919403376231,2.8203081728052886,2016,6,-63.8919403376231
2017-05-25,859.7561717955707,0.0,4.239657220458127,855.5165145751126,2.8203081728052886,2016,6,855.5165145751126
2017-05-26,-250.4671615775998,0.0,4.239657220458127,-254.70681879805792,2.8203081728052886,2016,6,-254.70681879805792
2017-05-30,-488.5884055949975,0.0,4.239657220458127,-492.8280628154556,2.8203081728052886,2016,6,-492.8280628154556
2017-05-31,139.04214424140383,0.0,4.239657220458127,134.8024870209457,2.8203081728052886,2016,6,134.8024870209457
2017-06-01,1057.5686275978337,230.5297401214761,4.239657220458127,822.7992302558995,2.8203081728052886,2016,6,707.5343601951614
2017-06-02,1689.3411963051406,0.0,1.256277112373532,1688.084919192767,2.8667373965316094,2016,6,1688.084919192767
2017-06-05,-589.1910931927565,0.0,1.256277112373532,-590.44737030513,2.8667373965316094,2016,6,-590.44737030513
2017-06-06,220.0643326479354,0.0,1.256277112373532,218.80805553556186,2.8667373965316094,2016,6,218.80805553556186
2017-06-07,-56.599643931638184,0.0,1.256277112373532,-57.855921044011716,2.8667373965316094,2016,6,-57.855921044011716
2017-06-08,-293.573295230928,0.0,1.256277112373532,-294.82957234330155,2.8667373965316094,2016,6,-294.82957234330155
2017-06-09,-850.3680552805636,0.0,1.256277112373532,-851.624332392937,2.8667373965316094,2016,6,-851.624332392937
2017-06-12,-44.89913556457119,0.0,1.256277112373532,-46.15541267694472,2.8667373965316094,2016,6,-46.15541267694472
2017-06-13,481.5361696743745,0.0,1.256277112373532,480.27989256200095,2.8667373965316094,2016,6,480.27989256200095
2017-06-14,581.6264260650362,0.0,1.256277112373532,580.3701489526627,2.8667373965316094,2016,6,580.3701489526627
2017-06-15,-1199.3526787312028,0.0,1.256277112373532,-1200.6089558435763,2.8667373965316094,2016,6,-1200.6089558435763
2017-06-16,73.83755964483713,0.0,1.256277112373532,72.58128253246359,2.8667373965316094,2016,6,72.58128253246359
2017-06-19,257.1911901323312,0.0,1.256277112373532,255.93491301995766,2.8667373965316094,2016,6,255.93491301995766
2017-06-20,-192.15407261511695,0.0,1.256277112373532,-193.41034972749048,2.8667373965316094,2016,6,-193.41034972749048
2017-06-21,339.06682545552616,0.0,1.256277112373532,337.8105483431526,2.8667373965316094,2016,6,337.8105483431526
2017-06-22,397.08158957100756,0.0,1.256277112373532,395.825312458634,2.8667373965316094,2016,6,395.825312458634
2017-06-23,426.25856085501886,0.0,1.256277112373532,425.0022837426453,2.8667373965316094,2016,6,425.0022837426453
2017-06-26,-59.81865375037323,0.0,1.256277112373532,-61.07493086274676,2.8667373965316094,2016,6,-61.07493086274676
2017-06-27,-936.5523117978078,0.0,1.256277112373532,-937.8085889101812,2.8667373965316094,2016,6,-937.8085889101812
2017-06-28,735.0526799506606,0.0,1.256277112373532,733.7964028382871,2.8667373965316094,2016,6,733.7964028382871
2017-06-29,-1399.0942435794725,0.0,1.256277112373532,-1400.350520691846,2.8667373965316094,2016,6,-1400.350520691846
2017-06-30,-439.25214407611156,0.0,1.256277112373532,-440.5084211884851,2.8667373965316094,2016,6,-440.5084211884851
2017-07-03,-972.9131033605131,128.06736018372987,0.8495353201432124,-1101.829998864386,2.798317600934807,2017,COMBO,-1165.863678956251
2017-07-05,239.48228036345668,0.0,1.7716849942932904,237.7105953691634,2.706344777436091,2017,COMBO,237.7105953691634
2017-07-06,-852.0573430900505,0.0,1.7716849942932904,-853.8290280843438,2.706344777436091,2017,COMBO,-853.8290280843438
2017-07-07,671.8197820681844,0.0,1.7716849942932904,670.0480970738911,2.706344777436091,2017,COMBO,670.0480970738911
2017-07-10,134.1333794246331,0.0,1.7716849942932904,132.3616944303398,2.706344777436091,2017,COMBO,132.3616944303398
2017-07-11,283.50965963171643,0.0,1.7716849942932904,281.7379746374231,2.706344777436091,2017,COMBO,281.7379746374231
2017-07-12,1239.7238509115448,0.0,1.7716849942932904,1237.9521659172515,2.706344777436091,2017,COMBO,1237.9521659172515
2017-07-13,149.36082769212405,0.0,1.7716849942932904,147.58914269783077,2.706344777436091,2017,COMBO,147.58914269783077
2017-07-14,900.0645478745541,0.0,1.7716849942932904,898.2928628802608,2.706344777436091,2017,COMBO,898.2928628802608
2017-07-17,19.032825149491817,0.0,1.7716849942932904,17.261140155198525,2.706344777436091,2017,COMBO,17.261140155198525
2017-07-18,734.1135910565928,0.0,1.7716849942932904,732.3419060622995,2.706344777436091,2017,COMBO,732.3419060622995
2017-07-19,351.50327647120633,0.0,1.7716849942932904,349.731591476913,2.706344777436091,2017,COMBO,349.731591476913
2017-07-20,581.1322234144969,0.0,1.7716849942932904,579.3605384202036,2.706344777436091,2017,COMBO,579.3605384202036
2017-07-21,171.53386763334288,0.0,1.7716849942932904,169.7621826390496,2.706344777436091,2017,COMBO,169.7621826390496
2017-07-24,-163.84714682064495,0.0,1.7716849942932904,-165.61883181493823,2.706344777436091,2017,COMBO,-165.61883181493823
2017-07-25,-437.4842529303562,0.0,1.7716849942932904,-439.2559379246495,2.706344777436091,2017,COMBO,-439.2559379246495
2017-07-26,504.8972376090837,0.0,1.7716849942932904,503.12555261479037,2.706344777436091,2017,COMBO,503.12555261479037
2017-07-27,-662.6780350406481,0.0,1.7716849942932904,-664.4497200349414,2.706344777436091,2017,COMBO,-664.4497200349414
2017-07-28,211.29924097881772,0.0,1.7716849942932904,209.52755598452444,2.706344777436091,2017,COMBO,209.52755598452444
2017-07-31,101.69681326962319,0.0,1.7716849942932904,99.9251282753299,2.706344777436091,2017,COMBO,99.9251282753299
2017-08-01,587.5594498251983,48.48753361426523,1.7716849942932904,537.3002312166398,2.706344777436091,2017,COMBO,513.0564644095072
2017-08-02,-6.6597554638289775,0.0,1.1822182603942406,-7.841973724223218,2.64489042053795,2017,COMBO,-7.841973724223218
2017-08-03,-79.52158245257145,0.0,1.1822182603942406,-80.70380071296569,2.64489042053795,2017,COMBO,-80.70380071296569
2017-08-04,-260.6625649663896,0.0,1.1822182603942406,-261.8447832267838,2.64489042053795,2017,COMBO,-261.8447832267838
2017-08-07,197.8310645458455,0.0,1.1822182603942406,196.64884628545124,2.64489042053795,2017,COMBO,196.64884628545124
2017-08-08,-753.5117064068845,0.0,1.1822182603942406,-754.6939246672788,2.64489042053795,2017,COMBO,-754.6939246672788
2017-08-09,-582.7494330723667,0.0,1.1822182603942406,-583.931651332761,2.64489042053795,2017,COMBO,-583.931651332761
2017-08-10,-1654.6855997638645,0.0,1.1822182603942406,-1655.8678180242587,2.64489042053795,2017,COMBO,-1655.8678180242587
2017-08-11,447.89925583532494,0.0,1.1822182603942406,446.7170375749307,2.64489042053795,2017,COMBO,446.7170375749307
2017-08-14,727.8187401084714,0.0,1.1822182603942406,726.6365218480771,2.64489042053795,2017,COMBO,726.6365218480771
2017-08-15,-305.1422852123952,0.0,1.1822182603942406,-306.32450347278944,2.64489042053795,2017,COMBO,-306.32450347278944
2017-08-16,597.3092574331663,0.0,1.1822182603942406,596.127039172772,2.64489042053795,2017,COMBO,596.127039172772
2017-08-17,-1428.6482092437327,0.0,1.1822182603942406,-1429.8304275041269,2.64489042053795,2017,COMBO,-1429.8304275041269
2017-08-18,518.7631718712933,0.0,1.1822182603942406,517.580953610899,2.64489042053795,2017,COMBO,517.580953610899
2017-08-21,226.50814059862086,0.0,1.1822182603942406,225.3259223382266,2.64489042053795,2017,COMBO,225.3259223382266
2017-08-22,529.5871400847374,0.0,1.1822182603942406,528.4049218243431,2.64489042053795,2017,COMBO,528.4049218243431
2017-08-23,370.69688112489865,0.0,1.1822182603942406,369.51466286450443,2.64489042053795,2017,COMBO,369.51466286450443
2017-08-24,-282.67663089514065,0.0,1.1822182603942406,-283.85884915553487,2.64489042053795,2017,COMBO,-283.85884915553487
2017-08-25,887.7780452799609,0.0,1.1822182603942406,886.5958270195666,2.64489042053795,2017,COMBO,886.5958270195666
2017-08-28,51.985850460905276,0.0,1.1822182603942406,50.80363220051103,2.64489042053795,2017,COMBO,50.80363220051103
2017-08-29,-129.26344811540096,0.0,1.1822182603942406,-130.4456663757952,2.64489042053795,2017,COMBO,-130.4456663757952
2017-08-30,-30.25797216829703,0.0,1.1822182603942406,-31.44019042869127,2.64489042053795,2017,COMBO,-31.44019042869127
2017-08-31,1109.0171597686797,0.0,1.1822182603942406,1107.8349415082855,2.64489042053795,2017,COMBO,1107.8349415082855
2017-09-01,-119.7176871514339,78.87698554567177,1.1822182603942406,-199.77689095749994,2.64489042053795,2017,COMBO,-239.21538373033584
2017-09-05,206.8701177098953,0.0,0.7312759676569649,206.13884174223836,2.684135323867609,2017,COMBO,206.13884174223836
2017-09-06,-8.391858199570546,0.0,0.7312759676569649,-9.12313416722751,2.684135323867609,2017,COMBO,-9.12313416722751
2017-09-07,1191.0787037783457,0.0,0.7312759676569649,1190.3474278106887,2.684135323867609,2017,COMBO,1190.3474278106887
2017-09-08,-111.72679960668428,0.0,0.7312759676569649,-112.45807557434125,2.684135323867609,2017,COMBO,-112.45807557434125
2017-09-11,-56.20423806951106,0.0,0.7312759676569649,-56.93551403716802,2.684135323867609,2017,COMBO,-56.93551403716802
2017-09-12,10.647973590607895,0.0,0.7312759676569649,9.916697622950931,2.684135323867609,2017,COMBO,9.916697622950931
2017-09-13,-718.5267932817843,0.0,0.7312759676569649,-719.2580692494413,2.684135323867609,2017,COMBO,-719.2580692494413
2017-09-14,324.2242877363035,0.0,0.7312759676569649,323.4930117686465,2.684135323867609,2017,COMBO,323.4930117686465
2017-09-15,315.45760034526404,0.0,0.7312759676569649,314.72632437760706,2.684135323867609,2017,COMBO,314.72632437760706
2017-09-18,-212.6289275285227,0.0,0.7312759676569649,-213.36020349617965,2.684135323867609,2017,COMBO,-213.36020349617965
2017-09-19,419.3421470807182,0.0,0.7312759676569649,418.6108711130612,2.684135323867609,2017,COMBO,418.6108711130612
2017-09-20,-668.0866306244217,0.0,0.7312759676569649,-668.8179065920787,2.684135323867609,2017,COMBO,-668.8179065920787
2017-09-21,-520.6146274748658,0.0,0.7312759676569649,-521.3459034425227,2.684135323867609,2017,COMBO,-521.3459034425227
2017-09-22,405.0395754719404,0.0,0.7312759676569649,404.3082995042834,2.684135323867609,2017,COMBO,404.3082995042834
2017-09-25,-302.61266537196076,0.0,0.7312759676569649,-303.34394133961774,2.684135323867609,2017,COMBO,-303.34394133961774
2017-09-26,-368.62439515191664,0.0,0.7312759676569649,-369.3556711195736,2.684135323867609,2017,COMBO,-369.3556711195736
2017-09-27,-394.8188454810117,0.0,0.7312759676569649,-395.5501214486687,2.684135323867609,2017,COMBO,-395.5501214486687
2017-09-28,272.30417730764236,0.0,0.7312759676569649,271.5729013399854,2.684135323867609,2017,COMBO,271.5729013399854
2017-09-29,335.3216914326631,0.0,0.7312759676569649,334.5904154650061,2.684135323867609,2017,COMBO,334.5904154650061
2017-10-02,-148.39147714166546,76.46360741757354,0.7312759676569649,-225.58636052689596,2.684135323867609,2017,COMBO,-263.8181642356828
2017-10-03,644.810322689584,0.0,1.1140315228602742,643.6962911667238,2.827719585930601,2017,COMBO,643.6962911667238
2017-10-04,101.9045742743296,0.0,1.1140315228602742,100.79054275146933,2.827719585930601,2017,COMBO,100.79054275146933
2017-10-05,37.756345973428964,0.0,1.1140315228602742,36.64231445056869,2.827719585930601,2017,COMBO,36.64231445056869
2017-10-06,-360.88946661901684,0.0,1.1140315228602742,-362.0034981418771,2.827719585930601,2017,COMBO,-362.0034981418771
2017-10-09,44.65014570557095,0.0,1.1140315228602742,43.536114182710676,2.827719585930601,2017,COMBO,43.536114182710676
2017-10-10,893.4622850626808,0.0,1.1140315228602742,892.3482535398206,2.827719585930601,2017,COMBO,892.3482535398206
2017-10-11,424.9856275603165,0.0,1.1140315228602742,423.87159603745624,2.827719585930601,2017,COMBO,423.87159603745624
2017-10-12,-29.340324839415153,0.0,1.1140315228602742,-30.454356362275426,2.827719585930601,2017,COMBO,-30.454356362275426
2017-10-13,854.486690628572,0.0,1.1140315228602742,853.3726591057117,2.827719585930601,2017,COMBO,853.3726591057117
2017-10-16,-149.25739055158755,0.0,1.1140315228602742,-150.37142207444782,2.827719585930601,2017,COMBO,-150.37142207444782
2017-10-17,-199.18163210059896,0.0,1.1140315228602742,-200.29566362345923,2.827719585930601,2017,COMBO,-200.29566362345923
2017-10-18,154.17004218026167,0.0,1.1140315228602742,153.0560106574014,2.827719585930601,2017,COMBO,153.0560106574014
2017-10-19,-81.9184968089304,0.0,1.1140315228602742,-83.03252833179067,2.827719585930601,2017,COMBO,-83.03252833179067
2017-10-20,-182.4074598058644,0.0,1.1140315228602742,-183.52149132872466,2.827719585930601,2017,COMBO,-183.52149132872466
2017-10-23,-449.6882848314051,0.0,1.1140315228602742,-450.8023163542654,2.827719585930601,2017,COMBO,-450.8023163542654
2017-10-24,94.45694105588609,0.0,1.1140315228602742,93.34290953302582,2.827719585930601,2017,COMBO,93.34290953302582
2017-10-25,-764.2883794497227,0.0,1.1140315228602742,-765.402410972583,2.827719585930601,2017,COMBO,-765.402410972583
2017-10-26,-644.7244158519309,0.0,1.1140315228602742,-645.8384473747911,2.827719585930601,2017,COMBO,-645.8384473747911
2017-10-27,1137.4132605632406,0.0,1.1140315228602742,1136.2992290403802,2.827719585930601,2017,COMBO,1136.2992290403802
2017-10-30,182.1303348961694,0.0,1.1140315228602742,181.0163033733091,2.827719585930601,2017,COMBO,181.0163033733091
2017-10-31,338.5304804179553,0.0,1.1140315228602742,337.416448895095,2.827719585930601,2017,COMBO,337.416448895095
2017-11-01,217.27760123650043,80.5245889958805,1.1140315228602742,135.63898071775964,2.827719585930601,2017,COMBO,95.37668621981939
2017-11-02,319.46486962910853,0.0,1.033669637885568,318.43119999122297,2.737233753823278,2017,COMBO,318.43119999122297
2017-11-03,178.59780993519328,0.0,1.033669637885568,177.56414029730772,2.737233753823278,2017,COMBO,177.56414029730772
2017-11-06,798.1906236273312,0.0,1.033669637885568,797.1569539894456,2.737233753823278,2017,COMBO,797.1569539894456
2017-11-07,-410.9501709399589,0.0,1.033669637885568,-411.9838405778445,2.737233753823278,2017,COMBO,-411.9838405778445
2017-11-08,100.61208378877251,0.0,1.033669637885568,99.57841415088694,2.737233753823278,2017,COMBO,99.57841415088694
2017-11-09,-796.0485952089716,0.0,1.033669637885568,-797.0822648468572,2.737233753823278,2017,COMBO,-797.0822648468572
2017-11-10,-537.2395653296335,0.0,1.033669637885568,-538.2732349675191,2.737233753823278,2017,COMBO,-538.2732349675191
2017-11-13,-184.1506045334618,0.0,1.033669637885568,-185.18427417134737,2.737233753823278,2017,COMBO,-185.18427417134737
2017-11-14,-646.6099991056305,0.0,1.033669637885568,-647.6436687435162,2.737233753823278,2017,COMBO,-647.6436687435162
2017-11-15,-526.3598857557784,0.0,1.033669637885568,-527.393555393664,2.737233753823278,2017,COMBO,-527.393555393664
2017-11-16,1554.728584504769,0.0,1.033669637885568,1553.6949148668834,2.737233753823278,2017,COMBO,1553.6949148668834
2017-11-17,165.10775025327257,0.0,1.033669637885568,164.074080615387,2.737233753823278,2017,COMBO,164.074080615387
2017-11-20,58.65137371806852,0.0,1.033669637885568,57.61770408018295,2.737233753823278,2017,COMBO,57.61770408018295
2017-11-21,1289.7985212440576,0.0,1.033669637885568,1288.764851606172,2.737233753823278,2017,COMBO,1288.764851606172
2017-11-22,456.3358088951898,0.0,1.033669637885568,455.30213925730425,2.737233753823278,2017,COMBO,455.30213925730425
2017-11-24,599.8050792988464,0.0,1.033669637885568,598.7714096609608,2.737233753823278,2017,COMBO,598.7714096609608
2017-11-27,-829.9066913389607,0.0,1.033669637885568,-830.9403609768464,2.737233753823278,2017,COMBO,-830.9403609768464
2017-11-28,769.8907900697701,0.0,1.033669637885568,768.8571204318845,2.737233753823278,2017,COMBO,768.8571204318845
2017-11-29,-888.4853400591027,0.0,1.033669637885568,-889.5190096969883,2.737233753823278,2017,COMBO,-889.5190096969883
2017-11-30,311.0263886258916,0.0,1.033669637885568,309.99271898800606,2.737233753823278,2017,COMBO,309.99271898800606
2017-12-01,-94.37364662683657,81.55451902538566,1.033669637885568,-176.96183529010779,2.737233753823278,2017,COMBO,-217.7390948028006
2017-12-04,-728.1313203501498,0.0,1.5093391994413068,-729.6406595495912,2.4931203465392318,2017,COMBO,-729.6406595495912
2017-12-05,-174.7438764407979,0.0,1.5093391994413068,-176.2532156402392,2.4931203465392318,2017,COMBO,-176.2532156402392
2017-12-06,-693.2420790388012,0.0,1.5093391994413068,-694.7514182382425,2.4931203465392318,2017,COMBO,-694.7514182382425
2017-12-07,702.5476558638665,0.0,1.5093391994413068,701.0383166644251,2.4931203465392318,2017,COMBO,701.0383166644251
2017-12-08,694.2938463404703,0.0,1.5093391994413068,692.7845071410289,2.4931203465392318,2017,COMBO,692.7845071410289
2017-12-11,534.3087608573036,0.0,1.5093391994413068,532.7994216578622,2.4931203465392318,2017,COMBO,532.7994216578622
2017-12-12,-189.50942650282752,0.0,1.5093391994413068,-191.01876570226884,2.4931203465392318,2017,COMBO,-191.01876570226884
2017-12-13,211.1644365042681,0.0,1.5093391994413068,209.6550973048268,2.4931203465392318,2017,COMBO,209.6550973048268
2017-12-14,-375.3442777276613,0.0,1.5093391994413068,-376.85361692710256,2.4931203465392318,2017,COMBO,-376.85361692710256
2017-12-15,540.1238281593444,0.0,1.5093391994413068,538.614488959903,2.4931203465392318,2017,COMBO,538.614488959903
2017-12-18,1109.675489524324,0.0,1.5093391994413068,1108.1661503248827,2.4931203465392318,2017,COMBO,1108.1661503248827
2017-12-19,-815.4354847094932,0.0,1.5093391994413068,-816.9448239089345,2.4931203465392318,2017,COMBO,-816.9448239089345
2017-12-20,-4.469311160996232,0.0,1.5093391994413068,-5.9786503604375385,2.4931203465392318,2017,COMBO,-5.9786503604375385
2017-12-21,304.1711693042793,0.0,1.5093391994413068,302.66183010483803,2.4931203465392318,2017,COMBO,302.66183010483803
2017-12-22,250.85609498614124,0.0,1.5093391994413068,249.34675578669993,2.4931203465392318,2017,COMBO,249.34675578669993
2017-12-26,250.50364985752643,0.0,1.5093391994413068,248.9943106580851,2.4931203465392318,2017,COMBO,248.9943106580851
2017-12-27,119.92453186117008,0.0,1.5093391994413068,118.41519266172878,2.4931203465392318,2017,COMBO,118.41519266172878
2017-12-28,239.5374079414001,0.0,1.5093391994413068,238.02806874195878,2.4931203465392318,2017,COMBO,238.02806874195878
2017-12-29,-121.70756924373488,0.0,1.5093391994413068,-123.21690844317618,2.4931203465392318,2017,COMBO,-123.21690844317618
2018-01-02,835.7924403460431,140.99050892808268,1.5093391994413068,693.2925922185191,2.4931203465392318,2017,COMBO,622.7973377544778
2018-01-03,768.5021479792315,0.0,1.0562161969383974,767.4459317822931,2.8813473778838854,2017,COMBO,767.4459317822931
2018-01-04,638.9662595448416,0.0,1.0562161969383974,637.9100433479032,2.8813473778838854,2017,COMBO,637.9100433479032
2018-01-05,327.11117447681073,0.0,1.0562161969383974,326.0549582798723,2.8813473778838854,2017,COMBO,326.0549582798723
2018-01-08,-61.24679812087592,0.0,1.0562161969383974,-62.30301431781432,2.8813473778838854,2017,COMBO,-62.30301431781432
2018-01-09,-610.8882589728545,0.0,1.0562161969383974,-611.9444751697929,2.8813473778838854,2017,COMBO,-611.9444751697929
2018-01-10,-84.77801970582478,0.0,1.0562161969383974,-85.83423590276317,2.8813473778838854,2017,COMBO,-85.83423590276317
2018-01-11,1028.2774881588334,0.0,1.0562161969383974,1027.2212719618951,2.8813473778838854,2017,COMBO,1027.2212719618951
2018-01-12,1398.039886290057,0.0,1.0562161969383974,1396.9836700931187,2.8813473778838854,2017,COMBO,1396.9836700931187
2018-01-16,5.347746647247566,0.0,1.0562161969383974,4.2915304503091685,2.8813473778838854,2017,COMBO,4.2915304503091685
2018-01-17,484.03199526980586,0.0,1.0562161969383974,482.97577907286745,2.8813473778838854,2017,COMBO,482.97577907286745
2018-01-18,-684.0390984871296,0.0,1.0562161969383974,-685.0953146840681,2.8813473778838854,2017,COMBO,-685.0953146840681
2018-01-19,396.1043023936425,0.0,1.0562161969383974,395.0480861967041,2.8813473778838854,2017,COMBO,395.0480861967041
2018-01-22,836.6201203921967,0.0,1.0562161969383974,835.5639041952583,2.8813473778838854,2017,COMBO,835.5639041952583
2018-01-23,1093.8604647747816,0.0,1.0562161969383974,1092.8042485778433,2.8813473778838854,2017,COMBO,1092.8042485778433
2018-01-24,737.9851620159965,0.0,1.0562161969383974,736.9289458190581,2.8813473778838854,2017,COMBO,736.9289458190581
2018-01-25,-234.68438435405957,0.0,1.0562161969383974,-235.74060055099798,2.8813473778838854,2017,COMBO,-235.74060055099798
2018-01-26,1016.0814696976664,0.0,1.0562161969383974,1015.025253500728,2.8813473778838854,2017,COMBO,1015.025253500728
2018-01-29,-1486.0998931981621,0.0,1.0562161969383974,-1487.1561093951004,2.8813473778838854,2017,COMBO,-1487.1561093951004
2018-01-30,-1455.8668667078393,0.0,1.0562161969383974,-1456.9230829047776,2.8813473778838854,2017,COMBO,-1456.9230829047776
2018-01-31,733.7661998176504,0.0,1.0562161969383974,732.709983620712,2.8813473778838854,2017,COMBO,732.709983620712
2018-02-01,-401.94486874044253,118.56399295281156,1.0562161969383974,-521.5650778901925,2.8813473778838854,2017,COMBO,-580.8470743665982
2018-02-02,-2545.073452009872,0.0,2.0437422575161492,-2547.117194267388,2.6322032955063692,2017,COMBO,-2547.117194267388
2018-02-05,-3819.9175377315437,0.0,2.0437422575161492,-3821.9612799890597,2.6322032955063692,2017,COMBO,-3821.9612799890597
2018-02-06,1570.2694407352908,0.0,2.0437422575161492,1568.2256984777746,2.6322032955063692,2017,COMBO,1568.2256984777746
2018-02-07,-1576.5520401842366,0.0,2.0437422575161492,-1578.5957824417528,2.6322032955063692,2017,COMBO,-1578.5957824417528
2018-02-08,-2821.4124985909702,0.0,2.0437422575161492,-2823.4562408484862,2.6322032955063692,2017,COMBO,-2823.4562408484862
2018-02-09,559.6488758369106,0.0,2.0437422575161492,557.6051335793945,2.6322032955063692,2017,COMBO,557.6051335793945
2018-02-12,1740.4450300991432,0.0,2.0437422575161492,1738.401287841627,2.6322032955063692,2017,COMBO,1738.401287841627
2018-02-13,310.1749443810209,0.0,2.0437422575161492,308.13120212350475,2.6322032955063692,2017,COMBO,308.13120212350475
2018-02-14,2905.9003492312154,0.0,2.0437422575161492,2903.8566069736994,2.6322032955063692,2017,COMBO,2903.8566069736994
2018-02-15,1312.6109755847328,0.0,2.0437422575161492,1310.5672333272166,2.6322032955063692,2017,COMBO,1310.5672333272166
2018-02-16,-265.7847308743748,0.0,2.0437422575161492,-267.828473131891,2.6322032955063692,2017,COMBO,-267.828473131891
2018-02-20,-1091.3489399327514,0.0,2.0437422575161492,-1093.3926821902676,2.6322032955063692,2017,COMBO,-1093.3926821902676
2018-02-21,-640.2584145803033,0.0,2.0437422575161492,-642.3021568378194,2.6322032955063692,2017,COMBO,-642.3021568378194
2018-02-22,751.1799575781832,0.0,2.0437422575161492,749.1362153206671,2.6322032955063692,2017,COMBO,749.1362153206671
2018-02-23,980.9535291953972,0.0,2.0437422575161492,978.9097869378811,2.6322032955063692,2017,COMBO,978.9097869378811
2018-02-26,1016.4918349870771,0.0,2.0437422575161492,1014.448092729561,2.6322032955063692,2017,COMBO,1014.448092729561
2018-02-27,-1876.161904141677,0.0,2.0437422575161492,-1878.2056463991933,2.6322032955063692,2017,COMBO,-1878.2056463991933
2018-02-28,-1267.0238161919342,0.0,2.0437422575161492,-1269.0675584494504,2.6322032955063692,2017,COMBO,-1269.0675584494504
2018-03-01,-1136.8435961619812,117.59391846951674,2.0437422575161492,-1256.481256889014,2.6322032955063692,2017,COMBO,-1315.2782161237724
2018-03-02,935.6499745873281,0.0,3.695038874253359,931.9549357130747,2.4562484623266,2017,COMBO,931.9549357130747
2018-03-05,460.99470486893665,0.0,3.695038874253359,457.29966599468327,2.4562484623266,2017,COMBO,457.29966599468327
2018-03-06,434.80722954345543,0.0,3.695038874253359,431.11219066920205,2.4562484623266,2017,COMBO,431.11219066920205
2018-03-07,-100.0568487382938,0.0,3.695038874253359,-103.75188761254715,2.4562484623266,2017,COMBO,-103.75188761254715
2018-03-08,-588.5293043948376,0.0,3.695038874253359,-592.2243432690909,2.4562484623266,2017,COMBO,-592.2243432690909
2018-03-09,973.9854576249953,0.0,3.695038874253359,970.290418750742,2.4562484623266,2017,COMBO,970.290418750742
2018-03-12,-17.852449494469077,0.0,3.695038874253359,-21.547488368722437,2.4562484623266,2017,COMBO,-21.547488368722437
2018-03-13,-435.74344761750206,0.0,3.695038874253359,-439.43848649175544,2.4562484623266,2017,COMBO,-439.43848649175544
2018-03-14,-221.92791244349422,0.0,3.695038874253359,-225.62295131774758,2.4562484623266,2017,COMBO,-225.62295131774758
2018-03-15,-281.87443021007374,0.0,3.695038874253359,-285.5694690843271,2.4562484623266,2017,COMBO,-285.5694690843271
2018-03-16,70.22631073474058,0.0,3.695038874253359,66.53127186048722,2.4562484623266,2017,COMBO,66.53127186048722
2018-03-19,-283.88865663008625,0.0,3.695038874253359,-287.58369550433963,2.4562484623266,2017,COMBO,-287.58369550433963
2018-03-20,211.34251070388729,0.0,3.695038874253359,207.64747182963393,2.4562484623266,2017,COMBO,207.64747182963393
2018-03-21,844.0339438795838,0.0,3.695038874253359,840.3389050053305,2.4562484623266,2017,COMBO,840.3389050053305
2018-03-22,-1429.5603382057948,0.0,3.695038874253359,-1433.2553770800482,2.4562484623266,2017,COMBO,-1433.2553770800482
2018-03-23,-229.63655546951483,0.0,3.695038874253359,-233.3315943437682,2.4562484623266,2017,COMBO,-233.3315943437682
2018-03-26,1262.2142580703598,0.0,3.695038874253359,1258.5192191961064,2.4562484623266,2017,COMBO,1258.5192191961064
2018-03-27,-1506.6844864735217,0.0,3.695038874253359,-1510.3795253477751,2.4562484623266,2017,COMBO,-1510.3795253477751
2018-03-28,-906.930625699089,0.0,3.695038874253359,-910.6256645733423,2.4562484623266,2017,COMBO,-910.6256645733423
2018-03-29,583.4761543243217,0.0,3.695038874253359,579.7811154500683,2.4562484623266,2017,COMBO,579.7811154500683
2018-04-02,-1114.6418325953464,77.28313014304598,3.695038874253359,-1195.6200016126459,2.4562484623266,2017,COMBO,-1234.2615666841689
2018-04-03,356.9882999786174,0.0,4.897931321510909,352.0903686571065,2.9294685320470633,2017,COMBO,352.0903686571065
2018-04-04,154.19295657830716,0.0,4.897931321510909,149.29502525679627,2.9294685320470633,2017,COMBO,149.29502525679627
2018-04-05,155.43081122798682,0.0,4.897931321510909,150.53287990647593,2.9294685320470633,2017,COMBO,150.53287990647593
2018-04-06,-951.0169787927484,0.0,4.897931321510909,-955.9149101142593,2.9294685320470633,2017,COMBO,-955.9149101142593
2018-04-09,636.8924861675583,0.0,4.897931321510909,631.9945548460474,2.9294685320470633,2017,COMBO,631.9945548460474
2018-04-10,1093.4373166773332,0.0,4.897931321510909,1088.5393853558223,2.9294685320470633,2017,COMBO,1088.5393853558223
2018-04-11,73.63874086250719,0.0,4.897931321510909,68.74080954099628,2.9294685320470633,2017,COMBO,68.74080954099628
2018-04-12,235.88127177442226,0.0,4.897931321510909,230.98334045291136,2.9294685320470633,2017,COMBO,230.98334045291136
2018-04-13,-333.53998219951166,0.0,4.897931321510909,-338.43791352102255,2.9294685320470633,2017,COMBO,-338.43791352102255
2018-04-16,196.9224741222427,0.0,4.897931321510909,192.0245428007318,2.9294685320470633,2017,COMBO,192.0245428007318
2018-04-17,77.15312527392425,0.0,4.897931321510909,72.25519395241334,2.9294685320470633,2017,COMBO,72.25519395241334
2018-04-18,782.2383638322959,0.0,4.897931321510909,777.340432510785,2.9294685320470633,2017,COMBO,777.340432510785
2018-04-19,-21.420077298798578,0.0,4.897931321510909,-26.318008620309488,2.9294685320470633,2017,COMBO,-26.318008620309488
2018-04-20,-105.80904039850215,0.0,4.897931321510909,-110.70697172001306,2.9294685320470633,2017,COMBO,-110.70697172001306
2018-04-23,-217.0780423454128,0.0,4.897931321510909,-221.9759736669237,2.9294685320470633,2017,COMBO,-221.9759736669237
2018-04-24,-182.4539217288531,0.0,4.897931321510909,-187.35185305036399,2.9294685320470633,2017,COMBO,-187.35185305036399
2018-04-25,-4.756528878768881,0.0,4.897931321510909,-9.65446020027979,2.9294685320470633,2017,COMBO,-9.65446020027979
2018-04-26,-265.52624962140385,0.0,4.897931321510909,-270.42418094291475,2.9294685320470633,2017,COMBO,-270.42418094291475
2018-04-27,-331.07084606100335,0.0,4.897931321510909,-335.96877738251425,2.9294685320470633,2017,COMBO,-335.96877738251425
2018-04-30,-328.8386257483686,0.0,4.897931321510909,-333.7365570698795,2.9294685320470633,2017,COMBO,-333.7365570698795
2018-05-01,-372.80808518502437,133.78241012555853,4.897931321510909,-511.4884266320938,2.9294685320470633,2017,COMBO,-578.3796316948731
2018-05-02,-228.60306824070338,0.0,6.007933630411509,-234.6110018711149,2.975856878031243,2017,COMBO,-234.6110018711149
2018-05-03,38.986716627940424,0.0,6.007933630411509,32.97878299752892,2.975856878031243,2017,COMBO,32.97878299752892
2018-05-04,190.77152525212082,0.0,6.007933630411509,184.7635916217093,2.975856878031243,2017,COMBO,184.7635916217093
2018-05-07,63.709435864802074,0.0,6.007933630411509,57.70150223439057,2.975856878031243,2017,COMBO,57.70150223439057
2018-05-08,337.5001333102372,0.0,6.007933630411509,331.49219967982566,2.975856878031243,2017,COMBO,331.49219967982566
2018-05-09,512.5867570580697,0.0,6.007933630411509,506.57882342765816,2.975856878031243,2017,COMBO,506.57882342765816
2018-05-10,-461.54149818009523,0.0,6.007933630411509,-467.54943181050675,2.975856878031243,2017,COMBO,-467.54943181050675
2018-05-11,-194.11629858476888,0.0,6.007933630411509,-200.1242322151804,2.975856878031243,2017,COMBO,-200.1242322151804
2018-05-14,826.700295216586,0.0,6.007933630411509,820.6923615861746,2.975856878031243,2017,COMBO,820.6923615861746
2018-05-15,1071.225085777144,0.0,6.007933630411509,1065.2171521467324,2.975856878031243,2017,COMBO,1065.2171521467324
2018-05-16,449.9750874396078,0.0,6.007933630411509,443.9671538091963,2.975856878031243,2017,COMBO,443.9671538091963
2018-05-17,256.3305654694721,0.0,6.007933630411509,250.3226318390606,2.975856878031243,2017,COMBO,250.3226318390606
2018-05-18,-845.3858060503533,0.0,6.007933630411509,-851.3937396807647,2.975856878031243,2017,COMBO,-851.3937396807647
2018-05-21,34.343683058271274,0.0,6.007933630411509,28.335749427859767,2.975856878031243,2017,COMBO,28.335749427859767
2018-05-22,-26.110739271794795,0.0,6.007933630411509,-32.118672902206306,2.975856878031243,2017,COMBO,-32.118672902206306
2018-05-23,-756.6317751189744,0.0,6.007933630411509,-762.6397087493858,2.975856878031243,2017,COMBO,-762.6397087493858
2018-05-24,-845.0151968500862,0.0,6.007933630411509,-851.0231304804977,2.975856878031243,2017,COMBO,-851.0231304804977
2018-05-25,-1268.5003172969496,0.0,6.007933630411509,-1274.5082509273611,2.975856878031243,2017,COMBO,-1274.5082509273611
2018-05-29,-2094.425195185512,0.0,6.007933630411509,-2100.4331288159237,2.975856878031243,2017,COMBO,-2100.4331288159237
2018-05-30,1163.882453877926,0.0,6.007933630411509,1157.8745202475145,2.975856878031243,2017,COMBO,1157.8745202475145
2018-05-31,-106.65846647966897,0.0,6.007933630411509,-112.66640011008049,2.975856878031243,2017,COMBO,-112.66640011008049
2018-06-01,147.21932952163286,142.47024111539233,6.007933630411509,-1.2588452241709778,2.975856878031243,2017,COMBO,-72.49396578186716
2018-06-04,163.1116625241879,0.0,3.2177961057070723,159.89386641848083,2.2820545809223955,2017,COMBO,159.89386641848083
2018-06-05,22.34952521562098,0.0,3.2177961057070723,19.131729109913906,2.2820545809223955,2017,COMBO,19.131729109913906
2018-06-06,363.1194616842601,0.0,3.2177961057070723,359.90166557855304,2.2820545809223955,2017,COMBO,359.90166557855304
2018-06-07,-226.9373950796393,0.0,3.2177961057070723,-230.15519118534635,2.2820545809223955,2017,COMBO,-230.15519118534635
2018-06-08,229.97607763309003,0.0,3.2177961057070723,226.75828152738296,2.2820545809223955,2017,COMBO,226.75828152738296
2018-06-11,68.43474413240274,0.0,3.2177961057070723,65.21694802669568,2.2820545809223955,2017,COMBO,65.21694802669568
2018-06-12,213.57402497470295,0.0,3.2177961057070723,210.35622886899588,2.2820545809223955,2017,COMBO,210.35622886899588
2018-06-13,-170.5923983919356,0.0,3.2177961057070723,-173.81019449764267,2.2820545809223955,2017,COMBO,-173.81019449764267
2018-06-14,59.14461930601871,0.0,3.2177961057070723,55.92682320031164,2.2820545809223955,2017,COMBO,55.92682320031164
2018-06-15,-210.34140742735528,0.0,3.2177961057070723,-213.55920353306234,2.2820545809223955,2017,COMBO,-213.55920353306234
2018-06-18,338.90592257384054,0.0,3.2177961057070723,335.6881264681335,2.2820545809223955,2017,COMBO,335.6881264681335
2018-06-19,-352.47123549173614,0.0,3.2177961057070723,-355.6890315974432,2.2820545809223955,2017,COMBO,-355.6890315974432
2018-06-20,716.35124443047,0.0,3.2177961057070723,713.133448324763,2.2820545809223955,2017,COMBO,713.133448324763
2018-06-21,-535.2806925419982,0.0,3.2177961057070723,-538.4984886477052,2.2820545809223955,2017,COMBO,-538.4984886477052
2018-06-22,479.41945904623987,0.0,3.2177961057070723,476.2016629405328,2.2820545809223955,2017,COMBO,476.2016629405328
2018-06-25,-1028.9362911908609,0.0,3.2177961057070723,-1032.154087296568,2.2820545809223955,2017,COMBO,-1032.154087296568
2018-06-26,654.8725205636755,0.0,3.2177961057070723,651.6547244579684,2.2820545809223955,2017,COMBO,651.6547244579684
2018-06-27,-204.3505999276911,0.0,3.2177961057070723,-207.56839603339816,2.2820545809223955,2017,COMBO,-207.56839603339816
2018-06-28,396.19196234266224,0.0,3.2177961057070723,392.97416623695517,2.2820545809223955,2017,COMBO,392.97416623695517
2018-06-29,-75.38879979466574,0.0,3.2177961057070723,-78.60659590037281,2.2820545809223955,2017,COMBO,-78.60659590037281
2018-07-02,464.8815717352199,37.157382730367935,5.952117232465352,421.7720717723866,2.9999999999999996,2018,6,403.19338040720265
2018-07-03,-702.2862916048792,0.0,5.9877481464390145,-708.2740397513182,2.9999999999999996,2018,6,-708.2740397513182
2018-07-05,-213.9379789262351,0.0,5.9877481464390145,-219.9257270726741,2.9999999999999996,2018,6,-219.9257270726741
2018-07-06,-186.18592551485577,0.0,5.9877481464390145,-192.17367366129477,2.9999999999999996,2018,6,-192.17367366129477
2018-07-09,-199.4363032294823,0.0,5.9877481464390145,-205.4240513759213,2.9999999999999996,2018,6,-205.4240513759213
2018-07-10,165.82581457509355,0.0,5.9877481464390145,159.83806642865454,2.9999999999999996,2018,6,159.83806642865454
2018-07-11,90.51036449066942,0.0,5.9877481464390145,84.5226163442304,2.9999999999999996,2018,6,84.5226163442304
2018-07-12,-212.73805134343374,0.0,5.9877481464390145,-218.72579948987274,2.9999999999999996,2018,6,-218.72579948987274
2018-07-13,-194.91411719883254,0.0,5.9877481464390145,-200.90186534527155,2.9999999999999996,2018,6,-200.90186534527155
2018-07-16,-207.3763926995118,0.0,5.9877481464390145,-213.3641408459508,2.9999999999999996,2018,6,-213.3641408459508
2018-07-17,375.44450960892493,0.0,5.9877481464390145,369.45676146248593,2.9999999999999996,2018,6,369.45676146248593
2018-07-18,326.54491095233834,0.0,5.9877481464390145,320.55716280589934,2.9999999999999996,2018,6,320.55716280589934
2018-07-19,328.95443910709065,0.0,5.9877481464390145,322.96669096065165,2.9999999999999996,2018,6,322.96669096065165
2018-07-20,-258.0608489993082,0.0,5.9877481464390145,-264.0485971457472,2.9999999999999996,2018,6,-264.0485971457472
2018-07-23,950.1825289924388,0.0,5.9877481464390145,944.1947808459998,2.9999999999999996,2018,6,944.1947808459998
2018-07-24,-475.3717589715901,0.0,5.9877481464390145,-481.3595071180291,2.9999999999999996,2018,6,-481.3595071180291
2018-07-25,-158.27373897454714,0.0,5.9877481464390145,-164.26148712098615,2.9999999999999996,2018,6,-164.26148712098615
2018-07-26,690.0406655576857,0.0,5.9877481464390145,684.0529174112467,2.9999999999999996,2018,6,684.0529174112467
2018-07-27,-818.0893341712755,0.0,5.9877481464390145,-824.0770823177145,2.9999999999999996,2018,6,-824.0770823177145
2018-07-30,25.873000588397097,0.0,5.9877481464390145,19.885252441958084,2.9999999999999996,2018,6,19.885252441958084
2018-07-31,-246.46614291421892,0.0,5.9877481464390145,-252.45389106065792,2.9999999999999996,2018,6,-252.45389106065792
2018-08-01,569.1329481005063,73.41517548891879,5.9877481464390145,489.73002446514846,2.9999999999999996,2018,6,453.0224367206891
2018-08-02,795.5684456876279,0.0,5.600021760911626,789.9684239267162,2.9999999999999996,2018,6,789.9684239267162
2018-08-03,-370.88040679358534,0.0,5.600021760911626,-376.48042855449694,2.9999999999999996,2018,6,-376.48042855449694
2018-08-06,549.5771027826353,0.0,5.600021760911626,543.9770810217236,2.9999999999999996,2018,6,543.9770810217236
2018-08-07,4.808594559026422,0.0,5.600021760911626,-0.7914272018852042,2.9999999999999996,2018,6,-0.7914272018852042
2018-08-08,-477.9385284636252,0.0,5.600021760911626,-483.5385502245368,2.9999999999999996,2018,6,-483.5385502245368
2018-08-09,85.50100930296105,0.0,5.600021760911626,79.90098754204942,2.9999999999999996,2018,6,79.90098754204942
2018-08-10,383.43105444418813,0.0,5.600021760911626,377.83103268327653,2.9999999999999996,2018,6,377.83103268327653
2018-08-13,460.81017884630717,0.0,5.600021760911626,455.21015708539556,2.9999999999999996,2018,6,455.21015708539556
2018-08-14,522.548653723817,0.0,5.600021760911626,516.9486319629053,2.9999999999999996,2018,6,516.9486319629053
2018-08-15,51.14745638356258,0.0,5.600021760911626,45.547434622650954,2.9999999999999996,2018,6,45.547434622650954
2018-08-16,69.75856584318896,0.0,5.600021760911626,64.15854408227733,2.9999999999999996,2018,6,64.15854408227733
2018-08-17,-514.8614788801699,0.0,5.600021760911626,-520.4615006410816,2.9999999999999996,2018,6,-520.4615006410816
2018-08-20,-584.134217970769,0.0,5.600021760911626,-589.7342397316806,2.9999999999999996,2018,6,-589.7342397316806
2018-08-21,-84.53912214066183,0.0,5.600021760911626,-90.13914390157346,2.9999999999999996,2018,6,-90.13914390157346
2018-08-22,-147.03841715213267,0.0,5.600021760911626,-152.6384389130443,2.9999999999999996,2018,6,-152.6384389130443
2018-08-23,856.4710392389003,0.0,5.600021760911626,850.8710174779886,2.9999999999999996,2018,6,850.8710174779886
2018-08-24,-688.6289938446952,0.0,5.600021760911626,-694.2290156056068,2.9999999999999996,2018,6,-694.2290156056068
2018-08-27,-235.7937668030121,0.0,5.600021760911626,-241.39378856392372,2.9999999999999996,2018,6,-241.39378856392372
2018-08-28,676.7559151603402,0.0,5.600021760911626,671.1558933994286,2.9999999999999996,2018,6,671.1558933994286
2018-08-29,207.68883017500283,0.0,5.600021760911626,202.0888084140912,2.9999999999999996,2018,6,202.0888084140912
2018-08-30,246.48267256855752,0.0,5.600021760911626,240.8826508076459,2.9999999999999996,2018,6,240.8826508076459
2018-08-31,626.0256486610157,0.0,5.600021760911626,620.425626900104,2.9999999999999996,2018,6,620.425626900104
2018-09-04,677.5806363702156,156.13338360316249,5.600021760911626,515.8472310061416,2.9999999999999996,2018,6,437.7805392045603
2018-09-05,-216.5465118987123,0.0,2.4086107387605784,-218.9551226374729,2.9999999999999996,2018,6,-218.9551226374729
2018-09-06,-85.58450770869675,0.0,2.4086107387605784,-87.99311844745732,2.9999999999999996,2018,6,-87.99311844745732
2018-09-07,-165.11988943665014,0.0,2.4086107387605784,-167.52850017541073,2.9999999999999996,2018,6,-167.52850017541073
2018-09-10,257.7404225435233,0.0,2.4086107387605784,255.33181180476274,2.9999999999999996,2018,6,255.33181180476274
2018-09-11,8.373841644629731,0.0,2.4086107387605784,5.965230905869153,2.9999999999999996,2018,6,5.965230905869153
2018-09-12,-193.71860082445377,0.0,2.4086107387605784,-196.12721156321436,2.9999999999999996,2018,6,-196.12721156321436
2018-09-13,-132.97423167755437,0.0,2.4086107387605784,-135.38284241631496,2.9999999999999996,2018,6,-135.38284241631496
2018-09-14,-47.32445554280972,0.0,2.4086107387605784,-49.7330662815703,2.9999999999999996,2018,6,-49.7330662815703
2018-09-17,-559.7662785345901,0.0,2.4086107387605784,-562.1748892733507,2.9999999999999996,2018,6,-562.1748892733507
2018-09-18,-516.0218458803496,0.0,2.4086107387605784,-518.4304566191101,2.9999999999999996,2018,6,-518.4304566191101
2018-09-19,-634.699562578205,0.0,2.4086107387605784,-637.1081733169656,2.9999999999999996,2018,6,-637.1081733169656
2018-09-20,-27.40634969032788,0.0,2.4086107387605784,-29.81496042908846,2.9999999999999996,2018,6,-29.81496042908846
2018-09-21,143.6938533569335,0.0,2.4086107387605784,141.2852426181729,2.9999999999999996,2018,6,141.2852426181729
2018-09-24,48.00521787381878,0.0,2.4086107387605784,45.5966071350582,2.9999999999999996,2018,6,45.5966071350582
2018-09-25,-272.2171638726541,0.0,2.4086107387605784,-274.62577461141467,2.9999999999999996,2018,6,-274.62577461141467
2018-09-26,105.96344884575328,0.0,2.4086107387605784,103.5548381069927,2.9999999999999996,2018,6,103.5548381069927
2018-09-27,932.5080649713794,0.0,2.4086107387605784,930.0994542326189,2.9999999999999996,2018,6,930.0994542326189
2018-09-28,283.8862111255286,0.0,2.4086107387605784,281.477600386768,2.9999999999999996,2018,6,281.477600386768
2018-10-01,6.252747956638708,179.85317652681826,2.4086107387605784,-176.00903930894015,2.9999999999999996,2018,6,-265.93562757234923
2018-10-02,-551.6125904929902,0.0,4.9310871471485855,-556.5436776401388,3.0,2018,6,-556.5436776401388
2018-10-03,1195.8788980839113,0.0,4.9310871471485855,1190.9478109367626,3.0,2018,6,1190.9478109367626
2018-10-04,-441.33400632140086,0.0,4.9310871471485855,-446.2650934685494,3.0,2018,6,-446.2650934685494
2018-10-05,-126.49286805291192,0.0,4.9310871471485855,-131.4239552000605,3.0,2018,6,-131.4239552000605
2018-10-08,144.6157385314404,0.0,4.9310871471485855,139.6846513842918,3.0,2018,6,139.6846513842918
2018-10-09,-369.8432433874534,0.0,4.9310871471485855,-374.774330534602,3.0,2018,6,-374.774330534602
2018-10-10,-1795.6262109485137,0.0,4.9310871471485855,-1800.5572980956624,3.0,2018,6,-1800.5572980956624
2018-10-11,-2363.9887482223867,0.0,4.9310871471485855,-2368.919835369535,3.0,2018,6,-2368.919835369535
2018-10-12,831.4548980217115,0.0,4.9310871471485855,826.523810874563,3.0,2018,6,826.523810874563
2018-10-15,-307.6796508636282,0.0,4.9310871471485855,-312.61073801077674,3.0,2018,6,-312.61073801077674
2018-10-16,1248.0767250131876,0.0,4.9310871471485855,1243.145637866039,3.0,2018,6,1243.145637866039
2018-10-17,374.0130839533301,0.0,4.9310871471485855,369.08199680618156,3.0,2018,6,369.08199680618156
2018-10-18,-910.4993048114817,0.0,4.9310871471485855,-915.4303919586303,3.0,2018,6,-915.4303919586303
2018-10-19,148.88239948351148,0.0,4.9310871471485855,143.9513123363629,3.0,2018,6,143.9513123363629
2018-10-22,68.97756244881757,0.0,4.9310871471485855,64.04647530166898,3.0,2018,6,64.04647530166898
2018-10-23,-1095.4190962981936,0.0,4.9310871471485855,-1100.3501834453423,3.0,2018,6,-1100.3501834453423
2018-10-24,-1781.3613576612156,0.0,4.9310871471485855,-1786.2924448083643,3.0,2018,6,-1786.2924448083643
2018-10-25,1554.2400994850104,0.0,4.9310871471485855,1549.3090123378618,3.0,2018,6,1549.3090123378618
2018-10-26,-1630.7900084728697,0.0,4.9310871471485855,-1635.7210956200183,3.0,2018,6,-1635.7210956200183
2018-10-29,130.41226606848485,0.0,4.9310871471485855,125.48117892133627,3.0,2018,6,125.48117892133627
2018-10-30,1238.0624200408397,0.0,4.9310871471485855,1233.131332893691,3.0,2018,6,1233.131332893691
2018-10-31,632.5353393891936,0.0,4.9310871471485855,627.604252242045,3.0,2018,6,627.604252242045
2018-11-01,-508.7875935891516,71.92945656517095,4.9310871471485855,-585.6481373014711,3.0,2018,6,-621.6128655840565
2018-11-02,395.3810782893567,0.0,6.1226019611959135,389.2584763281608,3.0000000000000004,2018,6,389.2584763281608
2018-11-05,37.00472245520887,0.0,6.1226019611959135,30.88212049401296,3.0000000000000004,2018,6,30.88212049401296
2018-11-06,116.28918282243846,0.0,6.1226019611959135,110.16658086124255,3.0000000000000004,2018,6,110.16658086124255
2018-11-07,-129.6039555505129,0.0,6.1226019611959135,-135.72655751170882,3.0000000000000004,2018,6,-135.72655751170882
2018-11-08,807.1732443569525,0.0,6.1226019611959135,801.0506423957567,3.0000000000000004,2018,6,801.0506423957567
2018-11-09,89.48213425384375,0.0,6.1226019611959135,83.35953229264784,3.0000000000000004,2018,6,83.35953229264784
2018-11-12,278.01276761840194,0.0,6.1226019611959135,271.890165657206,3.0000000000000004,2018,6,271.890165657206
2018-11-13,-339.47366686848085,0.0,6.1226019611959135,-345.5962688296768,3.0000000000000004,2018,6,-345.5962688296768
2018-11-14,-545.4420485244168,0.0,6.1226019611959135,-551.5646504856127,3.0000000000000004,2018,6,-551.5646504856127
2018-11-15,-267.07669959453244,0.0,6.1226019611959135,-273.19930155572837,3.0000000000000004,2018,6,-273.19930155572837
2018-11-16,-1136.9314199267003,0.0,6.1226019611959135,-1143.0540218878962,3.0000000000000004,2018,6,-1143.0540218878962
2018-11-19,-107.15986152434922,0.0,6.1226019611959135,-113.28246348554514,3.0000000000000004,2018,6,-113.28246348554514
2018-11-20,635.0835673949882,0.0,6.1226019611959135,628.9609654337924,3.0000000000000004,2018,6,628.9609654337924
2018-11-21,-338.72518518675537,0.0,6.1226019611959135,-344.8477871479513,3.0000000000000004,2018,6,-344.8477871479513
2018-11-23,110.10850575783077,0.0,6.1226019611959135,103.98590379663486,3.0000000000000004,2018,6,103.98590379663486
2018-11-26,333.7632559204945,0.0,6.1226019611959135,327.64065395929856,3.0000000000000004,2018,6,327.64065395929856
2018-11-27,537.0281217016452,0.0,6.1226019611959135,530.9055197404493,3.0000000000000004,2018,6,530.9055197404493
2018-11-28,-516.2492494517141,0.0,6.1226019611959135,-522.37185141291,3.0000000000000004,2018,6,-522.37185141291
2018-11-29,-263.88185523779686,0.0,6.1226019611959135,-270.0044571989928,3.0000000000000004,2018,6,-270.0044571989928
2018-11-30,303.3504426294779,0.0,6.1226019611959135,297.227840668282,3.0000000000000004,2018,6,297.227840668282
2018-12-03,-520.5769746025301,83.26300834223447,6.1226019611959135,-609.9625849059604,3.0000000000000004,2018,6,-651.5940890770776
2018-12-04,407.0311669325403,0.0,6.084369221309816,400.9467977112305,2.858361571273714,2018,6,400.9467977112305
2018-12-06,570.9645314968749,0.0,6.084369221309816,564.8801622755651,2.858361571273714,2018,6,564.8801622755651
2018-12-07,-36.32447233628236,0.0,6.084369221309816,-42.408841557592176,2.858361571273714,2018,6,-42.408841557592176
2018-12-10,722.718385671663,0.0,6.084369221309816,716.6340164503532,2.858361571273714,2018,6,716.6340164503532
2018-12-11,-94.71883440611668,0.0,6.084369221309816,-100.8032036274265,2.858361571273714,2018,6,-100.8032036274265
2018-12-12,-821.4225987153011,0.0,6.084369221309816,-827.5069679366109,2.858361571273714,2018,6,-827.5069679366109
2018-12-13,-66.2043311206186,0.0,6.084369221309816,-72.28870034192842,2.858361571273714,2018,6,-72.28870034192842
2018-12-14,1035.098620932036,0.0,6.084369221309816,1029.0142517107263,2.858361571273714,2018,6,1029.0142517107263
2018-12-17,-86.664730095466,0.0,6.084369221309816,-92.74909931677581,2.858361571273714,2018,6,-92.74909931677581
2018-12-18,133.10367814809544,0.0,6.084369221309816,127.01930892678563,2.858361571273714,2018,6,127.01930892678563
2018-12-19,566.5003954891688,0.0,6.084369221309816,560.416026267859,2.858361571273714,2018,6,560.416026267859
2018-12-20,-232.0519950249657,0.0,6.084369221309816,-238.13636424627552,2.858361571273714,2018,6,-238.13636424627552
2018-12-21,1330.2411291721828,0.0,6.084369221309816,1324.156759950873,2.858361571273714,2018,6,1324.156759950873
2018-12-24,-145.42736642075167,0.0,6.084369221309816,-151.5117356420615,2.858361571273714,2018,6,-151.5117356420615
2018-12-26,-887.8948115781287,0.0,6.084369221309816,-893.9791807994385,2.858361571273714,2018,6,-893.9791807994385
2018-12-27,-214.2245359069654,0.0,6.084369221309816,-220.30890512827523,2.858361571273714,2018,6,-220.30890512827523
2018-12-28,-559.5652128913791,0.0,6.084369221309816,-565.6495821126889,2.858361571273714,2018,6,-565.6495821126889
2018-12-31,-360.0375255128114,0.0,6.084369221309816,-366.1218947341212,2.858361571273714,2018,6,-366.1218947341212
2019-01-02,-249.40609828385928,108.93140994273635,6.084369221309816,-364.42187744790544,2.858361571273714,2018,6,-418.8875824192736
2019-01-03,515.568082194736,0.0,3.8733834874639563,511.69469870727204,2.132335161831787,2018,6,511.69469870727204
2019-01-04,-2018.45949516348,0.0,3.8733834874639563,-2022.332878650944,2.132335161831787,2018,6,-2022.332878650944
2019-01-07,-685.3917497959419,0.0,3.8733834874639563,-689.2651332834058,2.132335161831787,2018,6,-689.2651332834058
2019-01-08,-624.6363441184491,0.0,3.8733834874639563,-628.509727605913,2.132335161831787,2018,6,-628.509727605913
2019-01-09,-848.4470411884647,0.0,3.8733834874639563,-852.3204246759286,2.132335161831787,2018,6,-852.3204246759286
2019-01-10,-83.94069597222266,0.0,3.8733834874639563,-87.81407945968661,2.132335161831787,2018,6,-87.81407945968661
2019-01-11,240.61587477228426,0.0,3.8733834874639563,236.7424912848203,2.132335161831787,2018,6,236.7424912848203
2019-01-14,469.75132258180105,0.0,3.8733834874639563,465.8779390943371,2.132335161831787,2018,6,465.8779390943371
2019-01-15,-473.63647609091714,0.0,3.8733834874639563,-477.5098595783811,2.132335161831787,2018,6,-477.5098595783811
2019-01-16,-211.42687875715356,0.0,3.8733834874639563,-215.30026224461753,2.132335161831787,2018,6,-215.30026224461753
2019-01-17,-304.6531460082459,0.0,3.8733834874639563,-308.5265294957099,2.132335161831787,2018,6,-308.5265294957099
2019-01-18,-553.213340009598,0.0,3.8733834874639563,-557.0867234970619,2.132335161831787,2018,6,-557.0867234970619
2019-01-22,899.0950902991971,0.0,3.8733834874639563,895.2217068117332,2.132335161831787,2018,6,895.2217068117332
2019-01-23,-263.4998878606678,0.0,3.8733834874639563,-267.37327134813177,2.132335161831787,2018,6,-267.37327134813177
2019-01-24,91.6315533641919,0.0,3.8733834874639563,87.75816987672795,2.132335161831787,2018,6,87.75816987672795
2019-01-25,-914.5651334374033,0.0,3.8733834874639563,-918.4385169248673,2.132335161831787,2018,6,-918.4385169248673
2019-01-28,412.0927365598997,0.0,3.8733834874639563,408.21935307243575,2.132335161831787,2018,6,408.21935307243575
2019-01-29,-77.10531838524486,0.0,3.8733834874639563,-80.97870187270881,2.132335161831787,2018,6,-80.97870187270881
2019-01-30,-1125.1988855825969,0.0,3.8733834874639563,-1129.0722690700609,2.132335161831787,2018,6,-1129.0722690700609
2019-01-31,-317.3380187013649,0.0,3.8733834874639563,-321.21140218882886,2.132335161831787,2018,6,-321.21140218882886
2019-02-01,-51.562327855520664,108.62950850180195,3.8733834874639563,-164.06521984478658,2.132335161831787,2018,6,-218.37997409568757
2019-02-04,-222.5143280863903,0.0,3.3019183151941167,-225.8162464015844,2.8368703669710427,2018,6,-225.8162464015844
2019-02-05,240.4677163351091,0.0,3.3019183151941167,237.16579801991497,2.8368703669710427,2018,6,237.16579801991497
2019-02-06,289.406969231234,0.0,3.3019183151941167,286.10505091603983,2.8368703669710427,2018,6,286.10505091603983
2019-02-07,945.5850191063033,0.0,3.3019183151941167,942.2831007911092,2.8368703669710427,2018,6,942.2831007911092
2019-02-08,434.5016810134343,0.0,3.3019183151941167,431.19976269824014,2.8368703669710427,2018,6,431.19976269824014
2019-02-11,-75.77393833030014,0.0,3.3019183151941167,-79.07585664549426,2.8368703669710427,2018,6,-79.07585664549426
2019-02-12,-802.0849367343534,0.0,3.3019183151941167,-805.3868550495475,2.8368703669710427,2018,6,-805.3868550495475
2019-02-13,-307.0020388378967,0.0,3.3019183151941167,-310.30395715309083,2.8368703669710427,2018,6,-310.30395715309083
2019-02-14,216.90418322922378,0.0,3.3019183151941167,213.60226491402966,2.8368703669710427,2018,6,213.60226491402966
2019-02-15,-417.1637419886113,0.0,3.3019183151941167,-420.46566030380546,2.8368703669710427,2018,6,-420.46566030380546
2019-02-19,-60.82385478639228,0.0,3.3019183151941167,-64.1257731015864,2.8368703669710427,2018,6,-64.1257731015864
2019-02-20,-303.04977115912357,0.0,3.3019183151941167,-306.3516894743177,2.8368703669710427,2018,6,-306.3516894743177
2019-02-21,-286.1181342647936,0.0,3.3019183151941167,-289.4200525799877,2.8368703669710427,2018,6,-289.4200525799877
2019-02-22,94.0958841883173,0.0,3.3019183151941167,90.79396587312318,2.8368703669710427,2018,6,90.79396587312318
2019-02-25,-305.55656541239273,0.0,3.3019183151941167,-308.8584837275869,2.8368703669710427,2018,6,-308.8584837275869
2019-02-26,67.61380097912728,0.0,3.3019183151941167,64.31188266393316,2.8368703669710427,2018,6,64.31188266393316
2019-02-27,-447.29277161622576,0.0,3.3019183151941167,-450.5946899314199,2.8368703669710427,2018,6,-450.5946899314199
2019-02-28,-38.78814010459881,0.0,3.3019183151941167,-42.090058419792925,2.8368703669710427,2018,6,-42.090058419792925
2019-03-01,-649.34365771544,65.30496116727375,3.3019183151941167,-717.9505371979079,2.8368703669710427,2018,6,-750.6030177815448
2019-03-04,13.50807435864005,0.0,4.5190025673613565,8.989071791278693,3.0000000000000004,2018,6,8.989071791278693
2019-03-05,110.51085837829703,0.0,4.5190025673613565,105.99185581093568,3.0000000000000004,2018,6,105.99185581093568
2019-03-06,392.4692041526475,0.0,4.5190025673613565,387.9502015852861,3.0000000000000004,2018,6,387.9502015852861
2019-03-07,892.2048198250437,0.0,4.5190025673613565,887.6858172576824,3.0000000000000004,2018,6,887.6858172576824
2019-03-08,109.40285299611617,0.0,4.5190025673613565,104.88385042875481,3.0000000000000004,2018,6,104.88385042875481
2019-03-11,-609.9681948708235,0.0,4.5190025673613565,-614.4871974381848,3.0000000000000004,2018,6,-614.4871974381848
2019-03-12,-122.6104272402448,0.0,4.5190025673613565,-127.12942980760616,3.0000000000000004,2018,6,-127.12942980760616
2019-03-13,-471.0541506186645,0.0,4.5190025673613565,-475.5731531860259,3.0000000000000004,2018,6,-475.5731531860259
2019-03-14,176.78714871980904,0.0,4.5190025673613565,172.26814615244768,3.0000000000000004,2018,6,172.26814615244768
2019-03-15,-439.2232097669752,0.0,4.5190025673613565,-443.74221233433656,3.0000000000000004,2018,6,-443.74221233433656
2019-03-18,-447.6839532297384,0.0,4.5190025673613565,-452.2029557970998,3.0000000000000004,2018,6,-452.2029557970998
2019-03-19,30.668845924200905,0.0,4.5190025673613565,26.149843356839547,3.0000000000000004,2018,6,26.149843356839547
2019-03-20,-258.932036279822,0.0,4.5190025673613565,-263.4510388471834,3.0000000000000004,2018,6,-263.4510388471834
2019-03-21,157.0043531751721,0.0,4.5190025673613565,152.48535060781074,3.0000000000000004,2018,6,152.48535060781074
2019-03-22,1105.7560040339772,0.0,4.5190025673613565,1101.2370014666158,3.0000000000000004,2018,6,1101.2370014666158
2019-03-25,148.55775697311202,0.0,4.5190025673613565,144.03875440575067,3.0000000000000004,2018,6,144.03875440575067
2019-03-26,-120.57748340683736,0.0,4.5190025673613565,-125.09648597419871,3.0000000000000004,2018,6,-125.09648597419871
2019-03-27,236.32767099169234,0.0,4.5190025673613565,231.808668424331,3.0000000000000004,2018,6,231.808668424331
2019-03-28,-190.21977511682772,0.0,4.5190025673613565,-194.73877768418907,3.0000000000000004,2018,6,-194.73877768418907
2019-03-29,-238.81084361997688,0.0,4.5190025673613565,-243.32984618733823,3.0000000000000004,2018,6,-243.32984618733823
2019-04-01,-718.7513948490553,146.26809962230456,4.5190025673613565,-869.5384970387212,3.0000000000000004,2018,6,-942.6725468498734
2019-04-02,340.53496270345846,0.0,2.399794424573783,338.1351682788847,3.0000000000000004,2018,6,338.1351682788847
2019-04-03,-778.929830791853,0.0,2.399794424573783,-781.3296252164267,3.0000000000000004,2018,6,-781.3296252164267
2019-04-04,262.7280138068783,0.0,2.399794424573783,260.32821938230455,3.0000000000000004,2018,6,260.32821938230455
2019-04-05,13.141037747697919,0.0,2.399794424573783,10.741243323124136,3.0000000000000004,2018,6,10.741243323124136
2019-04-08,-393.00910905538024,0.0,2.399794424573783,-395.408903479954,3.0000000000000004,2018,6,-395.408903479954
2019-04-09,533.6194173517583,0.0,2.399794424573783,531.2196229271846,3.0000000000000004,2018,6,531.2196229271846
2019-04-10,232.67679387986928,0.0,2.399794424573783,230.2769994552955,3.0000000000000004,2018,6,230.2769994552955
2019-04-11,-405.3541499618942,0.0,2.399794424573783,-407.753944386468,3.0000000000000004,2018,6,-407.753944386468
2019-04-12,-724.9907021674584,0.0,2.399794424573783,-727.3904965920322,3.0000000000000004,2018,6,-727.3904965920322
2019-04-15,-40.860703949053,0.0,2.399794424573783,-43.26049837362678,3.0000000000000004,2018,6,-43.26049837362678
2019-04-16,-638.2046005642584,0.0,2.399794424573783,-640.6043949888322,3.0000000000000004,2018,6,-640.6043949888322
2019-04-17,-123.33341911737986,0.0,2.399794424573783,-125.73321354195365,3.0000000000000004,2018,6,-125.73321354195365
2019-04-18,610.1847116292696,0.0,2.399794424573783,607.7849172046958,3.0000000000000004,2018,6,607.7849172046958
2019-04-22,-548.3617661780136,0.0,2.399794424573783,-550.7615606025873,3.0000000000000004,2018,6,-550.7615606025873
2019-04-23,234.2377734723956,0.0,2.399794424573783,231.83797904782182,3.0000000000000004,2018,6,231.83797904782182
2019-04-24,1103.4846033099439,0.0,2.399794424573783,1101.08480888537,3.0000000000000004,2018,6,1101.08480888537
2019-04-25,177.9430910872279,0.0,2.399794424573783,175.54329666265414,3.0000000000000004,2018,6,175.54329666265414
2019-04-26,521.848468736536,0.0,2.399794424573783,519.4486743119622,3.0000000000000004,2018,6,519.4486743119622
2019-04-29,-936.5721124186804,0.0,2.399794424573783,-938.9719068432541,3.0000000000000004,2018,6,-938.9719068432541
2019-04-30,324.2137443247556,0.0,2.399794424573783,321.81394990018185,3.0000000000000004,2018,6,321.81394990018185
2019-05-01,0.7272875102160895,97.91445666308279,2.399794424573783,-99.58696357744049,3.0000000000000004,2018,6,-148.54419190898187
2019-05-02,-103.60140338635541,0.0,1.9367194457261125,-105.53812283208153,2.9999999999999996,2018,6,-105.53812283208153
2019-05-03,1014.2569758711118,0.0,1.9367194457261125,1012.3202564253857,2.9999999999999996,2018,6,1012.3202564253857
2019-05-06,-300.5667289051631,0.0,1.9367194457261125,-302.5034483508892,2.9999999999999996,2018,6,-302.5034483508892
2019-05-07,-796.818726148172,0.0,1.9367194457261125,-798.7554455938981,2.9999999999999996,2018,6,-798.7554455938981
2019-05-08,-567.9054635418036,0.0,1.9367194457261125,-569.8421829875297,2.9999999999999996,2018,6,-569.8421829875297
2019-05-09,-208.4842266601424,0.0,1.9367194457261125,-210.42094610586852,2.9999999999999996,2018,6,-210.42094610586852
2019-05-10,438.4950839726815,0.0,1.9367194457261125,436.5583645269554,2.9999999999999996,2018,6,436.5583645269554
2019-05-13,-1003.257978584098,0.0,1.9367194457261125,-1005.1946980298242,2.9999999999999996,2018,6,-1005.1946980298242
2019-05-14,573.099040280903,0.0,1.9367194457261125,571.1623208351768,2.9999999999999996,2018,6,571.1623208351768
2019-05-15,548.8067864909798,0.0,1.9367194457261125,546.8700670452537,2.9999999999999996,2018,6,546.8700670452537
2019-05-16,62.74355904356354,0.0,1.9367194457261125,60.80683959783743,2.9999999999999996,2018,6,60.80683959783743
2019-05-17,-369.25312973855097,0.0,1.9367194457261125,-371.1898491842771,2.9999999999999996,2018,6,-371.1898491842771
2019-05-20,-833.8497219812762,0.0,1.9367194457261125,-835.7864414270023,2.9999999999999996,2018,6,-835.7864414270023
2019-05-21,749.138360184914,0.0,1.9367194457261125,747.2016407391878,2.9999999999999996,2018,6,747.2016407391878
2019-05-22,235.2950175230282,0.0,1.9367194457261125,233.3582980773021,2.9999999999999996,2018,6,233.3582980773021
2019-05-23,106.65091180122762,0.0,1.9367194457261125,104.71419235550151,2.9999999999999996,2018,6,104.71419235550151
2019-05-24,-14.364092605943096,0.0,1.9367194457261125,-16.300812051669208,2.9999999999999996,2018,6,-16.300812051669208
2019-05-28,-219.07361516267028,0.0,1.9367194457261125,-221.0103346083964,2.9999999999999996,2018,6,-221.0103346083964
2019-05-29,-25.812414031577763,0.0,1.9367194457261125,-27.749133477303875,2.9999999999999996,2018,6,-27.749133477303875
2019-05-30,1096.2442875380814,0.0,1.9367194457261125,1094.3075680923553,2.9999999999999996,2018,6,1094.3075680923553
2019-05-31,277.6936556454582,0.0,1.9367194457261125,275.7569361997321,2.9999999999999996,2018,6,275.7569361997321
2019-06-03,501.7788861916066,85.67088719501136,1.9367194457261125,414.17127955086914,2.9999999999999996,2018,6,371.33583595336347
2019-06-04,-13.935299482876605,0.0,1.7264328038740773,-15.661732286750683,3.0000000000000004,2018,6,-15.661732286750683
2019-06-05,432.5895945038629,0.0,1.7264328038740773,430.8631616999888,3.0000000000000004,2018,6,430.8631616999888
2019-06-06,70.99981695673598,0.0,1.7264328038740773,69.27338415286191,3.0000000000000004,2018,6,69.27338415286191
2019-06-07,791.6610430953458,0.0,1.7264328038740773,789.9346102914717,3.0000000000000004,2018,6,789.9346102914717
2019-06-10,-646.3102398985454,0.0,1.7264328038740773,-648.0366727024195,3.0000000000000004,2018,6,-648.0366727024195
2019-06-11,82.53303147846647,0.0,1.7264328038740773,80.8065986745924,3.0000000000000004,2018,6,80.8065986745924
2019-06-12,248.78884978058684,0.0,1.7264328038740773,247.06241697671277,3.0000000000000004,2018,6,247.06241697671277
2019-06-13,529.3138232044358,0.0,1.7264328038740773,527.5873904005617,3.0000000000000004,2018,6,527.5873904005617
2019-06-14,193.8537936937608,0.0,1.7264328038740773,192.12736088988672,3.0000000000000004,2018,6,192.12736088988672
2019-06-17,9.059251587610488,0.0,1.7264328038740773,7.3328187837364105,3.0000000000000004,2018,6,7.3328187837364105
2019-06-18,1227.7292582506423,0.0,1.7264328038740773,1226.0028254467682,3.0000000000000004,2018,6,1226.0028254467682
2019-06-19,739.592993748404,0.0,1.7264328038740773,737.8665609445299,3.0000000000000004,2018,6,737.8665609445299
2019-06-20,1064.2874775157134,0.0,1.7264328038740773,1062.5610447118393,3.0000000000000004,2018,6,1062.5610447118393
2019-06-21,-931.5503032652247,0.0,1.7264328038740773,-933.2767360690988,3.0000000000000004,2018,6,-933.2767360690988
2019-06-24,436.61275287286566,0.0,1.7264328038740773,434.88632006899155,3.0000000000000004,2018,6,434.88632006899155
2019-06-25,-443.82993083392046,0.0,1.7264328038740773,-445.55636363779456,3.0000000000000004,2018,6,-445.55636363779456
2019-06-26,-630.9712997976518,0.0,1.7264328038740773,-632.6977326015259,3.0000000000000004,2018,6,-632.6977326015259
2019-06-27,491.6709501259012,0.0,1.7264328038740773,489.9445173220271,3.0000000000000004,2018,6,489.9445173220271
2019-06-28,108.0176398028251,0.0,1.7264328038740773,106.29120699895103,3.0000000000000004,2018,6,106.29120699895103
2019-07-01,195.87916168399894,132.12248452456683,2.5608132657809017,61.195863893651214,3.0000000000000004,2019,COMBO,-4.865378368632272
2019-07-02,1125.8026274519218,0.0,1.0939164529801877,1124.7087109989416,3.0,2019,COMBO,1124.7087109989416
2019-07-03,657.7206606207814,0.0,1.0939164529801877,656.6267441678011,3.0,2019,COMBO,656.6267441678011
2019-07-05,-1205.3087863526432,0.0,1.0939164529801877,-1206.4027028056234,3.0,2019,COMBO,-1206.4027028056234
2019-07-08,-466.1539700137961,0.0,1.0939164529801877,-467.24788646677627,3.0,2019,COMBO,-467.24788646677627
2019-07-09,-9.470529750445422,0.0,1.0939164529801877,-10.56444620342561,3.0,2019,COMBO,-10.56444620342561
2019-07-10,478.8447050887319,0.0,1.0939164529801877,477.75078863575175,3.0,2019,COMBO,477.75078863575175
2019-07-11,-1096.591762094166,0.0,1.0939164529801877,-1097.6856785471462,3.0,2019,COMBO,-1097.6856785471462
2019-07-12,378.62453892145436,0.0,1.0939164529801877,377.5306224684742,3.0,2019,COMBO,377.5306224684742
2019-07-15,347.81070650845294,0.0,1.0939164529801877,346.71679005547276,3.0,2019,COMBO,346.71679005547276
2019-07-16,-542.4813870100295,0.0,1.0939164529801877,-543.5753034630097,3.0,2019,COMBO,-543.5753034630097
2019-07-17,563.7052019918839,0.0,1.0939164529801877,562.6112855389036,3.0,2019,COMBO,562.6112855389036
2019-07-18,476.18669286955304,0.0,1.0939164529801877,475.09277641657286,3.0,2019,COMBO,475.09277641657286
2019-07-19,-815.9465075969496,0.0,1.0939164529801877,-817.0404240499298,3.0,2019,COMBO,-817.0404240499298
2019-07-22,348.4377851807653,0.0,1.0939164529801877,347.3438687277851,3.0,2019,COMBO,347.3438687277851
2019-07-23,250.72667472059018,0.0,1.0939164529801877,249.63275826761,3.0,2019,COMBO,249.63275826761
2019-07-24,599.3161937815662,0.0,1.0939164529801877,598.222277328586,3.0,2019,COMBO,598.222277328586
2019-07-25,-907.9637626217174,0.0,1.0939164529801877,-909.0576790746976,3.0,2019,COMBO,-909.0576790746976
2019-07-26,582.5845075930555,0.0,1.0939164529801877,581.4905911400753,3.0,2019,COMBO,581.4905911400753
2019-07-29,-73.29726151581617,0.0,1.0939164529801877,-74.39117796879636,3.0,2019,COMBO,-74.39117796879636
2019-07-30,8.275329814452293,0.0,1.0939164529801877,7.181413361472106,3.0,2019,COMBO,7.181413361472106
2019-07-31,-149.73451066334607,0.0,1.0939164529801877,-150.82842711632625,3.0,2019,COMBO,-150.82842711632625
2019-08-01,1657.7665817981663,104.97012124672848,1.0939164529801877,1551.7025440984576,3.0,2019,COMBO,1499.2174834750933
2019-08-02,-16.19013187941976,0.0,1.9854507757594761,-18.175582655179234,3.0000000000000004,2019,COMBO,-18.175582655179234
2019-08-05,127.05333349998905,0.0,1.9854507757594761,125.06788272422958,3.0000000000000004,2019,COMBO,125.06788272422958
2019-08-06,1067.4006087994537,0.0,1.9854507757594761,1065.4151580236942,3.0000000000000004,2019,COMBO,1065.4151580236942
2019-08-07,718.2031765021561,0.0,1.9854507757594761,716.2177257263967,3.0000000000000004,2019,COMBO,716.2177257263967
2019-08-08,657.8205367394082,0.0,1.9854507757594761,655.8350859636488,3.0000000000000004,2019,COMBO,655.8350859636488
2019-08-09,-414.39502227911584,0.0,1.9854507757594761,-416.3804730548753,3.0000000000000004,2019,COMBO,-416.3804730548753
2019-08-12,891.8450374530076,0.0,1.9854507757594761,889.8595866772482,3.0000000000000004,2019,COMBO,889.8595866772482
2019-08-13,-367.63155838293443,0.0,1.9854507757594761,-369.6170091586939,3.0000000000000004,2019,COMBO,-369.6170091586939
2019-08-14,822.8193338080729,0.0,1.9854507757594761,820.8338830323135,3.0000000000000004,2019,COMBO,820.8338830323135
2019-08-15,898.8402696055376,0.0,1.9854507757594761,896.8548188297782,3.0000000000000004,2019,COMBO,896.8548188297782
2019-08-16,2.5437735794995144,0.0,1.9854507757594761,0.5583228037400383,3.0000000000000004,2019,COMBO,0.5583228037400383
2019-08-19,-419.93058667654316,0.0,1.9854507757594761,-421.91603745230265,3.0000000000000004,2019,COMBO,-421.91603745230265
2019-08-20,363.3913470608452,0.0,1.9854507757594761,361.4058962850857,3.0000000000000004,2019,COMBO,361.4058962850857
2019-08-21,16.38827377684648,0.0,1.9854507757594761,14.402823001087002,3.0000000000000004,2019,COMBO,14.402823001087002
2019-08-22,-75.77781269648948,0.0,1.9854507757594761,-77.76326347224895,3.0000000000000004,2019,COMBO,-77.76326347224895
2019-08-23,455.6136853427544,0.0,1.9854507757594761,453.62823456699493,3.0000000000000004,2019,COMBO,453.62823456699493
2019-08-26,445.84798163128346,0.0,1.9854507757594761,443.86253085552397,3.0000000000000004,2019,COMBO,443.86253085552397
2019-08-27,899.1862019004756,0.0,1.9854507757594761,897.2007511247161,3.0000000000000004,2019,COMBO,897.2007511247161
2019-08-28,330.8337172241726,0.0,1.9854507757594761,328.8482664484131,3.0000000000000004,2019,COMBO,328.8482664484131
2019-08-29,44.73993442816749,0.0,1.9854507757594761,42.75448365240801,3.0000000000000004,2019,COMBO,42.75448365240801
2019-08-30,146.42550143422656,0.0,1.9854507757594761,144.44005065846707,3.0000000000000004,2019,COMBO,144.44005065846707
2019-09-03,598.5356877553626,32.98514051429847,1.9854507757594761,563.5650964653047,3.0000000000000004,2019,COMBO,547.0725262081554
2019-09-04,-244.5888592716584,0.0,2.1268987389215264,-246.71575801057995,2.999999999999999,2019,COMBO,-246.71575801057995
2019-09-05,-1565.244850271177,0.0,2.1268987389215264,-1567.3717490100985,2.999999999999999,2019,COMBO,-1567.3717490100985
2019-09-06,-156.46252551272877,0.0,2.1268987389215264,-158.5894242516503,2.999999999999999,2019,COMBO,-158.5894242516503
2019-09-09,-1284.6214828076097,0.0,2.1268987389215264,-1286.7483815465312,2.999999999999999,2019,COMBO,-1286.7483815465312
2019-09-10,-1092.4175985602333,0.0,2.1268987389215264,-1094.5444972991547,2.999999999999999,2019,COMBO,-1094.5444972991547
2019-09-11,174.12625533864627,0.0,2.1268987389215264,171.99935659972473,2.999999999999999,2019,COMBO,171.99935659972473
2019-09-12,-390.408601327744,0.0,2.1268987389215264,-392.5355000666655,2.999999999999999,2019,COMBO,-392.5355000666655
2019-09-13,-1750.75308336679,0.0,2.1268987389215264,-1752.8799821057114,2.999999999999999,2019,COMBO,-1752.8799821057114
2019-09-16,891.2826666827953,0.0,2.1268987389215264,889.1557679438737,2.999999999999999,2019,COMBO,889.1557679438737
2019-09-17,415.5368396409299,0.0,2.1268987389215264,413.4099409020084,2.999999999999999,2019,COMBO,413.4099409020084
2019-09-18,163.23047493976006,0.0,2.1268987389215264,161.10357620083852,2.999999999999999,2019,COMBO,161.10357620083852
2019-09-19,314.84782706265116,0.0,2.1268987389215264,312.72092832372965,2.999999999999999,2019,COMBO,312.72092832372965
2019-09-20,1127.37638546068,0.0,2.1268987389215264,1125.2494867217586,2.999999999999999,2019,COMBO,1125.2494867217586
2019-09-23,529.379346083112,0.0,2.1268987389215264,527.2524473441904,2.999999999999999,2019,COMBO,527.2524473441904
2019-09-24,362.7151066126538,0.0,2.1268987389215264,360.5882078737323,2.999999999999999,2019,COMBO,360.5882078737323
2019-09-25,-646.019442814516,0.0,2.1268987389215264,-648.1463415534375,2.999999999999999,2019,COMBO,-648.1463415534375
2019-09-26,324.8846067968322,0.0,2.1268987389215264,322.7577080579107,2.999999999999999,2019,COMBO,322.7577080579107
2019-09-27,-314.5465077001564,0.0,2.1268987389215264,-316.6734064390779,2.999999999999999,2019,COMBO,-316.6734064390779
2019-09-30,202.46327265452572,0.0,2.1268987389215264,200.33637391560418,2.999999999999999,2019,COMBO,200.33637391560418
2019-10-01,270.7141204879693,41.75025390430899,2.1268987389215264,226.83696784473878,2.999999999999999,2019,COMBO,205.96184089258426
2019-10-02,30.51504049984504,0.0,2.369005880899937,28.1460346189451,3.0000000000000004,2019,COMBO,28.1460346189451
2019-10-03,512.9598034063006,0.0,2.369005880899937,510.59079752540066,3.0000000000000004,2019,COMBO,510.59079752540066
2019-10-04,408.10451270129255,0.0,2.369005880899937,405.73550682039263,3.0000000000000004,2019,COMBO,405.73550682039263
2019-10-07,-387.07433225129535,0.0,2.369005880899937,-389.44333813219527,3.0000000000000004,2019,COMBO,-389.44333813219527
2019-10-08,140.5437979884209,0.0,2.369005880899937,138.17479210752094,3.0000000000000004,2019,COMBO,138.17479210752094
2019-10-09,-139.1871902410514,0.0,2.369005880899937,-141.55619612195136,3.0000000000000004,2019,COMBO,-141.55619612195136
2019-10-10,-1212.5696767584027,0.0,2.369005880899937,-1214.9386826393027,3.0000000000000004,2019,COMBO,-1214.9386826393027
2019-10-11,-1016.0092091341072,0.0,2.369005880899937,-1018.3782150150072,3.0000000000000004,2019,COMBO,-1018.3782150150072
2019-10-14,758.9365854111531,0.0,2.369005880899937,756.5675795302532,3.0000000000000004,2019,COMBO,756.5675795302532
2019-10-15,-460.93069943512154,0.0,2.369005880899937,-463.29970531602146,3.0000000000000004,2019,COMBO,-463.29970531602146
2019-10-16,-165.10941146221825,0.0,2.369005880899937,-167.4784173431182,3.0000000000000004,2019,COMBO,-167.4784173431182
2019-10-17,-406.00245383611707,0.0,2.369005880899937,-408.371459717017,3.0000000000000004,2019,COMBO,-408.371459717017
2019-10-18,-97.56486060200439,0.0,2.369005880899937,-99.93386648290432,3.0000000000000004,2019,COMBO,-99.93386648290432
2019-10-21,-298.3500722837299,0.0,2.369005880899937,-300.7190781646298,3.0000000000000004,2019,COMBO,-300.7190781646298
2019-10-22,236.879819331649,0.0,2.369005880899937,234.51081345074905,3.0000000000000004,2019,COMBO,234.51081345074905
2019-10-23,-55.813206274704,0.0,2.369005880899937,-58.182212155603935,3.0000000000000004,2019,COMBO,-58.182212155603935
2019-10-24,538.4996580735713,0.0,2.369005880899937,536.1306521926713,3.0000000000000004,2019,COMBO,536.1306521926713
2019-10-25,-138.73983486555102,0.0,2.369005880899937,-141.10884074645097,3.0000000000000004,2019,COMBO,-141.10884074645097
2019-10-28,-736.4909956215331,0.0,2.369005880899937,-738.8600015024331,3.0000000000000004,2019,COMBO,-738.8600015024331
2019-10-29,-243.8447422711125,0.0,2.369005880899937,-246.21374815201244,3.0000000000000004,2019,COMBO,-246.21374815201244
2019-10-30,475.4736345134164,0.0,2.369005880899937,473.1046286325165,3.0000000000000004,2019,COMBO,473.1046286325165
2019-10-31,801.2844722417209,0.0,2.369005880899937,798.9154663608209,3.0000000000000004,2019,COMBO,798.9154663608209
2019-11-01,-399.20152954879376,84.38637531776367,2.369005880899937,-485.95691074745736,3.0000000000000004,2019,COMBO,-528.1500984063392
2019-11-04,-133.6227701212657,0.0,1.331144364703586,-134.95391448596928,2.907128694118926,2019,COMBO,-134.95391448596928
2019-11-05,-1026.3707650819888,0.0,1.331144364703586,-1027.7019094466923,2.907128694118926,2019,COMBO,-1027.7019094466923
2019-11-06,511.0587480601318,0.0,1.331144364703586,509.72760369542823,2.907128694118926,2019,COMBO,509.72760369542823
2019-11-07,-1142.511848301406,0.0,1.331144364703586,-1143.8429926661095,2.907128694118926,2019,COMBO,-1143.8429926661095
2019-11-08,-225.3934964908336,0.0,1.331144364703586,-226.7246408555372,2.907128694118926,2019,COMBO,-226.7246408555372
2019-11-11,-33.313909938375126,0.0,1.331144364703586,-34.64505430307871,2.907128694118926,2019,COMBO,-34.64505430307871
2019-11-12,174.58641127992965,0.0,1.331144364703586,173.25526691522606,2.907128694118926,2019,COMBO,173.25526691522606
2019-11-13,277.2157880112843,0.0,1.331144364703586,275.88464364658074,2.907128694118926,2019,COMBO,275.88464364658074
2019-11-14,629.2747240471678,0.0,1.331144364703586,627.9435796824641,2.907128694118926,2019,COMBO,627.9435796824641
2019-11-15,131.07230648275885,0.0,1.331144364703586,129.74116211805526,2.907128694118926,2019,COMBO,129.74116211805526
2019-11-18,315.68662511457296,0.0,1.331144364703586,314.3554807498694,2.907128694118926,2019,COMBO,314.3554807498694
2019-11-19,333.13344081257526,0.0,1.331144364703586,331.8022964478717,2.907128694118926,2019,COMBO,331.8022964478717
2019-11-20,-61.47512622940927,0.0,1.331144364703586,-62.80627059411285,2.907128694118926,2019,COMBO,-62.80627059411285
2019-11-21,-694.5601949928136,0.0,1.331144364703586,-695.8913393575173,2.907128694118926,2019,COMBO,-695.8913393575173
2019-11-22,374.1787095590525,0.0,1.331144364703586,372.84756519434893,2.907128694118926,2019,COMBO,372.84756519434893
2019-11-25,723.6819522204729,0.0,1.331144364703586,722.3508078557693,2.907128694118926,2019,COMBO,722.3508078557693
2019-11-26,506.5108622696188,0.0,1.331144364703586,505.17971790491526,2.907128694118926,2019,COMBO,505.17971790491526
2019-11-27,100.6703332996997,0.0,1.331144364703586,99.33918893499612,2.907128694118926,2019,COMBO,99.33918893499612
2019-11-29,-378.44552445196604,0.0,1.331144364703586,-379.7766688166696,2.907128694118926,2019,COMBO,-379.7766688166696
2019-12-02,-1314.4453046577198,108.51586175149458,1.331144364703586,-1424.292310773918,2.907128694118926,2019,COMBO,-1478.5502416496652
2019-12-03,147.5122241409371,0.0,1.248346127453422,146.26387801348366,2.113945583279432,2019,COMBO,146.26387801348366
2019-12-04,806.7854975158951,0.0,1.248346127453422,805.5371513884418,2.113945583279432,2019,COMBO,805.5371513884418
2019-12-05,-40.505170181030564,0.0,1.248346127453422,-41.75351630848399,2.113945583279432,2019,COMBO,-41.75351630848399
2019-12-06,761.8138853044181,0.0,1.248346127453422,760.5655391769648,2.113945583279432,2019,COMBO,760.5655391769648
2019-12-09,-239.56563349569618,0.0,1.248346127453422,-240.8139796231496,2.113945583279432,2019,COMBO,-240.8139796231496
2019-12-10,32.954255760482425,0.0,1.248346127453422,31.705909633029002,2.113945583279432,2019,COMBO,31.705909633029002
2019-12-11,118.09013568381658,0.0,1.248346127453422,116.84178955636317,2.113945583279432,2019,COMBO,116.84178955636317
2019-12-12,383.0704421801758,0.0,1.248346127453422,381.8220960527224,2.113945583279432,2019,COMBO,381.8220960527224
2019-12-13,514.141054847022,0.0,1.248346127453422,512.8927087195686,2.113945583279432,2019,COMBO,512.8927087195686
2019-12-16,540.730712978732,0.0,1.248346127453422,539.4823668512786,2.113945583279432,2019,COMBO,539.4823668512786
2019-12-17,155.47739773456018,0.0,1.248346127453422,154.22905160710675,2.113945583279432,2019,COMBO,154.22905160710675
2019-12-18,249.79899520113673,0.0,1.248346127453422,248.5506490736833,2.113945583279432,2019,COMBO,248.5506490736833
2019-12-19,231.61180348057025,0.0,1.248346127453422,230.36345735311681,2.113945583279432,2019,COMBO,230.36345735311681
2019-12-20,248.24981018678267,0.0,1.248346127453422,247.00146405932924,2.113945583279432,2019,COMBO,247.00146405932924
2019-12-23,-0.2824748882066072,0.0,1.248346127453422,-1.5308210156600293,2.113945583279432,2019,COMBO,-1.5308210156600293
2019-12-24,182.4606195481058,0.0,1.248346127453422,181.21227342065237,2.113945583279432,2019,COMBO,181.21227342065237
2019-12-26,512.037710853138,0.0,1.248346127453422,510.7893647256846,2.113945583279432,2019,COMBO,510.7893647256846
2019-12-27,-259.5006823319784,0.0,1.248346127453422,-260.7490284594318,2.113945583279432,2019,COMBO,-260.7490284594318
2019-12-30,-558.8566437380988,0.0,1.248346127453422,-560.1049898655522,2.113945583279432,2019,COMBO,-560.1049898655522
2019-12-31,-9.09829067548848,0.0,1.248346127453422,-10.346636802941902,2.113945583279432,2019,COMBO,-10.346636802941902
2020-01-02,1088.1118840506842,89.21513660338091,1.248346127453422,997.64840131985,2.113945583279432,2019,COMBO,953.0408330181596
2020-01-03,-52.565601926454256,0.0,0.926611155312742,-53.492213081767,2.5400730270705254,2019,COMBO,-53.492213081767
2020-01-06,129.39793678333095,0.0,0.926611155312742,128.4713256280182,2.5400730270705254,2019,COMBO,128.4713256280182
2020-01-07,-246.1044860306173,0.0,0.926611155312742,-247.03109718593004,2.5400730270705254,2019,COMBO,-247.03109718593004
2020-01-08,-93.63273216706338,0.0,0.926611155312742,-94.55934332237612,2.5400730270705254,2019,COMBO,-94.55934332237612
2020-01-09,402.03496652927674,0.0,0.926611155312742,401.108355373964,2.5400730270705254,2019,COMBO,401.108355373964
2020-01-10,266.54676578370254,0.0,0.926611155312742,265.6201546283898,2.5400730270705254,2019,COMBO,265.6201546283898
2020-01-13,370.4470946135152,0.0,0.926611155312742,369.5204834582025,2.5400730270705254,2019,COMBO,369.5204834582025
2020-01-14,8.333720298390334,0.0,0.926611155312742,7.407109143077593,2.5400730270705254,2019,COMBO,7.407109143077593
2020-01-15,180.42378313891692,0.0,0.926611155312742,179.49717198360418,2.5400730270705254,2019,COMBO,179.49717198360418
2020-01-16,523.5224553180093,0.0,0.926611155312742,522.5958441626965,2.5400730270705254,2019,COMBO,522.5958441626965
2020-01-17,181.72384588482052,0.0,0.926611155312742,180.79723472950778,2.5400730270705254,2019,COMBO,180.79723472950778
2020-01-21,-456.0151104082931,0.0,0.926611155312742,-456.9417215636058,2.5400730270705254,2019,COMBO,-456.9417215636058
2020-01-22,-61.556147109616795,0.0,0.926611155312742,-62.48275826492954,2.5400730270705254,2019,COMBO,-62.48275826492954
2020-01-23,-145.35026900949484,0.0,0.926611155312742,-146.27688016480758,2.5400730270705254,2019,COMBO,-146.27688016480758
2020-01-24,-561.2247621095968,0.0,0.926611155312742,-562.1513732649096,2.5400730270705254,2019,COMBO,-562.1513732649096
2020-01-27,-1694.1439380842544,0.0,0.926611155312742,-1695.070549239567,2.5400730270705254,2019,COMBO,-1695.070549239567
2020-01-28,691.5448977341862,0.0,0.926611155312742,690.6182865788734,2.5400730270705254,2019,COMBO,690.6182865788734
2020-01-29,182.86506145837075,0.0,0.926611155312742,181.938450303058,2.5400730270705254,2019,COMBO,181.938450303058
2020-01-30,-138.65880177963268,0.0,0.926611155312742,-139.58541293494542,2.5400730270705254,2019,COMBO,-139.58541293494542
2020-01-31,-1449.672942977719,0.0,0.926611155312742,-1450.5995541330317,2.5400730270705254,2019,COMBO,-1450.5995541330317
2020-02-03,125.57926385268331,133.9805431920368,0.926611155312742,-9.327890494666235,2.5400730270705254,2019,COMBO,-76.31816209068467
2020-02-04,623.2927381179215,0.0,1.9434619113882083,621.3492762065333,2.9999999999999996,2019,COMBO,621.3492762065333
2020-02-05,316.9796370341468,0.0,1.9434619113882083,315.03617512275855,2.9999999999999996,2019,COMBO,315.03617512275855
2020-02-06,557.5716731163809,0.0,1.9434619113882083,555.6282112049927,2.9999999999999996,2019,COMBO,555.6282112049927
2020-02-07,333.3871725273859,0.0,1.9434619113882083,331.4437106159977,2.9999999999999996,2019,COMBO,331.4437106159977
2020-02-10,956.1439214308548,0.0,1.9434619113882083,954.2004595194666,2.9999999999999996,2019,COMBO,954.2004595194666
2020-02-11,-158.82916978284248,0.0,1.9434619113882083,-160.77263169423068,2.9999999999999996,2019,COMBO,-160.77263169423068
2020-02-12,146.25649983430492,0.0,1.9434619113882083,144.31303792291672,2.9999999999999996,2019,COMBO,144.31303792291672
2020-02-13,241.51413481119326,0.0,1.9434619113882083,239.57067289980506,2.9999999999999996,2019,COMBO,239.57067289980506
2020-02-14,291.36841284548115,0.0,1.9434619113882083,289.4249509340929,2.9999999999999996,2019,COMBO,289.4249509340929
2020-02-18,474.17282030738716,0.0,1.9434619113882083,472.22935839599893,2.9999999999999996,2019,COMBO,472.22935839599893
2020-02-19,196.77173418987815,0.0,1.9434619113882083,194.82827227848995,2.9999999999999996,2019,COMBO,194.82827227848995
2020-02-20,546.0745658590051,0.0,1.9434619113882083,544.1311039476169,2.9999999999999996,2019,COMBO,544.1311039476169
2020-02-21,-310.5619686845282,0.0,1.9434619113882083,-312.50543059591644,2.9999999999999996,2019,COMBO,-312.50543059591644
2020-02-24,-1340.5471682344917,0.0,1.9434619113882083,-1342.4906301458798,2.9999999999999996,2019,COMBO,-1342.4906301458798
2020-02-25,-1932.6705725983793,0.0,1.9434619113882083,-1934.6140345097674,2.9999999999999996,2019,COMBO,-1934.6140345097674
2020-02-26,116.68660775856891,0.0,1.9434619113882083,114.7431458471807,2.9999999999999996,2019,COMBO,114.7431458471807
2020-02-27,-3049.7484734276354,0.0,1.9434619113882083,-3051.6919353390235,2.9999999999999996,2019,COMBO,-3051.6919353390235
2020-02-28,-330.18800188721644,0.0,1.9434619113882083,-332.13146379860467,2.9999999999999996,2019,COMBO,-332.13146379860467
2020-03-02,1489.6970350147026,119.69290704803053,1.9434619113882083,1368.060666055284,2.9999999999999996,2019,COMBO,1308.2142125312687
2020-03-03,906.7344827579461,0.0,2.709590428151849,904.0248923297943,3.000000000000001,2019,COMBO,904.0248923297943
2020-03-04,142.9719312829148,0.0,2.709590428151849,140.26234085476295,3.000000000000001,2019,COMBO,140.26234085476295
2020-03-05,700.6797841427604,0.0,2.709590428151849,697.9701937146085,3.000000000000001,2019,COMBO,697.9701937146085
2020-03-06,1759.7604302338775,0.0,2.709590428151849,1757.0508398057257,3.000000000000001,2019,COMBO,1757.0508398057257
2020-03-09,750.2632415879541,0.0,2.709590428151849,747.5536511598023,3.000000000000001,2019,COMBO,747.5536511598023
2020-03-10,-3002.871520610138,0.0,2.709590428151849,-3005.5811110382897,3.000000000000001,2019,COMBO,-3005.5811110382897
2020-03-11,-2116.6217103526965,0.0,2.709590428151849,-2119.3313007808483,3.000000000000001,2019,COMBO,-2119.3313007808483
2020-03-12,455.8389796576954,0.0,2.709590428151849,453.12938922954356,3.000000000000001,2019,COMBO,453.12938922954356
2020-03-13,2490.869486502053,0.0,2.709590428151849,2488.159896073901,3.000000000000001,2019,COMBO,2488.159896073901
2020-03-16,1583.771946167212,0.0,2.709590428151849,1581.0623557390602,3.000000000000001,2019,COMBO,1581.0623557390602
2020-03-17,-1776.253192890886,0.0,2.709590428151849,-1778.962783319038,3.000000000000001,2019,COMBO,-1778.962783319038
2020-03-18,-111.82924444931666,0.0,2.709590428151849,-114.53883487746852,3.000000000000001,2019,COMBO,-114.53883487746852
2020-03-19,-467.01796019497056,0.0,2.709590428151849,-469.7275506231224,3.000000000000001,2019,COMBO,-469.7275506231224
2020-03-20,4067.6005900244645,0.0,2.709590428151849,4064.8909995963127,3.000000000000001,2019,COMBO,4064.8909995963127
2020-03-23,4441.826643600516,0.0,2.709590428151849,4439.117053172364,3.000000000000001,2019,COMBO,4439.117053172364
2020-03-24,-959.8266492448885,0.0,2.709590428151849,-962.5362396730403,3.000000000000001,2019,COMBO,-962.5362396730403
2020-03-25,492.2837935717671,0.0,2.709590428151849,489.57420314361525,3.000000000000001,2019,COMBO,489.57420314361525
2020-03-26,-437.4541574506427,0.0,2.709590428151849,-440.16374787879454,3.000000000000001,2019,COMBO,-440.16374787879454
2020-03-27,166.36023800747853,0.0,2.709590428151849,163.6506475793267,3.000000000000001,2019,COMBO,163.6506475793267
2020-03-30,753.5225531882228,0.0,2.709590428151849,750.812962760071,3.000000000000001,2019,COMBO,750.812962760071
2020-03-31,-342.74712076314154,0.0,2.709590428151849,-345.4567111912934,3.000000000000001,2019,COMBO,-345.4567111912934
2020-04-01,1199.6393333565734,187.66749161896783,2.709590428151849,1009.2622513094537,3.000000000000001,2019,COMBO,915.4285054999698
2020-04-02,-364.1196293127216,0.0,0.9910521666288978,-365.1106814793505,0.7336558311541697,2019,COMBO,-365.1106814793505
2020-04-03,275.957822703804,0.0,0.9910521666288978,274.96677053717514,0.7336558311541697,2019,COMBO,274.96677053717514
2020-04-06,-988.5270402777497,0.0,0.9910521666288978,-989.5180924443787,0.7336558311541697,2019,COMBO,-989.5180924443787
2020-04-07,-307.0174039259705,0.0,0.9910521666288978,-308.0084560925994,0.7336558311541697,2019,COMBO,-308.0084560925994
2020-04-08,-566.0695481406565,0.0,0.9910521666288978,-567.0606003072854,0.7336558311541697,2019,COMBO,-567.0606003072854
2020-04-09,-585.2857639850417,0.0,0.9910521666288978,-586.2768161516707,0.7336558311541697,2019,COMBO,-586.2768161516707
2020-04-13,204.9353987958914,0.0,0.9910521666288978,203.9443466292625,0.7336558311541697,2019,COMBO,203.9443466292625
2020-04-14,-229.1199059691132,0.0,0.9910521666288978,-230.1109581357421,0.7336558311541697,2019,COMBO,-230.1109581357421
2020-04-15,853.48757858777,0.0,0.9910521666288978,852.4965264211411,0.7336558311541697,2019,COMBO,852.4965264211411
2020-04-16,119.96777134282785,0.0,0.9910521666288978,118.97671917619894,0.7336558311541697,2019,COMBO,118.97671917619894
2020-04-17,-509.3593124663827,0.0,0.9910521666288978,-510.35036463301157,0.7336558311541697,2019,COMBO,-510.35036463301157
2020-04-20,541.1647609151566,0.0,0.9910521666288978,540.1737087485277,0.7336558311541697,2019,COMBO,540.1737087485277
2020-04-21,973.844642724247,0.0,0.9910521666288978,972.8535905576181,0.7336558311541697,2019,COMBO,972.8535905576181
2020-04-22,-129.07938142547596,0.0,0.9910521666288978,-130.07043359210485,0.7336558311541697,2019,COMBO,-130.07043359210485
2020-04-23,-45.805727360120606,0.0,0.9910521666288978,-46.7967795267495,0.7336558311541697,2019,COMBO,-46.7967795267495
2020-04-24,16.544626144945514,0.0,0.9910521666288978,15.553573978316617,0.7336558311541697,2019,COMBO,15.553573978316617
2020-04-27,-270.4489206476852,0.0,0.9910521666288978,-271.4399728143141,0.7336558311541697,2019,COMBO,-271.4399728143141
2020-04-28,-10.745175300656149,0.0,0.9910521666288978,-11.736227467285046,0.7336558311541697,2019,COMBO,-11.736227467285046
2020-04-29,-637.5050212689889,0.0,0.9910521666288978,-638.4960734356179,0.7336558311541697,2019,COMBO,-638.4960734356179
2020-04-30,-93.66078716724397,0.0,0.9910521666288978,-94.65183933387287,0.7336558311541697,2019,COMBO,-94.65183933387287
2020-05-01,685.2181091024307,40.339883133368076,0.9910521666288978,643.8871738024337,0.7336558311541697,2019,COMBO,623.7172322357496
2020-05-04,130.06678824976686,0.0,1.4380291272554355,128.6287591225114,1.167878068205901,2019,COMBO,128.6287591225114
2020-05-05,-280.18261092574573,0.0,1.4380291272554355,-281.6206400530012,1.167878068205901,2019,COMBO,-281.6206400530012
2020-05-06,227.86807485625846,0.0,1.4380291272554355,226.430045729003,1.167878068205901,2019,COMBO,226.430045729003
2020-05-07,-101.82916253488423,0.0,1.4380291272554355,-103.26719166213967,1.167878068205901,2019,COMBO,-103.26719166213967
2020-05-08,-795.4676782137135,0.0,1.4380291272554355,-796.9057073409689,1.167878068205901,2019,COMBO,-796.9057073409689
2020-05-11,10.854888643576993,0.0,1.4380291272554355,9.416859516321558,1.167878068205901,2019,COMBO,9.416859516321558
2020-05-12,434.160537235003,0.0,1.4380291272554355,432.72250810774756,1.167878068205901,2019,COMBO,432.72250810774756
2020-05-13,451.6960042809967,0.0,1.4380291272554355,450.25797515374126,1.167878068205901,2019,COMBO,450.25797515374126
2020-05-14,119.5420515417945,0.0,1.4380291272554355,118.10402241453907,1.167878068205901,2019,COMBO,118.10402241453907
2020-05-15,-30.61178036224231,0.0,1.4380291272554355,-32.04980948949775,1.167878068205901,2019,COMBO,-32.04980948949775
2020-05-18,-1499.4672267479748,0.0,1.4380291272554355,-1500.9052558752303,1.167878068205901,2019,COMBO,-1500.9052558752303
2020-05-19,166.4128179610111,0.0,1.4380291272554355,164.97478883375564,1.167878068205901,2019,COMBO,164.97478883375564
2020-05-20,-438.73777118789155,0.0,1.4380291272554355,-440.175800315147,1.167878068205901,2019,COMBO,-440.175800315147
2020-05-21,74.83152621687252,0.0,1.4380291272554355,73.39349708961709,1.167878068205901,2019,COMBO,73.39349708961709
2020-05-22,333.504149195956,0.0,1.4380291272554355,332.06612006870057,1.167878068205901,2019,COMBO,332.06612006870057
2020-05-26,-1085.980389995383,0.0,1.4380291272554355,-1087.4184191226384,1.167878068205901,2019,COMBO,-1087.4184191226384
2020-05-27,-87.0101193045481,0.0,1.4380291272554355,-88.44814843180353,1.167878068205901,2019,COMBO,-88.44814843180353
2020-05-28,-207.5693325919347,0.0,1.4380291272554355,-209.00736171919016,1.167878068205901,2019,COMBO,-209.00736171919016
2020-05-29,-63.47976570223071,0.0,1.4380291272554355,-64.91779482948614,1.167878068205901,2019,COMBO,-64.91779482948614
2020-06-01,-642.135985138984,88.88462389361496,1.4380291272554355,-732.4586381598543,1.167878068205901,2019,COMBO,-776.9009501066619
2020-06-02,-785.2959079973784,0.0,0.888763307745437,-786.1846713051239,1.6638369856261448,2019,COMBO,-786.1846713051239
2020-06-03,-988.1817525450231,0.0,0.888763307745437,-989.0705158527685,1.6638369856261448,2019,COMBO,-989.0705158527685
2020-06-04,-260.8814294310935,0.0,0.888763307745437,-261.77019273883894,1.6638369856261448,2019,COMBO,-261.77019273883894
2020-06-05,-892.0820772118587,0.0,0.888763307745437,-892.9708405196042,1.6638369856261448,2019,COMBO,-892.9708405196042
2020-06-08,545.9983165688653,0.0,0.888763307745437,545.1095532611199,1.6638369856261448,2019,COMBO,545.1095532611199
2020-06-09,459.8995353059142,0.0,0.888763307745437,459.01077199816876,1.6638369856261448,2019,COMBO,459.01077199816876
2020-06-10,849.2186085812813,0.0,0.888763307745437,848.3298452735359,1.6638369856261448,2019,COMBO,848.3298452735359
2020-06-11,718.8965859468578,0.0,0.888763307745437,718.0078226391124,1.6638369856261448,2019,COMBO,718.0078226391124
2020-06-12,-481.68289629135074,0.0,0.888763307745437,-482.57165959909617,1.6638369856261448,2019,COMBO,-482.57165959909617
2020-06-15,-44.35617325849221,0.0,0.888763307745437,-45.24493656623765,1.6638369856261448,2019,COMBO,-45.24493656623765
2020-06-16,-203.52171948491974,0.0,0.888763307745437,-204.4104827926652,1.6638369856261448,2019,COMBO,-204.4104827926652
2020-06-17,187.88104453112152,0.0,0.888763307745437,186.99228122337607,1.6638369856261448,2019,COMBO,186.99228122337607
2020-06-18,221.55709235508425,0.0,0.888763307745437,220.6683290473388,1.6638369856261448,2019,COMBO,220.6683290473388
2020-06-19,285.82928436565624,0.0,0.888763307745437,284.9405210579108,1.6638369856261448,2019,COMBO,284.9405210579108
2020-06-22,-185.3490727708493,0.0,0.888763307745437,-186.23783607859474,1.6638369856261448,2019,COMBO,-186.23783607859474
2020-06-23,206.8695254106764,0.0,0.888763307745437,205.98076210293095,1.6638369856261448,2019,COMBO,205.98076210293095
2020-06-24,213.55007239114676,0.0,0.888763307745437,212.6613090834013,1.6638369856261448,2019,COMBO,212.6613090834013
2020-06-25,-4.3472451136664505,0.0,0.888763307745437,-5.236008421411888,1.6638369856261448,2019,COMBO,-5.236008421411888
2020-06-26,378.87578212904907,0.0,0.888763307745437,377.98701882130365,1.6638369856261448,2019,COMBO,377.98701882130365
2020-06-29,-149.08591798922765,0.0,0.888763307745437,-149.9746812969731,1.6638369856261448,2019,COMBO,-149.9746812969731
2020-06-30,58.50150126013038,0.0,0.888763307745437,57.61273795238495,1.6638369856261448,2019,COMBO,57.61273795238495
2020-07-01,-258.29484706289287,91.86371896820671,0.888763307745437,-351.047329338845,1.6638369856261448,2020,COMBO,-396.97918882294834
2020-07-02,76.68998403797289,0.0,1.152928945502498,75.5370550924704,1.686498581866169,2020,COMBO,75.5370550924704
2020-07-06,134.16512228455676,0.0,1.152928945502498,133.01219333905425,1.686498581866169,2020,COMBO,133.01219333905425
2020-07-07,406.9144003436786,0.0,1.152928945502498,405.7614713981761,1.686498581866169,2020,COMBO,405.7614713981761
2020-07-08,-81.4536104455819,0.0,1.152928945502498,-82.6065393910844,1.686498581866169,2020,COMBO,-82.6065393910844
2020-07-09,591.6559629005668,0.0,1.152928945502498,590.5030339550643,1.686498581866169,2020,COMBO,590.5030339550643
2020-07-10,-195.94599214311816,0.0,1.152928945502498,-197.09892108862067,1.686498581866169,2020,COMBO,-197.09892108862067
2020-07-13,134.81682905986546,0.0,1.152928945502498,133.66390011436295,1.686498581866169,2020,COMBO,133.66390011436295
2020-07-14,192.69941853384526,0.0,1.152928945502498,191.54648958834275,1.686498581866169,2020,COMBO,191.54648958834275
2020-07-15,-128.92194718235436,0.0,1.152928945502498,-130.07487612785687,1.686498581866169,2020,COMBO,-130.07487612785687
2020-07-16,-33.44466256466666,0.0,1.152928945502498,-34.59759151016915,1.686498581866169,2020,COMBO,-34.59759151016915
2020-07-17,119.8542318431347,0.0,1.152928945502498,118.7013028976322,1.686498581866169,2020,COMBO,118.7013028976322
2020-07-20,560.5069179794964,0.0,1.152928945502498,559.3539890339939,1.686498581866169,2020,COMBO,559.3539890339939
2020-07-21,249.6878468061331,0.0,1.152928945502498,248.5349178606306,1.686498581866169,2020,COMBO,248.5349178606306
2020-07-22,939.6029798924316,0.0,1.152928945502498,938.4500509469291,1.686498581866169,2020,COMBO,938.4500509469291
2020-07-23,-60.87089530839671,0.0,1.152928945502498,-62.02382425389921,1.686498581866169,2020,COMBO,-62.02382425389921
2020-07-24,-110.14320951389354,0.0,1.152928945502498,-111.29613845939603,1.686498581866169,2020,COMBO,-111.29613845939603
2020-07-27,545.9910620283,0.0,1.152928945502498,544.8381330827975,1.686498581866169,2020,COMBO,544.8381330827975
2020-07-28,283.8115598587241,0.0,1.152928945502498,282.6586309132216,1.686498581866169,2020,COMBO,282.6586309132216
2020-07-29,96.86309794971622,0.0,1.152928945502498,95.71016900421372,1.686498581866169,2020,COMBO,95.71016900421372
2020-07-30,-239.62467766924814,0.0,1.152928945502498,-240.77760661475065,1.686498581866169,2020,COMBO,-240.77760661475065
2020-07-31,883.2019069197211,0.0,1.152928945502498,882.0489779742186,1.686498581866169,2020,COMBO,882.0489779742186
2020-08-03,89.37027765363916,137.63034570108456,1.152928945502498,-49.412996992947896,1.686498581866169,2020,COMBO,-118.22816984349022
2020-08-04,870.6893880599807,0.0,0.48723932987240387,870.2021487301083,1.410982324265616,2020,COMBO,870.2021487301083
2020-08-05,315.4450697557967,0.0,0.48723932987240387,314.95783042592427,1.410982324265616,2020,COMBO,314.95783042592427
2020-08-06,627.4242305334277,0.0,0.48723932987240387,626.9369912035553,1.410982324265616,2020,COMBO,626.9369912035553
2020-08-07,-814.9630469516812,0.0,0.48723932987240387,-815.4502862815536,1.410982324265616,2020,COMBO,-815.4502862815536
2020-08-10,-98.84184337368501,0.0,0.48723932987240387,-99.32908270355742,1.410982324265616,2020,COMBO,-99.32908270355742
2020-08-11,-1306.2766321088645,0.0,0.48723932987240387,-1306.763871438737,1.410982324265616,2020,COMBO,-1306.763871438737
2020-08-12,202.18166931221327,0.0,0.48723932987240387,201.69442998234086,1.410982324265616,2020,COMBO,201.69442998234086
2020-08-13,176.03412729736155,0.0,0.48723932987240387,175.54688796748914,1.410982324265616,2020,COMBO,175.54688796748914
2020-08-14,-93.28301294954221,0.0,0.48723932987240387,-93.77025227941462,1.410982324265616,2020,COMBO,-93.77025227941462
2020-08-17,773.5844134743853,0.0,0.48723932987240387,773.0971741445129,1.410982324265616,2020,COMBO,773.0971741445129
2020-08-18,590.9602141594157,0.0,0.48723932987240387,590.4729748295433,1.410982324265616,2020,COMBO,590.4729748295433
2020-08-19,-1031.12080057708,0.0,0.48723932987240387,-1031.6080399069524,1.410982324265616,2020,COMBO,-1031.6080399069524
2020-08-20,465.1611414555487,0.0,0.48723932987240387,464.6739021256763,1.410982324265616,2020,COMBO,464.6739021256763
2020-08-21,-189.02135441443377,0.0,0.48723932987240387,-189.50859374430618,1.410982324265616,2020,COMBO,-189.50859374430618
2020-08-24,20.435770718159556,0.0,0.48723932987240387,19.94853138828715,1.410982324265616,2020,COMBO,19.94853138828715
2020-08-25,61.39000446313682,0.0,0.48723932987240387,60.90276513326442,1.410982324265616,2020,COMBO,60.90276513326442
2020-08-26,434.6941726055158,0.0,0.48723932987240387,434.2069332756434,1.410982324265616,2020,COMBO,434.2069332756434
2020-08-27,-553.5344059592327,0.0,0.48723932987240387,-554.0216452891051,1.410982324265616,2020,COMBO,-554.0216452891051
2020-08-28,933.0218908483934,0.0,0.48723932987240387,932.534651518521,1.410982324265616,2020,COMBO,932.534651518521
2020-08-31,169.45317003186105,0.0,0.48723932987240387,168.96593070198864,1.410982324265616,2020,COMBO,168.96593070198864
2020-09-01,345.2242265823367,21.311460967665276,0.48723932987240387,323.42552628479905,1.410982324265616,2020,COMBO,312.7697958009664
2020-09-02,48.43723842879693,0.0,0.5030863127967382,47.93415211600019,1.3664708006482458,2020,COMBO,47.93415211600019
2020-09-03,-916.5431168425645,0.0,0.5030863127967382,-917.0462031553612,1.3664708006482458,2020,COMBO,-917.0462031553612
2020-09-04,-377.7417029696305,0.0,0.5030863127967382,-378.24478928242723,1.3664708006482458,2020,COMBO,-378.24478928242723
2020-09-08,-653.3780820838158,0.0,0.5030863127967382,-653.8811683966126,1.3664708006482458,2020,COMBO,-653.8811683966126
2020-09-09,631.2713523603948,0.0,0.5030863127967382,630.768266047598,1.3664708006482458,2020,COMBO,630.768266047598
2020-09-10,-303.9473746366048,0.0,0.5030863127967382,-304.45046094940153,1.3664708006482458,2020,COMBO,-304.45046094940153
2020-09-11,235.7720746231142,0.0,0.5030863127967382,235.26898831031747,1.3664708006482458,2020,COMBO,235.26898831031747
2020-09-14,462.1511856094807,0.0,0.5030863127967382,461.648099296684,1.3664708006482458,2020,COMBO,461.648099296684
2020-09-15,121.26059879992371,0.0,0.5030863127967382,120.75751248712697,1.3664708006482458,2020,COMBO,120.75751248712697
2020-09-16,-190.81055830261053,0.0,0.5030863127967382,-191.31364461540727,1.3664708006482458,2020,COMBO,-191.31364461540727
2020-09-17,24.741966941085934,0.0,0.5030863127967382,24.238880628289195,1.3664708006482458,2020,COMBO,24.238880628289195
2020-09-18,-316.7609624844125,0.0,0.5030863127967382,-317.2640487972092,1.3664708006482458,2020,COMBO,-317.2640487972092
2020-09-21,-899.6347551040853,0.0,0.5030863127967382,-900.1378414168821,1.3664708006482458,2020,COMBO,-900.1378414168821
2020-09-22,-92.89430031138875,0.0,0.5030863127967382,-93.39738662418549,1.3664708006482458,2020,COMBO,-93.39738662418549
2020-09-23,-1031.363813832669,0.0,0.5030863127967382,-1031.8669001454657,1.3664708006482458,2020,COMBO,-1031.8669001454657
2020-09-24,52.353636865933645,0.0,0.5030863127967382,51.850550553136905,1.3664708006482458,2020,COMBO,51.850550553136905
2020-09-25,49.172240333555244,0.0,0.5030863127967382,48.669154020758505,1.3664708006482458,2020,COMBO,48.669154020758505
2020-09-28,752.5484803772177,0.0,0.5030863127967382,752.045394064421,1.3664708006482458,2020,COMBO,752.045394064421
2020-09-29,351.7323697247213,0.0,0.5030863127967382,351.2292834119246,1.3664708006482458,2020,COMBO,351.2292834119246
2020-09-30,-184.7694258561144,0.0,0.5030863127967382,-185.27251216891113,1.3664708006482458,2020,COMBO,-185.27251216891113
2020-10-01,479.890493717878,19.51823942258008,0.5030863127967382,459.8691679825012,1.3664708006482458,2020,COMBO,450.11004827121116
2020-10-02,-352.7296781996727,0.0,0.4552065157471579,-353.18488471541986,1.4511214499591145,2020,COMBO,-353.18488471541986
2020-10-05,425.2020240072891,0.0,0.4552065157471579,424.74681749154195,1.4511214499591145,2020,COMBO,424.74681749154195
2020-10-06,-432.8669949897836,0.0,0.4552065157471579,-433.32220150553076,1.4511214499591145,2020,COMBO,-433.32220150553076
2020-10-07,282.7640234941752,0.0,0.4552065157471579,282.30881697842807,1.4511214499591145,2020,COMBO,282.30881697842807
2020-10-08,370.35020720282137,0.0,0.4552065157471579,369.89500068707423,1.4511214499591145,2020,COMBO,369.89500068707423
2020-10-09,765.2836106397406,0.0,0.4552065157471579,764.8284041239934,1.4511214499591145,2020,COMBO,764.8284041239934
2020-10-12,353.3038592019167,0.0,0.4552065157471579,352.84865268616954,1.4511214499591145,2020,COMBO,352.84865268616954
2020-10-13,-519.2568457358627,0.0,0.4552065157471579,-519.7120522516099,1.4511214499591145,2020,COMBO,-519.7120522516099
2020-10-14,22.894854188424247,0.0,0.4552065157471579,22.43964767267709,1.4511214499591145,2020,COMBO,22.43964767267709
2020-10-15,-404.0269496738279,0.0,0.4552065157471579,-404.48215618957505,1.4511214499591145,2020,COMBO,-404.48215618957505
2020-10-16,-59.78194790130383,0.0,0.4552065157471579,-60.23715441705099,1.4511214499591145,2020,COMBO,-60.23715441705099
2020-10-19,-176.66393843683215,0.0,0.4552065157471579,-177.11914495257932,1.4511214499591145,2020,COMBO,-177.11914495257932
2020-10-20,193.50796793026367,0.0,0.4552065157471579,193.0527614145165,1.4511214499591145,2020,COMBO,193.0527614145165
2020-10-21,350.1413862251038,0.0,0.4552065157471579,349.6861797093567,1.4511214499591145,2020,COMBO,349.6861797093567
2020-10-22,-303.5735117706931,0.0,0.4552065157471579,-304.0287182864402,1.4511214499591145,2020,COMBO,-304.0287182864402
2020-10-23,320.2180095974282,0.0,0.4552065157471579,319.76280308168106,1.4511214499591145,2020,COMBO,319.76280308168106
2020-10-26,-531.8621263949785,0.0,0.4552065157471579,-532.3173329107257,1.4511214499591145,2020,COMBO,-532.3173329107257
2020-10-27,249.59758254085642,0.0,0.4552065157471579,249.14237602510926,1.4511214499591145,2020,COMBO,249.14237602510926
2020-10-28,-1241.6846207387944,0.0,0.4552065157471579,-1242.1398272545416,1.4511214499591145,2020,COMBO,-1242.1398272545416
2020-10-29,-171.69683148225877,0.0,0.4552065157471579,-172.15203799800594,1.4511214499591145,2020,COMBO,-172.15203799800594
2020-10-30,-449.22532783412686,0.0,0.4552065157471579,-449.680534349874,1.4511214499591145,2020,COMBO,-449.680534349874
2020-11-02,508.1029474082013,80.64236238586415,0.4552065157471579,427.00537850659003,1.4511214499591145,2020,COMBO,386.68419731365793
2020-11-03,846.6123064310558,0.0,0.9680313897983039,845.6442750412575,1.4445768835484016,2020,COMBO,845.6442750412575
2020-11-04,550.9427175716163,0.0,0.9680313897983039,549.974686181818,1.4445768835484016,2020,COMBO,549.974686181818
2020-11-05,1667.6783416352894,0.0,0.9680313897983039,1666.710310245491,1.4445768835484016,2020,COMBO,1666.710310245491
2020-11-06,203.37819882422025,0.0,0.9680313897983039,202.41016743442194,1.4445768835484016,2020,COMBO,202.41016743442194
2020-11-09,-576.8101364892261,0.0,0.9680313897983039,-577.7781678790244,1.4445768835484016,2020,COMBO,-577.7781678790244
2020-11-10,-236.02048086072514,0.0,0.9680313897983039,-236.98851225052346,1.4445768835484016,2020,COMBO,-236.98851225052346
2020-11-11,212.64244756326036,0.0,0.9680313897983039,211.67441617346205,1.4445768835484016,2020,COMBO,211.67441617346205
2020-11-12,-352.7586376515009,0.0,0.9680313897983039,-353.7266690412992,1.4445768835484016,2020,COMBO,-353.7266690412992
2020-11-13,809.7566912095025,0.0,0.9680313897983039,808.7886598197042,1.4445768835484016,2020,COMBO,808.7886598197042
2020-11-16,587.997897237519,0.0,0.9680313897983039,587.0298658477208,1.4445768835484016,2020,COMBO,587.0298658477208
2020-11-17,-78.67159814875797,0.0,0.9680313897983039,-79.63962953855626,1.4445768835484016,2020,COMBO,-79.63962953855626
2020-11-18,-239.64627317158644,0.0,0.9680313897983039,-240.61430456138476,1.4445768835484016,2020,COMBO,-240.61430456138476
2020-11-19,227.16925066019462,0.0,0.9680313897983039,226.2012192703963,1.4445768835484016,2020,COMBO,226.2012192703963
2020-11-20,-7.179547026626294,0.0,0.9680313897983039,-8.147578416424599,1.4445768835484016,2020,COMBO,-8.147578416424599
2020-11-23,-199.94898998452973,0.0,0.9680313897983039,-200.91702137432804,1.4445768835484016,2020,COMBO,-200.91702137432804
2020-11-24,548.6415650002352,0.0,0.9680313897983039,547.673533610437,1.4445768835484016,2020,COMBO,547.673533610437
2020-11-25,-72.52893255134647,0.0,0.9680313897983039,-73.49696394114477,1.4445768835484016,2020,COMBO,-73.49696394114477
2020-11-27,312.7073355743939,0.0,0.9680313897983039,311.7393041845956,1.4445768835484016,2020,COMBO,311.7393041845956
2020-11-30,-678.7134039476362,0.0,0.9680313897983039,-679.6814353374344,1.4445768835484016,2020,COMBO,-679.6814353374344
2020-12-01,1151.663435415783,73.62095558671383,0.9680313897983039,1077.0744484392708,1.4445768835484016,2020,COMBO,1040.2639706459138
2020-12-02,83.15155507513077,0.0,0.7485168791800564,82.40303819595071,1.3244623629401058,2020,COMBO,82.40303819595071
2020-12-03,441.22188414536487,0.0,0.7485168791800564,440.4733672661848,1.3244623629401058,2020,COMBO,440.4733672661848
2020-12-04,262.48738744522296,0.0,0.7485168791800564,261.7388705660429,1.3244623629401058,2020,COMBO,261.7388705660429
2020-12-07,-113.06981661069334,0.0,0.7485168791800564,-113.8183334898734,1.3244623629401058,2020,COMBO,-113.8183334898734
2020-12-08,52.37688838353989,0.0,0.7485168791800564,51.62837150435983,1.3244623629401058,2020,COMBO,51.62837150435983
2020-12-09,-307.3961333788517,0.0,0.7485168791800564,-308.14465025803173,1.3244623629401058,2020,COMBO,-308.14465025803173
2020-12-10,370.19531039031705,0.0,0.7485168791800564,369.446793511137,1.3244623629401058,2020,COMBO,369.446793511137
2020-12-11,-134.6191393061699,0.0,0.7485168791800564,-135.36765618534994,1.3244623629401058,2020,COMBO,-135.36765618534994
2020-12-14,60.814271397258516,0.0,0.7485168791800564,60.06575451807846,1.3244623629401058,2020,COMBO,60.06575451807846
2020-12-15,731.4133436861785,0.0,0.7485168791800564,730.6648268069983,1.3244623629401058,2020,COMBO,730.6648268069983
2020-12-16,163.6213694112067,0.0,0.7485168791800564,162.87285253202666,1.3244623629401058,2020,COMBO,162.87285253202666
2020-12-17,568.7980549522894,0.0,0.7485168791800564,568.0495380731093,1.3244623629401058,2020,COMBO,568.0495380731093
2020-12-18,-223.80131803104697,0.0,0.7485168791800564,-224.54983491022702,1.3244623629401058,2020,COMBO,-224.54983491022702
2020-12-21,-418.6196498784816,0.0,0.7485168791800564,-419.36816675766164,1.3244623629401058,2020,COMBO,-419.36816675766164
2020-12-22,-225.09345049660382,0.0,0.7485168791800564,-225.84196737578387,1.3244623629401058,2020,COMBO,-225.84196737578387
2020-12-23,422.187823671065,0.0,0.7485168791800564,421.439306791885,1.3244623629401058,2020,COMBO,421.439306791885
2020-12-24,63.0661421240495,0.0,0.7485168791800564,62.31762524486944,1.3244623629401058,2020,COMBO,62.31762524486944
2020-12-28,197.4519421925391,0.0,0.7485168791800564,196.70342531335905,1.3244623629401058,2020,COMBO,196.70342531335905
2020-12-29,197.37470962587858,0.0,0.7485168791800564,196.62619274669854,1.3244623629401058,2020,COMBO,196.62619274669854
2020-12-30,392.3525055007216,0.0,0.7485168791800564,391.60398862154153,1.3244623629401058,2020,COMBO,391.60398862154153
2020-12-31,34.15636132693356,0.0,0.7485168791800564,33.407844447753504,1.3244623629401058,2020,COMBO,33.407844447753504
2021-01-04,-318.7721440922713,22.09617054619304,0.7485168791800564,-341.61683151764436,1.3244623629401058,2020,COMBO,-352.6649167907409
2021-01-05,780.9759636360332,0.0,0.681497868491143,780.294465767542,1.4763534530919387,2020,COMBO,780.294465767542
2021-01-06,69.26955754802925,0.0,0.681497868491143,68.5880596795381,1.4763534530919387,2020,COMBO,68.5880596795381
2021-01-07,-1.7191184539202635,0.0,0.681497868491143,-2.4006163224114063,1.4763534530919387,2020,COMBO,-2.4006163224114063
2021-01-08,-101.83351974177327,0.0,0.681497868491143,-102.51501761026442,1.4763534530919387,2020,COMBO,-102.51501761026442
2021-01-11,-796.2948230863543,0.0,0.681497868491143,-796.9763209548455,1.4763534530919387,2020,COMBO,-796.9763209548455
2021-01-12,672.196052275915,0.0,0.681497868491143,671.5145544074238,1.4763534530919387,2020,COMBO,671.5145544074238
2021-01-13,-51.12769647244766,0.0,0.681497868491143,-51.8091943409388,1.4763534530919387,2020,COMBO,-51.8091943409388
2021-01-14,371.2100414025497,0.0,0.681497868491143,370.52854353405854,1.4763534530919387,2020,COMBO,370.52854353405854
2021-01-15,-820.5376866625227,0.0,0.681497868491143,-821.2191845310139,1.4763534530919387,2020,COMBO,-821.2191845310139
2021-01-19,548.3052400336837,0.0,0.681497868491143,547.6237421651925,1.4763534530919387,2020,COMBO,547.6237421651925
2021-01-20,670.99707347803,0.0,0.681497868491143,670.3155756095388,1.4763534530919387,2020,COMBO,670.3155756095388
2021-01-21,188.5328678885713,0.0,0.681497868491143,187.85137002008017,1.4763534530919387,2020,COMBO,187.85137002008017
2021-01-22,-403.17563693140835,0.0,0.681497868491143,-403.8571347998995,1.4763534530919387,2020,COMBO,-403.8571347998995
2021-01-25,149.56287959757066,0.0,0.681497868491143,148.88138172907952,1.4763534530919387,2020,COMBO,148.88138172907952
2021-01-26,81.26533024219701,0.0,0.681497868491143,80.58383237370586,1.4763534530919387,2020,COMBO,80.58383237370586
2021-01-27,-1206.470087064752,0.0,0.681497868491143,-1207.1515849332432,1.4763534530919387,2020,COMBO,-1207.1515849332432
2021-01-28,459.0795003812519,0.0,0.681497868491143,458.39800251276074,1.4763534530919387,2020,COMBO,458.39800251276074
2021-01-29,-749.3171780440382,0.0,0.681497868491143,-749.9986759125294,1.4763534530919387,2020,COMBO,-749.9986759125294
2021-02-01,623.5483083483864,41.36831793369517,0.681497868491143,581.4984925462,1.4763534530919387,2020,COMBO,560.8143335793525
2021-02-02,293.8531296099103,0.0,0.9467679666838268,292.9063616432265,1.4508768526030356,2020,COMBO,292.9063616432265
2021-02-03,219.8892434189448,0.0,0.9467679666838268,218.94247545226096,1.4508768526030356,2020,COMBO,218.94247545226096
2021-02-04,127.45933206902492,0.0,0.9467679666838268,126.5125641023411,1.4508768526030356,2020,COMBO,126.5125641023411
2021-02-05,619.4787588927659,0.0,0.9467679666838268,618.531990926082,1.4508768526030356,2020,COMBO,618.531990926082
2021-02-08,588.6844875067967,0.0,0.9467679666838268,587.7377195401128,1.4508768526030356,2020,COMBO,587.7377195401128
2021-02-09,300.85061451029134,0.0,0.9467679666838268,299.90384654360753,1.4508768526030356,2020,COMBO,299.90384654360753
2021-02-10,-78.04084042146685,0.0,0.9467679666838268,-78.98760838815068,1.4508768526030356,2020,COMBO,-78.98760838815068
2021-02-11,205.34967493195452,0.0,0.9467679666838268,204.4029069652707,1.4508768526030356,2020,COMBO,204.4029069652707
2021-02-12,263.67885830743296,0.0,0.9467679666838268,262.73209034074915,1.4508768526030356,2020,COMBO,262.73209034074915
2021-02-16,89.29087380341235,0.0,0.9467679666838268,88.34410583672853,1.4508768526030356,2020,COMBO,88.34410583672853
2021-02-17,-215.38256319034844,0.0,0.9467679666838268,-216.32933115703227,1.4508768526030356,2020,COMBO,-216.32933115703227
2021-02-18,-336.35179621490215,0.0,0.9467679666838268,-337.29856418158596,1.4508768526030356,2020,COMBO,-337.29856418158596
2021-02-19,268.1116535077782,0.0,0.9467679666838268,267.1648855410944,1.4508768526030356,2020,COMBO,267.1648855410944
2021-02-22,41.03420284506403,0.0,0.9467679666838268,40.0874348783802,1.4508768526030356,2020,COMBO,40.0874348783802
2021-02-23,22.613354023446465,0.0,0.9467679666838268,21.66658605676264,1.4508768526030356,2020,COMBO,21.66658605676264
2021-02-24,469.1832323221439,0.0,0.9467679666838268,468.2364643554601,1.4508768526030356,2020,COMBO,468.2364643554601
2021-02-25,-1363.995845794291,0.0,0.9467679666838268,-1364.9426137609748,1.4508768526030356,2020,COMBO,-1364.9426137609748
2021-02-26,-761.5646223855643,0.0,0.9467679666838268,-762.5113903522482,1.4508768526030356,2020,COMBO,-762.5113903522482
2021-03-01,832.5213734886249,16.74721295661645,0.9467679666838268,814.8273925653247,1.4508768526030356,2020,COMBO,806.4537860870164
2021-03-02,-87.48924848715343,0.0,1.1770724590162474,-88.66632094616968,1.4793537147615003,2020,COMBO,-88.66632094616968
2021-03-03,-412.44791594157294,0.0,1.1770724590162474,-413.6249884005892,1.4793537147615003,2020,COMBO,-413.6249884005892
2021-03-04,-730.2211064068554,0.0,1.1770724590162474,-731.3981788658716,1.4793537147615003,2020,COMBO,-731.3981788658716
2021-03-05,492.51004282489805,0.0,1.1770724590162474,491.3329703658818,1.4793537147615003,2020,COMBO,491.3329703658818
2021-03-08,-722.1098046599418,0.0,1.1770724590162474,-723.286877118958,1.4793537147615003,2020,COMBO,-723.286877118958
2021-03-09,885.0072455475557,0.0,1.1770724590162474,883.8301730885395,1.4793537147615003,2020,COMBO,883.8301730885395
2021-03-10,405.2138123221122,0.0,1.1770724590162474,404.03673986309593,1.4793537147615003,2020,COMBO,404.03673986309593
2021-03-11,930.5182049968772,0.0,1.1770724590162474,929.341132537861,1.4793537147615003,2020,COMBO,929.341132537861
2021-03-12,-35.74765015902483,0.0,1.1770724590162474,-36.92472261804107,1.4793537147615003,2020,COMBO,-36.92472261804107
2021-03-15,133.48909242650717,0.0,1.1770724590162474,132.31201996749093,1.4793537147615003,2020,COMBO,132.31201996749093
2021-03-16,-91.3809815199669,0.0,1.1770724590162474,-92.55805397898314,1.4793537147615003,2020,COMBO,-92.55805397898314
2021-03-17,485.20718073914645,0.0,1.1770724590162474,484.0301082801302,1.4793537147615003,2020,COMBO,484.0301082801302
2021-03-18,-1279.2782650312727,0.0,1.1770724590162474,-1280.455337490289,1.4793537147615003,2020,COMBO,-1280.455337490289
2021-03-19,293.34353124747213,0.0,1.1770724590162474,292.1664587884559,1.4793537147615003,2020,COMBO,292.1664587884559
2021-03-22,139.23500515870586,0.0,1.1770724590162474,138.05793269968962,1.4793537147615003,2020,COMBO,138.05793269968962
2021-03-23,-1204.900137562443,0.0,1.1770724590162474,-1206.0772100214592,1.4793537147615003,2020,COMBO,-1206.0772100214592
2021-03-24,-350.1910388904386,0.0,1.1770724590162474,-351.36811134945486,1.4793537147615003,2020,COMBO,-351.36811134945486
2021-03-25,118.74342207426514,0.0,1.1770724590162474,117.5663496152489,1.4793537147615003,2020,COMBO,117.5663496152489
2021-03-26,1046.963648306757,0.0,1.1770724590162474,1045.7865758477408,1.4793537147615003,2020,COMBO,1045.7865758477408
2021-03-29,-263.3432094322884,0.0,1.1770724590162474,-264.52028189130465,1.4793537147615003,2020,COMBO,-264.52028189130465
2021-03-30,-425.4050108159679,0.0,1.1770724590162474,-426.58208327498414,1.4793537147615003,2020,COMBO,-426.58208327498414
2021-03-31,252.02742391932017,0.0,1.1770724590162474,250.85035146030393,1.4793537147615003,2020,COMBO,250.85035146030393
2021-04-01,701.5623395427232,98.08338928761495,1.1770724590162474,602.301877796092,1.4793537147615003,2020,COMBO,553.2601831522845
2021-04-05,332.2769786800212,0.0,2.152730338087483,330.1242483419337,1.4889895173994026,2020,COMBO,330.1242483419337
2021-04-06,-334.9636257784091,0.0,2.152730338087483,-337.1163561164966,1.4889895173994026,2020,COMBO,-337.1163561164966
2021-04-07,-38.14489875271478,0.0,2.152730338087483,-40.29762909080226,1.4889895173994026,2020,COMBO,-40.29762909080226
2021-04-08,-29.43439482506388,0.0,2.152730338087483,-31.587125163151363,1.4889895173994026,2020,COMBO,-31.587125163151363
2021-04-09,235.1834601275995,0.0,2.152730338087483,233.030729789512,1.4889895173994026,2020,COMBO,233.030729789512
2021-04-12,-119.87669878792738,0.0,2.152730338087483,-122.02942912601486,1.4889895173994026,2020,COMBO,-122.02942912601486
2021-04-13,53.8746484057766,0.0,2.152730338087483,51.72191806768912,1.4889895173994026,2020,COMBO,51.72191806768912
2021-04-14,269.3449590822322,0.0,2.152730338087483,267.1922287441447,1.4889895173994026,2020,COMBO,267.1922287441447
2021-04-15,136.16261916828577,0.0,2.152730338087483,134.0098888301983,1.4889895173994026,2020,COMBO,134.0098888301983
2021-04-16,234.46567644914802,0.0,2.152730338087483,232.31294611106054,1.4889895173994026,2020,COMBO,232.31294611106054
2021-04-19,-254.7162889604236,0.0,2.152730338087483,-256.8690192985111,1.4889895173994026,2020,COMBO,-256.8690192985111
2021-04-20,-699.556932615894,0.0,2.152730338087483,-701.7096629539815,1.4889895173994026,2020,COMBO,-701.7096629539815
2021-04-21,362.20368903562706,0.0,2.152730338087483,360.05095869753956,1.4889895173994026,2020,COMBO,360.05095869753956
2021-04-22,-271.2488084574106,0.0,2.152730338087483,-273.4015387954981,1.4889895173994026,2020,COMBO,-273.4015387954981
2021-04-23,615.9663988048328,0.0,2.152730338087483,613.8136684667453,1.4889895173994026,2020,COMBO,613.8136684667453
2021-04-26,221.32626791154516,0.0,2.152730338087483,219.17353757345768,1.4889895173994026,2020,COMBO,219.17353757345768
2021-04-27,225.29683303151114,0.0,2.152730338087483,223.14410269342366,1.4889895173994026,2020,COMBO,223.14410269342366
2021-04-28,26.02551414316127,0.0,2.152730338087483,23.872783805073787,1.4889895173994026,2020,COMBO,23.872783805073787
2021-04-29,312.7644132507102,0.0,2.152730338087483,310.6116829126227,1.4889895173994026,2020,COMBO,310.6116829126227
2021-04-30,-475.20019946731463,0.0,2.152730338087483,-477.35292980540214,1.4889895173994026,2020,COMBO,-477.35292980540214
2021-05-03,221.31651729484759,37.90554597391464,2.152730338087483,181.25824098284548,1.4889895173994026,2020,COMBO,162.30546799588814
2021-05-04,-507.8659565672072,0.0,1.8098110570544375,-509.67576762426165,1.6213830203812047,2020,COMBO,-509.67576762426165
2021-05-05,127.50867188967611,0.0,1.8098110570544375,125.69886083262168,1.6213830203812047,2020,COMBO,125.69886083262168
2021-05-06,355.8414460755805,0.0,1.8098110570544375,354.03163501852606,1.6213830203812047,2020,COMBO,354.03163501852606
2021-05-07,613.8737912674787,0.0,1.8098110570544375,612.0639802104243,1.6213830203812047,2020,COMBO,612.0639802104243
2021-05-10,-389.1534454911103,0.0,1.8098110570544375,-390.96325654816474,1.6213830203812047,2020,COMBO,-390.96325654816474
2021-05-11,-250.94480142943831,0.0,1.8098110570544375,-252.75461248649276,1.6213830203812047,2020,COMBO,-252.75461248649276
2021-05-12,-1050.619092090061,0.0,1.8098110570544375,-1052.4289031471155,1.6213830203812047,2020,COMBO,-1052.4289031471155
2021-05-13,90.93186120374872,0.0,1.8098110570544375,89.12205014669429,1.6213830203812047,2020,COMBO,89.12205014669429
2021-05-14,878.863262590672,0.0,1.8098110570544375,877.0534515336176,1.6213830203812047,2020,COMBO,877.0534515336176
2021-05-17,9.81530440617951,0.0,1.8098110570544375,8.005493349125073,1.6213830203812047,2020,COMBO,8.005493349125073
2021-05-18,23.45148051794315,0.0,1.8098110570544375,21.641669460888714,1.6213830203812047,2020,COMBO,21.641669460888714
2021-05-19,-539.3450423252641,0.0,1.8098110570544375,-541.1548533823185,1.6213830203812047,2020,COMBO,-541.1548533823185
2021-05-20,283.096225452628,0.0,1.8098110570544375,281.28641439557356,1.6213830203812047,2020,COMBO,281.28641439557356
2021-05-21,10.453662348752705,0.0,1.8098110570544375,8.643851291698267,1.6213830203812047,2020,COMBO,8.643851291698267
2021-05-24,591.954463132458,0.0,1.8098110570544375,590.1446520754037,1.6213830203812047,2020,COMBO,590.1446520754037
2021-05-25,-203.06780865046696,0.0,1.8098110570544375,-204.8776197075214,1.6213830203812047,2020,COMBO,-204.8776197075214
2021-05-26,260.0093690656295,0.0,1.8098110570544375,258.1995580085751,1.6213830203812047,2020,COMBO,258.1995580085751
2021-05-27,377.2122669732754,0.0,1.8098110570544375,375.40245591622096,1.6213830203812047,2020,COMBO,375.40245591622096
2021-05-28,54.00562535229527,0.0,1.8098110570544375,52.19581429524083,1.6213830203812047,2020,COMBO,52.19581429524083
2021-06-01,528.8186717653384,71.60583384132846,1.8098110570544375,455.4030268669555,1.6213830203812047,2020,COMBO,419.6001099462913
2021-06-02,258.183404379253,0.0,2.0383574730607563,256.1450469061922,2.017602639269584,2020,COMBO,256.1450469061922
2021-06-03,-693.5676902060843,0.0,2.0383574730607563,-695.606047679145,2.017602639269584,2020,COMBO,-695.606047679145
2021-06-04,464.83033686366343,0.0,2.0383574730607563,462.7919793906027,2.017602639269584,2020,COMBO,462.7919793906027
2021-06-07,253.9163965139568,0.0,2.0383574730607563,251.87803904089606,2.017602639269584,2020,COMBO,251.87803904089606
2021-06-08,21.10245047757739,0.0,2.0383574730607563,19.064093004516632,2.017602639269584,2020,COMBO,19.064093004516632
2021-06-09,-217.50683235872694,0.0,2.0383574730607563,-219.5451898317877,2.017602639269584,2020,COMBO,-219.5451898317877
2021-06-10,261.3901830611502,0.0,2.0383574730607563,259.35182558808947,2.017602639269584,2020,COMBO,259.35182558808947
2021-06-11,-195.942924340596,0.0,2.0383574730607563,-197.98128181365675,2.017602639269584,2020,COMBO,-197.98128181365675
2021-06-14,229.79362913750396,0.0,2.0383574730607563,227.7552716644432,2.017602639269584,2020,COMBO,227.7552716644432
2021-06-15,-132.08614573295995,0.0,2.0383574730607563,-134.1245032060207,2.017602639269584,2020,COMBO,-134.1245032060207
2021-06-16,-775.7741885402398,0.0,2.0383574730607563,-777.8125460133006,2.017602639269584,2020,COMBO,-777.8125460133006
2021-06-17,-1168.727692053085,0.0,2.0383574730607563,-1170.766049526146,2.017602639269584,2020,COMBO,-1170.766049526146
2021-06-18,-997.1889192351503,0.0,2.0383574730607563,-999.227276708211,2.017602639269584,2020,COMBO,-999.227276708211
2021-06-21,1186.6944260158782,0.0,2.0383574730607563,1184.6560685428174,2.017602639269584,2020,COMBO,1184.6560685428174
2021-06-22,237.82472989494494,0.0,2.0383574730607563,235.78637242188418,2.017602639269584,2020,COMBO,235.78637242188418
2021-06-23,77.33977193852468,0.0,2.0383574730607563,75.30141446546392,2.017602639269584,2020,COMBO,75.30141446546392
2021-06-24,311.70324707972014,0.0,2.0383574730607563,309.66488960665936,2.017602639269584,2020,COMBO,309.66488960665936
2021-06-25,314.5183339215851,0.0,2.0383574730607563,312.4799764485243,2.017602639269584,2020,COMBO,312.4799764485243
2021-06-28,-264.0306294377538,0.0,2.0383574730607563,-266.0689869108146,2.017602639269584,2020,COMBO,-266.0689869108146
2021-06-29,-204.80898759990845,0.0,2.0383574730607563,-206.8473450729692,2.017602639269584,2020,COMBO,-206.8473450729692
2021-06-30,-35.356895468362964,0.0,2.0383574730607563,-37.39525294142372,2.017602639269584,2020,COMBO,-37.39525294142372
2021-07-01,283.33879732463095,63.58276922672999,2.0383574730607563,217.7176706248402,2.017602639269584,2021,COMBO,185.9262860114752
2021-07-02,361.5383856327581,0.0,1.3420741785511996,360.1963114542069,1.8319293873078206,2021,COMBO,360.1963114542069
2021-07-06,-672.4020219130011,0.0,1.3420741785511996,-673.7440960915524,1.8319293873078206,2021,COMBO,-673.7440960915524
2021-07-07,-185.83775068962174,0.0,1.3420741785511996,-187.17982486817294,1.8319293873078206,2021,COMBO,-187.17982486817294
2021-07-08,-630.685160318387,0.0,1.3420741785511996,-632.0272344969383,1.8319293873078206,2021,COMBO,-632.0272344969383
2021-07-09,1137.3424306934833,0.0,1.3420741785511996,1136.000356514932,1.8319293873078206,2021,COMBO,1136.000356514932
2021-07-12,308.3636237560167,0.0,1.3420741785511996,307.0215495774655,1.8319293873078206,2021,COMBO,307.0215495774655
2021-07-13,-271.6035374724893,0.0,1.3420741785511996,-272.94561165104045,1.8319293873078206,2021,COMBO,-272.94561165104045
2021-07-14,-81.27880522262964,0.0,1.3420741785511996,-82.62087940118084,1.8319293873078206,2021,COMBO,-82.62087940118084
2021-07-15,-306.7423409295327,0.0,1.3420741785511996,-308.0844151080839,1.8319293873078206,2021,COMBO,-308.0844151080839
2021-07-16,-477.0209046966628,0.0,1.3420741785511996,-478.36297887521397,1.8319293873078206,2021,COMBO,-478.36297887521397
2021-07-19,-1786.307632839798,0.0,1.3420741785511996,-1787.6497070183493,1.8319293873078206,2021,COMBO,-1787.6497070183493
2021-07-20,1060.6568988437637,0.0,1.3420741785511996,1059.3148246652124,1.8319293873078206,2021,COMBO,1059.3148246652124
2021-07-21,960.6544458414332,0.0,1.3420741785511996,959.312371662882,1.8319293873078206,2021,COMBO,959.312371662882
2021-07-22,91.04325609554108,0.0,1.3420741785511996,89.70118191698988,1.8319293873078206,2021,COMBO,89.70118191698988
2021-07-23,561.8529555616383,0.0,1.3420741785511996,560.510881383087,1.8319293873078206,2021,COMBO,560.510881383087
2021-07-26,51.50200807289015,0.0,1.3420741785511996,50.15993389433895,1.8319293873078206,2021,COMBO,50.15993389433895
2021-07-27,-679.3669962416577,0.0,1.3420741785511996,-680.709070420209,1.8319293873078206,2021,COMBO,-680.709070420209
2021-07-28,619.8295434844996,0.0,1.3420741785511996,618.4874693059484,1.8319293873078206,2021,COMBO,618.4874693059484
2021-07-29,544.0253836031391,0.0,1.3420741785511996,542.6833094245878,1.8319293873078206,2021,COMBO,542.6833094245878
2021-07-30,-320.22780241999925,0.0,1.3420741785511996,-321.5698765985504,1.8319293873078206,2021,COMBO,-321.5698765985504
2021-08-02,-359.99450733181544,117.40605906054924,1.3420741785511996,-478.74264057091585,1.8319293873078206,2021,COMBO,-537.4456701011904
2021-08-03,269.99163663420507,0.0,2.4403824310510647,267.551254203154,2.6817417000710817,2021,COMBO,267.551254203154
2021-08-04,-492.434943188925,0.0,2.4403824310510647,-494.8753256199761,2.6817417000710817,2021,COMBO,-494.8753256199761
2021-08-05,662.7007681699913,0.0,2.4403824310510647,660.2603857389403,2.6817417000710817,2021,COMBO,660.2603857389403
2021-08-06,182.49275952015702,0.0,2.4403824310510647,180.05237708910596,2.6817417000710817,2021,COMBO,180.05237708910596
2021-08-09,-265.73448596036997,0.0,2.4403824310510647,-268.17486839142106,2.6817417000710817,2021,COMBO,-268.17486839142106
2021-08-10,223.68112730763357,0.0,2.4403824310510647,221.2407448765825,2.6817417000710817,2021,COMBO,221.2407448765825
2021-08-11,368.73368986722573,0.0,2.4403824310510647,366.29330743617464,2.6817417000710817,2021,COMBO,366.29330743617464
2021-08-12,192.6247416441469,0.0,2.4403824310510647,190.18435921309583,2.6817417000710817,2021,COMBO,190.18435921309583
2021-08-13,-254.11031321448218,0.0,2.4403824310510647,-256.55069564553327,2.6817417000710817,2021,COMBO,-256.55069564553327
2021-08-16,-185.5046011715402,0.0,2.4403824310510647,-187.94498360259126,2.6817417000710817,2021,COMBO,-187.94498360259126
2021-08-17,-316.7080228303221,0.0,2.4403824310510647,-319.14840526137317,2.6817417000710817,2021,COMBO,-319.14840526137317
2021-08-18,-702.2544062182958,0.0,2.4403824310510647,-704.6947886493468,2.6817417000710817,2021,COMBO,-704.6947886493468
2021-08-19,2.753548331306977,0.0,2.4403824310510647,0.3131659002559122,2.6817417000710817,2021,COMBO,0.3131659002559122
2021-08-20,-66.2343530850336,0.0,2.4403824310510647,-68.67473551608467,2.6817417000710817,2021,COMBO,-68.67473551608467
2021-08-23,954.4737947976134,0.0,2.4403824310510647,952.0334123665624,2.6817417000710817,2021,COMBO,952.0334123665624
2021-08-24,394.1576445762673,0.0,2.4403824310510647,391.7172621452162,2.6817417000710817,2021,COMBO,391.7172621452162
2021-08-25,211.19103189487558,0.0,2.4403824310510647,208.75064946382452,2.6817417000710817,2021,COMBO,208.75064946382452
2021-08-26,-246.7961586038537,0.0,2.4403824310510647,-249.23654103490477,2.6817417000710817,2021,COMBO,-249.23654103490477
2021-08-27,789.3001713176476,0.0,2.4403824310510647,786.8597888865966,2.6817417000710817,2021,COMBO,786.8597888865966
2021-08-30,406.0569789853621,0.0,2.4403824310510647,403.616596554311,2.6817417000710817,2021,COMBO,403.616596554311
2021-08-31,-141.82472486282026,0.0,2.4403824310510647,-144.26510729387132,2.6817417000710817,2021,COMBO,-144.26510729387132
2021-09-01,302.7230556685771,52.22409470490764,2.4403824310510647,248.05857853261838,2.6817417000710817,2021,COMBO,221.9465311801646
2021-09-02,370.3720766232212,0.0,2.4033248910929665,367.9687517321282,3.000000000000001,2021,COMBO,367.9687517321282
2021-09-03,-350.95815890294114,0.0,2.4033248910929665,-353.3614837940341,3.000000000000001,2021,COMBO,-353.3614837940341
2021-09-07,135.69722435905499,0.0,2.4033248910929665,133.293899467962,3.000000000000001,2021,COMBO,133.293899467962
2021-09-08,523.8800406054836,0.0,2.4033248910929665,521.4767157143906,3.000000000000001,2021,COMBO,521.4767157143906
2021-09-09,-166.49791281394337,0.0,2.4033248910929665,-168.90123770503635,3.000000000000001,2021,COMBO,-168.90123770503635
2021-09-10,-213.1376507782133,0.0,2.4033248910929665,-215.54097566930628,3.000000000000001,2021,COMBO,-215.54097566930628
2021-09-13,671.9985255792818,0.0,2.4033248910929665,669.5952006881888,3.000000000000001,2021,COMBO,669.5952006881888
2021-09-14,-142.42714664805973,0.0,2.4033248910929665,-144.8304715391527,3.000000000000001,2021,COMBO,-144.8304715391527
2021-09-15,482.9610706094723,0.0,2.4033248910929665,480.55774571837935,3.000000000000001,2021,COMBO,480.55774571837935
2021-09-16,522.8917274374526,0.0,2.4033248910929665,520.4884025463596,3.000000000000001,2021,COMBO,520.4884025463596
2021-09-17,-458.83052779582346,0.0,2.4033248910929665,-461.2338526869164,3.000000000000001,2021,COMBO,-461.2338526869164
2021-09-20,-1034.344035070255,0.0,2.4033248910929665,-1036.747359961348,3.000000000000001,2021,COMBO,-1036.747359961348
2021-09-21,143.88417507503584,0.0,2.4033248910929665,141.48085018394286,3.000000000000001,2021,COMBO,141.48085018394286
2021-09-22,890.0977016579062,0.0,2.4033248910929665,887.6943767668132,3.000000000000001,2021,COMBO,887.6943767668132
2021-09-23,-1.0191108913869402,0.0,2.4033248910929665,-3.4224357824799068,3.000000000000001,2021,COMBO,-3.4224357824799068
2021-09-24,43.14171533647782,0.0,2.4033248910929665,40.73839044538486,3.000000000000001,2021,COMBO,40.73839044538486
2021-09-27,-129.56053202757678,0.0,2.4033248910929665,-131.96385691866976,3.000000000000001,2021,COMBO,-131.96385691866976
2021-09-28,-1422.6775492244283,0.0,2.4033248910929665,-1425.0808741155213,3.000000000000001,2021,COMBO,-1425.0808741155213
2021-09-29,1148.0768451699694,0.0,2.4033248910929665,1145.6735202788764,3.000000000000001,2021,COMBO,1145.6735202788764
2021-09-30,-1179.9447396898363,0.0,2.4033248910929665,-1182.3480645809293,3.000000000000001,2021,COMBO,-1182.3480645809293
2021-10-01,741.6002087520676,104.44912564451607,2.4033248910929665,634.7477582164586,3.000000000000001,2021,COMBO,582.5231953942005
2021-10-04,-958.502798216053,0.0,2.1416084138176457,-960.6444066298706,3.0,2021,COMBO,-960.6444066298706
2021-10-05,680.4134160095128,0.0,2.1416084138176457,678.2718075956952,3.0,2021,COMBO,678.2718075956952
2021-10-06,-60.60286444952679,0.0,2.1416084138176457,-62.744472863344434,3.0,2021,COMBO,-62.744472863344434
2021-10-07,423.27705300752046,0.0,2.1416084138176457,421.1354445937028,3.0,2021,COMBO,421.1354445937028
2021-10-08,-480.21962121473194,0.0,2.1416084138176457,-482.3612296285496,3.0,2021,COMBO,-482.3612296285496
2021-10-11,-18.230055848488355,0.0,2.1416084138176457,-20.371664262306002,3.0,2021,COMBO,-20.371664262306002
2021-10-12,479.19109287981183,0.0,2.1416084138176457,477.04948446599417,3.0,2021,COMBO,477.04948446599417
2021-10-13,220.8716663663756,0.0,2.1416084138176457,218.73005795255796,3.0,2021,COMBO,218.73005795255796
2021-10-14,1303.061055151675,0.0,2.1416084138176457,1300.9194467378572,3.0,2021,COMBO,1300.9194467378572
2021-10-15,342.11378331599565,0.0,2.1416084138176457,339.972174902178,3.0,2021,COMBO,339.972174902178
2021-10-18,-27.70206877968756,0.0,2.1416084138176457,-29.843677193505208,3.0,2021,COMBO,-29.843677193505208
2021-10-19,-231.60198200282792,0.0,2.1416084138176457,-233.74359041664556,3.0,2021,COMBO,-233.74359041664556
2021-10-20,102.77581952622904,0.0,2.1416084138176457,100.63421111241139,3.0,2021,COMBO,100.63421111241139
2021-10-21,-191.03559545609008,0.0,2.1416084138176457,-193.17720386990771,3.0,2021,COMBO,-193.17720386990771
2021-10-22,46.596522784775885,0.0,2.1416084138176457,44.45491437095824,3.0,2021,COMBO,44.45491437095824
2021-10-25,500.62177868261114,0.0,2.1416084138176457,498.4801702687935,3.0,2021,COMBO,498.4801702687935
2021-10-26,788.0613749137206,0.0,2.1416084138176457,785.919766499903,3.0,2021,COMBO,785.919766499903
2021-10-27,-181.43411346544076,0.0,2.1416084138176457,-183.5757218792584,3.0,2021,COMBO,-183.5757218792584
2021-10-28,-66.08280649217494,0.0,2.1416084138176457,-68.22441490599259,3.0,2021,COMBO,-68.22441490599259
2021-10-29,302.7270279641011,0.0,2.1416084138176457,300.58541955028346,3.0,2021,COMBO,300.58541955028346
2021-11-01,-161.50818305159456,111.03095792627197,2.1416084138176457,-274.6807493916842,3.0,2021,COMBO,-330.1962283548202
2021-11-02,452.08923024865015,0.0,2.337327308018825,449.75190294063134,2.5744198687107156,2021,COMBO,449.75190294063134
2021-11-03,227.8526678304246,0.0,2.337327308018825,225.51534052240578,2.5744198687107156,2021,COMBO,225.51534052240578
2021-11-04,222.70604342431608,0.0,2.337327308018825,220.36871611629726,2.5744198687107156,2021,COMBO,220.36871611629726
2021-11-05,438.36539183252313,0.0,2.337327308018825,436.0280645245043,2.5744198687107156,2021,COMBO,436.0280645245043
2021-11-08,14.548891657720535,0.0,2.337327308018825,12.21156434970171,2.5744198687107156,2021,COMBO,12.21156434970171
2021-11-09,-101.26776220018981,0.0,2.337327308018825,-103.60508950820864,2.5744198687107156,2021,COMBO,-103.60508950820864
2021-11-10,-774.3938091355632,0.0,2.337327308018825,-776.731136443582,2.5744198687107156,2021,COMBO,-776.731136443582
2021-11-11,147.12734337997023,0.0,2.337327308018825,144.7900160719514,2.5744198687107156,2021,COMBO,144.7900160719514
2021-11-12,337.7062706095169,0.0,2.337327308018825,335.36894330149806,2.5744198687107156,2021,COMBO,335.36894330149806
2021-11-15,371.50678507746034,0.0,2.337327308018825,369.1694577694415,2.5744198687107156,2021,COMBO,369.1694577694415
2021-11-16,361.18120396900395,0.0,2.337327308018825,358.84387666098513,2.5744198687107156,2021,COMBO,358.84387666098513
2021-11-17,-677.3588115604964,0.0,2.337327308018825,-679.6961388685153,2.5744198687107156,2021,COMBO,-679.6961388685153
2021-11-18,199.41532711339858,0.0,2.337327308018825,197.07799980537976,2.5744198687107156,2021,COMBO,197.07799980537976
2021-11-19,-356.1626987421432,0.0,2.337327308018825,-358.50002605016203,2.5744198687107156,2021,COMBO,-358.50002605016203
2021-11-22,68.84694096399558,0.0,2.337327308018825,66.50961365597675,2.5744198687107156,2021,COMBO,66.50961365597675
2021-11-23,391.568461066906,0.0,2.337327308018825,389.2311337588872,2.5744198687107156,2021,COMBO,389.2311337588872
2021-11-24,190.51679879473073,0.0,2.337327308018825,188.17947148671192,2.5744198687107156,2021,COMBO,188.17947148671192
2021-11-26,-3768.822680264028,0.0,2.337327308018825,-3771.1600075720467,2.5744198687107156,2021,COMBO,-3771.1600075720467
2021-11-29,1077.410535591798,0.0,2.337327308018825,1075.0732082837792,2.5744198687107156,2021,COMBO,1075.0732082837792
2021-11-30,-1943.551475517788,0.0,2.337327308018825,-1945.8888028258068,2.5744198687107156,2021,COMBO,-1945.8888028258068
2021-12-01,-1066.6625781737137,170.6783465328566,2.337327308018825,-1239.678252014589,2.5744198687107156,2021,COMBO,-1325.0174252810173
2021-12-02,644.0319347613647,0.0,4.423663001389712,639.608271759975,3.000000000000001,2021,COMBO,639.608271759975
2021-12-03,-219.30634128478061,0.0,4.423663001389712,-223.73000428617033,3.000000000000001,2021,COMBO,-223.73000428617033
2021-12-06,748.0495321674457,0.0,4.423663001389712,743.625869166056,3.000000000000001,2021,COMBO,743.625869166056
2021-12-07,489.8980949774434,0.0,4.423663001389712,485.4744319760537,3.000000000000001,2021,COMBO,485.4744319760537
2021-12-08,-327.8727447193476,0.0,4.423663001389712,-332.2964077207373,3.000000000000001,2021,COMBO,-332.2964077207373
2021-12-09,-184.41082941592913,0.0,4.423663001389712,-188.83449241731884,3.000000000000001,2021,COMBO,-188.83449241731884
2021-12-10,243.07061912467202,0.0,4.423663001389712,238.6469561232823,3.000000000000001,2021,COMBO,238.6469561232823
2021-12-13,215.27446689075165,0.0,4.423663001389712,210.85080388936194,3.000000000000001,2021,COMBO,210.85080388936194
2021-12-14,-75.53463939834518,0.0,4.423663001389712,-79.95830239973489,3.000000000000001,2021,COMBO,-79.95830239973489
2021-12-15,126.81871771708613,0.0,4.423663001389712,122.39505471569642,3.000000000000001,2021,COMBO,122.39505471569642
2021-12-16,-846.0690632867326,0.0,4.423663001389712,-850.4927262881223,3.000000000000001,2021,COMBO,-850.4927262881223
2021-12-17,455.9906193591358,0.0,4.423663001389712,451.5669563577461,3.000000000000001,2021,COMBO,451.5669563577461
2021-12-20,-403.67021256864473,0.0,4.423663001389712,-408.0938755700344,3.000000000000001,2021,COMBO,-408.0938755700344
2021-12-21,672.6254710526255,0.0,4.423663001389712,668.2018080512357,3.000000000000001,2021,COMBO,668.2018080512357
2021-12-22,-52.50869507709249,0.0,4.423663001389712,-56.9323580784822,3.000000000000001,2021,COMBO,-56.9323580784822
2021-12-23,21.28816902816445,0.0,4.423663001389712,16.864506026774738,3.000000000000001,2021,COMBO,16.864506026774738
2021-12-27,1027.0309998785604,0.0,4.423663001389712,1022.6073368771706,3.000000000000001,2021,COMBO,1022.6073368771706
2021-12-28,81.36137712573753,0.0,4.423663001389712,76.93771412434782,3.000000000000001,2021,COMBO,76.93771412434782
2021-12-29,99.43851282575658,0.0,4.423663001389712,95.01484982436686,3.000000000000001,2021,COMBO,95.01484982436686
2021-12-30,182.6680042167071,0.0,4.423663001389712,178.24434121531738,3.000000000000001,2021,COMBO,178.24434121531738
2021-12-31,-690.2513501391376,0.0,4.423663001389712,-694.6750131405273,3.000000000000001,2021,COMBO,-694.6750131405273
2022-01-03,1002.2135579947919,127.922220620692,4.423663001389712,869.8676743727102,3.000000000000001,2021,COMBO,805.9065640623642
2022-01-04,1.1315511630902164,0.0,3.6347103297630223,-2.503159166672806,2.9621317736431965,2021,COMBO,-2.503159166672806
2022-01-05,-1180.109399492508,0.0,3.6347103297630223,-1183.744109822271,2.9621317736431965,2021,COMBO,-1183.744109822271
2022-01-06,196.0881768067876,0.0,3.6347103297630223,192.4534664770246,2.9621317736431965,2021,COMBO,192.4534664770246
2022-01-07,-707.777942651698,0.0,3.6347103297630223,-711.4126529814611,2.9621317736431965,2021,COMBO,-711.4126529814611
2022-01-10,-68.19934060393193,0.0,3.6347103297630223,-71.83405093369495,2.9621317736431965,2021,COMBO,-71.83405093369495
2022-01-11,517.9558636086535,0.0,3.6347103297630223,514.3211532788905,2.9621317736431965,2021,COMBO,514.3211532788905
2022-01-12,-726.8663593619932,0.0,3.6347103297630223,-730.5010696917562,2.9621317736431965,2021,COMBO,-730.5010696917562
2022-01-13,-833.834218862901,0.0,3.6347103297630223,-837.4689291926641,2.9621317736431965,2021,COMBO,-837.4689291926641
2022-01-14,666.5577621890158,0.0,3.6347103297630223,662.9230518592527,2.9621317736431965,2021,COMBO,662.9230518592527
2022-01-18,52.37064099858743,0.0,3.6347103297630223,48.73593066882441,2.9621317736431965,2021,COMBO,48.73593066882441
2022-01-19,-892.7664064551903,0.0,3.6347103297630223,-896.4011167849534,2.9621317736431965,2021,COMBO,-896.4011167849534
2022-01-20,-536.4318945817039,0.0,3.6347103297630223,-540.0666049114669,2.9621317736431965,2021,COMBO,-540.0666049114669
2022-01-21,-785.0082144176703,0.0,3.6347103297630223,-788.6429247474333,2.9621317736431965,2021,COMBO,-788.6429247474333
2022-01-24,564.4026360435345,0.0,3.6347103297630223,560.7679257137714,2.9621317736431965,2021,COMBO,560.7679257137714
2022-01-25,-394.04392057022585,0.0,3.6347103297630223,-397.6786308999889,2.9621317736431965,2021,COMBO,-397.6786308999889
2022-01-26,393.9222696530316,0.0,3.6347103297630223,390.28755932326857,2.9621317736431965,2021,COMBO,390.28755932326857
2022-01-27,429.800075942168,0.0,3.6347103297630223,426.16536561240497,2.9621317736431965,2021,COMBO,426.16536561240497
2022-01-28,1121.9978571825136,0.0,3.6347103297630223,1118.3631468527506,2.9621317736431965,2021,COMBO,1118.3631468527506
2022-01-31,147.34385299573978,0.0,3.6347103297630223,143.70914266597677,2.9621317736431965,2021,COMBO,143.70914266597677
2022-02-01,-282.42975346962106,130.49950590666265,3.6347103297630223,-416.56396970604675,2.9621317736431965,2021,COMBO,-481.8137226593781
2022-02-02,-359.104224405743,0.0,4.8585516972854235,-363.96277610302843,2.205224459345759,2021,COMBO,-363.96277610302843
2022-02-03,710.8910785107817,0.0,4.8585516972854235,706.0325268134962,2.205224459345759,2021,COMBO,706.0325268134962
2022-02-04,733.5269273169562,0.0,4.8585516972854235,728.6683756196708,2.205224459345759,2021,COMBO,728.6683756196708
2022-02-07,-352.1487941027731,0.0,4.8585516972854235,-357.0073458000585,2.205224459345759,2021,COMBO,-357.0073458000585
2022-02-08,-69.0213333427534,0.0,4.8585516972854235,-73.87988504003881,2.205224459345759,2021,COMBO,-73.87988504003881
2022-02-09,-520.0995090426068,0.0,4.8585516972854235,-524.9580607398922,2.205224459345759,2021,COMBO,-524.9580607398922
2022-02-10,1238.184476602743,0.0,4.8585516972854235,1233.3259249054574,2.205224459345759,2021,COMBO,1233.3259249054574
2022-02-11,-166.41720613960638,0.0,4.8585516972854235,-171.2757578368918,2.205224459345759,2021,COMBO,-171.2757578368918
2022-02-14,833.2212984335712,0.0,4.8585516972854235,828.3627467362858,2.205224459345759,2021,COMBO,828.3627467362858
2022-02-15,-493.4246699759825,0.0,4.8585516972854235,-498.2832216732679,2.205224459345759,2021,COMBO,-498.2832216732679
2022-02-16,-672.451390788494,0.0,4.8585516972854235,-677.3099424857794,2.205224459345759,2021,COMBO,-677.3099424857794
2022-02-17,81.74605223234032,0.0,4.8585516972854235,76.8875005350549,2.205224459345759,2021,COMBO,76.8875005350549
2022-02-18,92.02991271233643,0.0,4.8585516972854235,87.171361015051,2.205224459345759,2021,COMBO,87.171361015051
2022-02-22,280.9226614325967,0.0,4.8585516972854235,276.0641097353113,2.205224459345759,2021,COMBO,276.0641097353113
2022-02-23,662.871186924298,0.0,4.8585516972854235,658.0126352270125,2.205224459345759,2021,COMBO,658.0126352270125
2022-02-24,817.2811500489822,0.0,4.8585516972854235,812.4225983516968,2.205224459345759,2021,COMBO,812.4225983516968
2022-02-25,-1127.054194778559,0.0,4.8585516972854235,-1131.9127464758444,2.205224459345759,2021,COMBO,-1131.9127464758444
2022-02-28,-568.1570221050597,0.0,4.8585516972854235,-573.0155738023451,2.205224459345759,2021,COMBO,-573.0155738023451
2022-03-01,490.32831065506446,71.41727102301283,4.8585516972854235,414.0524879347662,2.205224459345759,2021,COMBO,378.3438524232598
2022-03-02,779.7036827645692,0.0,4.527685026594034,775.1759977379752,2.265659945854156,2021,COMBO,775.1759977379752
2022-03-03,505.9053241090443,0.0,4.527685026594034,501.37763908245023,2.265659945854156,2021,COMBO,501.37763908245023
2022-03-04,1696.9415033786788,0.0,4.527685026594034,1692.4138183520847,2.265659945854156,2021,COMBO,1692.4138183520847
2022-03-07,2830.6117571687737,0.0,4.527685026594034,2826.0840721421796,2.265659945854156,2021,COMBO,2826.0840721421796
2022-03-08,1285.7477048247379,0.0,4.527685026594034,1281.2200197981438,2.265659945854156,2021,COMBO,1281.2200197981438
2022-03-09,-3527.660936464696,0.0,4.527685026594034,-3532.18862149129,2.265659945854156,2021,COMBO,-3532.18862149129
2022-03-10,1102.806354726673,0.0,4.527685026594034,1098.2786697000788,2.265659945854156,2021,COMBO,1098.2786697000788
2022-03-11,1621.6935647888943,0.0,4.527685026594034,1617.1658797623002,2.265659945854156,2021,COMBO,1617.1658797623002
2022-03-14,713.2281877883481,0.0,4.527685026594034,708.7005027617541,2.265659945854156,2021,COMBO,708.7005027617541
2022-03-15,-1651.6132189463278,0.0,4.527685026594034,-1656.140903972922,2.265659945854156,2021,COMBO,-1656.140903972922
2022-03-16,-2402.2159292736974,0.0,4.527685026594034,-2406.7436143002915,2.265659945854156,2021,COMBO,-2406.7436143002915
2022-03-17,220.57224711457957,0.0,4.527685026594034,216.04456208798553,2.265659945854156,2021,COMBO,216.04456208798553
2022-03-18,-527.7568227833812,0.0,4.527685026594034,-532.2845078099751,2.265659945854156,2021,COMBO,-532.2845078099751
2022-03-21,2194.5730928985176,0.0,4.527685026594034,2190.0454078719235,2.265659945854156,2021,COMBO,2190.0454078719235
2022-03-22,-358.66818832946296,0.0,4.527685026594034,-363.195873356057,2.265659945854156,2021,COMBO,-363.195873356057
2022-03-23,1046.9534831725496,0.0,4.527685026594034,1042.4257981459555,2.265659945854156,2021,COMBO,1042.4257981459555
2022-03-24,-127.36464746335152,0.0,4.527685026594034,-131.89233248994555,2.265659945854156,2021,COMBO,-131.89233248994555
2022-03-25,665.6514055591335,0.0,4.527685026594034,661.1237205325396,2.265659945854156,2021,COMBO,661.1237205325396
2022-03-28,-929.043828465238,0.0,4.527685026594034,-933.571513491832,2.265659945854156,2021,COMBO,-933.571513491832
2022-03-29,-1853.6134613026122,0.0,4.527685026594034,-1858.1411463292063,2.265659945854156,2021,COMBO,-1858.1411463292063
2022-03-30,179.33320604570505,0.0,4.527685026594034,174.805521019111,2.265659945854156,2021,COMBO,174.805521019111
2022-03-31,449.84574872737664,0.0,4.527685026594034,445.3180637007826,2.265659945854156,2021,COMBO,445.3180637007826
2022-04-01,-140.48481269518516,73.18295722772564,4.527685026594034,-218.19545494950484,2.265659945854156,2021,COMBO,-254.78693356336765
2022-04-04,259.50643212897467,0.0,3.468845914967226,256.03758621400743,1.8398541327914364,2021,COMBO,256.03758621400743
2022-04-05,1498.8903839993607,0.0,3.468845914967226,1495.4215380843934,1.8398541327914364,2021,COMBO,1495.4215380843934
2022-04-06,628.0240450861426,0.0,3.468845914967226,624.5551991711753,1.8398541327914364,2021,COMBO,624.5551991711753
2022-04-07,474.1810075222763,0.0,3.468845914967226,470.71216160730904,1.8398541327914364,2021,COMBO,470.71216160730904
2022-04-08,684.7184838210086,0.0,3.468845914967226,681.2496379060414,1.8398541327914364,2021,COMBO,681.2496379060414
2022-04-11,850.2250497290496,0.0,3.468845914967226,846.7562038140824,1.8398541327914364,2021,COMBO,846.7562038140824
2022-04-12,515.7847370228585,0.0,3.468845914967226,512.3158911078913,1.8398541327914364,2021,COMBO,512.3158911078913
2022-04-13,-297.4540942107055,0.0,3.468845914967226,-300.9229401256727,1.8398541327914364,2021,COMBO,-300.9229401256727
2022-04-14,958.2776258175253,0.0,3.468845914967226,954.8087799025581,1.8398541327914364,2021,COMBO,954.8087799025581
2022-04-18,857.4680591130146,0.0,3.468845914967226,853.9992131980474,1.8398541327914364,2021,COMBO,853.9992131980474
2022-04-19,182.06603218019723,0.0,3.468845914967226,178.59718626523,1.8398541327914364,2021,COMBO,178.59718626523
2022-04-20,-954.4512525492278,0.0,3.468845914967226,-957.920098464195,1.8398541327914364,2021,COMBO,-957.920098464195
2022-04-21,667.00300617323,0.0,3.468845914967226,663.5341602582628,1.8398541327914364,2021,COMBO,663.5341602582628
2022-04-22,158.9766494382335,0.0,3.468845914967226,155.50780352326626,1.8398541327914364,2021,COMBO,155.50780352326626
2022-04-25,-802.5281765383809,0.0,3.468845914967226,-805.9970224533481,1.8398541327914364,2021,COMBO,-805.9970224533481
2022-04-26,505.3839494666131,0.0,3.468845914967226,501.91510355164587,1.8398541327914364,2021,COMBO,501.91510355164587
2022-04-27,682.6426684333351,0.0,3.468845914967226,679.1738225183678,1.8398541327914364,2021,COMBO,679.1738225183678
2022-04-28,385.39479733553475,0.0,3.468845914967226,381.9259514205675,1.8398541327914364,2021,COMBO,381.9259514205675
2022-04-29,77.51616679557944,0.0,3.468845914967226,74.0473208806122,1.8398541327914364,2021,COMBO,74.0473208806122
2022-05-02,537.9345342391259,53.23297634216166,3.468845914967226,481.232711981997,1.8398541327914364,2021,COMBO,454.6162238109162
2022-05-03,-554.4377917270454,0.0,3.034576101891026,-557.4723678289364,1.438635869760205,2021,COMBO,-557.4723678289364
2022-05-04,-1123.3927796202522,0.0,3.034576101891026,-1126.4273557221431,1.438635869760205,2021,COMBO,-1126.4273557221431
2022-05-05,2105.5225260578172,0.0,3.034576101891026,2102.487949955926,1.438635869760205,2021,COMBO,2102.487949955926
2022-05-06,745.1701222134944,0.0,3.034576101891026,742.1355461116034,1.438635869760205,2021,COMBO,742.1355461116034
2022-05-09,383.9849622671813,0.0,3.034576101891026,380.95038616529024,1.438635869760205,2021,COMBO,380.95038616529024
2022-05-10,-382.13330221941646,0.0,3.034576101891026,-385.1678783213075,1.438635869760205,2021,COMBO,-385.1678783213075
2022-05-11,416.63436808896324,0.0,3.034576101891026,413.5997919870722,1.438635869760205,2021,COMBO,413.5997919870722
2022-05-12,183.9590124878715,0.0,3.034576101891026,180.92443638598047,1.438635869760205,2021,COMBO,180.92443638598047
2022-05-13,-538.4892437663025,0.0,3.034576101891026,-541.5238198681935,1.438635869760205,2021,COMBO,-541.5238198681935
2022-05-16,62.633182674645205,0.0,3.034576101891026,59.59860657275418,1.438635869760205,2021,COMBO,59.59860657275418
2022-05-17,-695.9830934111986,0.0,3.034576101891026,-699.0176695130897,1.438635869760205,2021,COMBO,-699.0176695130897
2022-05-18,478.35472567613255,0.0,3.034576101891026,475.3201495742415,1.438635869760205,2021,COMBO,475.3201495742415
2022-05-19,-641.2689233034804,0.0,3.034576101891026,-644.3034994053714,1.438635869760205,2021,COMBO,-644.3034994053714
2022-05-20,-115.90455100846111,0.0,3.034576101891026,-118.93912711035213,1.438635869760205,2021,COMBO,-118.93912711035213
2022-05-23,-435.8871485465321,0.0,3.034576101891026,-438.92172464842315,1.438635869760205,2021,COMBO,-438.92172464842315
2022-05-24,-373.8483331538147,0.0,3.034576101891026,-376.8829092557057,1.438635869760205,2021,COMBO,-376.8829092557057
2022-05-25,-353.675488298836,0.0,3.034576101891026,-356.71006440072705,1.438635869760205,2021,COMBO,-356.71006440072705
2022-05-26,-650.7573005334132,0.0,3.034576101891026,-653.7918766353042,1.438635869760205,2021,COMBO,-653.7918766353042
2022-05-27,-655.6222903906246,0.0,3.034576101891026,-658.6568664925156,1.438635869760205,2021,COMBO,-658.6568664925156
2022-05-31,751.9611659091219,0.0,3.034576101891026,748.9265898072308,1.438635869760205,2021,COMBO,748.9265898072308
2022-06-01,799.3891118419621,28.465377186495537,3.034576101891026,767.8891585535755,1.438635869760205,2021,COMBO,753.6564699603277
2022-06-02,-912.9502592358814,0.0,3.1236046621156106,-916.073863897997,1.3438538746151383,2021,COMBO,-916.073863897997
2022-06-03,935.7499800637695,0.0,3.1236046621156106,932.6263754016538,1.3438538746151383,2021,COMBO,932.6263754016538
2022-06-06,463.0708482086475,0.0,3.1236046621156106,459.94724354653187,1.3438538746151383,2021,COMBO,459.94724354653187
2022-06-07,-349.1618916674377,0.0,3.1236046621156106,-352.2854963295533,1.3438538746151383,2021,COMBO,-352.2854963295533
2022-06-08,875.3347783749768,0.0,3.1236046621156106,872.2111737128612,1.3438538746151383,2021,COMBO,872.2111737128612
2022-06-09,1004.4370351796454,0.0,3.1236046621156106,1001.3134305175297,1.3438538746151383,2021,COMBO,1001.3134305175297
2022-06-10,1178.0066169328134,0.0,3.1236046621156106,1174.8830122706977,1.3438538746151383,2021,COMBO,1174.8830122706977
2022-06-13,2696.3526878128246,0.0,3.1236046621156106,2693.229083150709,1.3438538746151383,2021,COMBO,2693.229083150709
2022-06-14,476.13809953411794,0.0,3.1236046621156106,473.01449487200233,1.3438538746151383,2021,COMBO,473.01449487200233
2022-06-15,-1811.3367945564378,0.0,3.1236046621156106,-1814.4603992185534,1.3438538746151383,2021,COMBO,-1814.4603992185534
2022-06-16,315.9145789207997,0.0,3.1236046621156106,312.7909742586841,1.3438538746151383,2021,COMBO,312.7909742586841
2022-06-17,270.2472879917886,0.0,3.1236046621156106,267.123683329673,1.3438538746151383,2021,COMBO,267.123683329673
2022-06-21,-46.37018795910102,0.0,3.1236046621156106,-49.49379262121663,1.3438538746151383,2021,COMBO,-49.49379262121663
2022-06-22,-535.447442976213,0.0,3.1236046621156106,-538.5710476383285,1.3438538746151383,2021,COMBO,-538.5710476383285
2022-06-23,-569.4705617499268,0.0,3.1236046621156106,-572.5941664120423,1.3438538746151383,2021,COMBO,-572.5941664120423
2022-06-24,-638.3971351468792,0.0,3.1236046621156106,-641.5207398089949,1.3438538746151383,2021,COMBO,-641.5207398089949
2022-06-27,480.37544187122415,0.0,3.1236046621156106,477.25183720910854,1.3438538746151383,2021,COMBO,477.25183720910854
2022-06-28,819.2278823880555,0.0,3.1236046621156106,816.1042777259399,1.3438538746151383,2021,COMBO,816.1042777259399
2022-06-29,32.47309240322109,0.0,3.1236046621156106,29.349487741105477,1.3438538746151383,2021,COMBO,29.349487741105477
2022-06-30,-258.0562226396482,0.0,3.1236046621156106,-261.1798273017638,1.3438538746151383,2021,COMBO,-261.1798273017638
2022-07-01,-505.1479157116717,31.433059884796503,3.1236046621156106,-539.7045802585837,1.3438538746151383,2022,COMBO,-555.4211102009822
2022-07-05,91.82955688196571,0.0,2.5687556271155088,89.26080125485021,1.1155964154982154,2022,COMBO,89.26080125485021
2022-07-06,379.2321993925848,0.0,2.5687556271155088,376.66344376546925,1.1155964154982154,2022,COMBO,376.66344376546925
2022-07-07,-201.13093592435985,0.0,2.5687556271155088,-203.69969155147535,1.1155964154982154,2022,COMBO,-203.69969155147535
2022-07-08,200.16267977356208,0.0,2.5687556271155088,197.59392414644657,1.1155964154982154,2022,COMBO,197.59392414644657
2022-07-11,737.8816879341649,0.0,2.5687556271155088,735.3129323070494,1.1155964154982154,2022,COMBO,735.3129323070494
2022-07-12,-332.1425001818778,0.0,2.5687556271155088,-334.7112558089933,1.1155964154982154,2022,COMBO,-334.7112558089933
2022-07-13,-135.8733294696206,0.0,2.5687556271155088,-138.4420850967361,1.1155964154982154,2022,COMBO,-138.4420850967361
2022-07-14,680.037935948237,0.0,2.5687556271155088,677.4691803211215,1.1155964154982154,2022,COMBO,677.4691803211215
2022-07-15,-807.6870967835057,0.0,2.5687556271155088,-810.2558524106212,1.1155964154982154,2022,COMBO,-810.2558524106212
2022-07-18,221.19474583547418,0.0,2.5687556271155088,218.62599020835867,1.1155964154982154,2022,COMBO,218.62599020835867
2022-07-19,-840.694078709463,0.0,2.5687556271155088,-843.2628343365785,1.1155964154982154,2022,COMBO,-843.2628343365785
2022-07-20,-5.522404831363591,0.0,2.5687556271155088,-8.0911604584791,1.1155964154982154,2022,COMBO,-8.0911604584791
2022-07-21,-960.5224784456328,0.0,2.5687556271155088,-963.0912340727483,1.1155964154982154,2022,COMBO,-963.0912340727483
2022-07-22,-288.1145624778539,0.0,2.5687556271155088,-290.68331810496943,1.1155964154982154,2022,COMBO,-290.68331810496943
2022-07-25,218.64572100518473,0.0,2.5687556271155088,216.07696537806922,1.1155964154982154,2022,COMBO,216.07696537806922
2022-07-26,470.642952732134,0.0,2.5687556271155088,468.07419710501847,1.1155964154982154,2022,COMBO,468.07419710501847
2022-07-27,-922.2670016138416,0.0,2.5687556271155088,-924.835757240957,1.1155964154982154,2022,COMBO,-924.835757240957
2022-07-28,-924.8492725713029,0.0,2.5687556271155088,-927.4180281984184,1.1155964154982154,2022,COMBO,-927.4180281984184
2022-07-29,-448.8561684382917,0.0,2.5687556271155088,-451.42492406540725,1.1155964154982154,2022,COMBO,-451.42492406540725
2022-08-01,-556.64023869978,15.358874081119106,2.5687556271155088,-574.5678684080145,1.1155964154982154,2022,COMBO,-582.2473054485741
2022-08-02,1093.4781301132673,0.0,2.5198796785137354,1090.9582504347536,1.0499358304863515,2022,COMBO,1090.9582504347536
2022-08-03,-520.6566656936233,0.0,2.5198796785137354,-523.176545372137,1.0499358304863515,2022,COMBO,-523.176545372137
2022-08-04,-516.7040112893901,0.0,2.5198796785137354,-519.2238909679038,1.0499358304863515,2022,COMBO,-519.2238909679038
2022-08-05,878.4413830409721,0.0,2.5198796785137354,875.9215033624585,1.0499358304863515,2022,COMBO,875.9215033624585
2022-08-08,-456.89475148386504,0.0,2.5198796785137354,-459.4146311623788,1.0499358304863515,2022,COMBO,-459.4146311623788
2022-08-09,295.71692215430335,0.0,2.5198796785137354,293.1970424757896,1.0499358304863515,2022,COMBO,293.1970424757896
2022-08-10,-1123.596849537924,0.0,2.5198796785137354,-1126.1167292164378,1.0499358304863515,2022,COMBO,-1126.1167292164378
2022-08-11,369.1920171128438,0.0,2.5198796785137354,366.67213743433007,1.0499358304863515,2022,COMBO,366.67213743433007
2022-08-12,-685.8344519487126,0.0,2.5198796785137354,-688.3543316272263,1.0499358304863515,2022,COMBO,-688.3543316272263
2022-08-15,377.4277798900288,0.0,2.5198796785137354,374.907900211515,1.0499358304863515,2022,COMBO,374.907900211515
2022-08-16,90.14322342241516,0.0,2.5198796785137354,87.62334374390143,1.0499358304863515,2022,COMBO,87.62334374390143
2022-08-17,683.2349000149841,0.0,2.5198796785137354,680.7150203364704,1.0499358304863515,2022,COMBO,680.7150203364704
2022-08-18,340.0051826624905,0.0,2.5198796785137354,337.48530298397674,1.0499358304863515,2022,COMBO,337.48530298397674
2022-08-19,1019.7500107937977,0.0,2.5198796785137354,1017.230131115284,1.0499358304863515,2022,COMBO,1017.230131115284
2022-08-22,923.7766558903987,0.0,2.5198796785137354,921.256776211885,1.0499358304863515,2022,COMBO,921.256776211885
2022-08-23,-141.9105831946318,0.0,2.5198796785137354,-144.43046287314556,1.0499358304863515,2022,COMBO,-144.43046287314556
2022-08-24,53.30127155091056,0.0,2.5198796785137354,50.781391872396824,1.0499358304863515,2022,COMBO,50.781391872396824
2022-08-25,-844.7771800293923,0.0,2.5198796785137354,-847.297059707906,1.0499358304863515,2022,COMBO,-847.297059707906
2022-08-26,1217.3899946072286,0.0,2.5198796785137354,1214.8701149287149,1.0499358304863515,2022,COMBO,1214.8701149287149
2022-08-29,488.05968609692917,0.0,2.5198796785137354,485.5398064184154,1.0499358304863515,2022,COMBO,485.5398064184154
2022-08-30,352.3492167231716,0.0,2.5198796785137354,349.82933704465785,1.0499358304863515,2022,COMBO,349.82933704465785
2022-08-31,373.5712443494377,0.0,2.5198796785137354,371.05136467092393,1.0499358304863515,2022,COMBO,371.05136467092393
2022-09-01,718.3014236836783,12.282263041842622,2.5198796785137354,703.499280963322,1.0499358304863515,2022,COMBO,697.3581494424006
2022-09-02,25.510825911149738,0.0,2.613157284805849,22.89766862634389,1.0615109135016214,2022,COMBO,22.89766862634389
2022-09-06,915.8302540998914,0.0,2.613157284805849,913.2170968150855,1.0615109135016214,2022,COMBO,913.2170968150855
2022-09-07,-1010.9551878849929,0.0,2.613157284805849,-1013.5683451697988,1.0615109135016214,2022,COMBO,-1013.5683451697988
2022-09-08,131.70302196643223,0.0,2.613157284805849,129.08986468162638,1.0615109135016214,2022,COMBO,129.08986468162638
2022-09-09,-791.645374335667,0.0,2.613157284805849,-794.2585316204729,1.0615109135016214,2022,COMBO,-794.2585316204729
2022-09-12,-463.8549416509723,0.0,2.613157284805849,-466.46809893577813,1.0615109135016214,2022,COMBO,-466.46809893577813
2022-09-13,1843.71108178616,0.0,2.613157284805849,1841.0979245013543,1.0615109135016214,2022,COMBO,1841.0979245013543
2022-09-14,-280.37431880396076,0.0,2.613157284805849,-282.9874760887666,1.0615109135016214,2022,COMBO,-282.9874760887666
2022-09-15,622.6258649833022,0.0,2.613157284805849,620.0127076984963,1.0615109135016214,2022,COMBO,620.0127076984963
2022-09-16,29.70426348568396,0.0,2.613157284805849,27.091106200878112,1.0615109135016214,2022,COMBO,27.091106200878112
2022-09-19,-69.72181033544635,0.0,2.613157284805849,-72.3349676202522,1.0615109135016214,2022,COMBO,-72.3349676202522
2022-09-20,795.1771990453979,0.0,2.613157284805849,792.564041760592,1.0615109135016214,2022,COMBO,792.564041760592
2022-09-21,422.724695690254,0.0,2.613157284805849,420.1115384054482,1.0615109135016214,2022,COMBO,420.1115384054482
2022-09-22,573.1815749953025,0.0,2.613157284805849,570.5684177104966,1.0615109135016214,2022,COMBO,570.5684177104966
2022-09-23,1275.6779043203137,0.0,2.613157284805849,1273.064747035508,1.0615109135016214,2022,COMBO,1273.064747035508
2022-09-26,1409.0825804482276,0.0,2.613157284805849,1406.4694231634219,1.0615109135016214,2022,COMBO,1406.4694231634219
2022-09-27,542.7152991428613,0.0,2.613157284805849,540.1021418580555,1.0615109135016214,2022,COMBO,540.1021418580555
2022-09-28,-1797.6995234783653,0.0,2.613157284805849,-1800.312680763171,1.0615109135016214,2022,COMBO,-1800.312680763171
2022-09-29,737.5908529627304,0.0,2.613157284805849,734.9776956779245,1.0615109135016214,2022,COMBO,734.9776956779245
2022-09-30,404.1943899483671,0.0,2.613157284805849,401.58123266356125,1.0615109135016214,2022,COMBO,401.58123266356125
2022-10-03,-1595.7779059460754,19.096175859719413,2.613157284805849,-1617.4872390906005,1.0615109135016214,2022,COMBO,-1627.0353270204603
2022-10-04,-1300.35564601024,0.0,2.22312826530218,-1302.5787742755422,0.8798078508419712,2022,COMBO,-1302.5787742755422
2022-10-05,622.2981033346514,0.0,2.22312826530218,620.0749750693492,0.8798078508419712,2022,COMBO,620.0749750693492
2022-10-06,616.739388628461,0.0,2.22312826530218,614.5162603631588,0.8798078508419712,2022,COMBO,614.5162603631588
2022-10-07,936.9573415747049,0.0,2.22312826530218,934.7342133094027,0.8798078508419712,2022,COMBO,934.7342133094027
2022-10-10,719.9818215692252,0.0,2.22312826530218,717.758693303923,0.8798078508419712,2022,COMBO,717.758693303923
2022-10-11,217.78175827422996,0.0,2.22312826530218,215.55863000892776,0.8798078508419712,2022,COMBO,215.55863000892776
2022-10-12,89.3122905744388,0.0,2.22312826530218,87.08916230913663,0.8798078508419712,2022,COMBO,87.08916230913663
2022-10-13,-397.3494490831892,0.0,2.22312826530218,-399.5725773484914,0.8798078508419712,2022,COMBO,-399.5725773484914
2022-10-14,1013.6562444187673,0.0,2.22312826530218,1011.4331161534651,0.8798078508419712,2022,COMBO,1011.4331161534651
2022-10-17,-951.0648078884062,0.0,2.22312826530218,-953.2879361537084,0.8798078508419712,2022,COMBO,-953.2879361537084
2022-10-18,-248.33964574957858,0.0,2.22312826530218,-250.56277401488077,0.8798078508419712,2022,COMBO,-250.56277401488077
2022-10-19,863.7222137170297,0.0,2.22312826530218,861.4990854517275,0.8798078508419712,2022,COMBO,861.4990854517275
2022-10-20,275.2950500567128,0.0,2.22312826530218,273.0719217914106,0.8798078508419712,2022,COMBO,273.0719217914106
2022-10-21,-958.7288470787147,0.0,2.22312826530218,-960.9519753440169,0.8798078508419712,2022,COMBO,-960.9519753440169
2022-10-24,265.21191163272033,0.0,2.22312826530218,262.98878336741814,0.8798078508419712,2022,COMBO,262.98878336741814
2022-10-25,-1149.2801780200657,0.0,2.22312826530218,-1151.503306285368,0.8798078508419712,2022,COMBO,-1151.503306285368
2022-10-26,-565.1902458515417,0.0,2.22312826530218,-567.4133741168439,0.8798078508419712,2022,COMBO,-567.4133741168439
2022-10-27,123.21669815301044,0.0,2.22312826530218,120.99356988770826,0.8798078508419712,2022,COMBO,120.99356988770826
2022-10-28,-93.06495763687349,0.0,2.22312826530218,-95.28808590217567,0.8798078508419712,2022,COMBO,-95.28808590217567
2022-10-31,579.3084279794782,0.0,2.22312826530218,577.085299714176,0.8798078508419712,2022,COMBO,577.085299714176
2022-11-01,-352.90085515159814,3.6479887450603985,2.22312826530218,-358.7719721619607,0.8798078508419712,2022,COMBO,-360.5959665344909
2022-11-02,654.4851656763522,0.0,2.1852601427445477,652.2999055336076,0.8622041927776588,2022,COMBO,652.2999055336076
2022-11-03,509.00541764109045,0.0,2.1852601427445477,506.8201574983459,0.8622041927776588,2022,COMBO,506.8201574983459
2022-11-04,-1391.3991253107342,0.0,2.1852601427445477,-1393.5843854534787,0.8622041927776588,2022,COMBO,-1393.5843854534787
2022-11-07,-58.00355466246435,0.0,2.1852601427445477,-60.1888148052089,0.8622041927776588,2022,COMBO,-60.1888148052089
2022-11-08,-568.0746811829371,0.0,2.1852601427445477,-570.2599413256817,0.8622041927776588,2022,COMBO,-570.2599413256817
2022-11-09,733.691855437973,0.0,2.1852601427445477,731.5065952952284,0.8622041927776588,2022,COMBO,731.5065952952284
2022-11-10,-2906.6532447808922,0.0,2.1852601427445477,-2908.8385049236367,0.8622041927776588,2022,COMBO,-2908.8385049236367
2022-11-11,-806.8855735591575,0.0,2.1852601427445477,-809.0708337019021,0.8622041927776588,2022,COMBO,-809.0708337019021
2022-11-14,503.2101344191814,0.0,2.1852601427445477,501.02487427643683,0.8622041927776588,2022,COMBO,501.02487427643683
2022-11-15,-637.6258591558977,0.0,2.1852601427445477,-639.8111192986423,0.8622041927776588,2022,COMBO,-639.8111192986423
2022-11-16,19.781621248221125,0.0,2.1852601427445477,17.59636110547658,0.8622041927776588,2022,COMBO,17.59636110547658
2022-11-17,511.0142789155481,0.0,2.1852601427445477,508.8290187728036,0.8622041927776588,2022,COMBO,508.8290187728036
2022-11-18,172.64197538952652,0.0,2.1852601427445477,170.45671524678198,0.8622041927776588,2022,COMBO,170.45671524678198
2022-11-21,391.1141826387189,0.0,2.1852601427445477,388.92892249597435,0.8622041927776588,2022,COMBO,388.92892249597435
2022-11-22,-667.4269923349623,0.0,2.1852601427445477,-669.6122524777069,0.8622041927776588,2022,COMBO,-669.6122524777069
2022-11-23,-742.2668908462875,0.0,2.1852601427445477,-744.4521509890321,0.8622041927776588,2022,COMBO,-744.4521509890321
2022-11-25,2.7583507865334824,0.0,2.1852601427445477,0.5730906437889347,0.8622041927776588,2022,COMBO,0.5730906437889347
2022-11-28,664.1634775703573,0.0,2.1852601427445477,661.9782174276127,0.8622041927776588,2022,COMBO,661.9782174276127
2022-11-29,-73.44204518513786,0.0,2.1852601427445477,-75.62730532788241,0.8622041927776588,2022,COMBO,-75.62730532788241
2022-11-30,-1299.329168172554,0.0,2.1852601427445477,-1301.5144283152986,0.8622041927776588,2022,COMBO,-1301.5144283152986
2022-12-01,-898.9557920512207,40.37106783671734,2.1852601427445477,-941.5121200306826,0.8622041927776588,2022,COMBO,-961.6976539490413
2022-12-02,-219.8976686147535,0.0,2.4150317100799423,-222.31270032483346,0.9530387535945269,2022,COMBO,-222.31270032483346
2022-12-05,1084.1400447215772,0.0,2.4150317100799423,1081.7250130114971,0.9530387535945269,2022,COMBO,1081.7250130114971
2022-12-06,6.61051998774913,0.0,2.4150317100799423,4.195488277669187,0.9530387535945269,2022,COMBO,4.195488277669187
2022-12-07,-489.0559517540521,0.0,2.4150317100799423,-491.470983464132,0.9530387535945269,2022,COMBO,-491.470983464132
2022-12-08,-2.755778823264782,0.0,2.4150317100799423,-5.170810533344724,0.9530387535945269,2022,COMBO,-5.170810533344724
2022-12-09,470.3186351023369,0.0,2.4150317100799423,467.90360339225697,0.9530387535945269,2022,COMBO,467.90360339225697
2022-12-12,64.22536999892573,0.0,2.4150317100799423,61.810338288845784,0.9530387535945269,2022,COMBO,61.810338288845784
2022-12-13,-917.3343910540876,0.0,2.4150317100799423,-919.7494227641675,0.9530387535945269,2022,COMBO,-919.7494227641675
2022-12-14,-56.97067425998507,0.0,2.4150317100799423,-59.38570597006501,0.9530387535945269,2022,COMBO,-59.38570597006501
2022-12-15,671.5782756554323,0.0,2.4150317100799423,669.1632439453524,0.9530387535945269,2022,COMBO,669.1632439453524
2022-12-16,373.1360363900306,0.0,2.4150317100799423,370.7210046799507,0.9530387535945269,2022,COMBO,370.7210046799507
2022-12-19,454.0498622398873,0.0,2.4150317100799423,451.6348305298074,0.9530387535945269,2022,COMBO,451.6348305298074
2022-12-20,-62.34913524545261,0.0,2.4150317100799423,-64.76416695553254,0.9530387535945269,2022,COMBO,-64.76416695553254
2022-12-21,-318.02471568659433,0.0,2.4150317100799423,-320.43974739667425,0.9530387535945269,2022,COMBO,-320.43974739667425
2022-12-22,321.7454983819599,0.0,2.4150317100799423,319.33046667188,0.9530387535945269,2022,COMBO,319.33046667188
2022-12-23,84.65189193094761,0.0,2.4150317100799423,82.23686022086767,0.9530387535945269,2022,COMBO,82.23686022086767
2022-12-27,477.5764058661823,0.0,2.4150317100799423,475.1613741561024,0.9530387535945269,2022,COMBO,475.1613741561024
2022-12-28,421.7031552365728,0.0,2.4150317100799423,419.2881235264929,0.9530387535945269,2022,COMBO,419.2881235264929
2022-12-29,-715.9516776790086,0.0,2.4150317100799423,-718.3667093890886,0.9530387535945269,2022,COMBO,-718.3667093890886
2022-12-30,64.57457245281611,0.0,2.4150317100799423,62.15954074273617,0.9530387535945269,2022,COMBO,62.15954074273617
2023-01-03,-130.7010568571162,110.91947360582643,2.4150317100799423,-244.03556217302258,0.9530387535945269,2022,COMBO,-299.4952989759358
2023-01-04,-941.5307598746413,0.0,2.5367451197404263,-944.0675049943817,1.736780985024962,2022,COMBO,-944.0675049943817
2023-01-05,-620.0457105575092,0.0,2.5367451197404263,-622.5824556772496,1.736780985024962,2022,COMBO,-622.5824556772496
2023-01-06,206.4454278994445,0.0,2.5367451197404263,203.90868277970407,1.736780985024962,2022,COMBO,203.90868277970407
2023-01-09,25.22377213644108,0.0,2.5367451197404263,22.687027016700654,1.736780985024962,2022,COMBO,22.687027016700654
2023-01-10,502.6089293648474,0.0,2.5367451197404263,500.072184245107,1.736780985024962,2022,COMBO,500.072184245107
2023-01-11,-412.7098872058497,0.0,2.5367451197404263,-415.24663232559016,1.736780985024962,2022,COMBO,-415.24663232559016
2023-01-12,300.85747902866984,0.0,2.5367451197404263,298.3207339089294,1.736780985024962,2022,COMBO,298.3207339089294
2023-01-13,978.4064509130394,0.0,2.5367451197404263,975.869705793299,1.736780985024962,2022,COMBO,975.869705793299
2023-01-17,23.626492747116693,0.0,2.5367451197404263,21.089747627376266,1.736780985024962,2022,COMBO,21.089747627376266
2023-01-18,-1210.3731904054441,0.0,2.5367451197404263,-1212.9099355251844,1.736780985024962,2022,COMBO,-1212.9099355251844
2023-01-19,530.1680217386689,0.0,2.5367451197404263,527.6312766189285,1.736780985024962,2022,COMBO,527.6312766189285
2023-01-20,573.4713695625322,0.0,2.5367451197404263,570.9346244427918,1.736780985024962,2022,COMBO,570.9346244427918
2023-01-23,-211.93215468891688,0.0,2.5367451197404263,-214.4688998086573,1.736780985024962,2022,COMBO,-214.4688998086573
2023-01-24,-373.0834740796846,0.0,2.5367451197404263,-375.62021919942504,1.736780985024962,2022,COMBO,-375.62021919942504
2023-01-25,222.3885483554711,0.0,2.5367451197404263,219.85180323573067,1.736780985024962,2022,COMBO,219.85180323573067
2023-01-26,-94.76280486753036,0.0,2.5367451197404263,-97.2995499872708,1.736780985024962,2022,COMBO,-97.2995499872708
2023-01-27,-252.41794500340194,0.0,2.5367451197404263,-254.95469012314237,1.736780985024962,2022,COMBO,-254.95469012314237
2023-01-30,-6.933598015489714,0.0,2.5367451197404263,-9.470343135230141,1.736780985024962,2022,COMBO,-9.470343135230141
2023-01-31,251.29048459708252,0.0,2.5367451197404263,248.7537394773421,1.736780985024962,2022,COMBO,248.7537394773421
2023-02-01,-108.57202392973997,78.70032064784881,2.5367451197404263,-189.80908969732923,1.736780985024962,2022,COMBO,-229.15925002125363
2023-02-02,-1043.6407474846308,0.0,2.318476211915445,-1045.9592236965461,1.766318539114708,2022,COMBO,-1045.9592236965461
2023-02-03,-1027.5429669595228,0.0,2.318476211915445,-1029.8614431714382,1.766318539114708,2022,COMBO,-1029.8614431714382
2023-02-06,-315.81716745363957,0.0,2.318476211915445,-318.135643665555,1.766318539114708,2022,COMBO,-318.135643665555
2023-02-07,98.66501610751003,0.0,2.318476211915445,96.34653989559459,1.766318539114708,2022,COMBO,96.34653989559459
2023-02-08,-291.83080588043197,0.0,2.318476211915445,-294.1492820923474,1.766318539114708,2022,COMBO,-294.1492820923474
2023-02-09,56.61973342822904,0.0,2.318476211915445,54.301257216313594,1.766318539114708,2022,COMBO,54.301257216313594
2023-02-10,87.78123079741196,0.0,2.318476211915445,85.46275458549653,1.766318539114708,2022,COMBO,85.46275458549653
2023-02-13,-86.57449996828808,0.0,2.318476211915445,-88.89297618020352,1.766318539114708,2022,COMBO,-88.89297618020352
2023-02-14,72.44387678062972,0.0,2.318476211915445,70.12540056871428,1.766318539114708,2022,COMBO,70.12540056871428
2023-02-15,-500.8871406711683,0.0,2.318476211915445,-503.20561688308374,1.766318539114708,2022,COMBO,-503.20561688308374
2023-02-16,258.02509184579895,0.0,2.318476211915445,255.7066156338835,1.766318539114708,2022,COMBO,255.7066156338835
2023-02-17,169.58193262336297,0.0,2.318476211915445,167.26345641144752,1.766318539114708,2022,COMBO,167.26345641144752
2023-02-21,32.767434462585975,0.0,2.318476211915445,30.44895825067053,1.766318539114708,2022,COMBO,30.44895825067053
2023-02-22,-471.0405067820213,0.0,2.318476211915445,-473.3589829939367,1.766318539114708,2022,COMBO,-473.3589829939367
2023-02-23,-364.9989851098063,0.0,2.318476211915445,-367.31746132172174,1.766318539114708,2022,COMBO,-367.31746132172174
2023-02-24,-725.3841828020213,0.0,2.318476211915445,-727.7026590139368,1.766318539114708,2022,COMBO,-727.7026590139368
2023-02-27,191.55804976241396,0.0,2.318476211915445,189.2395735504985,1.766318539114708,2022,COMBO,189.2395735504985
2023-02-28,-6.646625874652393,0.0,2.318476211915445,-8.965102086567839,1.766318539114708,2022,COMBO,-8.965102086567839
2023-03-01,788.8892339720952,125.94703506532201,2.318476211915445,660.6237226948577,1.766318539114708,2022,COMBO,597.6502051621967
2023-03-02,-39.319542903926575,0.0,3.447329307940396,-42.76687221186697,1.4829970399915424,2022,COMBO,-42.76687221186697
2023-03-03,-1143.4841601200344,0.0,3.447329307940396,-1146.9314894279748,1.4829970399915424,2022,COMBO,-1146.9314894279748
2023-03-06,435.8434199113283,0.0,3.447329307940396,432.3960906033879,1.4829970399915424,2022,COMBO,432.3960906033879
2023-03-07,626.3037308591144,0.0,3.447329307940396,622.8564015511739,1.4829970399915424,2022,COMBO,622.8564015511739
2023-03-08,-47.84735029612594,0.0,3.447329307940396,-51.29467960406633,1.4829970399915424,2022,COMBO,-51.29467960406633
2023-03-09,234.91651877524745,0.0,3.447329307940396,231.46918946730705,1.4829970399915424,2022,COMBO,231.46918946730705
2023-03-10,-740.9530287979067,0.0,3.447329307940396,-744.4003581058471,1.4829970399915424,2022,COMBO,-744.4003581058471
2023-03-13,-789.3188103280486,0.0,3.447329307940396,-792.766139635989,1.4829970399915424,2022,COMBO,-792.766139635989
2023-03-14,335.81927369475244,0.0,3.447329307940396,332.37194438681206,1.4829970399915424,2022,COMBO,332.37194438681206
2023-03-15,-927.0316384812178,0.0,3.447329307940396,-930.4789677891582,1.4829970399915424,2022,COMBO,-930.4789677891582
2023-03-16,291.8326341662787,0.0,3.447329307940396,288.3853048583383,1.4829970399915424,2022,COMBO,288.3853048583383
2023-03-17,-319.21904681475246,0.0,3.447329307940396,-322.66637612269284,1.4829970399915424,2022,COMBO,-322.66637612269284
2023-03-20,38.82512838636416,0.0,3.447329307940396,35.37779907842377,1.4829970399915424,2022,COMBO,35.37779907842377
2023-03-21,354.5841090070832,0.0,3.447329307940396,351.13677969914283,1.4829970399915424,2022,COMBO,351.13677969914283
2023-03-22,-317.25247440499373,0.0,3.447329307940396,-320.6998037129341,1.4829970399915424,2022,COMBO,-320.6998037129341
2023-03-23,-295.87982755913515,0.0,3.447329307940396,-299.32715686707553,1.4829970399915424,2022,COMBO,-299.32715686707553
2023-03-24,-360.3017875553781,0.0,3.447329307940396,-363.7491168633185,1.4829970399915424,2022,COMBO,-363.7491168633185
2023-03-27,981.8404611029648,0.0,3.447329307940396,978.3931317950244,1.4829970399915424,2022,COMBO,978.3931317950244
2023-03-28,-130.43778507978573,0.0,3.447329307940396,-133.88511438772613,1.4829970399915424,2022,COMBO,-133.88511438772613
2023-03-29,-208.84664644476692,0.0,3.447329307940396,-212.29397575270733,1.4829970399915424,2022,COMBO,-212.29397575270733
2023-03-30,-267.96501842608285,0.0,3.447329307940396,-271.41234773402323,1.4829970399915424,2022,COMBO,-271.41234773402323
2023-03-31,-796.5217531808551,0.0,3.447329307940396,-799.9690824887955,1.4829970399915424,2022,COMBO,-799.9690824887955
2023-04-03,-287.45899994686533,144.79768736368126,3.447329307940396,-435.70401661848695,1.4829970399915424,2022,COMBO,-508.10286030032756
2023-04-04,534.0685089398221,0.0,1.2007045754435695,532.8678043643786,1.482243059334843,2022,COMBO,532.8678043643786
2023-04-05,-323.3319066864167,0.0,1.2007045754435695,-324.53261126186027,1.482243059334843,2022,COMBO,-324.53261126186027
2023-04-06,166.3069670757405,0.0,1.2007045754435695,165.1062625002969,1.482243059334843,2022,COMBO,165.1062625002969
2023-04-10,-341.2941895625166,0.0,1.2007045754435695,-342.49489413796016,1.482243059334843,2022,COMBO,-342.49489413796016
2023-04-11,207.48590698665788,0.0,1.2007045754435695,206.2852024112143,1.482243059334843,2022,COMBO,206.2852024112143
2023-04-12,-74.97920033287316,0.0,1.2007045754435695,-76.17990490831673,1.482243059334843,2022,COMBO,-76.17990490831673
2023-04-13,646.9743840101662,0.0,1.2007045754435695,645.7736794347227,1.482243059334843,2022,COMBO,645.7736794347227
2023-04-14,-748.764824256678,0.0,1.2007045754435695,-749.9655288321215,1.482243059334843,2022,COMBO,-749.9655288321215
2023-04-17,-152.62559730122794,0.0,1.2007045754435695,-153.82630187667152,1.482243059334843,2022,COMBO,-153.82630187667152
2023-04-18,196.6142280198511,0.0,1.2007045754435695,195.41352344440753,1.482243059334843,2022,COMBO,195.41352344440753
2023-04-19,4.64030656106129,0.0,1.2007045754435695,3.4396019856177205,1.482243059334843,2022,COMBO,3.4396019856177205
2023-04-20,254.87740407627808,0.0,1.2007045754435695,253.6766995008345,1.482243059334843,2022,COMBO,253.6766995008345
2023-04-21,-109.52366326988823,0.0,1.2007045754435695,-110.7243678453318,1.482243059334843,2022,COMBO,-110.7243678453318
2023-04-24,157.174327063028,0.0,1.2007045754435695,155.9736224875844,1.482243059334843,2022,COMBO,155.9736224875844
2023-04-25,9.18466508525082,0.0,1.2007045754435695,7.983960509807251,1.482243059334843,2022,COMBO,7.983960509807251
2023-04-26,68.71989865238488,0.0,1.2007045754435695,67.51919407694132,1.482243059334843,2022,COMBO,67.51919407694132
2023-04-27,356.81587893265163,0.0,1.2007045754435695,355.61517435720805,1.482243059334843,2022,COMBO,355.61517435720805
2023-04-28,308.02082735242743,0.0,1.2007045754435695,306.82012277698385,1.482243059334843,2022,COMBO,306.82012277698385
2023-05-01,-553.236179761282,87.04302574415013,1.2007045754435695,-641.4799100808756,1.482243059334843,2022,COMBO,-685.0014229529506
2023-05-02,1474.692961781454,0.0,2.5190497744379727,1472.173912007016,2.2581309538541543,2022,COMBO,1472.173912007016
2023-05-03,846.0074064772873,0.0,2.5190497744379727,843.4883567028494,2.2581309538541543,2022,COMBO,843.4883567028494
2023-05-04,-75.36537426149111,0.0,2.5190497744379727,-77.88442403592909,2.2581309538541543,2022,COMBO,-77.88442403592909
2023-05-05,-794.1883109746101,0.0,2.5190497744379727,-796.707360749048,2.2581309538541543,2022,COMBO,-796.707360749048
2023-05-08,-327.9008270484713,0.0,2.5190497744379727,-330.41987682290926,2.2581309538541543,2022,COMBO,-330.41987682290926
2023-05-09,-215.21730083738015,0.0,2.5190497744379727,-217.73635061181812,2.2581309538541543,2022,COMBO,-217.73635061181812
2023-05-10,78.23176220639665,0.0,2.5190497744379727,75.71271243195868,2.2581309538541543,2022,COMBO,75.71271243195868
2023-05-11,-153.78272122957787,0.0,2.5190497744379727,-156.30177100401585,2.2581309538541543,2022,COMBO,-156.30177100401585
2023-05-12,3.504090394470853,0.0,2.5190497744379727,0.9850406200328803,2.2581309538541543,2022,COMBO,0.9850406200328803
2023-05-15,-188.46123964879766,0.0,2.5190497744379727,-190.98028942323563,2.2581309538541543,2022,COMBO,-190.98028942323563
2023-05-16,-19.01451971178334,0.0,2.5190497744379727,-21.533569486221314,2.2581309538541543,2022,COMBO,-21.533569486221314
2023-05-17,-523.1377038612005,0.0,2.5190497744379727,-525.6567536356384,2.2581309538541543,2022,COMBO,-525.6567536356384
2023-05-18,-83.43379508339014,0.0,2.5190497744379727,-85.95284485782811,2.2581309538541543,2022,COMBO,-85.95284485782811
2023-05-19,458.52456660088615,0.0,2.5190497744379727,456.0055168264482,2.2581309538541543,2022,COMBO,456.0055168264482
2023-05-22,-349.49623272128423,0.0,2.5190497744379727,-352.0152824957222,2.2581309538541543,2022,COMBO,-352.0152824957222
2023-05-23,-747.0517817797544,0.0,2.5190497744379727,-749.5708315541923,2.2581309538541543,2022,COMBO,-749.5708315541923
2023-05-24,-603.2135274228199,0.0,2.5190497744379727,-605.7325771972578,2.2581309538541543,2022,COMBO,-605.7325771972578
2023-05-25,529.7645572634676,0.0,2.5190497744379727,527.2455074890297,2.2581309538541543,2022,COMBO,527.2455074890297
2023-05-26,402.1864470780229,0.0,2.5190497744379727,399.66739730358495,2.2581309538541543,2022,COMBO,399.66739730358495
2023-05-30,721.8617978468263,0.0,2.5190497744379727,719.3427480723884,2.2581309538541543,2022,COMBO,719.3427480723884
2023-05-31,278.74217258216487,0.0,2.5190497744379727,276.2231228077269,2.2581309538541543,2022,COMBO,276.2231228077269
2023-06-01,467.3090876175722,162.09211159193967,2.5190497744379727,302.69792625119453,2.2581309538541543,2022,COMBO,221.6518704552247
2023-06-02,-755.7157832461952,0.0,3.5438717084178917,-759.2596549546131,3.0,2022,COMBO,-759.2596549546131
2023-06-05,72.30188439209168,0.0,3.5438717084178917,68.75801268367378,3.0,2022,COMBO,68.75801268367378
2023-06-06,48.46742332080113,0.0,3.5438717084178917,44.92355161238324,3.0,2022,COMBO,44.92355161238324
2023-06-07,-2265.515080837685,0.0,3.5438717084178917,-2269.0589525461032,3.0,2022,COMBO,-2269.0589525461032
2023-06-08,1242.1634387086951,0.0,3.5438717084178917,1238.6195670002774,3.0,2022,COMBO,1238.6195670002774
2023-06-09,563.8001778089691,0.0,3.5438717084178917,560.2563061005512,3.0,2022,COMBO,560.2563061005512
2023-06-12,1053.8687610933916,0.0,3.5438717084178917,1050.3248893849739,3.0,2022,COMBO,1050.3248893849739
2023-06-13,-677.0397247900719,0.0,3.5438717084178917,-680.5835964984898,3.0,2022,COMBO,-680.5835964984898
2023-06-14,327.3213120134485,0.0,3.5438717084178917,323.7774403050306,3.0,2022,COMBO,323.7774403050306
2023-06-15,-290.2627030283607,0.0,3.5438717084178917,-293.8065747367786,3.0,2022,COMBO,-293.8065747367786
2023-06-16,-256.2332886040687,0.0,3.5438717084178917,-259.7771603124866,3.0,2022,COMBO,-259.7771603124866
2023-06-20,-383.05868447036806,0.0,3.5438717084178917,-386.60255617878596,3.0,2022,COMBO,-386.60255617878596
2023-06-21,-659.2931113190888,0.0,3.5438717084178917,-662.8369830275067,3.0,2022,COMBO,-662.8369830275067
2023-06-22,747.2437568594906,0.0,3.5438717084178917,743.6998851510727,3.0,2022,COMBO,743.6998851510727
2023-06-23,388.90450412751323,0.0,3.5438717084178917,385.36063241909534,3.0,2022,COMBO,385.36063241909534
2023-06-26,-514.8686052247571,0.0,3.5438717084178917,-518.412476933175,3.0,2022,COMBO,-518.412476933175
2023-06-27,569.6925626384144,0.0,3.5438717084178917,566.1486909299965,3.0,2022,COMBO,566.1486909299965
2023-06-28,725.4717316830006,0.0,3.5438717084178917,721.9278599745827,3.0,2022,COMBO,721.9278599745827
2023-06-29,-869.0682499387466,0.0,3.5438717084178917,-872.6121216471645,3.0,2022,COMBO,-872.6121216471645
2023-06-30,531.2230232919553,0.0,3.5438717084178917,527.6791515835374,3.0,2022,COMBO,527.6791515835374
2023-07-03,-148.83819683456085,182.01623671664564,3.5438717084178917,-334.3983052596244,3.0,2023,COMBO,-425.40642361794715
2023-07-05,-638.2446246076371,0.0,2.267263504872788,-640.5118881125098,1.8819412467224361,2023,COMBO,-640.5118881125098
2023-07-06,-765.3336080368615,0.0,2.267263504872788,-767.6008715417343,1.8819412467224361,2023,COMBO,-767.6008715417343
2023-07-07,-102.26626190715756,0.0,2.267263504872788,-104.53352541203034,1.8819412467224361,2023,COMBO,-104.53352541203034
2023-07-10,262.4864082362715,0.0,2.267263504872788,260.21914473139867,1.8819412467224361,2023,COMBO,260.21914473139867
2023-07-11,273.3408579690476,0.0,2.267263504872788,271.0735944641748,1.8819412467224361,2023,COMBO,271.0735944641748
2023-07-12,284.3231200205864,0.0,2.267263504872788,282.0558565157136,1.8819412467224361,2023,COMBO,282.0558565157136
2023-07-13,337.9088621240721,0.0,2.267263504872788,335.64159861919927,1.8819412467224361,2023,COMBO,335.64159861919927
2023-07-14,-39.59249084895137,0.0,2.267263504872788,-41.85975435382416,1.8819412467224361,2023,COMBO,-41.85975435382416
2023-07-17,394.0861889244607,0.0,2.267263504872788,391.8189254195879,1.8819412467224361,2023,COMBO,391.8189254195879
2023-07-18,367.01095112110596,0.0,2.267263504872788,364.74368761623316,1.8819412467224361,2023,COMBO,364.74368761623316
2023-07-19,149.08432495555306,0.0,2.267263504872788,146.81706145068026,1.8819412467224361,2023,COMBO,146.81706145068026
2023-07-20,-792.8057173623766,0.0,2.267263504872788,-795.0729808672494,1.8819412467224361,2023,COMBO,-795.0729808672494
2023-07-21,200.57549093825833,0.0,2.267263504872788,198.30822743338553,1.8819412467224361,2023,COMBO,198.30822743338553
2023-07-24,-319.0504036243091,0.0,2.267263504872788,-321.3176671291819,1.8819412467224361,2023,COMBO,-321.3176671291819
2023-07-25,-132.99447253959954,0.0,2.267263504872788,-135.26173604447234,1.8819412467224361,2023,COMBO,-135.26173604447234
2023-07-26,343.3712987966312,0.0,2.267263504872788,341.1040352917584,1.8819412467224361,2023,COMBO,341.1040352917584
2023-07-27,-509.40808280213474,0.0,2.267263504872788,-511.67534630700754,1.8819412467224361,2023,COMBO,-511.67534630700754
2023-07-28,1082.879844272794,0.0,2.267263504872788,1080.6125807679211,1.8819412467224361,2023,COMBO,1080.6125807679211
2023-07-31,-24.412107005423714,0.0,2.267263504872788,-26.6793705102965,1.8819412467224361,2023,COMBO,-26.6793705102965
2023-08-01,-93.35659461190492,94.68122869858799,2.267263504872788,-190.3050868153657,1.8819412467224361,2023,COMBO,-237.64570116465967
2023-08-02,-787.6271822316481,0.0,2.8492530201342663,-790.4764352517824,2.064277697377033,2023,COMBO,-790.4764352517824
2023-08-03,440.472772600103,0.0,2.8492530201342663,437.62351957996873,2.064277697377033,2023,COMBO,437.62351957996873
2023-08-04,-732.3617842497777,0.0,2.8492530201342663,-735.2110372699119,2.064277697377033,2023,COMBO,-735.2110372699119
2023-08-07,587.0557190220075,0.0,2.8492530201342663,584.2064660018732,2.064277697377033,2023,COMBO,584.2064660018732
2023-08-08,-559.9430847376549,0.0,2.8492530201342663,-562.7923377577891,2.064277697377033,2023,COMBO,-562.7923377577891
2023-08-09,-388.7170576247627,0.0,2.8492530201342663,-391.56631064489693,2.064277697377033,2023,COMBO,-391.56631064489693
2023-08-10,822.166481921789,0.0,2.8492530201342663,819.3172289016547,2.064277697377033,2023,COMBO,819.3172289016547
2023-08-11,4.982628591049641,0.0,2.8492530201342663,2.133375570915375,2.064277697377033,2023,COMBO,2.133375570915375
2023-08-14,174.1604385033513,0.0,2.8492530201342663,171.31118548321703,2.064277697377033,2023,COMBO,171.31118548321703
2023-08-15,-413.6708449097181,0.0,2.8492530201342663,-416.52009792985234,2.064277697377033,2023,COMBO,-416.52009792985234
2023-08-16,-201.00744037808786,0.0,2.8492530201342663,-203.85669339822212,2.064277697377033,2023,COMBO,-203.85669339822212
2023-08-17,-402.6983268915658,0.0,2.8492530201342663,-405.54757991170004,2.064277697377033,2023,COMBO,-405.54757991170004
2023-08-18,-196.87426523243187,0.0,2.8492530201342663,-199.72351825256612,2.064277697377033,2023,COMBO,-199.72351825256612
2023-08-21,918.3794360238002,0.0,2.8492530201342663,915.5301830036659,2.064277697377033,2023,COMBO,915.5301830036659
2023-08-22,-281.59949636457884,0.0,2.8492530201342663,-284.4487493847131,2.064277697377033,2023,COMBO,-284.4487493847131
2023-08-23,-202.16765683670943,0.0,2.8492530201342663,-205.01690985684368,2.064277697377033,2023,COMBO,-205.01690985684368
2023-08-24,-459.5830730202622,0.0,2.8492530201342663,-462.43232604039645,2.064277697377033,2023,COMBO,-462.43232604039645
2023-08-25,464.11073749909474,0.0,2.8492530201342663,461.2614844789605,2.064277697377033,2023,COMBO,461.2614844789605
2023-08-28,470.93537020201967,0.0,2.8492530201342663,468.0861171818854,2.064277697377033,2023,COMBO,468.0861171818854
2023-08-29,348.6399907001538,0.0,2.8492530201342663,345.79073768001956,2.064277697377033,2023,COMBO,345.79073768001956
2023-08-30,219.54907541460122,0.0,2.8492530201342663,216.69982239446696,2.064277697377033,2023,COMBO,216.69982239446696
2023-08-31,-251.83519463548004,0.0,2.8492530201342663,-254.6844476556143,2.064277697377033,2023,COMBO,-254.6844476556143
2023-09-01,907.5009434986849,84.00940777946849,2.8492530201342663,820.6422826990822,2.064277697377033,2023,COMBO,778.6375788093479
2023-09-05,-25.355644988318556,0.0,2.72478212544427,-28.080427113762827,2.2501982099832896,2023,COMBO,-28.080427113762827
2023-09-06,-259.5146669192151,0.0,2.72478212544427,-262.23944904465935,2.2501982099832896,2023,COMBO,-262.23944904465935
2023-09-07,-617.3466373477012,0.0,2.72478212544427,-620.0714194731454,2.2501982099832896,2023,COMBO,-620.0714194731454
2023-09-08,-113.81991640391038,0.0,2.72478212544427,-116.54469852935465,2.2501982099832896,2023,COMBO,-116.54469852935465
2023-09-11,639.302954680001,0.0,2.72478212544427,636.5781725545568,2.2501982099832896,2023,COMBO,636.5781725545568
2023-09-12,-260.61024692469414,0.0,2.72478212544427,-263.3350290501384,2.2501982099832896,2023,COMBO,-263.3350290501384
2023-09-13,13.150603781955656,0.0,2.72478212544427,10.425821656511387,2.2501982099832896,2023,COMBO,10.425821656511387
2023-09-14,534.4409931738863,0.0,2.72478212544427,531.7162110484421,2.2501982099832896,2023,COMBO,531.7162110484421
2023-09-15,-112.11244916428578,0.0,2.72478212544427,-114.83723128973004,2.2501982099832896,2023,COMBO,-114.83723128973004
2023-09-18,46.842279013702665,0.0,2.72478212544427,44.117496888258394,2.2501982099832896,2023,COMBO,44.117496888258394
2023-09-19,40.20616050998081,0.0,2.72478212544427,37.48137838453654,2.2501982099832896,2023,COMBO,37.48137838453654
2023-09-20,-606.9659862146909,0.0,2.72478212544427,-609.6907683401352,2.2501982099832896,2023,COMBO,-609.6907683401352
2023-09-21,-422.93605768426795,0.0,2.72478212544427,-425.66083980971223,2.2501982099832896,2023,COMBO,-425.66083980971223
2023-09-22,-83.04784433784775,0.0,2.72478212544427,-85.77262646329201,2.2501982099832896,2023,COMBO,-85.77262646329201
2023-09-25,354.55661555282654,0.0,2.72478212544427,351.83183342738226,2.2501982099832896,2023,COMBO,351.83183342738226
2023-09-26,-779.4840137855103,0.0,2.72478212544427,-782.2087959109546,2.2501982099832896,2023,COMBO,-782.2087959109546
2023-09-27,255.7429177324265,0.0,2.72478212544427,253.0181356069822,2.2501982099832896,2023,COMBO,253.0181356069822
2023-09-28,34.66559389232326,0.0,2.72478212544427,31.940811766878987,2.2501982099832896,2023,COMBO,31.940811766878987
2023-09-29,-498.43694780812126,0.0,2.72478212544427,-501.16172993356554,2.2501982099832896,2023,COMBO,-501.16172993356554
2023-10-02,-489.6706503377928,134.89372409619517,2.72478212544427,-627.2891565594322,2.2501982099832896,2023,COMBO,-694.7360186075297
2023-10-03,958.7221119022939,0.0,3.990511545728708,954.7316003565652,1.8344533251979722,2023,COMBO,954.7316003565652
2023-10-04,-1365.7631562643096,0.0,3.990511545728708,-1369.7536678100382,1.8344533251979722,2023,COMBO,-1369.7536678100382
2023-10-05,-372.23806917486695,0.0,3.990511545728708,-376.2285807205957,1.8344533251979722,2023,COMBO,-376.2285807205957
2023-10-06,383.02101392857713,0.0,3.990511545728708,379.03050238284845,1.8344533251979722,2023,COMBO,379.03050238284845
2023-10-09,-766.2359115156697,0.0,3.990511545728708,-770.2264230613985,1.8344533251979722,2023,COMBO,-770.2264230613985
2023-10-10,-77.01761004918843,0.0,3.990511545728708,-81.00812159491714,1.8344533251979722,2023,COMBO,-81.00812159491714
2023-10-11,-802.6543581124382,0.0,3.990511545728708,-806.644869658167,1.8344533251979722,2023,COMBO,-806.644869658167
2023-10-12,1400.9917846513251,0.0,3.990511545728708,1397.0012731055965,1.8344533251979722,2023,COMBO,1397.0012731055965
2023-10-13,-190.7819426904505,0.0,3.990511545728708,-194.77245423617921,1.8344533251979722,2023,COMBO,-194.77245423617921
2023-10-16,211.7202548486594,0.0,3.990511545728708,207.7297433029307,1.8344533251979722,2023,COMBO,207.7297433029307
2023-10-17,662.0541481618309,0.0,3.990511545728708,658.0636366161021,1.8344533251979722,2023,COMBO,658.0636366161021
2023-10-18,776.1337192714162,0.0,3.990511545728708,772.1432077256875,1.8344533251979722,2023,COMBO,772.1432077256875
2023-10-19,755.952722173389,0.0,3.990511545728708,751.9622106276603,1.8344533251979722,2023,COMBO,751.9622106276603
2023-10-20,-476.5350029715735,0.0,3.990511545728708,-480.5255145173022,1.8344533251979722,2023,COMBO,-480.5255145173022
2023-10-23,-652.823319345102,0.0,3.990511545728708,-656.8138308908308,1.8344533251979722,2023,COMBO,-656.8138308908308
2023-10-24,-592.4407762456815,0.0,3.990511545728708,-596.4312877914102,1.8344533251979722,2023,COMBO,-596.4312877914102
2023-10-25,1140.1117649335497,0.0,3.990511545728708,1136.121253387821,1.8344533251979722,2023,COMBO,1136.121253387821
2023-10-26,-1001.1905735255882,0.0,3.990511545728708,-1005.1810850713169,1.8344533251979722,2023,COMBO,-1005.1810850713169
2023-10-27,204.35261391018076,0.0,3.990511545728708,200.36210236445206,1.8344533251979722,2023,COMBO,200.36210236445206
2023-10-30,-394.61875630798494,0.0,3.990511545728708,-398.6092678537136,1.8344533251979722,2023,COMBO,-398.6092678537136
2023-10-31,504.39861635815384,0.0,3.990511545728708,500.4081048124251,1.8344533251979722,2023,COMBO,500.4081048124251
2023-11-01,-1093.9207354870223,25.518158639873896,3.990511545728708,-1123.4294056726249,1.8344533251979722,2023,COMBO,-1136.1884849925618
2023-11-02,-1171.649577546018,0.0,3.8571316893558967,-1175.5067092353738,1.6958517056170057,2023,COMBO,-1175.5067092353738
2023-11-03,-1433.075606480013,0.0,3.8571316893558967,-1436.9327381693688,1.6958517056170057,2023,COMBO,-1436.9327381693688
2023-11-06,688.2462179423916,0.0,3.8571316893558967,684.3890862530357,1.6958517056170057,2023,COMBO,684.3890862530357
2023-11-07,-298.8427620929637,0.0,3.8571316893558967,-302.69989378231963,1.6958517056170057,2023,COMBO,-302.69989378231963
2023-11-08,-336.0795754219794,0.0,3.8571316893558967,-339.93670711133535,1.6958517056170057,2023,COMBO,-339.93670711133535
2023-11-09,1207.5237252752634,0.0,3.8571316893558967,1203.6665935859075,1.6958517056170057,2023,COMBO,1203.6665935859075
2023-11-10,-79.04646621686884,0.0,3.8571316893558967,-82.90359790622473,1.6958517056170057,2023,COMBO,-82.90359790622473
2023-11-13,182.4248952071037,0.0,3.8571316893558967,178.5677635177478,1.6958517056170057,2023,COMBO,178.5677635177478
2023-11-14,-2646.131593512054,0.0,3.8571316893558967,-2649.98872520141,1.6958517056170057,2023,COMBO,-2649.98872520141
2023-11-15,447.5274005469822,0.0,3.8571316893558967,443.6702688576263,1.6958517056170057,2023,COMBO,443.6702688576263
2023-11-16,-506.76367173291806,0.0,3.8571316893558967,-510.620803422274,1.6958517056170057,2023,COMBO,-510.620803422274
2023-11-17,-299.5257841424892,0.0,3.8571316893558967,-303.38291583184514,1.6958517056170057,2023,COMBO,-303.38291583184514
2023-11-20,-449.3242845691984,0.0,3.8571316893558967,-453.18141625855435,1.6958517056170057,2023,COMBO,-453.18141625855435
2023-11-21,295.9816582171188,0.0,3.8571316893558967,292.1245265277629,1.6958517056170057,2023,COMBO,292.1245265277629
2023-11-22,-40.97238546277475,0.0,3.8571316893558967,-44.82951715213065,1.6958517056170057,2023,COMBO,-44.82951715213065
2023-11-24,-35.869023095256274,0.0,3.8571316893558967,-39.72615478461217,1.6958517056170057,2023,COMBO,-39.72615478461217
2023-11-27,-725.1605064678483,0.0,3.8571316893558967,-729.0176381572043,1.6958517056170057,2023,COMBO,-729.0176381572043
2023-11-28,-422.6327305614933,0.0,3.8571316893558967,-426.4898622508492,1.6958517056170057,2023,COMBO,-426.4898622508492
2023-11-29,-314.5774256047571,0.0,3.8571316893558967,-318.434557294113,1.6958517056170057,2023,COMBO,-318.434557294113
2023-11-30,209.91026064535637,0.0,3.8571316893558967,206.05312895600048,1.6958517056170057,2023,COMBO,206.05312895600048
2023-12-01,-1483.7378494334855,169.00424329681692,3.8571316893558967,-1656.5992244196582,1.6958517056170057,2023,COMBO,-1741.1013460680667
2023-12-04,-1226.778384725929,0.0,2.995367321547797,-1229.7737520474768,2.8322502574519324,2023,COMBO,-1229.7737520474768
2023-12-05,-792.9088405037986,0.0,2.995367321547797,-795.9042078253464,2.8322502574519324,2023,COMBO,-795.9042078253464
2023-12-06,-220.2821452250545,0.0,2.995367321547797,-223.2775125466023,2.8322502574519324,2023,COMBO,-223.2775125466023
2023-12-07,17.558438494547875,0.0,2.995367321547797,14.563071173000079,2.8322502574519324,2023,COMBO,14.563071173000079
2023-12-08,-92.19300041282327,0.0,2.995367321547797,-95.18836773437107,2.8322502574519324,2023,COMBO,-95.18836773437107
2023-12-11,386.63484527376227,0.0,2.995367321547797,383.63947795221446,2.8322502574519324,2023,COMBO,383.63947795221446
2023-12-12,109.55259579807101,0.0,2.995367321547797,106.5572284765232,2.8322502574519324,2023,COMBO,106.5572284765232
2023-12-13,607.1297584428585,0.0,2.995367321547797,604.1343911213107,2.8322502574519324,2023,COMBO,604.1343911213107
2023-12-14,-300.31379737870054,0.0,2.995367321547797,-303.30916470024835,2.8322502574519324,2023,COMBO,-303.30916470024835
2023-12-15,-672.6275819583955,0.0,2.995367321547797,-675.6229492799432,2.8322502574519324,2023,COMBO,-675.6229492799432
2023-12-18,652.0887092155419,0.0,2.995367321547797,649.0933418939942,2.8322502574519324,2023,COMBO,649.0933418939942
2023-12-19,749.3640101531392,0.0,2.995367321547797,746.3686428315915,2.8322502574519324,2023,COMBO,746.3686428315915
2023-12-20,-1192.2800602563632,0.0,2.995367321547797,-1195.275427577911,2.8322502574519324,2023,COMBO,-1195.275427577911
2023-12-21,1256.8496293109715,0.0,2.995367321547797,1253.8542619894238,2.8322502574519324,2023,COMBO,1253.8542619894238
2023-12-22,149.21555621372522,0.0,2.995367321547797,146.22018889217742,2.8322502574519324,2023,COMBO,146.22018889217742
2023-12-26,450.95117858434065,0.0,2.995367321547797,447.95581126279285,2.8322502574519324,2023,COMBO,447.95581126279285
2023-12-27,-31.084319963668566,0.0,2.995367321547797,-34.079687285216366,2.8322502574519324,2023,COMBO,-34.079687285216366
2023-12-28,-64.62474395659252,0.0,2.995367321547797,-67.62011127814033,2.8322502574519324,2023,COMBO,-67.62011127814033
2023-12-29,-126.61415147701513,0.0,2.995367321547797,-129.60951879856293,2.8322502574519324,2023,COMBO,-129.60951879856293
2024-01-02,-733.692829515771,188.1513001318304,2.995367321547797,-924.8394969691492,2.8322502574519324,2023,COMBO,-1018.9151470350644
2024-01-03,-848.971038459936,0.0,0.4485539329859537,-849.419592392922,1.1942943906961727,2023,COMBO,-849.419592392922
2024-01-04,-245.21032586024134,0.0,0.4485539329859537,-245.6588797932273,1.1942943906961727,2023,COMBO,-245.6588797932273
2024-01-05,-32.43570176585458,0.0,0.4485539329859537,-32.88425569884053,1.1942943906961727,2023,COMBO,-32.88425569884053
2024-01-08,785.3675560585622,0.0,0.4485539329859537,784.9190021255762,1.1942943906961727,2023,COMBO,784.9190021255762
2024-01-09,-406.6961895839314,0.0,0.4485539329859537,-407.14474351691734,1.1942943906961727,2023,COMBO,-407.14474351691734
2024-01-10,272.9523951070324,0.0,0.4485539329859537,272.50384117404644,1.1942943906961727,2023,COMBO,272.50384117404644
2024-01-11,111.39492722779224,0.0,0.4485539329859537,110.94637329480628,1.1942943906961727,2023,COMBO,110.94637329480628
2024-01-12,286.3247914798809,0.0,0.4485539329859537,285.87623754689497,1.1942943906961727,2023,COMBO,285.87623754689497
2024-01-16,-1075.1468322545757,0.0,0.4485539329859537,-1075.5953861875616,1.1942943906961727,2023,COMBO,-1075.5953861875616
2024-01-17,-719.7859481112835,0.0,0.4485539329859537,-720.2345020442694,1.1942943906961727,2023,COMBO,-720.2345020442694
2024-01-18,344.46197869156885,0.0,0.4485539329859537,344.0134247585829,1.1942943906961727,2023,COMBO,344.0134247585829
2024-01-19,504.26171945747495,0.0,0.4485539329859537,503.813165524489,1.1942943906961727,2023,COMBO,503.813165524489
2024-01-22,81.993113978127,0.0,0.4485539329859537,81.54456004514104,1.1942943906961727,2023,COMBO,81.54456004514104
2024-01-23,-125.13733475883683,0.0,0.4485539329859537,-125.58588869182279,1.1942943906961727,2023,COMBO,-125.58588869182279
2024-01-24,45.80811102894431,0.0,0.4485539329859537,45.35955709595836,1.1942943906961727,2023,COMBO,45.35955709595836
2024-01-25,283.6876266181379,0.0,0.4485539329859537,283.239072685152,1.1942943906961727,2023,COMBO,283.239072685152
2024-01-26,-168.25261049867842,0.0,0.4485539329859537,-168.70116443166438,1.1942943906961727,2023,COMBO,-168.70116443166438
2024-01-29,607.9826141624369,0.0,0.4485539329859537,607.5340602294509,1.1942943906961727,2023,COMBO,607.5340602294509
2024-01-30,-190.00971070624223,0.0,0.4485539329859537,-190.4582646392282,1.1942943906961727,2023,COMBO,-190.4582646392282
2024-01-31,-474.76894378131186,0.0,0.4485539329859537,-475.2174977142978,1.1942943906961727,2023,COMBO,-475.2174977142978
2024-02-01,1044.6359475598363,170.8255517073362,0.4485539329859537,873.3618419195141,1.1942943906961727,2023,COMBO,787.9490660658461
2024-02-02,339.5921297151551,0.0,1.8742473886980822,337.717882326457,2.494805750454563,2023,COMBO,337.717882326457
2024-02-05,-606.2762447359388,0.0,1.8742473886980822,-608.1504921246369,2.494805750454563,2023,COMBO,-608.1504921246369
2024-02-06,160.4524877915613,0.0,1.8742473886980822,158.57824040286323,2.494805750454563,2023,COMBO,158.57824040286323
2024-02-07,302.91097032222564,0.0,1.8742473886980822,301.0367229335275,2.494805750454563,2023,COMBO,301.0367229335275
2024-02-08,-380.9260296396912,0.0,1.8742473886980822,-382.8002770283893,2.494805750454563,2023,COMBO,-382.8002770283893
2024-02-09,209.30682602453462,0.0,1.8742473886980822,207.43257863583653,2.494805750454563,2023,COMBO,207.43257863583653
2024-02-12,-108.4861317798673,0.0,1.8742473886980822,-110.36037916856539,2.494805750454563,2023,COMBO,-110.36037916856539
2024-02-13,-1061.4027767794664,0.0,1.8742473886980822,-1063.2770241681644,2.494805750454563,2023,COMBO,-1063.2770241681644
2024-02-14,837.8508207612751,0.0,1.8742473886980822,835.976573372577,2.494805750454563,2023,COMBO,835.976573372577
2024-02-15,370.1168534642666,0.0,1.8742473886980822,368.2426060755685,2.494805750454563,2023,COMBO,368.2426060755685
2024-02-16,-665.1940583045356,0.0,1.8742473886980822,-667.0683056932337,2.494805750454563,2023,COMBO,-667.0683056932337
2024-02-20,324.79791546224067,0.0,1.8742473886980822,322.92366807354256,2.494805750454563,2023,COMBO,322.92366807354256
2024-02-21,-306.79110747475846,0.0,1.8742473886980822,-308.66535486345657,2.494805750454563,2023,COMBO,-308.66535486345657
2024-02-22,1424.8846000802416,0.0,1.8742473886980822,1423.0103526915436,2.494805750454563,2023,COMBO,1423.0103526915436
2024-02-23,433.30856418090457,0.0,1.8742473886980822,431.43431679220646,2.494805750454563,2023,COMBO,431.43431679220646
2024-02-26,-290.62842906373686,0.0,1.8742473886980822,-292.50267645243497,2.494805750454563,2023,COMBO,-292.50267645243497
2024-02-27,34.49710676506914,0.0,1.8742473886980822,32.62285937637106,2.494805750454563,2023,COMBO,32.62285937637106
2024-02-28,-110.12765305944563,0.0,1.8742473886980822,-112.00190044814372,2.494805750454563,2023,COMBO,-112.00190044814372
2024-02-29,486.45255773152587,0.0,1.8742473886980822,484.57831034282776,2.494805750454563,2023,COMBO,484.57831034282776
2024-03-01,1036.4928933510023,108.44186086986336,1.8742473886980822,926.1767850924408,2.494805750454563,2023,COMBO,871.9558546575091
2024-03-04,-196.737799312188,0.0,2.1105667776741144,-198.8483660898621,2.635265581865031,2023,COMBO,-198.8483660898621
2024-03-05,-588.4714362588979,0.0,2.1105667776741144,-590.582003036572,2.635265581865031,2023,COMBO,-590.582003036572
2024-03-06,460.6888275815326,0.0,2.1105667776741144,458.5782608038585,2.635265581865031,2023,COMBO,458.5782608038585
2024-03-07,147.60164902598615,0.0,2.1105667776741144,145.49108224831204,2.635265581865031,2023,COMBO,145.49108224831204
2024-03-08,-323.5266045140115,0.0,2.1105667776741144,-325.63717129168566,2.635265581865031,2023,COMBO,-325.63717129168566
2024-03-11,-603.0638959638059,0.0,2.1105667776741144,-605.1744627414799,2.635265581865031,2023,COMBO,-605.1744627414799
2024-03-12,744.05330771732,0.0,2.1105667776741144,741.9427409396459,2.635265581865031,2023,COMBO,741.9427409396459
2024-03-13,-465.10368335584485,0.0,2.1105667776741144,-467.214250133519,2.635265581865031,2023,COMBO,-467.214250133519
2024-03-14,-409.6497535344898,0.0,2.1105667776741144,-411.7603203121639,2.635265581865031,2023,COMBO,-411.7603203121639
2024-03-15,-136.60550739922022,0.0,2.1105667776741144,-138.71607417689432,2.635265581865031,2023,COMBO,-138.71607417689432
2024-03-18,553.6220925072003,0.0,2.1105667776741144,551.5115257295262,2.635265581865031,2023,COMBO,551.5115257295262
2024-03-19,747.6203226147187,0.0,2.1105667776741144,745.5097558370446,2.635265581865031,2023,COMBO,745.5097558370446
2024-03-20,676.9900429043688,0.0,2.1105667776741144,674.8794761266947,2.635265581865031,2023,COMBO,674.8794761266947
2024-03-21,774.6153351842902,0.0,2.1105667776741144,772.5047684066161,2.635265581865031,2023,COMBO,772.5047684066161
2024-03-22,3.862677788049303,0.0,2.1105667776741144,1.7521110103751885,2.635265581865031,2023,COMBO,1.7521110103751885
2024-03-25,-619.51930502755,0.0,2.1105667776741144,-621.6298718052241,2.635265581865031,2023,COMBO,-621.6298718052241
2024-03-26,56.58166292661288,0.0,2.1105667776741144,54.47109614893876,2.635265581865031,2023,COMBO,54.47109614893876
2024-03-27,1046.097894012455,0.0,2.1105667776741144,1043.9873272347809,2.635265581865031,2023,COMBO,1043.9873272347809
2024-03-28,100.36422018407333,0.0,2.1105667776741144,98.25365340639922,2.635265581865031,2023,COMBO,98.25365340639922
2024-04-01,-414.2560193778307,105.80058040648424,2.1105667776741144,-522.167166561989,2.635265581865031,2023,COMBO,-575.0674567652311
2024-04-02,-80.7982287935398,0.0,1.8346782387832137,-82.63290703232302,2.0485328761194253,2023,COMBO,-82.63290703232302
2024-04-03,531.5455463321297,0.0,1.8346782387832137,529.7108680933464,2.0485328761194253,2023,COMBO,529.7108680933464
2024-04-04,-1158.0347861265875,0.0,1.8346782387832137,-1159.8694643653707,2.0485328761194253,2023,COMBO,-1159.8694643653707
2024-04-05,1068.408168641223,0.0,1.8346782387832137,1066.5734904024398,2.0485328761194253,2023,COMBO,1066.5734904024398
2024-04-08,548.8986367620716,0.0,1.8346782387832137,547.0639585232884,2.0485328761194253,2023,COMBO,547.0639585232884
2024-04-09,372.6807119210329,0.0,1.8346782387832137,370.8460336822497,2.0485328761194253,2023,COMBO,370.8460336822497
2024-04-10,-891.7831194249047,0.0,1.8346782387832137,-893.617797663688,2.0485328761194253,2023,COMBO,-893.617797663688
2024-04-11,1127.4017276829786,0.0,1.8346782387832137,1125.5670494441954,2.0485328761194253,2023,COMBO,1125.5670494441954
2024-04-12,-1521.8851308117985,0.0,1.8346782387832137,-1523.7198090505817,2.0485328761194253,2023,COMBO,-1523.7198090505817
2024-04-15,-83.29972443332704,0.0,1.8346782387832137,-85.13440267211026,2.0485328761194253,2023,COMBO,-85.13440267211026
2024-04-16,-649.5571421631117,0.0,1.8346782387832137,-651.391820401895,2.0485328761194253,2023,COMBO,-651.391820401895
2024-04-17,-847.5065295975647,0.0,1.8346782387832137,-849.341207836348,2.0485328761194253,2023,COMBO,-849.341207836348
2024-04-18,59.782940051100255,0.0,1.8346782387832137,57.94826181231704,2.0485328761194253,2023,COMBO,57.94826181231704
2024-04-19,-388.25803868253956,0.0,1.8346782387832137,-390.0927169213228,2.0485328761194253,2023,COMBO,-390.0927169213228
2024-04-22,174.7140221657036,0.0,1.8346782387832137,172.87934392692037,2.0485328761194253,2023,COMBO,172.87934392692037
2024-04-23,755.5612537928428,0.0,1.8346782387832137,753.7265755540595,2.0485328761194253,2023,COMBO,753.7265755540595
2024-04-24,76.2768808273345,0.0,1.8346782387832137,74.44220258855128,2.0485328761194253,2023,COMBO,74.44220258855128
2024-04-25,-304.51161897642584,0.0,1.8346782387832137,-306.34629721520906,2.0485328761194253,2023,COMBO,-306.34629721520906
2024-04-26,1157.9572498135315,0.0,1.8346782387832137,1156.1225715747482,2.0485328761194253,2023,COMBO,1156.1225715747482
2024-04-29,73.01829799198899,0.0,1.8346782387832137,71.18361975320578,2.0485328761194253,2023,COMBO,71.18361975320578
2024-04-30,-1307.8118076844378,0.0,1.8346782387832137,-1309.646485923221,2.0485328761194253,2023,COMBO,-1309.646485923221
2024-05-01,-43.60698730352021,91.5329112976159,1.8346782387832137,-136.97457683991934,2.0485328761194253,2023,COMBO,-182.74103248872728
2024-05-02,51.32195366283706,0.0,2.604020589691279,48.71793307314578,2.7026770139215763,2023,COMBO,48.71793307314578
2024-05-03,357.4452326124323,0.0,2.604020589691279,354.841212022741,2.7026770139215763,2023,COMBO,354.841212022741
2024-05-06,1308.2670560313175,0.0,2.604020589691279,1305.663035441626,2.7026770139215763,2023,COMBO,1305.663035441626
2024-05-07,-187.47022485777146,0.0,2.604020589691279,-190.07424544746274,2.7026770139215763,2023,COMBO,-190.07424544746274
2024-05-08,55.97219209449295,0.0,2.604020589691279,53.368171504801666,2.7026770139215763,2023,COMBO,53.368171504801666
2024-05-09,614.389553524179,0.0,2.604020589691279,611.7855329344877,2.7026770139215763,2023,COMBO,611.7855329344877
2024-05-10,273.14921554863344,0.0,2.604020589691279,270.54519495894215,2.7026770139215763,2023,COMBO,270.54519495894215
2024-05-13,-58.787458625185735,0.0,2.604020589691279,-61.391479214877016,2.7026770139215763,2023,COMBO,-61.391479214877016
2024-05-14,512.0910509619624,0.0,2.604020589691279,509.48703037227114,2.7026770139215763,2023,COMBO,509.48703037227114
2024-05-15,586.1434348011126,0.0,2.604020589691279,583.5394142114213,2.7026770139215763,2023,COMBO,583.5394142114213
2024-05-16,-137.6034419772538,0.0,2.604020589691279,-140.20746256694508,2.7026770139215763,2023,COMBO,-140.20746256694508
2024-05-17,1355.307880356137,0.0,2.604020589691279,1352.7038597664457,2.7026770139215763,2023,COMBO,1352.7038597664457
2024-05-20,596.5336016718784,0.0,2.604020589691279,593.9295810821872,2.7026770139215763,2023,COMBO,593.9295810821872
2024-05-21,-309.42829297843383,0.0,2.604020589691279,-312.0323135681251,2.7026770139215763,2023,COMBO,-312.0323135681251
2024-05-22,-985.747281606605,0.0,2.604020589691279,-988.3513021962963,2.7026770139215763,2023,COMBO,-988.3513021962963
2024-05-23,-811.5315937079823,0.0,2.604020589691279,-814.1356142976736,2.7026770139215763,2023,COMBO,-814.1356142976736
2024-05-24,551.9244957047913,0.0,2.604020589691279,549.3204751151001,2.7026770139215763,2023,COMBO,549.3204751151001
2024-05-28,1127.028758743878,0.0,2.604020589691279,1124.4247381541866,2.7026770139215763,2023,COMBO,1124.4247381541866
2024-05-29,-838.7960215401058,0.0,2.604020589691279,-841.400042129797,2.7026770139215763,2023,COMBO,-841.400042129797
2024-05-30,-782.432751393468,0.0,2.604020589691279,-785.0367719831593,2.7026770139215763,2023,COMBO,-785.0367719831593
2024-05-31,-141.31158584357263,0.0,2.604020589691279,-143.91560643326392,2.7026770139215763,2023,COMBO,-143.91560643326392
2024-06-03,-403.9408283783506,99.14826755092645,2.604020589691279,-505.69311651896834,2.7026770139215763,2023,COMBO,-555.2672502944315
2024-06-04,-1096.7029153036606,0.0,2.350083441725251,-1099.0529987453858,2.6849733622354726,2023,COMBO,-1099.0529987453858
2024-06-05,1254.5841394010404,0.0,2.350083441725251,1252.2340559593151,2.6849733622354726,2023,COMBO,1252.2340559593151
2024-06-06,429.28582759562573,0.0,2.350083441725251,426.9357441539005,2.6849733622354726,2023,COMBO,426.9357441539005
2024-06-07,-531.4081880001384,0.0,2.350083441725251,-533.7582714418636,2.6849733622354726,2023,COMBO,-533.7582714418636
2024-06-10,975.1856544191853,0.0,2.350083441725251,972.8355709774601,2.6849733622354726,2023,COMBO,972.8355709774601
2024-06-11,-417.6408771487492,0.0,2.350083441725251,-419.99096059047446,2.6849733622354726,2023,COMBO,-419.99096059047446
2024-06-12,600.8896833403933,0.0,2.350083441725251,598.539599898668,2.6849733622354726,2023,COMBO,598.539599898668
2024-06-13,-705.4960709733023,0.0,2.350083441725251,-707.8461544150275,2.6849733622354726,2023,COMBO,-707.8461544150275
2024-06-14,20.91090211526774,0.0,2.350083441725251,18.56081867354249,2.6849733622354726,2023,COMBO,18.56081867354249
2024-06-17,608.0324890387146,0.0,2.350083441725251,605.6824055969894,2.6849733622354726,2023,COMBO,605.6824055969894
2024-06-18,284.0076212631712,0.0,2.350083441725251,281.65753782144594,2.6849733622354726,2023,COMBO,281.65753782144594
2024-06-20,653.0180399665174,0.0,2.350083441725251,650.6679565247922,2.6849733622354726,2023,COMBO,650.6679565247922
2024-06-21,-531.9161138943155,0.0,2.350083441725251,-534.2661973360407,2.6849733622354726,2023,COMBO,-534.2661973360407
2024-06-24,-119.65198780673568,0.0,2.350083441725251,-122.00207124846092,2.6849733622354726,2023,COMBO,-122.00207124846092
2024-06-25,-34.30715305654573,0.0,2.350083441725251,-36.65723649827098,2.6849733622354726,2023,COMBO,-36.65723649827098
2024-06-26,330.2881771253555,0.0,2.350083441725251,327.93809368363026,2.6849733622354726,2023,COMBO,327.93809368363026
2024-06-27,248.98445659593798,0.0,2.350083441725251,246.63437315421274,2.6849733622354726,2023,COMBO,246.63437315421274
2024-06-28,289.5682846895275,0.0,2.350083441725251,287.21820124780226,2.6849733622354726,2023,COMBO,287.21820124780226
