date,gross,turnover_cost,borrow_cost,net,held_gross_lev,stitched
2007-07-02,0.0,0.0,0.0,0.0,0.0,False
2007-07-03,0.0,0.0,0.0,0.0,0.0,False
2007-07-05,0.0,0.0,0.0,0.0,0.0,False
2007-07-06,0.0,0.0,0.0,0.0,0.0,False
2007-07-09,0.0,0.0,0.0,0.0,0.0,False
2007-07-10,0.0,0.0,0.0,0.0,0.0,False
2007-07-11,0.0,0.0,0.0,0.0,0.0,False
2007-07-12,0.0,0.0,0.0,0.0,0.0,False
2007-07-13,0.0,0.0,0.0,0.0,0.0,False
2007-07-16,0.0,0.0,0.0,0.0,0.0,False
2007-07-17,0.0,0.0,0.0,0.0,0.0,False
2007-07-18,0.0,0.0,0.0,0.0,0.0,False
2007-07-19,0.0,0.0,0.0,0.0,0.0,False
2007-07-20,0.0,0.0,0.0,0.0,0.0,False
2007-07-23,0.0,0.0,0.0,0.0,0.0,False
2007-07-24,0.0,0.0,0.0,0.0,0.0,False
2007-07-25,0.0,0.0,0.0,0.0,0.0,False
2007-07-26,0.0,0.0,0.0,0.0,0.0,False
2007-07-27,0.0,0.0,0.0,0.0,0.0,False
2007-07-30,0.0,0.0,0.0,0.0,0.0,False
2007-07-31,0.0,0.0,0.0,0.0,0.0,False
2007-08-01,0.0,0.0,0.0,0.0,0.0,False
2007-08-02,0.0,0.0,0.0,0.0,0.0,False
2007-08-03,0.0,0.0,0.0,0.0,0.0,False
2007-08-06,0.0,0.0,0.0,0.0,0.0,False
2007-08-07,0.0,0.0,0.0,0.0,0.0,False
2007-08-08,0.0,0.0,0.0,0.0,0.0,False
2007-08-09,0.0,0.0,0.0,0.0,0.0,False
2007-08-10,0.0,0.0,0.0,0.0,0.0,False
2007-08-13,0.0,0.0,0.0,0.0,0.0,False
2007-08-14,0.0,0.0,0.0,0.0,0.0,False
2007-08-15,0.0,0.0,0.0,0.0,0.0,False
2007-08-16,0.0,0.0,0.0,0.0,0.0,False
2007-08-17,0.0,0.0,0.0,0.0,0.0,False
2007-08-20,0.0,0.0,0.0,0.0,0.0,False
2007-08-21,0.0,0.0,0.0,0.0,0.0,False
2007-08-22,0.0,0.0,0.0,0.0,0.0,False
2007-08-23,0.0,0.0,0.0,0.0,0.0,False
2007-08-24,0.0,0.0,0.0,0.0,0.0,False
2007-08-27,0.0,0.0,0.0,0.0,0.0,False
2007-08-28,0.0,0.0,0.0,0.0,0.0,False
2007-08-29,0.0,0.0,0.0,0.0,0.0,False
2007-08-30,0.0,0.0,0.0,0.0,0.0,False
2007-08-31,0.0,0.0,0.0,0.0,0.0,False
2007-09-04,0.0,0.0,0.0,0.0,0.0,False
2007-09-05,0.0,0.0,0.0,0.0,0.0,False
2007-09-06,0.0,0.0,0.0,0.0,0.0,False
2007-09-07,0.0,0.0,0.0,0.0,0.0,False
2007-09-10,0.0,0.0,0.0,0.0,0.0,False
2007-09-11,0.0,0.0,0.0,0.0,0.0,False
2007-09-12,0.0,0.0,0.0,0.0,0.0,False
2007-09-13,0.0,0.0,0.0,0.0,0.0,False
2007-09-14,0.0,0.0,0.0,0.0,0.0,False
2007-09-17,0.0,0.0,0.0,0.0,0.0,False
2007-09-18,0.0,0.0,0.0,0.0,0.0,False
2007-09-19,0.0,0.0,0.0,0.0,0.0,False
2007-09-20,0.0,0.0,0.0,0.0,0.0,False
2007-09-21,0.0,0.0,0.0,0.0,0.0,False
2007-09-24,0.0,0.0,0.0,0.0,0.0,False
2007-09-25,0.0,0.0,0.0,0.0,0.0,False
2007-09-26,0.0,0.0,0.0,0.0,0.0,False
2007-09-27,0.0,0.0,0.0,0.0,0.0,False
2007-09-28,0.0,0.0,0.0,0.0,0.0,False
2007-10-01,0.0,0.0,0.0,0.0,0.0,False
2007-10-02,0.0,0.0,0.0,0.0,0.0,False
2007-10-03,0.0,0.0,0.0,0.0,0.0,False
2007-10-04,0.0,0.0,0.0,0.0,0.0,False
2007-10-05,0.0,0.0,0.0,0.0,0.0,False
2007-10-08,0.0,0.0,0.0,0.0,0.0,False
2007-10-09,0.0,0.0,0.0,0.0,0.0,False
2007-10-10,0.0,0.0,0.0,0.0,0.0,False
2007-10-11,0.0,0.0,0.0,0.0,0.0,False
2007-10-12,0.0,0.0,0.0,0.0,0.0,False
2007-10-15,0.0,0.0,0.0,0.0,0.0,False
2007-10-16,0.0,0.0,0.0,0.0,0.0,False
2007-10-17,0.0,0.0,0.0,0.0,0.0,False
2007-10-18,0.0,0.0,0.0,0.0,0.0,False
2007-10-19,0.0,0.0,0.0,0.0,0.0,False
2007-10-22,0.0,0.0,0.0,0.0,0.0,False
2007-10-23,0.0,0.0,0.0,0.0,0.0,False
2007-10-24,0.0,0.0,0.0,0.0,0.0,False
2007-10-25,0.0,0.0,0.0,0.0,0.0,False
2007-10-26,0.0,0.0,0.0,0.0,0.0,False
2007-10-29,0.0,0.0,0.0,0.0,0.0,False
2007-10-30,0.0,0.0,0.0,0.0,0.0,False
2007-10-31,0.0,0.0,0.0,0.0,0.0,False
2007-11-01,0.0,0.0,0.0,0.0,0.0,False
2007-11-02,0.0,0.0,0.0,0.0,0.0,False
2007-11-05,0.0,0.0,0.0,0.0,0.0,False
2007-11-06,0.0,0.0,0.0,0.0,0.0,False
2007-11-07,0.0,0.0,0.0,0.0,0.0,False
2007-11-08,0.0,0.0,0.0,0.0,0.0,False
2007-11-09,0.0,0.0,0.0,0.0,0.0,False
2007-11-12,0.0,0.0,0.0,0.0,0.0,False
2007-11-13,0.0,0.0,0.0,0.0,0.0,False
2007-11-14,0.0,0.0,0.0,0.0,0.0,False
2007-11-15,0.0,0.0,0.0,0.0,0.0,False
2007-11-16,0.0,0.0,0.0,0.0,0.0,False
2007-11-19,0.0,0.0,0.0,0.0,0.0,False
2007-11-20,0.0,0.0,0.0,0.0,0.0,False
2007-11-21,0.0,0.0,0.0,0.0,0.0,False
2007-11-23,0.0,0.0,0.0,0.0,0.0,False
2007-11-26,0.0,0.0,0.0,0.0,0.0,False
2007-11-27,0.0,0.0,0.0,0.0,0.0,False
2007-11-28,0.0,0.0,0.0,0.0,0.0,False
2007-11-29,0.0,0.0,0.0,0.0,0.0,False
2007-11-30,0.0,0.0,0.0,0.0,0.0,False
2007-12-03,0.0,0.0,0.0,0.0,0.0,False
2007-12-04,0.0,0.0,0.0,0.0,0.0,False
2007-12-05,0.0,0.0,0.0,0.0,0.0,False
2007-12-06,0.0,0.0,0.0,0.0,0.0,False
2007-12-07,0.0,0.0,0.0,0.0,0.0,False
2007-12-10,0.0,0.0,0.0,0.0,0.0,False
2007-12-11,0.0,0.0,0.0,0.0,0.0,False
2007-12-12,0.0,0.0,0.0,0.0,0.0,False
2007-12-13,0.0,0.0,0.0,0.0,0.0,False
2007-12-14,0.0,0.0,0.0,0.0,0.0,False
2007-12-17,0.0,0.0,0.0,0.0,0.0,False
2007-12-18,0.0,0.0,0.0,0.0,0.0,False
2007-12-19,0.0,0.0,0.0,0.0,0.0,False
2007-12-20,0.0,0.0,0.0,0.0,0.0,False
2007-12-21,0.0,0.0,0.0,0.0,0.0,False
2007-12-24,0.0,0.0,0.0,0.0,0.0,False
2007-12-26,0.0,0.0,0.0,0.0,0.0,False
2007-12-27,0.0,0.0,0.0,0.0,0.0,False
2007-12-28,0.0,0.0,0.0,0.0,0.0,False
2007-12-31,0.0,0.0,0.0,0.0,0.0,False
2008-01-02,0.0,122.31417146112138,0.0,-122.31417146112138,0.0,False
2008-01-03,664.577200789203,0.0,0.4839830970219017,664.093217692181,1.5585446741859699,False
2008-01-04,194.15866404885384,0.0,0.4839830970219017,193.67468095183193,1.5585446741859699,False
2008-01-07,-524.2526508676715,0.0,0.4839830970219017,-524.7366339646934,1.5585446741859699,False
2008-01-08,877.1271160720327,0.0,0.4839830970219017,876.6431329750108,1.5585446741859699,False
2008-01-09,-407.2547236167112,0.0,0.4839830970219017,-407.7387067137331,1.5585446741859699,False
2008-01-10,68.53196969600675,0.0,0.4839830970219017,68.04798659898485,1.5585446741859699,False
2008-01-11,4.7038699530520764,0.0,0.4839830970219017,4.2198868560301745,1.5585446741859699,False
2008-01-14,764.0232764267319,0.0,0.4839830970219017,763.53929332971,1.5585446741859699,False
2008-01-15,-201.24031015218705,0.0,0.4839830970219017,-201.72429324920896,1.5585446741859699,False
2008-01-16,-1272.479258054059,0.0,0.4839830970219017,-1272.9632411510809,1.5585446741859699,False
2008-01-17,239.91825864686442,0.0,0.4839830970219017,239.4342755498425,1.5585446741859699,False
2008-01-18,296.23468453296573,0.0,0.4839830970219017,295.7507014359438,1.5585446741859699,False
2008-01-22,-309.9044215311267,0.0,0.4839830970219017,-310.3884046281486,1.5585446741859699,False
2008-01-23,-1536.5348523964917,0.0,0.4839830970219017,-1537.0188354935135,1.5585446741859699,False
2008-01-24,1011.7977055124277,0.0,0.4839830970219017,1011.3137224154058,1.5585446741859699,False
2008-01-25,591.7062815270884,0.0,0.4839830970219017,591.2222984300665,1.5585446741859699,False
2008-01-28,37.33882292690826,0.0,0.4839830970219017,36.85483982988636,1.5585446741859699,False
2008-01-29,65.87713649570405,0.0,0.4839830970219017,65.39315339868214,1.5585446741859699,False
2008-01-30,539.6825674566036,0.0,0.4839830970219017,539.1985843595817,1.5585446741859699,False
2008-01-31,46.1301180850381,0.0,0.4839830970219017,45.6461349880162,1.5585446741859699,False
2008-02-01,-748.5370565155556,46.26646675093343,0.4839830970219017,-795.2875063635109,1.5585446741859699,False
2008-02-04,97.34734153727436,0.0,0.733698017069065,96.6136435202053,1.8033492127771142,False
2008-02-05,-111.75046705114919,0.0,0.733698017069065,-112.48416506821825,1.8033492127771142,False
2008-02-06,40.01402127163246,0.0,0.733698017069065,39.28032325456339,1.8033492127771142,False
2008-02-07,-1045.8987122472984,0.0,0.733698017069065,-1046.6324102643675,1.8033492127771142,False
2008-02-08,1651.2252874984677,0.0,0.733698017069065,1650.4915894813985,1.8033492127771142,False
2008-02-11,642.3343485152826,0.0,0.733698017069065,641.6006504982136,1.8033492127771142,False
2008-02-12,-778.028329424451,0.0,0.733698017069065,-778.7620274415201,1.8033492127771142,False
2008-02-13,-587.8701663186096,0.0,0.733698017069065,-588.6038643356786,1.8033492127771142,False
2008-02-14,175.1351020178181,0.0,0.733698017069065,174.40140400074904,1.8033492127771142,False
2008-02-15,248.49792057457032,0.0,0.733698017069065,247.76422255750126,1.8033492127771142,False
2008-02-19,8.79707863105522,0.0,0.733698017069065,8.063380613986155,1.8033492127771142,False
2008-02-20,384.52468280882863,0.0,0.733698017069065,383.79098479175957,1.8033492127771142,False
2008-02-21,1137.7222140431566,0.0,0.733698017069065,1136.9885160260874,1.8033492127771142,False
2008-02-22,-155.85271328145447,0.0,0.733698017069065,-156.58641129852353,1.8033492127771142,False
2008-02-25,-538.0762992302491,0.0,0.733698017069065,-538.8099972473182,1.8033492127771142,False
2008-02-26,1247.3928292925468,0.0,0.733698017069065,1246.6591312754776,1.8033492127771142,False
2008-02-27,675.1834068545795,0.0,0.733698017069065,674.4497088375105,1.8033492127771142,False
2008-02-28,1683.6781937824421,0.0,0.733698017069065,1682.944495765373,1.8033492127771142,False
2008-02-29,481.39332104396686,0.0,0.733698017069065,480.6596230268978,1.8033492127771142,False
2008-03-03,350.9260552395457,34.220900485757795,0.733698017069065,315.97145673671884,1.8033492127771142,False
2008-03-04,-665.9819334552518,0.0,0.7378526722580682,-666.7197861275099,1.5972874371555439,False
2008-03-05,306.9840286329316,0.0,0.7378526722580682,306.24617596067355,1.5972874371555439,False
2008-03-06,858.9258826677236,0.0,0.7378526722580682,858.1880299954655,1.5972874371555439,False
2008-03-07,-269.2288445702329,0.0,0.7378526722580682,-269.96669724249097,1.5972874371555439,False
2008-03-10,594.6702897063523,0.0,0.7378526722580682,593.9324370340942,1.5972874371555439,False
2008-03-11,-1332.6073471923323,0.0,0.7378526722580682,-1333.3451998645903,1.5972874371555439,False
2008-03-12,1827.0405837975186,0.0,0.7378526722580682,1826.3027311252606,1.5972874371555439,False
2008-03-13,-155.36432474378637,0.0,0.7378526722580682,-156.10217741604444,1.5972874371555439,False
2008-03-14,587.4378072804135,0.0,0.7378526722580682,586.6999546081554,1.5972874371555439,False
2008-03-17,-415.6937212206214,0.0,0.7378526722580682,-416.43157389287944,1.5972874371555439,False
2008-03-18,-1096.2433521031126,0.0,0.7378526722580682,-1096.9812047753705,1.5972874371555439,False
2008-03-19,-514.4748927763604,0.0,0.7378526722580682,-515.2127454486185,1.5972874371555439,False
2008-03-20,-1436.0915577852074,0.0,0.7378526722580682,-1436.8294104574654,1.5972874371555439,False
2008-03-24,-1203.669128850922,0.0,0.7378526722580682,-1204.40698152318,1.5972874371555439,False
2008-03-25,1130.6696304365466,0.0,0.7378526722580682,1129.9317777642887,1.5972874371555439,False
2008-03-26,1109.0009884975343,0.0,0.7378526722580682,1108.2631358252763,1.5972874371555439,False
2008-03-27,-21.540047471602662,0.0,0.7378526722580682,-22.27790014386073,1.5972874371555439,False
2008-03-28,176.79212789180067,0.0,0.7378526722580682,176.0542752195426,1.5972874371555439,False
2008-03-31,-731.2692160812667,0.0,0.7378526722580682,-732.0070687535248,1.5972874371555439,False
2008-04-01,-2160.2100496602507,48.85600917484305,0.7378526722580682,-2209.803911507352,1.5972874371555439,False
2008-04-02,813.3620955408935,0.0,0.839019610291302,812.5230759306022,1.5365692716838169,False
2008-04-03,155.96968686330106,0.0,0.839019610291302,155.13066725300976,1.5365692716838169,False
2008-04-04,973.8079558683429,0.0,0.839019610291302,972.9689362580516,1.5365692716838169,False
2008-04-07,-179.8478599909078,0.0,0.839019610291302,-180.6868796011991,1.5365692716838169,False
2008-04-08,-137.0856264391321,0.0,0.839019610291302,-137.92464604942342,1.5365692716838169,False
2008-04-09,1115.012324402813,0.0,0.839019610291302,1114.1733047925218,1.5365692716838169,False
2008-04-10,-214.89774457958197,0.0,0.839019610291302,-215.73676418987327,1.5365692716838169,False
2008-04-11,370.64608515955996,0.0,0.839019610291302,369.80706554926866,1.5365692716838169,False
2008-04-14,-62.509787574603585,0.0,0.839019610291302,-63.34880718489489,1.5365692716838169,False
2008-04-15,-456.55752670484134,0.0,0.839019610291302,-457.39654631513264,1.5365692716838169,False
2008-04-16,-191.13712286500495,0.0,0.839019610291302,-191.97614247529626,1.5365692716838169,False
2008-04-17,-298.9050566788995,0.0,0.839019610291302,-299.7440762891908,1.5365692716838169,False
2008-04-18,-207.97411724381544,0.0,0.839019610291302,-208.81313685410674,1.5365692716838169,False
2008-04-21,134.60371503858613,0.0,0.839019610291302,133.76469542829483,1.5365692716838169,False
2008-04-22,488.0332659364963,0.0,0.839019610291302,487.194246326205,1.5365692716838169,False
2008-04-23,-532.7757906254795,0.0,0.839019610291302,-533.6148102357708,1.5365692716838169,False
2008-04-24,-1188.7007214956236,0.0,0.839019610291302,-1189.5397411059148,1.5365692716838169,False
2008-04-25,-141.68800262194497,0.0,0.839019610291302,-142.52702223223628,1.5365692716838169,False
2008-04-28,272.37452535873337,0.0,0.839019610291302,271.53550574844206,1.5365692716838169,False
2008-04-29,-424.78650261630526,0.0,0.839019610291302,-425.62552222659656,1.5365692716838169,False
2008-04-30,702.7538170377964,0.0,0.839019610291302,701.914797427505,1.5365692716838169,False
2008-05-01,-986.4070000259215,21.181349163776588,0.839019610291302,-1008.4273687999895,1.5365692716838169,False
2008-05-02,-130.64763082605404,0.0,1.2793184656603356,-131.92694929171438,1.6577572285120499,False
2008-05-05,630.9449475217399,0.0,1.2793184656603356,629.6656290560795,1.6577572285120499,False
2008-05-06,129.0573508064013,0.0,1.2793184656603356,127.77803234074096,1.6577572285120499,False
2008-05-07,226.62856332440305,0.0,1.2793184656603356,225.3492448587427,1.6577572285120499,False
2008-05-08,532.7652144809683,0.0,1.2793184656603356,531.485896015308,1.6577572285120499,False
2008-05-09,596.9863181852116,0.0,1.2793184656603356,595.7069997195513,1.6577572285120499,False
2008-05-12,-359.59046047640095,0.0,1.2793184656603356,-360.86977894206126,1.6577572285120499,False
2008-05-13,-625.7821321505124,0.0,1.2793184656603356,-627.0614506161728,1.6577572285120499,False
2008-05-14,-241.67167263145694,0.0,1.2793184656603356,-242.95099109711728,1.6577572285120499,False
2008-05-15,342.8640955094228,0.0,1.2793184656603356,341.5847770437625,1.6577572285120499,False
2008-05-16,465.100624158437,0.0,1.2793184656603356,463.82130569277666,1.6577572285120499,False
2008-05-19,10.214973660502778,0.0,1.2793184656603356,8.935655194842443,1.6577572285120499,False
2008-05-20,1049.223118451518,0.0,1.2793184656603356,1047.9437999858578,1.6577572285120499,False
2008-05-21,901.2074070458035,0.0,1.2793184656603356,899.9280885801431,1.6577572285120499,False
2008-05-22,-842.7382430077231,0.0,1.2793184656603356,-844.0175614733835,1.6577572285120499,False
2008-05-23,615.119306974159,0.0,1.2793184656603356,613.8399885084987,1.6577572285120499,False
2008-05-27,-788.5704191353574,0.0,1.2793184656603356,-789.8497376010178,1.6577572285120499,False
2008-05-28,-346.8928150339091,0.0,1.2793184656603356,-348.1721334995694,1.6577572285120499,False
2008-05-29,-979.707002828008,0.0,1.2793184656603356,-980.9863212936683,1.6577572285120499,False
2008-05-30,459.65166813720907,0.0,1.2793184656603356,458.37234967154876,1.6577572285120499,False
2008-06-02,598.7618198772041,4.570423774215919,1.2793184656603356,592.9120776373278,1.6577572285120499,False
2008-06-03,-267.8398367891897,0.0,1.2980821680538563,-269.1379189572435,1.6581198095275047,False
2008-06-04,-556.3715897968932,0.0,1.2980821680538563,-557.669671964947,1.6581198095275047,False
2008-06-05,31.54348965281439,0.0,1.2980821680538563,30.245407484760534,1.6581198095275047,False
2008-06-06,1766.877049326428,0.0,1.2980821680538563,1765.578967158374,1.6581198095275047,False
2008-06-09,-440.9246002697734,0.0,1.2980821680538563,-442.22268243782725,1.6581198095275047,False
2008-06-10,-666.6972619253453,0.0,1.2980821680538563,-667.9953440933991,1.6581198095275047,False
2008-06-11,953.2976521733433,0.0,1.2980821680538563,951.9995700052895,1.6581198095275047,False
2008-06-12,-911.5339356939505,0.0,1.2980821680538563,-912.8320178620044,1.6581198095275047,False
2008-06-13,-551.8817873090874,0.0,1.2980821680538563,-553.1798694771412,1.6581198095275047,False
2008-06-16,416.34652905075535,0.0,1.2980821680538563,415.0484468827015,1.6581198095275047,False
2008-06-17,504.3949711390662,0.0,1.2980821680538563,503.09688897101233,1.6581198095275047,False
2008-06-18,794.9738992111172,0.0,1.2980821680538563,793.6758170430634,1.6581198095275047,False
2008-06-19,-557.9185939297755,0.0,1.2980821680538563,-559.2166760978293,1.6581198095275047,False
2008-06-20,621.5122979741916,0.0,1.2980821680538563,620.2142158061378,1.6581198095275047,False
2008-06-23,198.8761168789507,0.0,1.2980821680538563,197.57803471089684,1.6581198095275047,False
2008-06-24,370.95105150905215,0.0,1.2980821680538563,369.6529693409983,1.6581198095275047,False
2008-06-25,-122.7475597853595,0.0,1.2980821680538563,-124.04564195341335,1.6581198095275047,False
2008-06-26,1432.6858206157406,0.0,1.2980821680538563,1431.3877384476866,1.6581198095275047,False
2008-06-27,682.6424118860322,0.0,1.2980821680538563,681.3443297179783,1.6581198095275047,False
2008-06-30,-273.70298112492424,0.0,1.2980821680538563,-275.0010632929781,1.6581198095275047,False
2008-07-01,249.12547749444627,32.70498514475308,1.2980821680538563,215.1224101816393,1.6581198095275047,False
2008-07-02,658.5056569224811,0.0,1.1327719487987842,657.3728849736823,1.3916418749961774,False
2008-07-03,-389.5331268930554,0.0,1.1327719487987842,-390.6658988418542,1.3916418749961774,False
2008-07-07,15.636072135423113,0.0,1.1327719487987842,14.50330018662433,1.3916418749961774,False
2008-07-08,-804.3875069239905,0.0,1.1327719487987842,-805.5202788727893,1.3916418749961774,False
2008-07-09,1033.1848888104528,0.0,1.1327719487987842,1032.052116861654,1.3916418749961774,False
2008-07-10,180.61342081520402,0.0,1.1327719487987842,179.48064886640523,1.3916418749961774,False
2008-07-11,326.76810105270727,0.0,1.1327719487987842,325.6353291039085,1.3916418749961774,False
2008-07-14,657.9832456454498,0.0,1.1327719487987842,656.850473696651,1.3916418749961774,False
2008-07-15,300.01772020240827,0.0,1.1327719487987842,298.8849482536095,1.3916418749961774,False
2008-07-16,-1414.8408412972572,0.0,1.1327719487987842,-1415.973613246056,1.3916418749961774,False
2008-07-17,-1170.3596212788798,0.0,1.1327719487987842,-1171.4923932276786,1.3916418749961774,False
2008-07-18,-525.6469608008643,0.0,1.1327719487987842,-526.7797327496631,1.3916418749961774,False
2008-07-21,114.07181829624794,0.0,1.1327719487987842,112.93904634744915,1.3916418749961774,False
2008-07-22,-1006.4202133894094,0.0,1.1327719487987842,-1007.5529853382081,1.3916418749961774,False
2008-07-23,-1094.2783819492547,0.0,1.1327719487987842,-1095.4111538980535,1.3916418749961774,False
2008-07-24,771.5199152952025,0.0,1.1327719487987842,770.3871433464037,1.3916418749961774,False
2008-07-25,-288.69747367936816,0.0,1.1327719487987842,-289.83024562816695,1.3916418749961774,False
2008-07-28,719.7967988290053,0.0,1.1327719487987842,718.6640268802065,1.3916418749961774,False
2008-07-29,-953.4481778371419,0.0,1.1327719487987842,-954.5809497859407,1.3916418749961774,False
2008-07-30,124.43918366113543,0.0,1.1327719487987842,123.30641171233664,1.3916418749961774,False
2008-07-31,323.19267303943366,0.0,1.1327719487987842,322.05990109063487,1.3916418749961774,False
2008-08-01,-149.58123629651433,73.93243041569457,1.1327719487987842,-224.6464386610077,1.3916418749961774,False
2008-08-04,-686.8220855899668,0.0,1.1810548307731212,-688.00314042074,2.008465545022442,False
2008-08-05,-1098.8516587802153,0.0,1.1810548307731212,-1100.0327136109884,2.008465545022442,False
2008-08-06,-721.0383319350628,0.0,1.1810548307731212,-722.219386765836,2.008465545022442,False
2008-08-07,602.3351651684935,0.0,1.1810548307731212,601.1541103377203,2.008465545022442,False
2008-08-08,-1235.044110535593,0.0,1.1810548307731212,-1236.2251653663661,2.008465545022442,False
2008-08-11,-999.9451161415196,0.0,1.1810548307731212,-1001.1261709722928,2.008465545022442,False
2008-08-12,392.759412482157,0.0,1.1810548307731212,391.5783576513839,2.008465545022442,False
2008-08-13,459.6536170218754,0.0,1.1810548307731212,458.47256219110227,2.008465545022442,False
2008-08-14,-52.336366372535025,0.0,1.1810548307731212,-53.517421203308146,2.008465545022442,False
2008-08-15,-553.8483217904025,0.0,1.1810548307731212,-555.0293766211756,2.008465545022442,False
2008-08-18,312.2325555584016,0.0,1.1810548307731212,311.0515007276285,2.008465545022442,False
2008-08-19,640.9710440322658,0.0,1.1810548307731212,639.7899892014926,2.008465545022442,False
2008-08-20,124.76016669102094,0.0,1.1810548307731212,123.57911186024782,2.008465545022442,False
2008-08-21,1046.4239434762032,0.0,1.1810548307731212,1045.2428886454302,2.008465545022442,False
2008-08-22,-1294.494801712922,0.0,1.1810548307731212,-1295.675856543695,2.008465545022442,False
2008-08-25,304.2061582742253,0.0,1.1810548307731212,303.02510344345217,2.008465545022442,False
2008-08-26,125.98532907245178,0.0,1.1810548307731212,124.80427424167866,2.008465545022442,False
2008-08-27,138.4083552838376,0.0,1.1810548307731212,137.2273004530645,2.008465545022442,False
2008-08-28,-418.67498023552076,0.0,1.1810548307731212,-419.8560350662939,2.008465545022442,False
2008-08-29,-387.37496614727456,0.0,1.1810548307731212,-388.5560209780477,2.008465545022442,False
2008-09-02,-754.7793707939636,90.57361979720459,1.1810548307731212,-846.5340454219414,2.008465545022442,False
2008-09-03,52.499194009984414,0.0,1.3935793030790242,51.10561470690539,1.3016110488622508,False
2008-09-04,778.4096395897038,0.0,1.3935793030790242,777.0160602866248,1.3016110488622508,False
2008-09-05,-267.8182744268029,0.0,1.3935793030790242,-269.2118537298819,1.3016110488622508,False
2008-09-08,-593.6771021834186,0.0,1.3935793030790242,-595.0706814864976,1.3016110488622508,False
2008-09-09,402.19036699408946,0.0,1.3935793030790242,400.7967876910104,1.3016110488622508,False
2008-09-10,-616.964469367356,0.0,1.3935793030790242,-618.358048670435,1.3016110488622508,False
2008-09-11,-299.8762405555981,0.0,1.3935793030790242,-301.2698198586771,1.3016110488622508,False
2008-09-12,-100.12203330280137,0.0,1.3935793030790242,-101.51561260588039,1.3016110488622508,False
2008-09-15,2109.315871374059,0.0,1.3935793030790242,2107.92229207098,1.3016110488622508,False
2008-09-16,-1151.3775325308184,0.0,1.3935793030790242,-1152.7711118338973,1.3016110488622508,False
2008-09-17,2414.5214492583464,0.0,1.3935793030790242,2413.127869955267,1.3016110488622508,False
2008-09-18,-2404.1666224447913,0.0,1.3935793030790242,-2405.5602017478705,1.3016110488622508,False
2008-09-19,-874.3785130507717,0.0,1.3935793030790242,-875.7720923538508,1.3016110488622508,False
2008-09-22,2080.969753727359,0.0,1.3935793030790242,2079.57617442428,1.3016110488622508,False
2008-09-23,-108.96121203354525,0.0,1.3935793030790242,-110.35479133662427,1.3016110488622508,False
2008-09-24,-337.9923338580107,0.0,1.3935793030790242,-339.3859131610897,1.3016110488622508,False
2008-09-25,-159.90107054482758,0.0,1.3935793030790242,-161.2946498479066,1.3016110488622508,False
2008-09-26,-400.16941089879197,0.0,1.3935793030790242,-401.562990201871,1.3016110488622508,False
2008-09-29,2070.2495041489888,0.0,1.3935793030790242,2068.8559248459096,1.3016110488622508,False
2008-09-30,-1529.495624448862,0.0,1.3935793030790242,-1530.8892037519408,1.3016110488622508,False
2008-10-01,61.87320458912657,64.34171505296727,1.3935793030790242,-3.862089766919725,1.3016110488622508,False
2008-10-02,1399.4212306021016,0.0,1.0898699370321911,1398.3313606650693,0.8828635428541464,False
2008-10-03,380.8468997890416,0.0,1.0898699370321911,379.7570298520094,0.8828635428541464,False
2008-10-06,1634.8584089437265,0.0,1.0898699370321911,1633.7685390066943,0.8828635428541464,False
2008-10-07,1017.7914741797942,0.0,1.0898699370321911,1016.7016042427621,0.8828635428541464,False
2008-10-08,644.1504094801024,0.0,1.0898699370321911,643.0605395430703,0.8828635428541464,False
2008-10-09,1175.7163898968217,0.0,1.0898699370321911,1174.6265199597894,0.8828635428541464,False
2008-10-10,27.219718095834192,0.0,1.0898699370321911,26.129848158802,0.8828635428541464,False
2008-10-13,-3503.008314808155,0.0,1.0898699370321911,-3504.098184745187,0.8828635428541464,False
2008-10-14,465.0179760846509,0.0,1.0898699370321911,463.92810614761873,0.8828635428541464,False
2008-10-15,2458.002617689957,0.0,1.0898699370321911,2456.9127477529246,0.8828635428541464,False
2008-10-16,-1036.8383261613478,0.0,1.0898699370321911,-1037.92819609838,0.8828635428541464,False
2008-10-17,520.4998571765758,0.0,1.0898699370321911,519.4099872395436,0.8828635428541464,False
2008-10-20,-771.4690677977064,0.0,1.0898699370321911,-772.5589377347386,0.8828635428541464,False
2008-10-21,1193.739612898541,0.0,1.0898699370321911,1192.6497429615088,0.8828635428541464,False
2008-10-22,1774.7317491277593,0.0,1.0898699370321911,1773.641879190727,0.8828635428541464,False
2008-10-23,194.31105118843402,0.0,1.0898699370321911,193.22118125140182,0.8828635428541464,False
2008-10-24,1298.1558480071071,0.0,1.0898699370321911,1297.0659780700748,0.8828635428541464,False
2008-10-27,983.4687206937604,0.0,1.0898699370321911,982.3788507567282,0.8828635428541464,False
2008-10-28,-2775.7324848658295,0.0,1.0898699370321911,-2776.822354802862,0.8828635428541464,False
2008-10-29,-403.91773823227624,0.0,1.0898699370321911,-405.0076081693084,0.8828635428541464,False
2008-10-30,-1508.5853220890015,0.0,1.0898699370321911,-1509.6751920260338,0.8828635428541464,False
2008-10-31,-302.4540259956753,0.0,1.0898699370321911,-303.54389593270747,0.8828635428541464,False
2008-11-03,-220.60972990331183,53.46942976850366,1.0898699370321911,-275.16902960884767,0.8828635428541464,False
2008-11-04,-1037.49515499322,0.0,0.9647470899182932,-1038.4599020831383,0.5613766468646981,False
2008-11-05,1004.615124849152,0.0,0.9647470899182932,1003.6503777592337,0.5613766468646981,False
2008-11-06,908.2885343775637,0.0,0.9647470899182932,907.3237872876454,0.5613766468646981,False
2008-11-07,-549.0156544239637,0.0,0.9647470899182932,-549.980401513882,0.5613766468646981,False
2008-11-10,330.8109573609857,0.0,0.9647470899182932,329.8462102710674,0.5613766468646981,False
2008-11-11,728.6077642867676,0.0,0.9647470899182932,727.6430171968493,0.5613766468646981,False
2008-11-12,1063.5307301210148,0.0,0.9647470899182932,1062.5659830310965,0.5613766468646981,False
2008-11-13,-1368.8794340107872,0.0,0.9647470899182932,-1369.8441811007056,0.5613766468646981,False
2008-11-14,963.2412801368047,0.0,0.9647470899182932,962.2765330468864,0.5613766468646981,False
2008-11-17,316.687212459605,0.0,0.9647470899182932,315.7224653696867,0.5613766468646981,False
2008-11-18,272.7395386069,0.0,0.9647470899182932,271.7747915169817,0.5613766468646981,False
2008-11-19,1192.6592510505218,0.0,0.9647470899182932,1191.6945039606035,0.5613766468646981,False
2008-11-20,1425.341955692766,0.0,0.9647470899182932,1424.3772086028478,0.5613766468646981,False
2008-11-21,-1071.3859297657073,0.0,0.9647470899182932,-1072.3506768556256,0.5613766468646981,False
2008-11-24,-1563.0562375947554,0.0,0.9647470899182932,-1564.0209846846737,0.5613766468646981,False
2008-11-25,58.026013028974205,0.0,0.9647470899182932,57.061265939055914,0.5613766468646981,False
2008-11-26,-544.5776571233166,0.0,0.9647470899182932,-545.5424042132349,0.5613766468646981,False
2008-11-28,199.25103137064872,0.0,0.9647470899182932,198.28628428073043,0.5613766468646981,False
2008-12-01,1723.1839959293213,11.3280815558789,0.9647470899182932,1710.891167283524,0.5613766468646981,False
2008-12-02,-567.6591702190349,0.0,0.9348674464732453,-568.5940376655082,0.5117169611467017,False
2008-12-03,-96.87479914627673,0.0,0.9348674464732453,-97.80966659274998,0.5117169611467017,False
2008-12-04,616.9307160027133,0.0,0.9348674464732453,615.99584855624,0.5117169611467017,False
2008-12-05,-187.0123742390399,0.0,0.9348674464732453,-187.94724168551315,0.5117169611467017,False
2008-12-08,-947.4802768854073,0.0,0.9348674464732453,-948.4151443318806,0.5117169611467017,False
2008-12-09,477.1632041161945,0.0,0.9348674464732453,476.2283366697213,0.5117169611467017,False
2008-12-10,-557.0038951824946,0.0,0.9348674464732453,-557.9387626289679,0.5117169611467017,False
2008-12-11,-50.74776101891202,0.0,0.9348674464732453,-51.68262846538527,0.5117169611467017,False
2008-12-12,-187.17420521458217,0.0,0.9348674464732453,-188.10907266105542,0.5117169611467017,False
2008-12-15,-155.11866842780248,0.0,0.9348674464732453,-156.05353587427572,0.5117169611467017,False
2008-12-16,-1105.43968099897,0.0,0.9348674464732453,-1106.3745484454432,0.5117169611467017,False
2008-12-17,-134.54704189728963,0.0,0.9348674464732453,-135.48190934376288,0.5117169611467017,False
2008-12-18,502.79911736619806,0.0,0.9348674464732453,501.86424991972484,0.5117169611467017,False
2008-12-19,237.66995569459212,0.0,0.9348674464732453,236.73508824811887,0.5117169611467017,False
2008-12-22,72.40977724575093,0.0,0.9348674464732453,71.47490979927768,0.5117169611467017,False
2008-12-23,-78.58172560403196,0.0,0.9348674464732453,-79.51659305050521,0.5117169611467017,False
2008-12-24,-47.719407023280375,0.0,0.9348674464732453,-48.654274469753624,0.5117169611467017,False
2008-12-26,-110.22624362689646,0.0,0.9348674464732453,-111.16111107336971,0.5117169611467017,False
2008-12-29,30.224907758568882,0.0,0.9348674464732453,29.290040312095638,0.5117169611467017,False
2008-12-30,-163.0073861793179,0.0,0.9348674464732453,-163.94225362579115,0.5117169611467017,False
2008-12-31,-463.87939729326246,0.0,0.9348674464732453,-464.8142647397357,0.5117169611467017,False
2009-01-02,-292.4505864925667,18.512948189922323,0.9348674464732453,-311.89840212896223,0.5117169611467017,False
2009-01-05,-244.56404210768105,0.0,0.8406110610611234,-245.40465316874216,0.5599390596824986,False
2009-01-06,-398.64727886075866,0.0,0.8406110610611234,-399.4878899218198,0.5599390596824986,False
2009-01-07,576.185308315787,0.0,0.8406110610611234,575.3446972547258,0.5599390596824986,False
2009-01-08,52.23277934717777,0.0,0.8406110610611234,51.39216828611664,0.5599390596824986,False
2009-01-09,361.80285575337297,0.0,0.8406110610611234,360.96224469231186,0.5599390596824986,False
2009-01-12,865.7103900794359,0.0,0.8406110610611234,864.8697790183747,0.5599390596824986,False
2009-01-13,182.11093069723742,0.0,0.8406110610611234,181.2703196361763,0.5599390596824986,False
2009-01-14,626.1741842971903,0.0,0.8406110610611234,625.3335732361292,0.5599390596824986,False
2009-01-15,-104.12390373546143,0.0,0.8406110610611234,-104.96451479652255,0.5599390596824986,False
2009-01-16,-297.71879655115174,0.0,0.8406110610611234,-298.55940761221285,0.5599390596824986,False
2009-01-20,1273.3732859804327,0.0,0.8406110610611234,1272.5326749193716,0.5599390596824986,False
2009-01-21,-895.8103432955396,0.0,0.8406110610611234,-896.6509543566008,0.5599390596824986,False
2009-01-22,291.4573934030465,0.0,0.8406110610611234,290.6167823419854,0.5599390596824986,False
2009-01-23,-223.64104809950064,0.0,0.8406110610611234,-224.48165916056175,0.5599390596824986,False
2009-01-26,-226.35235082282216,0.0,0.8406110610611234,-227.19296188388327,0.5599390596824986,False
2009-01-27,51.885026202056515,0.0,0.8406110610611234,51.04441514099539,0.5599390596824986,False
2009-01-28,-689.7280363139186,0.0,0.8406110610611234,-690.5686473749797,0.5599390596824986,False
2009-01-29,468.5674248808465,0.0,0.8406110610611234,467.7268138197854,0.5599390596824986,False
2009-01-30,241.45350098270166,0.0,0.8406110610611234,240.61288992164054,0.5599390596824986,False
2009-02-02,163.30630818968763,14.111568862510296,0.8406110610611234,148.35412826611622,0.5599390596824986,False
2009-02-03,-420.8219897975112,0.0,1.0054980701075993,-421.8274878676188,0.5482107628189103,False
2009-02-04,191.81723238743652,0.0,1.0054980701075993,190.81173431732893,0.5482107628189103,False
2009-02-05,-119.91636456665195,0.0,1.0054980701075993,-120.92186263675956,0.5482107628189103,False
2009-02-06,-777.9060061915351,0.0,1.0054980701075993,-778.9115042616427,0.5482107628189103,False
2009-02-09,-200.4053497440662,0.0,1.0054980701075993,-201.4108478141738,0.5482107628189103,False
2009-02-10,1042.8582641589694,0.0,1.0054980701075993,1041.8527660888617,0.5482107628189103,False
2009-02-11,14.615138290441317,0.0,1.0054980701075993,13.609640220333718,0.5482107628189103,False
2009-02-12,184.7199478439386,0.0,1.0054980701075993,183.714449773831,0.5482107628189103,False
2009-02-13,31.905989673798175,0.0,1.0054980701075993,30.900491603690575,0.5482107628189103,False
2009-02-17,1354.4781465787257,0.0,1.0054980701075993,1353.472648508618,0.5482107628189103,False
2009-02-18,39.39589269945459,0.0,1.0054980701075993,38.39039462934699,0.5482107628189103,False
2009-02-19,1.4016908628953053,0.0,1.0054980701075993,0.396192792787706,0.5482107628189103,False
2009-02-20,-88.4792049299469,0.0,1.0054980701075993,-89.48470300005451,0.5482107628189103,False
2009-02-23,559.8849944511134,0.0,1.0054980701075993,558.8794963810058,0.5482107628189103,False
2009-02-24,-747.168586136331,0.0,1.0054980701075993,-748.1740842064386,0.5482107628189103,False
2009-02-25,318.9726246095079,0.0,1.0054980701075993,317.9671265394003,0.5482107628189103,False
2009-02-26,9.897747085165095,0.0,1.0054980701075993,8.892249015057496,0.5482107628189103,False
2009-02-27,199.3243498235271,0.0,1.0054980701075993,198.3188517534195,0.5482107628189103,False
2009-03-02,1068.1284189955343,2.8864079711339206,1.0054980701075993,1064.2365129542927,0.5482107628189103,False
2009-03-03,-178.17820833130176,0.0,1.0668639369440283,-179.2450722682458,0.577962741466566,False
2009-03-04,-734.170127436355,0.0,1.0668639369440283,-735.236991373299,0.577962741466566,False
2009-03-05,890.2894518106389,0.0,1.0668639369440283,889.2225878736948,0.577962741466566,False
2009-03-06,-38.73521960618955,0.0,1.0668639369440283,-39.802083543133584,0.577962741466566,False
2009-03-09,417.3165106594608,0.0,1.0668639369440283,416.2496467225168,0.577962741466566,False
2009-03-10,-1109.83408932012,0.0,1.0668639369440283,-1110.900953257064,0.577962741466566,False
2009-03-11,-57.839235461668544,0.0,1.0668639369440283,-58.906099398612575,0.577962741466566,False
2009-03-12,-701.9520212369104,0.0,1.0668639369440283,-703.0188851738544,0.577962741466566,False
2009-03-13,-116.56151010758082,0.0,1.0668639369440283,-117.62837404452485,0.577962741466566,False
2009-03-16,-175.61261940345997,0.0,1.0668639369440283,-176.679483340404,0.577962741466566,False
2009-03-17,-487.0163399134538,0.0,1.0668639369440283,-488.0832038503978,0.577962741466566,False
2009-03-18,-709.4871802977543,0.0,1.0668639369440283,-710.5540442346984,0.577962741466566,False
2009-03-19,-334.0529721290264,0.0,1.0668639369440283,-335.1198360659704,0.577962741466566,False
2009-03-20,355.4743721580024,0.0,1.0668639369440283,354.4075082210584,0.577962741466566,False
2009-03-23,-1224.7846270150899,0.0,1.0668639369440283,-1225.8514909520338,0.577962741466566,False
2009-03-24,459.14413957681535,0.0,1.0668639369440283,458.07727563987135,0.577962741466566,False
2009-03-25,-132.16188994222662,0.0,1.0668639369440283,-133.22875387917065,0.577962741466566,False
2009-03-26,-217.87920679404672,0.0,1.0668639369440283,-218.94607073099075,0.577962741466566,False
2009-03-27,609.3549911800015,0.0,1.0668639369440283,608.2881272430575,0.577962741466566,False
2009-03-30,879.0579358823594,0.0,1.0668639369440283,877.9910719454153,0.577962741466566,False
2009-03-31,-531.4800922422123,0.0,1.0668639369440283,-532.5469561791564,0.577962741466566,False
2009-04-01,-64.83731032971717,2.7919439670266963,1.0668639369440283,-68.6961182336879,0.577962741466566,False
2009-04-02,-1166.6470716951408,0.0,1.076669261787531,-1167.7237409569284,0.5891080677656915,False
2009-04-03,-455.43147404653473,0.0,1.076669261787531,-456.50814330832225,0.5891080677656915,False
2009-04-06,262.2414196580483,0.0,1.076669261787531,261.1647503962608,0.5891080677656915,False
2009-04-07,558.7208903928894,0.0,1.076669261787531,557.6442211311019,0.5891080677656915,False
2009-04-08,-174.83463295078428,0.0,1.076669261787531,-175.91130221257183,0.5891080677656915,False
2009-04-09,-758.4371568893418,0.0,1.076669261787531,-759.5138261511294,0.5891080677656915,False
2009-04-13,-325.3059941681271,0.0,1.076669261787531,-326.3826634299146,0.5891080677656915,False
2009-04-14,310.87515478512364,0.0,1.076669261787531,309.7984855233361,0.5891080677656915,False
2009-04-15,-321.02664953419173,0.0,1.076669261787531,-322.10331879597925,0.5891080677656915,False
2009-04-16,-19.19518718858237,0.0,1.076669261787531,-20.271856450369903,0.5891080677656915,False
2009-04-17,56.89168563724696,0.0,1.076669261787531,55.81501637545943,0.5891080677656915,False
2009-04-20,1218.5587433106116,0.0,1.076669261787531,1217.482074048824,0.5891080677656915,False
2009-04-21,-510.04332254080435,0.0,1.076669261787531,-511.11999180259187,0.5891080677656915,False
2009-04-22,108.60405996913254,0.0,1.076669261787531,107.527390707345,0.5891080677656915,False
2009-04-23,-471.45858973325045,0.0,1.076669261787531,-472.53525899503796,0.5891080677656915,False
2009-04-24,-386.78084230565446,0.0,1.076669261787531,-387.857511567442,0.5891080677656915,False
2009-04-27,629.3001765509522,0.0,1.076669261787531,628.2235072891647,0.5891080677656915,False
2009-04-28,-64.20174280120278,0.0,1.076669261787531,-65.27841206299031,0.5891080677656915,False
2009-04-29,-708.7059349712848,0.0,1.076669261787531,-709.7826042330723,0.5891080677656915,False
2009-04-30,-197.89630356258255,0.0,1.076669261787531,-198.9729728243701,0.5891080677656915,False
2009-05-01,-330.536312851344,3.6451974681260744,1.076669261787531,-335.2581795812576,0.5891080677656915,False
2009-05-04,-794.8573260623901,0.0,1.1368046115928772,-795.994130673983,0.6299601195178387,False
2009-05-05,136.21668279261905,0.0,1.1368046115928772,135.07987818102617,0.6299601195178387,False
2009-05-06,-603.4620402340205,0.0,1.1368046115928772,-604.5988448456134,0.6299601195178387,False
2009-05-07,117.52883128974827,0.0,1.1368046115928772,116.39202667815539,0.6299601195178387,False
2009-05-08,-898.4708166943062,0.0,1.1368046115928772,-899.6076213058991,0.6299601195178387,False
2009-05-11,557.3515076672277,0.0,1.1368046115928772,556.2147030556348,0.6299601195178387,False
2009-05-12,-119.58513017605108,0.0,1.1368046115928772,-120.72193478764396,0.6299601195178387,False
2009-05-13,805.4000035002659,0.0,1.1368046115928772,804.2631988886731,0.6299601195178387,False
2009-05-14,-298.6251129502546,0.0,1.1368046115928772,-299.7619175618475,0.6299601195178387,False
2009-05-15,481.57232835431506,0.0,1.1368046115928772,480.4355237427222,0.6299601195178387,False
2009-05-18,-916.6326486527753,0.0,1.1368046115928772,-917.7694532643682,0.6299601195178387,False
2009-05-19,-161.2728016355835,0.0,1.1368046115928772,-162.40960624717638,0.6299601195178387,False
2009-05-20,-276.347644401134,0.0,1.1368046115928772,-277.4844490127269,0.6299601195178387,False
2009-05-21,126.56889622076474,0.0,1.1368046115928772,125.43209160917186,0.6299601195178387,False
2009-05-22,-276.33585155823965,0.0,1.1368046115928772,-277.47265616983253,0.6299601195178387,False
2009-05-26,-437.54382542162097,0.0,1.1368046115928772,-438.68063003321384,0.6299601195178387,False
2009-05-27,96.24541954126015,0.0,1.1368046115928772,95.10861492966727,0.6299601195178387,False
2009-05-28,-345.5992508604156,0.0,1.1368046115928772,-346.7360554720085,0.6299601195178387,False
2009-05-29,-541.3321504122031,0.0,1.1368046115928772,-542.468955023796,0.6299601195178387,False
2009-06-01,-847.4988673346619,30.662965191995998,1.1368046115928772,-879.2986371382508,0.6299601195178387,False
2009-06-02,25.118656100642884,0.0,0.9861340258268031,24.13252207481608,0.7503274561684525,False
2009-06-03,776.7748796450721,0.0,0.9861340258268031,775.7887456192453,0.7503274561684525,False
2009-06-04,-524.0355334939252,0.0,0.9861340258268031,-525.021667519752,0.7503274561684525,False
2009-06-05,97.12608894572398,0.0,0.9861340258268031,96.13995491989718,0.7503274561684525,False
2009-06-08,30.50434465109155,0.0,0.9861340258268031,29.518210625264746,0.7503274561684525,False
2009-06-09,-294.39452851392775,0.0,0.9861340258268031,-295.38066253975455,0.7503274561684525,False
2009-06-10,-123.20830245753662,0.0,0.9861340258268031,-124.19443648336342,0.7503274561684525,False
2009-06-11,-213.80267574153865,0.0,0.9861340258268031,-214.78880976736545,0.7503274561684525,False
2009-06-12,195.6906622568384,0.0,0.9861340258268031,194.7045282310116,0.7503274561684525,False
2009-06-15,740.2169156017713,0.0,0.9861340258268031,739.2307815759445,0.7503274561684525,False
2009-06-16,337.16631503608886,0.0,0.9861340258268031,336.18018101026206,0.7503274561684525,False
2009-06-17,-19.90370857756955,0.0,0.9861340258268031,-20.889842603396353,0.7503274561684525,False
2009-06-18,-225.21146524340378,0.0,0.9861340258268031,-226.19759926923058,0.7503274561684525,False
2009-06-19,-21.489411704529992,0.0,0.9861340258268031,-22.475545730356796,0.7503274561684525,False
2009-06-22,852.1283272325499,0.0,0.9861340258268031,851.142193206723,0.7503274561684525,False
2009-06-23,-249.21585316291444,0.0,0.9861340258268031,-250.20198718874124,0.7503274561684525,False
2009-06-24,-35.615103157237655,0.0,0.9861340258268031,-36.601237183064455,0.7503274561684525,False
2009-06-25,-226.39971180697634,0.0,0.9861340258268031,-227.38584583280314,0.7503274561684525,False
2009-06-26,-36.1856879654967,0.0,0.9861340258268031,-37.1718219913235,0.7503274561684525,False
2009-06-29,-146.81173380571553,0.0,0.9861340258268031,-147.79786783154233,0.7503274561684525,False
2009-06-30,270.7691577586442,0.0,0.9861340258268031,269.7830237328174,0.7503274561684525,False
2009-07-01,-286.80811671967865,17.30818248243683,0.9861340258268031,-305.1024332279423,0.7503274561684525,False
2009-07-02,844.36181024501,0.0,1.2485812872759547,843.113228957734,0.8178557825437104,False
2009-07-06,209.79361388657165,0.0,1.2485812872759547,208.5450325992957,0.8178557825437104,False
2009-07-07,751.3310993192088,0.0,1.2485812872759547,750.0825180319328,0.8178557825437104,False
2009-07-08,426.001438742684,0.0,1.2485812872759547,424.75285745540805,0.8178557825437104,False
2009-07-09,-354.08471205866556,0.0,1.2485812872759547,-355.3332933459415,0.8178557825437104,False
2009-07-10,324.7672277914748,0.0,1.2485812872759547,323.51864650419884,0.8178557825437104,False
2009-07-13,-416.23843734405216,0.0,1.2485812872759547,-417.4870186313281,0.8178557825437104,False
2009-07-14,-360.9594510010811,0.0,1.2485812872759547,-362.20803228835706,0.8178557825437104,False
2009-07-15,-1060.789449176693,0.0,1.2485812872759547,-1062.038030463969,0.8178557825437104,False
2009-07-16,-175.68304366393255,0.0,1.2485812872759547,-176.9316249512085,0.8178557825437104,False
2009-07-17,-44.150907663072815,0.0,1.2485812872759547,-45.39948895034877,0.8178557825437104,False
2009-07-20,-569.587907215135,0.0,1.2485812872759547,-570.836488502411,0.8178557825437104,False
2009-07-21,283.3750638725784,0.0,1.2485812872759547,282.1264825853024,0.8178557825437104,False
2009-07-22,-142.1856696853148,0.0,1.2485812872759547,-143.43425097259075,0.8178557825437104,False
2009-07-23,-621.6437325300079,0.0,1.2485812872759547,-622.8923138172839,0.8178557825437104,False
2009-07-24,-5.694453959032537,0.0,1.2485812872759547,-6.943035246308492,0.8178557825437104,False
2009-07-27,-160.36096712679023,0.0,1.2485812872759547,-161.60954841406618,0.8178557825437104,False
2009-07-28,198.71851739803427,0.0,1.2485812872759547,197.4699361107583,0.8178557825437104,False
2009-07-29,462.9818537706279,0.0,1.2485812872759547,461.7332724833519,0.8178557825437104,False
2009-07-30,-618.4682269018772,0.0,1.2485812872759547,-619.7168081891532,0.8178557825437104,False
2009-07-31,-265.71722063442945,0.0,1.2485812872759547,-266.9658019217054,0.8178557825437104,False
2009-08-03,-999.6323399422054,34.473199857087856,1.2485812872759547,-1035.3541210865692,0.8178557825437104,False
2009-08-04,-286.0937239746437,0.0,1.6165281532561255,-287.7102521278998,1.1489968591642674,False
2009-08-05,-359.4335562206347,0.0,1.6165281532561255,-361.05008437389085,1.1489968591642674,False
2009-08-06,410.3954930293291,0.0,1.6165281532561255,408.77896487607296,1.1489968591642674,False
2009-08-07,-222.01344068448776,0.0,1.6165281532561255,-223.6299688377439,1.1489968591642674,False
2009-08-10,381.0617845677095,0.0,1.6165281532561255,379.44525641445335,1.1489968591642674,False
2009-08-11,571.8131020954279,0.0,1.6165281532561255,570.1965739421718,1.1489968591642674,False
2009-08-12,-591.1825225481186,0.0,1.6165281532561255,-592.7990507013748,1.1489968591642674,False
2009-08-13,-177.62473355834135,0.0,1.6165281532561255,-179.24126171159747,1.1489968591642674,False
2009-08-14,564.2146959836741,0.0,1.6165281532561255,562.598167830418,1.1489968591642674,False
2009-08-17,900.0483444036345,0.0,1.6165281532561255,898.4318162503783,1.1489968591642674,False
2009-08-18,-487.30284266185373,0.0,1.6165281532561255,-488.91937081510986,1.1489968591642674,False
2009-08-19,57.45755860938281,0.0,1.6165281532561255,55.84103045612668,1.1489968591642674,False
2009-08-20,-188.9565527250642,0.0,1.6165281532561255,-190.57308087832033,1.1489968591642674,False
2009-08-21,-594.7728724905008,0.0,1.6165281532561255,-596.389400643757,1.1489968591642674,False
2009-08-24,15.729198381727656,0.0,1.6165281532561255,14.112670228471531,1.1489968591642674,False
2009-08-25,84.34922997723686,0.0,1.6165281532561255,82.73270182398073,1.1489968591642674,False
2009-08-26,158.556427227301,0.0,1.6165281532561255,156.93989907404486,1.1489968591642674,False
2009-08-27,-323.7634540937285,0.0,1.6165281532561255,-325.37998224698464,1.1489968591642674,False
2009-08-28,47.43187381987974,0.0,1.6165281532561255,45.815345666623614,1.1489968591642674,False
2009-08-31,351.17463413750596,0.0,1.6165281532561255,349.55810598424983,1.1489968591642674,False
2009-09-01,848.8229139202843,177.15441050711544,1.6165281532561255,670.0519752599128,1.1489968591642674,False
2009-09-02,819.6405315526234,0.0,3.293222552560411,816.347309000063,2.7522350414997754,False
2009-09-03,317.3654860596006,0.0,3.293222552560411,314.0722635070402,2.7522350414997754,False
2009-09-04,-414.90073589613144,0.0,3.293222552560411,-418.19395844869183,2.7522350414997754,False
2009-09-08,-166.42098272860477,0.0,3.293222552560411,-169.7142052811652,2.7522350414997754,False
2009-09-09,-235.28286176512108,0.0,3.293222552560411,-238.5760843176815,2.7522350414997754,False
2009-09-10,62.70117570138685,0.0,3.293222552560411,59.407953148826444,2.7522350414997754,False
2009-09-11,1058.06191378499,0.0,3.293222552560411,1054.7686912324298,2.7522350414997754,False
2009-09-14,-73.49293328519465,0.0,3.293222552560411,-76.78615583775506,2.7522350414997754,False
2009-09-15,-233.42143498245915,0.0,3.293222552560411,-236.71465753501957,2.7522350414997754,False
2009-09-16,29.321671114423054,0.0,3.293222552560411,26.028448561862643,2.7522350414997754,False
2009-09-17,587.5632939680223,0.0,3.293222552560411,584.2700714154619,2.7522350414997754,False
2009-09-18,-200.75212976991665,0.0,3.293222552560411,-204.04535232247707,2.7522350414997754,False
2009-09-21,299.05688046185554,0.0,3.293222552560411,295.76365790929515,2.7522350414997754,False
2009-09-22,183.71633573758942,0.0,3.293222552560411,180.423113185029,2.7522350414997754,False
2009-09-23,204.81350223933632,0.0,3.293222552560411,201.5202796867759,2.7522350414997754,False
2009-09-24,297.71634999094545,0.0,3.293222552560411,294.42312743838505,2.7522350414997754,False
2009-09-25,605.8286204344881,0.0,3.293222552560411,602.5353978819277,2.7522350414997754,False
2009-09-28,168.4047107116537,0.0,3.293222552560411,165.11148815909328,2.7522350414997754,False
2009-09-29,-291.9658124685005,0.0,3.293222552560411,-295.25903502106087,2.7522350414997754,False
2009-09-30,-150.90350803338157,0.0,3.293222552560411,-154.196730585942,2.7522350414997754,False
2009-10-01,85.61274226070687,197.62542184243512,3.293222552560411,-115.30590213428866,2.7522350414997754,False
2009-10-02,-52.1384733288011,0.0,0.5018773687407857,-52.640350697541884,1.2251900562837543,False
2009-10-05,584.2532014596056,0.0,0.5018773687407857,583.7513240908648,1.2251900562837543,False
2009-10-06,729.5462216126831,0.0,0.5018773687407857,729.0443442439423,1.2251900562837543,False
2009-10-07,331.4876218287546,0.0,0.5018773687407857,330.9857444600138,1.2251900562837543,False
2009-10-08,587.6390043296647,0.0,0.5018773687407857,587.1371269609239,1.2251900562837543,False
2009-10-09,-326.08947473161845,0.0,0.5018773687407857,-326.59135210035925,1.2251900562837543,False
2009-10-12,186.90553438569356,0.0,0.5018773687407857,186.40365701695276,1.2251900562837543,False
2009-10-13,-67.32117241453827,0.0,0.5018773687407857,-67.82304978327905,1.2251900562837543,False
2009-10-14,805.0437678143079,0.0,0.5018773687407857,804.5418904455671,1.2251900562837543,False
2009-10-15,-536.2823228156373,0.0,0.5018773687407857,-536.784200184378,1.2251900562837543,False
2009-10-16,-430.9514696445997,0.0,0.5018773687407857,-431.4533470133405,1.2251900562837543,False
2009-10-19,797.3651312512782,0.0,0.5018773687407857,796.8632538825374,1.2251900562837543,False
2009-10-20,-283.35157395122354,0.0,0.5018773687407857,-283.85345131996434,1.2251900562837543,False
2009-10-21,-225.90823490701405,0.0,0.5018773687407857,-226.41011227575484,1.2251900562837543,False
2009-10-22,279.2662467681789,0.0,0.5018773687407857,278.7643693994381,1.2251900562837543,False
2009-10-23,-506.7323978117759,0.0,0.5018773687407857,-507.2342751805167,1.2251900562837543,False
2009-10-26,-684.0378164152172,0.0,0.5018773687407857,-684.539693783958,1.2251900562837543,False
2009-10-27,-176.5710732046168,0.0,0.5018773687407857,-177.0729505733576,1.2251900562837543,False
2009-10-28,-1082.162525603281,0.0,0.5018773687407857,-1082.6644029720217,1.2251900562837543,False
2009-10-29,953.2153471949728,0.0,0.5018773687407857,952.713469826232,1.2251900562837543,False
2009-10-30,-517.3469914448891,0.0,0.5018773687407857,-517.8488688136299,1.2251900562837543,False
2009-11-02,262.7303417312181,31.236396426016377,0.5018773687407857,230.99206793646096,1.2251900562837543,False
2009-11-03,101.71760059946156,0.0,0.20444172260390595,101.51315887685766,1.0459075633763606,False
2009-11-04,353.2758420417282,0.0,0.20444172260390595,353.0714003191243,1.0459075633763606,False
2009-11-05,216.70860039589786,0.0,0.20444172260390595,216.50415867329394,1.0459075633763606,False
2009-11-06,71.58699438477134,0.0,0.20444172260390595,71.38255266216744,1.0459075633763606,False
2009-11-09,1188.1725123547283,0.0,0.20444172260390595,1187.9680706321244,1.0459075633763606,False
2009-11-10,-92.40450929107334,0.0,0.20444172260390595,-92.60895101367724,1.0459075633763606,False
2009-11-11,300.30530293822494,0.0,0.20444172260390595,300.100861215621,1.0459075633763606,False
2009-11-12,-683.2419356598696,0.0,0.20444172260390595,-683.4463773824734,1.0459075633763606,False
2009-11-13,722.0019349696538,0.0,0.20444172260390595,721.7974932470499,1.0459075633763606,False
2009-11-16,906.8804342372025,0.0,0.20444172260390595,906.6759925145986,1.0459075633763606,False
2009-11-17,-204.30231545096694,0.0,0.20444172260390595,-204.50675717357086,1.0459075633763606,False
2009-11-18,-6.237059955194353,0.0,0.20444172260390595,-6.441501677798259,1.0459075633763606,False
2009-11-19,-510.54858711925857,0.0,0.20444172260390595,-510.7530288418625,1.0459075633763606,False
2009-11-20,-225.65764224701354,0.0,0.20444172260390595,-225.86208396961746,1.0459075633763606,False
2009-11-23,589.6492108490589,0.0,0.20444172260390595,589.4447691264551,1.0459075633763606,False
2009-11-24,-93.6602831125087,0.0,0.20444172260390595,-93.8647248351126,1.0459075633763606,False
2009-11-25,763.0594510127665,0.0,0.20444172260390595,762.8550092901627,1.0459075633763606,False
2009-11-27,-1059.6989152436029,0.0,0.20444172260390595,-1059.9033569662067,1.0459075633763606,False
2009-11-30,598.8840310491884,0.0,0.20444172260390595,598.6795893265845,1.0459075633763606,False
2009-12-01,710.1884833891481,9.321548482560933,0.20444172260390595,700.6624931839833,1.0459075633763606,False
2009-12-02,39.76766156588967,0.0,0.20962326502978748,39.55803830085988,1.010388473324819,False
2009-12-03,-303.9490371287229,0.0,0.20962326502978748,-304.1586603937527,1.010388473324819,False
2009-12-04,-608.5107714636664,0.0,0.20962326502978748,-608.7203947286962,1.010388473324819,False
2009-12-07,-206.92389089885143,0.0,0.20962326502978748,-207.13351416388122,1.010388473324819,False
2009-12-08,-567.4829792091862,0.0,0.20962326502978748,-567.692602474216,1.010388473324819,False
2009-12-09,77.7233855335375,0.0,0.20962326502978748,77.5137622685077,1.010388473324819,False
2009-12-10,-75.23797657403254,0.0,0.20962326502978748,-75.44759983906233,1.010388473324819,False
2009-12-11,-230.59822853947784,0.0,0.20962326502978748,-230.80785180450764,1.010388473324819,False
2009-12-14,445.63792430948365,0.0,0.20962326502978748,445.42830104445386,1.010388473324819,False
2009-12-15,-513.3005854418215,0.0,0.20962326502978748,-513.5102087068512,1.010388473324819,False
2009-12-16,304.10368627651644,0.0,0.20962326502978748,303.89406301148665,1.010388473324819,False
2009-12-17,-812.1941609587528,0.0,0.20962326502978748,-812.4037842237826,1.010388473324819,False
2009-12-18,50.19103073365277,0.0,0.20962326502978748,49.981407468622976,1.010388473324819,False
2009-12-21,-251.51557965155934,0.0,0.20962326502978748,-251.72520291658913,1.010388473324819,False
2009-12-22,-93.94725218895782,0.0,0.20962326502978748,-94.15687545398761,1.010388473324819,False
2009-12-23,485.2941851788692,0.0,0.20962326502978748,485.0845619138394,1.010388473324819,False
2009-12-24,246.0538172436758,0.0,0.20962326502978748,245.84419397864602,1.010388473324819,False
2009-12-28,153.92463012195157,0.0,0.20962326502978748,153.71500685692178,1.010388473324819,False
2009-12-29,-113.54088398211167,0.0,0.20962326502978748,-113.75050724714146,1.010388473324819,False
2009-12-30,42.78063546734528,0.0,0.20962326502978748,42.57101220231549,1.010388473324819,False
2009-12-31,-77.68813956639916,0.0,0.20962326502978748,-77.89776283142895,1.010388473324819,False
2010-01-04,842.9109760283576,19.37292918345636,0.20962326502978748,823.3284235798715,1.010388473324819,False
2010-01-05,231.96147347430423,0.0,0.4739642019917252,231.4875092723125,1.0688596092832467,False
2010-01-06,309.38109545152577,0.0,0.4739642019917252,308.907131249534,1.0688596092832467,False
2010-01-07,-269.0540770216753,0.0,0.4739642019917252,-269.52804122366706,1.0688596092832467,False
2010-01-08,344.6435695592367,0.0,0.4739642019917252,344.16960535724496,1.0688596092832467,False
2010-01-11,309.7209917921913,0.0,0.4739642019917252,309.24702759019954,1.0688596092832467,False
2010-01-12,-669.0656534888768,0.0,0.4739642019917252,-669.5396176908686,1.0688596092832467,False
2010-01-13,385.8642538918415,0.0,0.4739642019917252,385.39028968984974,1.0688596092832467,False
2010-01-14,43.93757723967607,0.0,0.4739642019917252,43.46361303768434,1.0688596092832467,False
2010-01-15,-592.3740364210734,0.0,0.4739642019917252,-592.8480006230651,1.0688596092832467,False
2010-01-19,480.0156386667885,0.0,0.4739642019917252,479.54167446479676,1.0688596092832467,False
2010-01-20,-1110.3160326087946,0.0,0.4739642019917252,-1110.7899968107863,1.0688596092832467,False
2010-01-21,-777.7387829103906,0.0,0.4739642019917252,-778.2127471123823,1.0688596092832467,False
2010-01-22,-688.5888613784359,0.0,0.4739642019917252,-689.0628255804277,1.0688596092832467,False
2010-01-25,379.01508430750454,0.0,0.4739642019917252,378.5411201055128,1.0688596092832467,False
2010-01-26,-467.0816929853298,0.0,0.4739642019917252,-467.5556571873216,1.0688596092832467,False
2010-01-27,-229.08037874128325,0.0,0.4739642019917252,-229.55434294327497,1.0688596092832467,False
2010-01-28,-366.92814921383575,0.0,0.4739642019917252,-367.4021134158275,1.0688596092832467,False
2010-01-29,-540.823866955913,0.0,0.4739642019917252,-541.2978311579047,1.0688596092832467,False
2010-02-01,720.8231996123039,4.164618231424096,0.4739642019917252,716.1846171788881,1.0688596092832467,False
2010-02-02,582.8043503651257,0.0,0.4980511233546871,582.3062992417711,1.115728345105415,False
2010-02-03,-438.85310952846413,0.0,0.4980511233546871,-439.3511606518188,1.115728345105415,False
2010-02-04,-1689.0747110082941,0.0,0.4980511233546871,-1689.572762131649,1.115728345105415,False
2010-02-05,-255.9203734142272,0.0,0.4980511233546871,-256.4184245375819,1.115728345105415,False
2010-02-08,-365.74833981962627,0.0,0.4980511233546871,-366.24639094298095,1.115728345105415,False
2010-02-09,912.6690397857387,0.0,0.4980511233546871,912.170988662384,1.115728345105415,False
2010-02-10,-130.60651128094838,0.0,0.4980511233546871,-131.10456240430307,1.115728345105415,False
2010-02-11,600.9905682926895,0.0,0.4980511233546871,600.4925171693349,1.115728345105415,False
2010-02-12,-250.1416875523189,0.0,0.4980511233546871,-250.63973867567358,1.115728345105415,False
2010-02-16,1212.8603058558551,0.0,0.4980511233546871,1212.3622547325003,1.115728345105415,False
2010-02-17,-64.78081476548135,0.0,0.4980511233546871,-65.27886588883604,1.115728345105415,False
2010-02-18,325.7827407952479,0.0,0.4980511233546871,325.2846896718932,1.115728345105415,False
2010-02-19,-117.47599570716615,0.0,0.4980511233546871,-117.97404683052083,1.115728345105415,False
2010-02-22,34.587910586752,0.0,0.4980511233546871,34.08985946339732,1.115728345105415,False
2010-02-23,-747.0583322191652,0.0,0.4980511233546871,-747.5563833425199,1.115728345105415,False
2010-02-24,357.34739832095636,0.0,0.4980511233546871,356.8493471976017,1.115728345105415,False
2010-02-25,-232.57308796407762,0.0,0.4980511233546871,-233.0711390874323,1.115728345105415,False
2010-02-26,461.8295851324967,0.0,0.4980511233546871,461.331534009142,1.115728345105415,False
2010-03-01,174.14760034874982,19.324731501698448,0.4980511233546871,154.3248177236967,1.115728345105415,False
2010-03-02,564.033011972013,0.0,0.24879671224339672,563.7842152597697,1.178407241302664,False
2010-03-03,339.7852626214663,0.0,0.24879671224339672,339.5364659092229,1.178407241302664,False
2010-03-04,-226.1248507787889,0.0,0.24879671224339672,-226.3736474910323,1.178407241302664,False
2010-03-05,636.8514963003348,0.0,0.24879671224339672,636.6026995880915,1.178407241302664,False
2010-03-08,54.75152928802159,0.0,0.24879671224339672,54.50273257577819,1.178407241302664,False
2010-03-09,-3.1425448407875805,0.0,0.24879671224339672,-3.391341553030977,1.178407241302664,False
2010-03-10,2.3641872512741013,0.0,0.24879671224339672,2.1153905390307046,1.178407241302664,False
2010-03-11,232.29210077447487,0.0,0.24879671224339672,232.04330406223147,1.178407241302664,False
2010-03-12,308.7254041233074,0.0,0.24879671224339672,308.476607411064,1.178407241302664,False
2010-03-15,-246.02845189165873,0.0,0.24879671224339672,-246.27724860390214,1.178407241302664,False
2010-03-16,857.7919969497666,0.0,0.24879671224339672,857.5432002375233,1.178407241302664,False
2010-03-17,344.12511835296584,0.0,0.24879671224339672,343.87632164072244,1.178407241302664,False
2010-03-18,-287.04398746882646,0.0,0.24879671224339672,-287.29278418106986,1.178407241302664,False
2010-03-19,-675.3579056395786,0.0,0.24879671224339672,-675.6067023518219,1.178407241302664,False
2010-03-22,301.2058707720655,0.0,0.24879671224339672,300.9570740598221,1.178407241302664,False
2010-03-23,-7.4139658968053,0.0,0.24879671224339672,-7.662762609048697,1.178407241302664,False
2010-03-24,-1013.4307789084143,0.0,0.24879671224339672,-1013.6795756206576,1.178407241302664,False
2010-03-25,-212.99554169662048,0.0,0.24879671224339672,-213.24433840886388,1.178407241302664,False
2010-03-26,423.5011404073085,0.0,0.24879671224339672,423.2523436950651,1.178407241302664,False
2010-03-29,692.4431664679385,0.0,0.24879671224339672,692.1943697556951,1.178407241302664,False
2010-03-30,-25.645839102100304,0.0,0.24879671224339672,-25.8946358143437,1.178407241302664,False
2010-03-31,60.6015850982661,0.0,0.24879671224339672,60.3527883860227,1.178407241302664,False
2010-04-01,557.3240537437487,12.72242111199326,0.24879671224339672,544.352835919512,1.178407241302664,False
2010-04-05,132.60348745363555,0.0,0.43272458080351045,132.17076287283203,1.2528167396603664,False
2010-04-06,212.19129972283105,0.0,0.43272458080351045,211.75857514202752,1.2528167396603664,False
2010-04-07,-289.3462097298244,0.0,0.43272458080351045,-289.7789343106279,1.2528167396603664,False
2010-04-08,102.30545446313897,0.0,0.43272458080351045,101.87272988233546,1.2528167396603664,False
2010-04-09,509.3953472729905,0.0,0.43272458080351045,508.962622692187,1.2528167396603664,False
2010-04-12,63.50909467844921,0.0,0.43272458080351045,63.0763700976457,1.2528167396603664,False
2010-04-13,198.0931797064469,0.0,0.43272458080351045,197.66045512564338,1.2528167396603664,False
2010-04-14,553.092604152022,0.0,0.43272458080351045,552.6598795712184,1.2528167396603664,False
2010-04-15,-87.23143824273946,0.0,0.43272458080351045,-87.66416282354297,1.2528167396603664,False
2010-04-16,-997.1521514341342,0.0,0.43272458080351045,-997.5848760149378,1.2528167396603664,False
2010-04-19,-239.5119979551467,0.0,0.43272458080351045,-239.94472253595023,1.2528167396603664,False
2010-04-20,481.635781479147,0.0,0.43272458080351045,481.2030568983435,1.2528167396603664,False
2010-04-21,100.93256713458348,0.0,0.43272458080351045,100.49984255377997,1.2528167396603664,False
2010-04-22,-211.11605732239983,0.0,0.43272458080351045,-211.54878190320335,1.2528167396603664,False
2010-04-23,303.21221083500734,0.0,0.43272458080351045,302.77948625420385,1.2528167396603664,False
2010-04-26,14.844578008053118,0.0,0.43272458080351045,14.411853427249607,1.2528167396603664,False
2010-04-27,-1479.072986005066,0.0,0.43272458080351045,-1479.5057105858696,1.2528167396603664,False
2010-04-28,197.17329461173713,0.0,0.43272458080351045,196.7405700309336,1.2528167396603664,False
2010-04-29,962.3930695073727,0.0,0.43272458080351045,961.9603449265692,1.2528167396603664,False
2010-04-30,-233.0001255556955,0.0,0.43272458080351045,-233.432850136499,1.2528167396603664,False
2010-05-03,211.9737921331666,13.05904132217893,0.43272458080351045,198.48202623018415,1.2528167396603664,False
2010-05-04,-1723.4890940086511,0.0,0.27387854126474676,-1723.762972549916,1.3175678004158708,False
2010-05-05,-979.3562836522857,0.0,0.27387854126474676,-979.6301621935504,1.3175678004158708,False
2010-05-06,-1995.8516854090758,0.0,0.27387854126474676,-1996.1255639503406,1.3175678004158708,False
2010-05-07,54.89056581587113,0.0,0.27387854126474676,54.61668727460638,1.3175678004158708,False
2010-05-10,2190.104576991173,0.0,0.27387854126474676,2189.830698449908,1.3175678004158708,False
2010-05-11,-119.6508303322617,0.0,0.27387854126474676,-119.92470887352646,1.3175678004158708,False
2010-05-12,410.14838853694476,0.0,0.27387854126474676,409.87450999568,1.3175678004158708,False
2010-05-13,-521.2583433642569,0.0,0.27387854126474676,-521.5322219055216,1.3175678004158708,False
2010-05-14,-1166.6652987176178,0.0,0.27387854126474676,-1166.9391772588826,1.3175678004158708,False
2010-05-17,-485.2775565839425,0.0,0.27387854126474676,-485.55143512520726,1.3175678004158708,False
2010-05-18,-809.11772050824,0.0,0.27387854126474676,-809.3915990495047,1.3175678004158708,False
2010-05-19,-246.18105256091525,0.0,0.27387854126474676,-246.45493110217998,1.3175678004158708,False
2010-05-20,-1675.776443187521,0.0,0.27387854126474676,-1676.0503217287858,1.3175678004158708,False
2010-05-21,1078.4487694142874,0.0,0.27387854126474676,1078.1748908730226,1.3175678004158708,False
2010-05-24,-587.7281751708509,0.0,0.27387854126474676,-588.0020537121156,1.3175678004158708,False
2010-05-25,-351.1379828966064,0.0,0.27387854126474676,-351.41186143787115,1.3175678004158708,False
2010-05-26,-244.102798602786,0.0,0.27387854126474676,-244.37667714405075,1.3175678004158708,False
2010-05-27,2091.345823368654,0.0,0.27387854126474676,2091.071944827389,1.3175678004158708,False
2010-05-28,-552.5285824636924,0.0,0.27387854126474676,-552.8024610049571,1.3175678004158708,False
2010-06-01,-531.8337641223133,137.0073102597849,0.27387854126474676,-669.1149529233629,1.3175678004158708,False
2010-06-02,983.0189604037455,0.0,1.2986134538126206,981.7203469499328,2.0946496491211954,False
2010-06-03,-325.94196776170355,0.0,1.2986134538126206,-327.24058121551616,2.0946496491211954,False
2010-06-04,-908.3242805586971,0.0,1.2986134538126206,-909.6228940125097,2.0946496491211954,False
2010-06-07,-82.53565312690276,0.0,1.2986134538126206,-83.83426658071538,2.0946496491211954,False
2010-06-08,582.619703104859,0.0,1.2986134538126206,581.3210896510463,2.0946496491211954,False
2010-06-09,-63.833812916804625,0.0,1.2986134538126206,-65.13242637061724,2.0946496491211954,False
2010-06-10,769.0355863797183,0.0,1.2986134538126206,767.7369729259057,2.0946496491211954,False
2010-06-11,790.1443818716725,0.0,1.2986134538126206,788.8457684178599,2.0946496491211954,False
2010-06-14,-296.1884886380344,0.0,1.2986134538126206,-297.487102091847,2.0946496491211954,False
2010-06-15,734.0707986391649,0.0,1.2986134538126206,732.7721851853522,2.0946496491211954,False
2010-06-16,28.71314798979335,0.0,1.2986134538126206,27.414534535980728,2.0946496491211954,False
2010-06-17,142.7368170984751,0.0,1.2986134538126206,141.43820364466248,2.0946496491211954,False
2010-06-18,63.692238407128634,0.0,1.2986134538126206,62.393624953316014,2.0946496491211954,False
2010-06-21,248.34686561427694,0.0,1.2986134538126206,247.04825216046433,2.0946496491211954,False
2010-06-22,-387.75574565552523,0.0,1.2986134538126206,-389.05435910933784,2.0946496491211954,False
2010-06-23,170.14033319056932,0.0,1.2986134538126206,168.84171973675672,2.0946496491211954,False
2010-06-24,-835.1329218652063,0.0,1.2986134538126206,-836.431535319019,2.0946496491211954,False
2010-06-25,414.5306681957978,0.0,1.2986134538126206,413.23205474198517,2.0946496491211954,False
2010-06-28,138.0001870126374,0.0,1.2986134538126206,136.7015735588248,2.0946496491211954,False
2010-06-29,-1270.9274297888012,0.0,1.2986134538126206,-1272.2260432426137,2.0946496491211954,False
2010-06-30,-509.52001360624604,0.0,1.2986134538126206,-510.81862706005865,2.0946496491211954,False
2010-07-01,-771.7216343122578,22.378633811030767,1.2986134538126206,-795.3988815771013,2.0946496491211954,True
2010-07-02,-293.68626641331707,0.0,1.0464853495318212,-294.7327517628489,2.083339770467542,True
2010-07-06,550.7443711326092,0.0,1.0464853495318212,549.6978857830774,2.083339770467542,True
2010-07-07,1141.9576079963228,0.0,1.0464853495318212,1140.911122646791,2.083339770467542,True
2010-07-08,229.9993928978934,0.0,1.0464853495318212,228.95290754836157,2.083339770467542,True
2010-07-09,457.6698768740546,0.0,1.0464853495318212,456.62339152452273,2.083339770467542,True
2010-07-12,11.706910054809017,0.0,1.0464853495318212,10.660424705277196,2.083339770467542,True
2010-07-13,361.0774468563259,0.0,1.0464853495318212,360.03096150679403,2.083339770467542,True
2010-07-14,193.40431851378332,0.0,1.0464853495318212,192.3578331642515,2.083339770467542,True
2010-07-15,-374.8278017577669,0.0,1.0464853495318212,-375.87428710729876,2.083339770467542,True
2010-07-16,-1224.8860202763415,0.0,1.0464853495318212,-1225.9325056258733,2.083339770467542,True
2010-07-19,199.29956583953373,0.0,1.0464853495318212,198.2530804900019,2.083339770467542,True
2010-07-20,932.91776689174,0.0,1.0464853495318212,931.8712815422082,2.083339770467542,True
2010-07-21,29.314956266960312,0.0,1.0464853495318212,28.26847091742849,2.083339770467542,True
2010-07-22,1065.1044601811311,0.0,1.0464853495318212,1064.0579748315993,2.083339770467542,True
2010-07-23,216.6286426021834,0.0,1.0464853495318212,215.58215725265157,2.083339770467542,True
2010-07-26,509.994345248722,0.0,1.0464853495318212,508.9478598991902,2.083339770467542,True
2010-07-27,-489.98738731319787,0.0,1.0464853495318212,-491.0338726627297,2.083339770467542,True
2010-07-28,-53.19308665257682,0.0,1.0464853495318212,-54.23957200210864,2.083339770467542,True
2010-07-29,-79.87743254774668,0.0,1.0464853495318212,-80.9239178972785,2.083339770467542,True
2010-07-30,330.7897322156154,0.0,1.0464853495318212,329.74324686608355,2.083339770467542,True
2010-08-02,960.3132112980518,75.78997181506158,1.0464853495318212,883.4767541334584,2.083339770467542,True
2010-08-03,86.13118487694992,0.0,0.33437891430186256,85.79680596264805,1.544030231457299,True
2010-08-04,168.00511490811246,0.0,0.33437891430186256,167.6707359938106,1.544030231457299,True
2010-08-05,-26.961831901849724,0.0,0.33437891430186256,-27.296210816151586,1.544030231457299,True
2010-08-06,122.12524604077697,0.0,0.33437891430186256,121.7908671264751,1.544030231457299,True
2010-08-09,263.3741255344541,0.0,0.33437891430186256,263.03974662015224,1.544030231457299,True
2010-08-10,-327.39131441486734,0.0,0.33437891430186256,-327.7256933291692,1.544030231457299,True
2010-08-11,-1177.930293947167,0.0,0.33437891430186256,-1178.2646728614689,1.544030231457299,True
2010-08-12,-182.06570909082362,0.0,0.33437891430186256,-182.40008800512547,1.544030231457299,True
2010-08-13,119.44451959126746,0.0,0.33437891430186256,119.1101406769656,1.544030231457299,True
2010-08-16,588.5517720038575,0.0,0.33437891430186256,588.2173930895557,1.544030231457299,True
2010-08-17,574.5023077753084,0.0,0.33437891430186256,574.1679288610065,1.544030231457299,True
2010-08-18,77.45063579058692,0.0,0.33437891430186256,77.11625687628505,1.544030231457299,True
2010-08-19,-334.7932933958359,0.0,0.33437891430186256,-335.12767231013777,1.544030231457299,True
2010-08-20,-306.3193806735684,0.0,0.33437891430186256,-306.65375958787024,1.544030231457299,True
2010-08-23,-106.29289772537435,0.0,0.33437891430186256,-106.62727663967621,1.544030231457299,True
2010-08-24,-189.02319946054533,0.0,0.33437891430186256,-189.35757837484718,1.544030231457299,True
2010-08-25,302.3133458871605,0.0,0.33437891430186256,301.97896697285864,1.544030231457299,True
2010-08-26,208.44260868460498,0.0,0.33437891430186256,208.10822977030313,1.544030231457299,True
2010-08-27,359.9723808978634,0.0,0.33437891430186256,359.63800198356154,1.544030231457299,True
2010-08-30,-9.499481553001845,0.0,0.33437891430186256,-9.833860467303706,1.544030231457299,True
2010-08-31,317.9853838854816,0.0,0.33437891430186256,317.65100497117976,1.544030231457299,True
2010-09-01,982.0094220786976,43.46403724083866,0.33437891430186256,938.2110059235571,1.544030231457299,True
2010-09-02,322.5608776442607,0.0,0.6047391997989967,321.9561384444617,1.9374814956044293,True
2010-09-03,204.4035515000279,0.0,0.6047391997989967,203.79881230022892,1.9374814956044293,True
2010-09-07,161.7726186762237,0.0,0.6047391997989967,161.1678794764247,1.9374814956044293,True
2010-09-08,-9.247740730288607,0.0,0.6047391997989967,-9.852479930087604,1.9374814956044293,True
2010-09-09,-220.58352607847155,0.0,0.6047391997989967,-221.18826527827053,1.9374814956044293,True
2010-09-10,-116.1703234423041,0.0,0.6047391997989967,-116.7750626421031,1.9374814956044293,True
2010-09-13,1132.4193281619312,0.0,0.6047391997989967,1131.8145889621321,1.9374814956044293,True
2010-09-14,335.83571960521516,0.0,0.6047391997989967,335.2309804054162,1.9374814956044293,True
2010-09-15,-373.358609331702,0.0,0.6047391997989967,-373.96334853150097,1.9374814956044293,True
2010-09-16,-287.92408296134874,0.0,0.6047391997989967,-288.52882216114773,1.9374814956044293,True
2010-09-17,149.89445089843025,0.0,0.6047391997989967,149.28971169863127,1.9374814956044293,True
2010-09-20,877.1413280870745,0.0,0.6047391997989967,876.5365888872755,1.9374814956044293,True
2010-09-21,305.5767841399393,0.0,0.6047391997989967,304.97204494014034,1.9374814956044293,True
2010-09-22,111.41708400175216,0.0,0.6047391997989967,110.81234480195316,1.9374814956044293,True
2010-09-23,-390.72996049200685,0.0,0.6047391997989967,-391.33469969180584,1.9374814956044293,True
2010-09-24,769.7781406257225,0.0,0.6047391997989967,769.1734014259234,1.9374814956044293,True
2010-09-27,181.70488581329846,0.0,0.6047391997989967,181.10014661349948,1.9374814956044293,True
2010-09-28,573.45260748071,0.0,0.6047391997989967,572.8478682809109,1.9374814956044293,True
2010-09-29,-211.81081578973078,0.0,0.6047391997989967,-212.41555498952977,1.9374814956044293,True
2010-09-30,91.25495089502566,0.0,0.6047391997989967,90.65021169522666,1.9374814956044293,True
2010-10-01,303.1887995318791,37.52307683018084,0.6047391997989967,265.0609835018993,1.9374814956044293,True
2010-10-04,-125.20566489787608,0.0,0.36778538557324675,-125.57345028344932,1.6237119546920606,True
2010-10-05,1229.5703751788176,0.0,0.36778538557324675,1229.2025897932444,1.6237119546920606,True
2010-10-06,482.8629444560902,0.0,0.36778538557324675,482.49515907051693,1.6237119546920606,True
2010-10-07,-156.36306408094936,0.0,0.36778538557324675,-156.7308494665226,1.6237119546920606,True
2010-10-08,1016.6301588226589,0.0,0.36778538557324675,1016.2623734370857,1.6237119546920606,True
2010-10-11,49.09962472320563,0.0,0.36778538557324675,48.73183933763238,1.6237119546920606,True
2010-10-12,156.02335604209642,0.0,0.36778538557324675,155.65557065652317,1.6237119546920606,True
2010-10-13,640.3881379850297,0.0,0.36778538557324675,640.0203525994565,1.6237119546920606,True
2010-10-14,-82.82522998029475,0.0,0.36778538557324675,-83.19301536586799,1.6237119546920606,True
2010-10-15,-426.62673790175205,0.0,0.36778538557324675,-426.9945232873253,1.6237119546920606,True
2010-10-18,598.3395840935676,0.0,0.36778538557324675,597.9717987079944,1.6237119546920606,True
2010-10-19,-1433.1168983242364,0.0,0.36778538557324675,-1433.4846837098096,1.6237119546920606,True
2010-10-20,1122.1865835195392,0.0,0.36778538557324675,1121.818798133966,1.6237119546920606,True
2010-10-21,-491.52617973437924,0.0,0.36778538557324675,-491.8939651199525,1.6237119546920606,True
2010-10-22,290.7899961204537,0.0,0.36778538557324675,290.4222107348804,1.6237119546920606,True
2010-10-25,580.4567134646472,0.0,0.36778538557324675,580.088928079074,1.6237119546920606,True
2010-10-26,-397.769313142945,0.0,0.36778538557324675,-398.13709852851827,1.6237119546920606,True
2010-10-27,-741.3948616959924,0.0,0.36778538557324675,-741.7626470815657,1.6237119546920606,True
2010-10-28,257.21163369408816,0.0,0.36778538557324675,256.8438483085149,1.6237119546920606,True
2010-10-29,236.66282489213057,0.0,0.36778538557324675,236.29503950655732,1.6237119546920606,True
2010-11-01,259.6132042215176,24.60216740229908,0.36778538557324675,234.64325143364528,1.6237119546920606,True
2010-11-02,870.5749352936292,0.0,0.5672066228385814,870.0077286707906,1.5912026792321585,True
2010-11-03,206.16236039315257,0.0,0.5672066228385814,205.595153770314,1.5912026792321585,True
2010-11-04,1658.4977288432863,0.0,0.5672066228385814,1657.9305222204478,1.5912026792321585,True
2010-11-05,-158.1920099110085,0.0,0.5672066228385814,-158.75921653384708,1.5912026792321585,True
2010-11-08,-158.0346831369576,0.0,0.5672066228385814,-158.60188975979617,1.5912026792321585,True
2010-11-09,-1332.7336293315896,0.0,0.5672066228385814,-1333.300835954428,1.5912026792321585,True
2010-11-10,222.7078888345006,0.0,0.5672066228385814,222.14068221166204,1.5912026792321585,True
2010-11-11,-475.05418307264915,0.0,0.5672066228385814,-475.6213896954877,1.5912026792321585,True
2010-11-12,-1414.706633764097,0.0,0.5672066228385814,-1415.2738403869355,1.5912026792321585,True
2010-11-15,-783.6505159182437,0.0,0.5672066228385814,-784.2177225410824,1.5912026792321585,True
2010-11-16,-1241.012262179055,0.0,0.5672066228385814,-1241.5794688018934,1.5912026792321585,True
2010-11-17,215.47732023015183,0.0,0.5672066228385814,214.91011360731326,1.5912026792321585,True
2010-11-18,1127.0259584884152,0.0,0.5672066228385814,1126.4587518655767,1.5912026792321585,True
2010-11-19,-7.6315104923312145,0.0,0.5672066228385814,-8.198717115169796,1.5912026792321585,True
2010-11-22,178.59146425604564,0.0,0.5672066228385814,178.02425763320707,1.5912026792321585,True
2010-11-23,-978.9479346874302,0.0,0.5672066228385814,-979.5151413102689,1.5912026792321585,True
2010-11-24,456.29605907224897,0.0,0.5672066228385814,455.7288524494104,1.5912026792321585,True
2010-11-26,-629.8270938170006,0.0,0.5672066228385814,-630.3943004398392,1.5912026792321585,True
2010-11-29,152.92606445731937,0.0,0.5672066228385814,152.3588578344808,1.5912026792321585,True
2010-11-30,-232.35286203306828,0.0,0.5672066228385814,-232.92006865590685,1.5912026792321585,True
2010-12-01,736.4801580501569,31.08494247903494,0.5672066228385814,704.8280089482834,1.5912026792321585,True
2010-12-02,779.4665084364185,0.0,0.5621874325578912,778.9043210038607,1.6881588618928562,True
2010-12-03,362.9900693797204,0.0,0.5621874325578912,362.4278819471625,1.6881588618928562,True
2010-12-06,277.47257074210245,0.0,0.5621874325578912,276.91038330954456,1.6881588618928562,True
2010-12-07,-748.0821181868705,0.0,0.5621874325578912,-748.6443056194283,1.6881588618928562,True
2010-12-08,-634.8674096814105,0.0,0.5621874325578912,-635.4295971139684,1.6881588618928562,True
2010-12-09,163.6260016499814,0.0,0.5621874325578912,163.0638142174235,1.6881588618928562,True
2010-12-10,-27.543394154390853,0.0,0.5621874325578912,-28.105581586948745,1.6881588618928562,True
2010-12-13,464.70545857118447,0.0,0.5621874325578912,464.1432711386266,1.6881588618928562,True
2010-12-14,-199.01280922257314,0.0,0.5621874325578912,-199.57499665513103,1.6881588618928562,True
2010-12-15,-686.6341032439676,0.0,0.5621874325578912,-687.1962906765255,1.6881588618928562,True
2010-12-16,239.08630486413227,0.0,0.5621874325578912,238.52411743157438,1.6881588618928562,True
2010-12-17,482.31351583400567,0.0,0.5621874325578912,481.7513284014478,1.6881588618928562,True
2010-12-20,360.5735954984264,0.0,0.5621874325578912,360.0114080658685,1.6881588618928562,True
2010-12-21,826.6078046805025,0.0,0.5621874325578912,826.0456172479446,1.6881588618928562,True
2010-12-22,273.4578776150087,0.0,0.5621874325578912,272.89569018245083,1.6881588618928562,True
2010-12-23,-176.0756960061752,0.0,0.5621874325578912,-176.6378834387331,1.6881588618928562,True
2010-12-27,240.21723406302672,0.0,0.5621874325578912,239.65504663046883,1.6881588618928562,True
2010-12-28,-5.283742811806262,0.0,0.5621874325578912,-5.845930244364154,1.6881588618928562,True
2010-12-29,719.7911283368717,0.0,0.5621874325578912,719.2289409043138,1.6881588618928562,True
2010-12-30,-39.59501015683449,0.0,0.5621874325578912,-40.15719758939238,1.6881588618928562,True
2010-12-31,384.7543094752551,0.0,0.5621874325578912,384.19212204269724,1.6881588618928562,True
2011-01-03,419.5438452452536,53.5786410957888,0.5621874325578912,365.4030167169069,1.6881588618928562,True
2011-01-04,-589.095309609208,0.0,0.45136408604791123,-589.5466736952559,1.3439794281738244,True
2011-01-05,-387.9252164782891,0.0,0.45136408604791123,-388.376580564337,1.3439794281738244,True
2011-01-06,-419.63005717315525,0.0,0.45136408604791123,-420.0814212592032,1.3439794281738244,True
2011-01-07,30.56809176983267,0.0,0.45136408604791123,30.11672768378476,1.3439794281738244,True
2011-01-10,97.36204945725139,0.0,0.45136408604791123,96.91068537120347,1.3439794281738244,True
2011-01-11,181.10780351214822,0.0,0.45136408604791123,180.65643942610032,1.3439794281738244,True
2011-01-12,624.5221656215175,0.0,0.45136408604791123,624.0708015354696,1.3439794281738244,True
2011-01-13,43.68912423054782,0.0,0.45136408604791123,43.23776014449991,1.3439794281738244,True
2011-01-14,31.434873952937025,0.0,0.45136408604791123,30.983509866889115,1.3439794281738244,True
2011-01-18,157.65304244501087,0.0,0.45136408604791123,157.20167835896297,1.3439794281738244,True
2011-01-19,-271.1355630749367,0.0,0.45136408604791123,-271.58692716098466,1.3439794281738244,True
2011-01-20,-959.516641680259,0.0,0.45136408604791123,-959.9680057663069,1.3439794281738244,True
2011-01-21,170.70520571445604,0.0,0.45136408604791123,170.25384162840814,1.3439794281738244,True
2011-01-24,328.01021304114994,0.0,0.45136408604791123,327.558848955102,1.3439794281738244,True
2011-01-25,183.3151795027981,0.0,0.45136408604791123,182.86381541675019,1.3439794281738244,True
2011-01-26,270.0996046931541,0.0,0.45136408604791123,269.6482406071062,1.3439794281738244,True
2011-01-27,-58.277182378835114,0.0,0.45136408604791123,-58.728546464883024,1.3439794281738244,True
2011-01-28,-357.0207287504061,0.0,0.45136408604791123,-357.472092836454,1.3439794281738244,True
2011-01-31,435.0461691452867,0.0,0.45136408604791123,434.59480505923875,1.3439794281738244,True
2011-02-01,804.61608142326,14.9973246815474,0.45136408604791123,789.1673926556647,1.3439794281738244,True
2011-02-02,-90.13579806384836,0.0,0.31022331000621406,-90.44602137385456,1.3914186153442263,True
2011-02-03,-88.27646936768,0.0,0.31022331000621406,-88.5866926776862,1.3914186153442263,True
2011-02-04,-419.74981589477335,0.0,0.31022331000621406,-420.06003920477957,1.3914186153442263,True
2011-02-07,115.06348457768368,0.0,0.31022331000621406,114.75326126767747,1.3914186153442263,True
2011-02-08,39.92879191065336,0.0,0.31022331000621406,39.618568600647144,1.3914186153442263,True
2011-02-09,-241.60463366336228,0.0,0.31022331000621406,-241.9148569733685,1.3914186153442263,True
2011-02-10,-412.84839484854183,0.0,0.31022331000621406,-413.15861815854805,1.3914186153442263,True
2011-02-11,319.5278984309089,0.0,0.31022331000621406,319.2176751209027,1.3914186153442263,True
2011-02-14,235.4653840192681,0.0,0.31022331000621406,235.15516070926188,1.3914186153442263,True
2011-02-15,-209.76796357940526,0.0,0.31022331000621406,-210.07818688941148,1.3914186153442263,True
2011-02-16,515.1615330177297,0.0,0.31022331000621406,514.8513097077234,1.3914186153442263,True
2011-02-17,652.4511325146593,0.0,0.31022331000621406,652.1409092046531,1.3914186153442263,True
2011-02-18,319.68413534596243,0.0,0.31022331000621406,319.3739120359562,1.3914186153442263,True
2011-02-22,-763.8714512521684,0.0,0.31022331000621406,-764.1816745621746,1.3914186153442263,True
2011-02-23,215.0634117316916,0.0,0.31022331000621406,214.75318842168537,1.3914186153442263,True
2011-02-24,22.378280705062128,0.0,0.31022331000621406,22.068057395055913,1.3914186153442263,True
2011-02-25,1063.3079921632318,0.0,0.31022331000621406,1062.9977688532256,1.3914186153442263,True
2011-02-28,681.431091203141,0.0,0.31022331000621406,681.1208678931348,1.3914186153442263,True
2011-03-01,-456.91894794681764,12.360651264635461,0.31022331000621406,-469.5898225214593,1.3914186153442263,True
2011-03-02,226.858052348057,0.0,0.19112430054431495,226.66692804751267,1.382639389544336,True
2011-03-03,266.0774827297609,0.0,0.19112430054431495,265.8863584292166,1.382639389544336,True
2011-03-04,251.64338337227602,0.0,0.19112430054431495,251.4522590717317,1.382639389544336,True
2011-03-07,-533.4226468329774,0.0,0.19112430054431495,-533.6137711335217,1.382639389544336,True
2011-03-08,95.43125366331795,0.0,0.19112430054431495,95.24012936277363,1.382639389544336,True
2011-03-09,102.33240573110743,0.0,0.19112430054431495,102.14128143056311,1.382639389544336,True
2011-03-10,-1114.7921054879987,0.0,0.19112430054431495,-1114.983229788543,1.382639389544336,True
2011-03-11,377.7927046771659,0.0,0.19112430054431495,377.6015803766216,1.382639389544336,True
2011-03-14,-266.5413776253755,0.0,0.19112430054431495,-266.7325019259198,1.382639389544336,True
2011-03-15,-1158.612030047615,0.0,0.19112430054431495,-1158.8031543481593,1.382639389544336,True
2011-03-16,-698.0677700789322,0.0,0.19112430054431495,-698.2588943794765,1.382639389544336,True
2011-03-17,1204.6778325382277,0.0,0.19112430054431495,1204.4867082376834,1.382639389544336,True
2011-03-18,717.3042878455783,0.0,0.19112430054431495,717.113163545034,1.382639389544336,True
2011-03-21,846.5821149848781,0.0,0.19112430054431495,846.3909906843338,1.382639389544336,True
2011-03-22,-36.022877050522006,0.0,0.19112430054431495,-36.21400135106632,1.382639389544336,True
2011-03-23,-9.983255443909663,0.0,0.19112430054431495,-10.174379744453978,1.382639389544336,True
2011-03-24,320.75278972830995,0.0,0.19112430054431495,320.56166542776566,1.382639389544336,True
2011-03-25,-399.79987744527443,0.0,0.19112430054431495,-399.9910017458187,1.382639389544336,True
2011-03-28,-207.75637813378773,0.0,0.19112430054431495,-207.94750243433205,1.382639389544336,True
2011-03-29,131.00227113782663,0.0,0.19112430054431495,130.8111468372823,1.382639389544336,True
2011-03-30,608.3862557881396,0.0,0.19112430054431495,608.1951314875953,1.382639389544336,True
2011-03-31,232.14204532405986,0.0,0.19112430054431495,231.95092102351555,1.382639389544336,True
2011-04-01,419.6506191659051,11.334448798889188,0.19112430054431495,408.1250460664716,1.382639389544336,True
2011-04-04,297.51476664398484,0.0,0.2140798994323735,297.3006867445525,1.4790798713445263,True
2011-04-05,-42.7220420035001,0.0,0.2140798994323735,-42.93612190293247,1.4790798713445263,True
2011-04-06,325.94109924901306,0.0,0.2140798994323735,325.7270193495807,1.4790798713445263,True
2011-04-07,-211.37971002506634,0.0,0.2140798994323735,-211.5937899244987,1.4790798713445263,True
2011-04-08,546.361802929394,0.0,0.2140798994323735,546.1477230299616,1.4790798713445263,True
2011-04-11,-426.3562685484237,0.0,0.2140798994323735,-426.5703484478561,1.4790798713445263,True
2011-04-12,-308.4907480664565,0.0,0.2140798994323735,-308.70482796588885,1.4790798713445263,True
2011-04-13,283.7914793805885,0.0,0.2140798994323735,283.57739948115614,1.4790798713445263,True
2011-04-14,467.4838967822056,0.0,0.2140798994323735,467.2698168827732,1.4790798713445263,True
2011-04-15,487.96145116062416,0.0,0.2140798994323735,487.7473712611918,1.4790798713445263,True
2011-04-18,-685.5149471069303,0.0,0.2140798994323735,-685.7290270063627,1.4790798713445263,True
2011-04-19,536.9509776598843,0.0,0.2140798994323735,536.7368977604519,1.4790798713445263,True
2011-04-20,1165.8282681567007,0.0,0.2140798994323735,1165.6141882572683,1.4790798713445263,True
2011-04-21,584.2466439922019,0.0,0.2140798994323735,584.0325640927696,1.4790798713445263,True
2011-04-25,85.89073380973008,0.0,0.2140798994323735,85.6766539102977,1.4790798713445263,True
2011-04-26,468.287535795955,0.0,0.2140798994323735,468.07345589652266,1.4790798713445263,True
2011-04-27,583.8809774896879,0.0,0.2140798994323735,583.6668975902555,1.4790798713445263,True
2011-04-28,354.78437973720406,0.0,0.2140798994323735,354.5702998377717,1.4790798713445263,True
2011-04-29,376.68559266910756,0.0,0.2140798994323735,376.4715127696752,1.4790798713445263,True
2011-05-02,-295.7157227353026,7.447425184769185,0.2140798994323735,-303.3772278195042,1.4790798713445263,True
2011-05-03,-568.8616001595642,0.0,0.221675717303547,-569.0832758768678,1.5670312015756953,True
2011-05-04,-655.6418191538693,0.0,0.221675717303547,-655.8634948711729,1.5670312015756953,True
2011-05-05,-1447.0490742062177,0.0,0.221675717303547,-1447.2707499235212,1.5670312015756953,True
2011-05-06,83.83153668954645,0.0,0.221675717303547,83.60986097224291,1.5670312015756953,True
2011-05-09,889.6919242032975,0.0,0.221675717303547,889.4702484859939,1.5670312015756953,True
2011-05-10,295.97663955595783,0.0,0.221675717303547,295.7549638386543,1.5670312015756953,True
2011-05-11,-1305.3236889841555,0.0,0.221675717303547,-1305.545364701459,1.5670312015756953,True
2011-05-12,60.3260364436946,0.0,0.221675717303547,60.10436072639105,1.5670312015756953,True
2011-05-13,-720.8103970773653,0.0,0.221675717303547,-721.0320727946689,1.5670312015756953,True
2011-05-16,-108.22436670152665,0.0,0.221675717303547,-108.44604241883019,1.5670312015756953,True
2011-05-17,336.0593664827348,0.0,0.221675717303547,335.83769076543126,1.5670312015756953,True
2011-05-18,521.5918642407659,0.0,0.221675717303547,521.3701885234623,1.5670312015756953,True
2011-05-19,195.31747651030918,0.0,0.221675717303547,195.09580079300562,1.5670312015756953,True
2011-05-20,-477.7753144578743,0.0,0.221675717303547,-477.9969901751778,1.5670312015756953,True
2011-05-23,-1211.8182196370283,0.0,0.221675717303547,-1212.0398953543317,1.5670312015756953,True
2011-05-24,568.3190582176611,0.0,0.221675717303547,568.0973825003575,1.5670312015756953,True
2011-05-25,408.3715091493498,0.0,0.221675717303547,408.14983343204625,1.5670312015756953,True
2011-05-26,746.025623322898,0.0,0.221675717303547,745.8039476055944,1.5670312015756953,True
2011-05-27,784.8681581331977,0.0,0.221675717303547,784.6464824158941,1.5670312015756953,True
2011-05-31,827.419449779079,0.0,0.221675717303547,827.1977740617754,1.5670312015756953,True
2011-06-01,-999.0070072393779,7.716756936337377,0.221675717303547,-1006.9454398930188,1.5670312015756953,True
2011-06-02,-33.680694726111504,0.0,0.20987478552673125,-33.89056951163823,1.5809439168074277,True
2011-06-03,326.34865931518607,0.0,0.20987478552673125,326.13878452965935,1.5809439168074277,True
2011-06-06,-773.3226589822772,0.0,0.20987478552673125,-773.5325337678039,1.5809439168074277,True
2011-06-07,576.7493091166094,0.0,0.20987478552673125,576.5394343310827,1.5809439168074277,True
2011-06-08,-353.4126245322991,0.0,0.20987478552673125,-353.6224993178258,1.5809439168074277,True
2011-06-09,23.982801558461322,0.0,0.20987478552673125,23.77292677293459,1.5809439168074277,True
2011-06-10,-1358.1545701560046,0.0,0.20987478552673125,-1358.3644449415315,1.5809439168074277,True
2011-06-13,137.91882192354714,0.0,0.20987478552673125,137.70894713802042,1.5809439168074277,True
2011-06-14,658.9023824474178,0.0,0.20987478552673125,658.6925076618911,1.5809439168074277,True
2011-06-15,-1278.986193918735,0.0,0.20987478552673125,-1279.1960687042617,1.5809439168074277,True
2011-06-16,-174.12573633089997,0.0,0.20987478552673125,-174.3356111164267,1.5809439168074277,True
2011-06-17,471.59221588456694,0.0,0.20987478552673125,471.3823410990402,1.5809439168074277,True
2011-06-20,125.854167615111,0.0,0.20987478552673125,125.64429282958426,1.5809439168074277,True
2011-06-21,944.5419167798399,0.0,0.20987478552673125,944.3320419943132,1.5809439168074277,True
2011-06-22,-433.689539246075,0.0,0.20987478552673125,-433.89941403160174,1.5809439168074277,True
2011-06-23,-422.18044812617455,0.0,0.20987478552673125,-422.3903229117013,1.5809439168074277,True
2011-06-24,-524.3052834896991,0.0,0.20987478552673125,-524.5151582752259,1.5809439168074277,True
2011-06-27,125.8337828609139,0.0,0.20987478552673125,125.62390807538716,1.5809439168074277,True
2011-06-28,563.1207688784308,0.0,0.20987478552673125,562.9108940929041,1.5809439168074277,True
2011-06-29,838.3336266971039,0.0,0.20987478552673125,838.1237519115772,1.5809439168074277,True
2011-06-30,405.20950246869666,0.0,0.20987478552673125,404.99962768316993,1.5809439168074277,True
2011-07-01,560.0456204178688,9.812187595795702,0.20987478552673125,550.0235580365464,1.5809439168074277,True
2011-07-05,230.8676477377202,0.0,0.2905109454988276,230.57713679222138,1.5367179587280373,True
2011-07-06,-52.82639108589364,0.0,0.2905109454988276,-53.11690203139247,1.5367179587280373,True
2011-07-07,596.1653893342831,0.0,0.2905109454988276,595.8748783887843,1.5367179587280373,True
2011-07-08,-54.1654765221599,0.0,0.2905109454988276,-54.45598746765873,1.5367179587280373,True
2011-07-11,-1301.0785612155414,0.0,0.2905109454988276,-1301.3690721610403,1.5367179587280373,True
2011-07-12,73.8217267596992,0.0,0.2905109454988276,73.53121581420038,1.5367179587280373,True
2011-07-13,1010.2507418059663,0.0,0.2905109454988276,1009.9602308604675,1.5367179587280373,True
2011-07-14,-507.0592481294009,0.0,0.2905109454988276,-507.34975907489974,1.5367179587280373,True
2011-07-15,419.0732672448352,0.0,0.2905109454988276,418.78275629933637,1.5367179587280373,True
2011-07-18,-547.7061354026192,0.0,0.2905109454988276,-547.996646348118,1.5367179587280373,True
2011-07-19,781.818598776378,0.0,0.2905109454988276,781.5280878308793,1.5367179587280373,True
2011-07-20,451.0504653812814,0.0,0.2905109454988276,450.75995443578256,1.5367179587280373,True
2011-07-21,661.4175995832886,0.0,0.2905109454988276,661.1270886377898,1.5367179587280373,True
2011-07-22,347.6103907903205,0.0,0.2905109454988276,347.3198798448216,1.5367179587280373,True
2011-07-25,-215.8873833790191,0.0,0.2905109454988276,-216.17789432451792,1.5367179587280373,True
2011-07-26,631.6047360740821,0.0,0.2905109454988276,631.3142251285833,1.5367179587280373,True
2011-07-27,-1158.3573694627792,0.0,0.2905109454988276,-1158.647880408278,1.5367179587280373,True
2011-07-28,89.20736485548713,0.0,0.2905109454988276,88.9168539099883,1.5367179587280373,True
2011-07-29,499.2326832863354,0.0,0.2905109454988276,498.9421723408365,1.5367179587280373,True
2011-08-01,-306.79452861323165,7.910455040467646,0.2905109454988276,-314.99549459919814,1.5367179587280373,True
2011-08-02,-638.7238948341337,0.0,0.20181033689137068,-638.9257051710251,1.5266244220120277,True
2011-08-03,11.851527964902099,0.0,0.20181033689137068,11.649717628010729,1.5266244220120277,True
2011-08-04,-3076.3110492694505,0.0,0.20181033689137068,-3076.512859606342,1.5266244220120277,True
2011-08-05,-660.0025727904305,0.0,0.20181033689137068,-660.2043831273219,1.5266244220120277,True
2011-08-08,-3617.8318703868063,0.0,0.20181033689137068,-3618.0336807236977,1.5266244220120277,True
2011-08-09,3790.6214372066074,0.0,0.20181033689137068,3790.419626869716,1.5266244220120277,True
2011-08-10,-1446.2362654465999,0.0,0.20181033689137068,-1446.4380757834913,1.5266244220120277,True
2011-08-11,1460.4644675166803,0.0,0.20181033689137068,1460.262657179789,1.5266244220120277,True
2011-08-12,389.8553181840725,0.0,0.20181033689137068,389.6535078471811,1.5266244220120277,True
2011-08-15,1657.0388144406434,0.0,0.20181033689137068,1656.837004103752,1.5266244220120277,True
2011-08-16,-155.69638901251398,0.0,0.20181033689137068,-155.89819934940536,1.5266244220120277,True
2011-08-17,742.5497916157115,0.0,0.20181033689137068,742.34798127882,1.5266244220120277,True
2011-08-18,-2099.394354556939,0.0,0.20181033689137068,-2099.5961648938305,1.5266244220120277,True
2011-08-19,-351.7624028286981,0.0,0.20181033689137068,-351.96421316558946,1.5266244220120277,True
2011-08-22,92.59143181918634,0.0,0.20181033689137068,92.38962148229497,1.5266244220120277,True
2011-08-23,1050.6193591942047,0.0,0.20181033689137068,1050.4175488573132,1.5266244220120277,True
2011-08-24,-729.801606206563,0.0,0.20181033689137068,-730.0034165434544,1.5266244220120277,True
2011-08-25,-604.0022712796903,0.0,0.20181033689137068,-604.2040816165817,1.5266244220120277,True
2011-08-26,1218.760274937844,0.0,0.20181033689137068,1218.5584646009527,1.5266244220120277,True
2011-08-29,1145.776169607685,0.0,0.20181033689137068,1145.5743592707936,1.5266244220120277,True
2011-08-30,434.3120353711077,0.0,0.20181033689137068,434.11022503421634,1.5266244220120277,True
2011-08-31,435.06780907259736,0.0,0.20181033689137068,434.865998735706,1.5266244220120277,True
2011-09-01,-257.2723075365487,31.83278003243767,0.20181033689137068,-289.3068979058777,1.5266244220120277,True
2011-09-02,-201.4397444691781,0.0,0.20525052455119774,-201.64499499372928,1.12724949703551,True
2011-09-06,-1138.1885790735223,0.0,0.20525052455119774,-1138.3938295980736,1.12724949703551,True
2011-09-07,809.8348483180025,0.0,0.20525052455119774,809.6295977934514,1.12724949703551,True
2011-09-08,-502.2398095754915,0.0,0.20525052455119774,-502.4450601000427,1.12724949703551,True
2011-09-09,-1149.480110219196,0.0,0.20525052455119774,-1149.6853607437472,1.12724949703551,True
2011-09-12,-207.04427087444247,0.0,0.20525052455119774,-207.24952139899366,1.12724949703551,True
2011-09-13,121.44833600290924,0.0,0.20525052455119774,121.24308547835804,1.12724949703551,True
2011-09-14,-16.266115202211644,0.0,0.20525052455119774,-16.47136572676284,1.12724949703551,True
2011-09-15,463.20372318525773,0.0,0.20525052455119774,462.9984726607065,1.12724949703551,True
2011-09-16,45.73471448033524,0.0,0.20525052455119774,45.529463955784045,1.12724949703551,True
2011-09-19,-839.4530953968936,0.0,0.20525052455119774,-839.6583459214447,1.12724949703551,True
2011-09-20,5.760582929376592,0.0,0.20525052455119774,5.5553324048253945,1.12724949703551,True
2011-09-21,-1220.7253637804263,0.0,0.20525052455119774,-1220.9306143049776,1.12724949703551,True
2011-09-22,-1702.789107754395,0.0,0.20525052455119774,-1702.9943582789463,1.12724949703551,True
2011-09-23,-365.90792838852167,0.0,0.20525052455119774,-366.1131789130729,1.12724949703551,True
2011-09-26,198.8207266140086,0.0,0.20525052455119774,198.61547608945742,1.12724949703551,True
2011-09-27,837.4900140091336,0.0,0.20525052455119774,837.2847634845824,1.12724949703551,True
2011-09-28,-1131.1457977776502,0.0,0.20525052455119774,-1131.3510483022014,1.12724949703551,True
2011-09-29,580.9689940136783,0.0,0.20525052455119774,580.7637434891271,1.12724949703551,True
2011-09-30,-1380.8416110409557,0.0,0.20525052455119774,-1381.046861565507,1.12724949703551,True
2011-10-03,-807.5904482078698,199.9148158301244,0.20525052455119774,-1007.7105145625454,1.12724949703551,True
2011-10-04,-260.3736268214925,0.0,2.795330422049587,-263.1689572435421,2.5158838516356403,True
2011-10-05,-433.6854590955647,0.0,2.795330422049587,-436.48078951761426,2.5158838516356403,True
2011-10-06,-628.8847750972175,0.0,2.795330422049587,-631.680105519267,2.5158838516356403,True
2011-10-07,-433.8402396913445,0.0,2.795330422049587,-436.63557011339407,2.5158838516356403,True
2011-10-10,-681.8511044861455,0.0,2.795330422049587,-684.646434908195,2.5158838516356403,True
2011-10-11,262.7322618239258,0.0,2.795330422049587,259.9369314018762,2.5158838516356403,True
2011-10-12,-573.899353880733,0.0,2.795330422049587,-576.6946843027825,2.5158838516356403,True
2011-10-13,209.85877333804802,0.0,2.795330422049587,207.06344291599845,2.5158838516356403,True
2011-10-14,-438.09879059871304,0.0,2.795330422049587,-440.8941210207626,2.5158838516356403,True
2011-10-17,681.0231485282734,0.0,2.795330422049587,678.2278181062238,2.5158838516356403,True
2011-10-18,154.97455301609367,0.0,2.795330422049587,152.1792225940441,2.5158838516356403,True
2011-10-19,193.3306358408309,0.0,2.795330422049587,190.53530541878132,2.5158838516356403,True
2011-10-20,297.5059039968397,0.0,2.795330422049587,294.71057357479015,2.5158838516356403,True
2011-10-21,-162.89567774197545,0.0,2.795330422049587,-165.69100816402502,2.5158838516356403,True
2011-10-24,-212.3085481371844,0.0,2.795330422049587,-215.10387855923398,2.5158838516356403,True
2011-10-25,1012.0883991065106,0.0,2.795330422049587,1009.293068684461,2.5158838516356403,True
2011-10-26,-589.3998426655339,0.0,2.795330422049587,-592.1951730875835,2.5158838516356403,True
2011-10-27,-874.5692075799508,0.0,2.795330422049587,-877.3645380020004,2.5158838516356403,True
2011-10-28,171.4213456904417,0.0,2.795330422049587,168.62601526839214,2.5158838516356403,True
2011-10-31,531.6871391683127,0.0,2.795330422049587,528.8918087462631,2.5158838516356403,True
2011-11-01,821.3638931305651,118.83602171505173,2.795330422049587,699.7325409934638,2.5158838516356403,True
2011-11-02,528.8154053538427,0.0,1.1968221831886803,527.618583170654,2.484518953910598,True
2011-11-03,593.8486086339409,0.0,1.1968221831886803,592.6517864507522,2.484518953910598,True
2011-11-04,-112.59804856885661,0.0,1.1968221831886803,-113.7948707520453,2.484518953910598,True
2011-11-07,372.5374375868524,0.0,1.1968221831886803,371.3406154036637,2.484518953910598,True
2011-11-08,59.135506471969165,0.0,1.1968221831886803,57.938684288780486,2.484518953910598,True
2011-11-09,-1318.2571840349804,0.0,1.1968221831886803,-1319.454006218169,2.484518953910598,True
2011-11-10,-18.78648248188208,0.0,1.1968221831886803,-19.983304665070758,2.484518953910598,True
2011-11-11,922.7318706917132,0.0,1.1968221831886803,921.5350485085245,2.484518953910598,True
2011-11-14,-437.48339708852194,0.0,1.1968221831886803,-438.6802192717106,2.484518953910598,True
2011-11-15,-195.60653048298445,0.0,1.1968221831886803,-196.80335266617314,2.484518953910598,True
2011-11-16,-88.78092672239794,0.0,1.1968221831886803,-89.97774890558662,2.484518953910598,True
2011-11-17,-956.2028082304147,0.0,1.1968221831886803,-957.3996304136034,2.484518953910598,True
2011-11-18,110.75254278266797,0.0,1.1968221831886803,109.55572059947929,2.484518953910598,True
2011-11-21,-854.6692858383553,0.0,1.1968221831886803,-855.866108021544,2.484518953910598,True
2011-11-22,-10.365162386140314,0.0,1.1968221831886803,-11.561984569328995,2.484518953910598,True
2011-11-23,-1224.465137641729,0.0,1.1968221831886803,-1225.6619598249176,2.484518953910598,True
2011-11-25,-861.273947294014,0.0,1.1968221831886803,-862.4707694772027,2.484518953910598,True
2011-11-28,998.1022968122421,0.0,1.1968221831886803,996.9054746290534,2.484518953910598,True
2011-11-29,367.9581982967149,0.0,1.1968221831886803,366.76137611352624,2.484518953910598,True
2011-11-30,902.5358623923211,0.0,1.1968221831886803,901.3390402091323,2.484518953910598,True
2011-12-01,175.8964896606189,58.47192143620975,1.1968221831886803,116.22774604122046,2.484518953910598,True
2011-12-02,414.33741030342634,0.0,1.6365687444312726,412.7008415589951,2.9613773045437,True
2011-12-05,274.22000995860924,0.0,1.6365687444312726,272.583441214178,2.9613773045437,True
2011-12-06,94.47002191812997,0.0,1.6365687444312726,92.8334531736987,2.9613773045437,True
2011-12-07,615.5033014045401,0.0,1.6365687444312726,613.8667326601088,2.9613773045437,True
2011-12-08,-481.6420162710922,0.0,1.6365687444312726,-483.27858501552345,2.9613773045437,True
2011-12-09,302.022511886293,0.0,1.6365687444312726,300.38594314186173,2.9613773045437,True
2011-12-12,-407.1599701708936,0.0,1.6365687444312726,-408.79653891532485,2.9613773045437,True
2011-12-13,-467.9022509972563,0.0,1.6365687444312726,-469.5388197416876,2.9613773045437,True
2011-12-14,-140.72384327137266,0.0,1.6365687444312726,-142.36041201580394,2.9613773045437,True
2011-12-15,270.89029028570866,0.0,1.6365687444312726,269.2537215412774,2.9613773045437,True
2011-12-16,778.7294588073447,0.0,1.6365687444312726,777.0928900629134,2.9613773045437,True
2011-12-19,43.97179564569593,0.0,1.6365687444312726,42.335226901264654,2.9613773045437,True
2011-12-20,601.6954517814642,0.0,1.6365687444312726,600.0588830370328,2.9613773045437,True
2011-12-21,-49.90135266945959,0.0,1.6365687444312726,-51.537921413890864,2.9613773045437,True
2011-12-22,138.42215364258522,0.0,1.6365687444312726,136.78558489815396,2.9613773045437,True
2011-12-23,-163.7845270852594,0.0,1.6365687444312726,-165.42109582969067,2.9613773045437,True
2011-12-27,536.0580255014769,0.0,1.6365687444312726,534.4214567570456,2.9613773045437,True
2011-12-28,-668.3217258105634,0.0,1.6365687444312726,-669.9582945549947,2.9613773045437,True
2011-12-29,402.6214432902051,0.0,1.6365687444312726,400.98487454577383,2.9613773045437,True
2011-12-30,383.8447634979869,0.0,1.6365687444312726,382.20819475355563,2.9613773045437,True
2012-01-03,570.2675740866523,106.69482182927511,1.6365687444312726,461.93618351294595,2.9613773045437,True
2012-01-04,-355.9529390493735,0.0,3.0020466036982234,-358.95498565307173,3.0,True
2012-01-05,545.3772871716396,0.0,3.0020466036982234,542.3752405679414,3.0,True
2012-01-06,411.7917420307947,0.0,3.0020466036982234,408.7896954270965,3.0,True
2012-01-09,-297.5316449061525,0.0,3.0020466036982234,-300.5336915098507,3.0,True
2012-01-10,-454.9626935444655,0.0,3.0020466036982234,-457.9647401481637,3.0,True
2012-01-11,587.2661451976016,0.0,3.0020466036982234,584.2640985939034,3.0,True
2012-01-12,-45.89699488435328,0.0,3.0020466036982234,-48.89904148805151,3.0,True
2012-01-13,606.1992698357308,0.0,3.0020466036982234,603.1972232320326,3.0,True
2012-01-17,16.075665284465288,0.0,3.0020466036982234,13.073618680767064,3.0,True
2012-01-18,-335.37578570250025,0.0,3.0020466036982234,-338.37783230619846,3.0,True
2012-01-19,-481.21186126469945,0.0,3.0020466036982234,-484.21390786839765,3.0,True
2012-01-20,-318.9034266223089,0.0,3.0020466036982234,-321.90547322600713,3.0,True
2012-01-23,-655.965453495033,0.0,3.0020466036982234,-658.9675000987312,3.0,True
2012-01-24,-189.29397694344726,0.0,3.0020466036982234,-192.2960235471455,3.0,True
2012-01-25,-41.00205212868786,0.0,3.0020466036982234,-44.00409873238608,3.0,True
2012-01-26,1009.0984935600557,0.0,3.0020466036982234,1006.0964469563575,3.0,True
2012-01-27,125.13412218743355,0.0,3.0020466036982234,122.13207558373533,3.0,True
2012-01-30,705.1009936223552,0.0,3.0020466036982234,702.098947018657,3.0,True
2012-01-31,612.2190188750479,0.0,3.0020466036982234,609.2169722713497,3.0,True
2012-02-01,-191.32729602333703,43.843900530717335,3.0020466036982234,-238.17324315775258,3.0,True
2012-02-02,150.23855245290503,0.0,2.44400450796907,147.79454794493594,3.0,True
2012-02-03,-645.3145960736637,0.0,2.44400450796907,-647.7586005816328,3.0,True
2012-02-06,92.6658599671392,0.0,2.44400450796907,90.22185545917013,3.0,True
2012-02-07,4.594882596566476,0.0,2.44400450796907,2.1508780885974064,3.0,True
2012-02-08,-164.65291030829297,0.0,2.44400450796907,-167.09691481626206,3.0,True
2012-02-09,-504.79108520109054,0.0,2.44400450796907,-507.2350897090596,3.0,True
2012-02-10,290.83531014970424,0.0,2.44400450796907,288.3913056417352,3.0,True
2012-02-13,426.3495826521816,0.0,2.44400450796907,423.90557814421254,3.0,True
2012-02-14,-171.55343610703653,0.0,2.44400450796907,-173.99744061500562,3.0,True
2012-02-15,-235.5927583796763,0.0,2.44400450796907,-238.03676288764538,3.0,True
2012-02-16,-450.91280833997587,0.0,2.44400450796907,-453.3568128479449,3.0,True
2012-02-17,-455.6247802295556,0.0,2.44400450796907,-458.06878473752465,3.0,True
2012-02-21,-149.04369364820178,0.0,2.44400450796907,-151.48769815617086,3.0,True
2012-02-22,184.11984427600692,0.0,2.44400450796907,181.67583976803783,3.0,True
2012-02-23,703.0069835119857,0.0,2.44400450796907,700.5629790040166,3.0,True
2012-02-24,-445.17679138081337,0.0,2.44400450796907,-447.6207958887824,3.0,True
2012-02-27,473.87642661822815,0.0,2.44400450796907,471.4324221102591,3.0,True
2012-02-28,-61.333181069367576,0.0,2.44400450796907,-63.777185577336645,3.0,True
2012-02-29,-691.9159480223867,0.0,2.44400450796907,-694.3599525303558,3.0,True
2012-03-01,0.5688843027940645,105.39681205620393,2.44400450796907,-107.27193226137894,3.0,True
2012-03-02,-149.0501523422519,0.0,1.7238247405588756,-150.77397708281077,2.468448643106643,True
2012-03-05,-50.121366660074194,0.0,1.7238247405588756,-51.84519140063307,2.468448643106643,True
2012-03-06,-734.8982124390784,0.0,1.7238247405588756,-736.6220371796372,2.468448643106643,True
2012-03-07,461.51771404876575,0.0,1.7238247405588756,459.7938893082069,2.468448643106643,True
2012-03-08,375.25417915848516,0.0,1.7238247405588756,373.5303544179263,2.468448643106643,True
2012-03-09,-62.564247310844266,0.0,1.7238247405588756,-64.28807205140315,2.468448643106643,True
2012-03-12,62.00252161999908,0.0,1.7238247405588756,60.278696879440204,2.468448643106643,True
2012-03-13,149.00483359378057,0.0,1.7238247405588756,147.2810088532217,2.468448643106643,True
2012-03-14,-1138.3880943108102,0.0,1.7238247405588756,-1140.1119190513691,2.468448643106643,True
2012-03-15,161.83135791282334,0.0,1.7238247405588756,160.10753317226445,2.468448643106643,True
2012-03-16,228.22206683318228,0.0,1.7238247405588756,226.4982420926234,2.468448643106643,True
2012-03-19,-87.86191878429716,0.0,1.7238247405588756,-89.58574352485604,2.468448643106643,True
2012-03-20,-471.77685855867924,0.0,1.7238247405588756,-473.5006832992381,2.468448643106643,True
2012-03-21,272.50051017839826,0.0,1.7238247405588756,270.7766854378394,2.468448643106643,True
2012-03-22,-200.66360485070126,0.0,1.7238247405588756,-202.38742959126014,2.468448643106643,True
2012-03-23,504.1356830331494,0.0,1.7238247405588756,502.4118582925905,2.468448643106643,True
2012-03-26,532.3648319957354,0.0,1.7238247405588756,530.6410072551765,2.468448643106643,True
2012-03-27,122.41708772856084,0.0,1.7238247405588756,120.69326298800196,2.468448643106643,True
2012-03-28,-169.96788847248274,0.0,1.7238247405588756,-171.69171321304162,2.468448643106643,True
2012-03-29,243.7976919235564,0.0,1.7238247405588756,242.07386718299753,2.468448643106643,True
2012-03-30,-101.92201278012075,0.0,1.7238247405588756,-103.64583752067963,2.468448643106643,True
2012-04-02,655.4090640120927,100.77165115708667,1.7238247405588756,552.9135881144472,2.468448643106643,True
2012-04-03,-872.3659540867226,0.0,2.21255753898334,-874.5785116257059,3.0000000000000004,True
2012-04-04,371.49529121131127,0.0,2.21255753898334,369.28273367232794,3.0000000000000004,True
2012-04-05,46.74453450802372,0.0,2.21255753898334,44.53197696904038,3.0000000000000004,True
2012-04-09,686.1381098987715,0.0,2.21255753898334,683.9255523597882,3.0000000000000004,True
2012-04-10,299.92302364711486,0.0,2.21255753898334,297.7104661081315,3.0000000000000004,True
2012-04-11,279.86168938614117,0.0,2.21255753898334,277.64913184715783,3.0000000000000004,True
2012-04-12,-96.39725586786528,0.0,2.21255753898334,-98.60981340684862,3.0000000000000004,True
2012-04-13,625.6802097061103,0.0,2.21255753898334,623.467652167127,3.0000000000000004,True
2012-04-16,337.87893313987126,0.0,2.21255753898334,335.66637560088793,3.0000000000000004,True
2012-04-17,155.9902597024936,0.0,2.21255753898334,153.77770216351027,3.0000000000000004,True
2012-04-18,40.81132556884825,0.0,2.21255753898334,38.59876802986491,3.0000000000000004,True
2012-04-19,-195.0755458644668,0.0,2.21255753898334,-197.28810340345012,3.0000000000000004,True
2012-04-20,152.76631228316808,0.0,2.21255753898334,150.55375474418474,3.0000000000000004,True
2012-04-23,-113.93112258190202,0.0,2.21255753898334,-116.14368012088536,3.0000000000000004,True
2012-04-24,249.93100382348808,0.0,2.21255753898334,247.71844628450475,3.0000000000000004,True
2012-04-25,224.2230779639514,0.0,2.21255753898334,222.01052042496806,3.0000000000000004,True
2012-04-26,405.16867739944246,0.0,2.21255753898334,402.9561198604591,3.0000000000000004,True
2012-04-27,121.61745454706498,0.0,2.21255753898334,119.40489700808163,3.0000000000000004,True
2012-04-30,-64.46569576864108,0.0,2.21255753898334,-66.67825330762443,3.0000000000000004,True
2012-05-01,-237.75640211359598,110.92172254898922,2.21255753898334,-350.89068220156855,3.0000000000000004,True
2012-05-02,736.1792837200944,0.0,2.703261758049077,733.4760219620454,2.4548458419299957,True
2012-05-03,428.1436916022705,0.0,2.703261758049077,425.44042984422146,2.4548458419299957,True
2012-05-04,944.6835608720544,0.0,2.703261758049077,941.9802991140053,2.4548458419299957,True
2012-05-07,-46.22071468764137,0.0,2.703261758049077,-48.92397644569044,2.4548458419299957,True
2012-05-08,639.355608122988,0.0,2.703261758049077,636.6523463649389,2.4548458419299957,True
2012-05-09,399.1081556444775,0.0,2.703261758049077,396.40489388642845,2.4548458419299957,True
2012-05-10,-146.14018789387825,0.0,2.703261758049077,-148.84344965192733,2.4548458419299957,True
2012-05-11,601.0650335580656,0.0,2.703261758049077,598.3617718000165,2.4548458419299957,True
2012-05-14,672.1587058821791,0.0,2.703261758049077,669.45544412413,2.4548458419299957,True
2012-05-15,270.9357537414783,0.0,2.703261758049077,268.23249198342927,2.4548458419299957,True
2012-05-16,136.14949525025514,0.0,2.703261758049077,133.44623349220606,2.4548458419299957,True
2012-05-17,54.29138016575395,0.0,2.703261758049077,51.58811840770487,2.4548458419299957,True
2012-05-18,-76.19738800986717,0.0,2.703261758049077,-78.90064976791625,2.4548458419299957,True
2012-05-21,-443.1009676038473,0.0,2.703261758049077,-445.8042293618964,2.4548458419299957,True
2012-05-22,651.9928455484992,0.0,2.703261758049077,649.2895837904501,2.4548458419299957,True
2012-05-23,684.0130893080003,0.0,2.703261758049077,681.3098275499513,2.4548458419299957,True
2012-05-24,256.83512489835437,0.0,2.703261758049077,254.13186314030528,2.4548458419299957,True
2012-05-25,173.53895136207208,0.0,2.703261758049077,170.835689604023,2.4548458419299957,True
2012-05-29,-249.24403395595638,0.0,2.703261758049077,-251.94729571400546,2.4548458419299957,True
2012-05-30,1417.5590035726693,0.0,2.703261758049077,1414.8557418146202,2.4548458419299957,True
2012-05-31,462.57635231047755,0.0,2.703261758049077,459.8730905524285,2.4548458419299957,True
2012-06-01,887.7751518168782,38.0609129704655,2.703261758049077,847.0109770883636,2.4548458419299957,True
2012-06-04,-657.585071723672,0.0,2.709216747236994,-660.2942884709089,2.229190563611189,True
2012-06-05,118.47640138065697,0.0,2.709216747236994,115.76718463341997,2.229190563611189,True
2012-06-06,-1511.2158252488,0.0,2.709216747236994,-1513.925041996037,2.229190563611189,True
2012-06-07,160.08777997105787,0.0,2.709216747236994,157.37856322382086,2.229190563611189,True
2012-06-08,628.4027337735596,0.0,2.709216747236994,625.6935170263226,2.229190563611189,True
2012-06-11,509.7048013670293,0.0,2.709216747236994,506.9955846197923,2.229190563611189,True
2012-06-12,-659.5499748324461,0.0,2.709216747236994,-662.259191579683,2.229190563611189,True
2012-06-13,480.75201885658515,0.0,2.709216747236994,478.04280210934814,2.229190563611189,True
2012-06-14,-633.8104543011303,0.0,2.709216747236994,-636.5196710483673,2.229190563611189,True
2012-06-15,-226.84209192706408,0.0,2.709216747236994,-229.55130867430108,2.229190563611189,True
2012-06-18,146.9993982965557,0.0,2.709216747236994,144.2901815493187,2.229190563611189,True
2012-06-19,-961.2382498757826,0.0,2.709216747236994,-963.9474666230195,2.229190563611189,True
2012-06-20,211.56071823349535,0.0,2.709216747236994,208.85150148625834,2.229190563611189,True
2012-06-21,1230.874355123432,0.0,2.709216747236994,1228.165138376195,2.229190563611189,True
2012-06-22,-512.3978693797426,0.0,2.709216747236994,-515.1070861269795,2.229190563611189,True
2012-06-25,657.1133089113465,0.0,2.709216747236994,654.4040921641096,2.229190563611189,True
2012-06-26,-491.4136977351921,0.0,2.709216747236994,-494.1229144824291,2.229190563611189,True
2012-06-27,-91.873690172807,0.0,2.709216747236994,-94.582906920044,2.229190563611189,True
2012-06-28,491.4762659137991,0.0,2.709216747236994,488.7670491665621,2.229190563611189,True
2012-06-29,-2109.742836679539,0.0,2.709216747236994,-2112.452053426776,2.229190563611189,True
2012-07-02,290.86021116274776,11.03185098343245,2.709216747236994,277.1191434320783,2.229190563611189,True
2012-07-03,-651.9512290950846,0.0,2.5661332418809772,-654.5173623369656,2.217029057272607,True
2012-07-05,850.6568141786479,0.0,2.5661332418809772,848.090680936767,2.217029057272607,True
2012-07-06,1051.8232350041521,0.0,2.5661332418809772,1049.257101762271,2.217029057272607,True
2012-07-09,-206.5200781591413,0.0,2.5661332418809772,-209.08621140102227,2.217029057272607,True
2012-07-10,545.3624943541524,0.0,2.5661332418809772,542.7963611122715,2.217029057272607,True
2012-07-11,-335.48337675615653,0.0,2.5661332418809772,-338.04950999803754,2.217029057272607,True
2012-07-12,666.3242159119294,0.0,2.5661332418809772,663.7580826700485,2.217029057272607,True
2012-07-13,-560.7302585858282,0.0,2.5661332418809772,-563.2963918277092,2.217029057272607,True
2012-07-16,-125.93746851613176,0.0,2.5661332418809772,-128.50360175801273,2.217029057272607,True
2012-07-17,-209.90495311568776,0.0,2.5661332418809772,-212.47108635756874,2.217029057272607,True
2012-07-18,-194.20247052073196,0.0,2.5661332418809772,-196.76860376261294,2.217029057272607,True
2012-07-19,-617.4832501478606,0.0,2.5661332418809772,-620.0493833897416,2.217029057272607,True
2012-07-20,881.2338057318675,0.0,2.5661332418809772,878.6676724899866,2.217029057272607,True
2012-07-23,754.3912803312951,0.0,2.5661332418809772,751.8251470894141,2.217029057272607,True
2012-07-24,447.49758404589636,0.0,2.5661332418809772,444.93145080401536,2.217029057272607,True
2012-07-25,-438.0431798570193,0.0,2.5661332418809772,-440.6093130989003,2.217029057272607,True
2012-07-26,-910.6070942503101,0.0,2.5661332418809772,-913.173227492191,2.217029057272607,True
2012-07-27,-885.3660283721609,0.0,2.5661332418809772,-887.9321616140419,2.217029057272607,True
2012-07-30,202.1714143325853,0.0,2.5661332418809772,199.60528109070432,2.217029057272607,True
2012-07-31,217.26823395361575,0.0,2.5661332418809772,214.70210071173477,2.217029057272607,True
2012-08-01,206.9140186441795,125.84400105928842,2.5661332418809772,78.5038843430101,2.217029057272607,True
2012-08-02,619.14335337499,0.0,2.924860555660101,616.21849281933,3.0,True
2012-08-03,-667.1854928084804,0.0,2.924860555660101,-670.1103533641405,3.0,True
2012-08-06,-248.50076890989754,0.0,2.924860555660101,-251.42562946555765,3.0,True
2012-08-07,-634.3335858424089,0.0,2.924860555660101,-637.2584463980689,3.0,True
2012-08-08,-398.2357788054821,0.0,2.924860555660101,-401.16063936114216,3.0,True
2012-08-09,-174.22840257248285,0.0,2.924860555660101,-177.15326312814295,3.0,True
2012-08-10,232.28738679737904,0.0,2.924860555660101,229.36252624171894,3.0,True
2012-08-13,59.98216590870701,0.0,2.924860555660101,57.05730535304691,3.0,True
2012-08-14,-384.4668321176936,0.0,2.924860555660101,-387.3916926733537,3.0,True
2012-08-15,-284.0247431026095,0.0,2.924860555660101,-286.94960365826955,3.0,True
2012-08-16,-188.68337583224917,0.0,2.924860555660101,-191.60823638790927,3.0,True
2012-08-17,118.24970579465742,0.0,2.924860555660101,115.32484523899731,3.0,True
2012-08-20,-156.6662670209766,0.0,2.924860555660101,-159.5911275766367,3.0,True
2012-08-21,-339.7440938199595,0.0,2.924860555660101,-342.6689543756196,3.0,True
2012-08-22,265.0219729488443,0.0,2.924860555660101,262.0971123931842,3.0,True
2012-08-23,27.85496427788873,0.0,2.924860555660101,24.93010372222863,3.0,True
2012-08-24,300.78056442260777,0.0,2.924860555660101,297.8557038669477,3.0,True
2012-08-27,320.50140384132834,0.0,2.924860555660101,317.57654328566827,3.0,True
2012-08-28,-93.88528525986594,0.0,2.924860555660101,-96.81014581552604,3.0,True
2012-08-29,29.364375971867194,0.0,2.924860555660101,26.439515416207094,3.0,True
2012-08-30,78.24895162733151,0.0,2.924860555660101,75.3240910716714,3.0,True
2012-08-31,-16.508964988938036,0.0,2.924860555660101,-19.433825544598136,3.0,True
2012-09-04,-37.54182447596003,38.442474731939875,2.924860555660101,-78.90915976356001,3.0,True
2012-09-05,69.33138539609645,0.0,2.840686806713809,66.49069858938265,3.0,True
2012-09-06,283.76198322919817,0.0,2.840686806713809,280.9212964224844,3.0,True
2012-09-07,-505.2206018241332,0.0,2.840686806713809,-508.061288630847,3.0,True
2012-09-10,-421.2359846190356,0.0,2.840686806713809,-424.0766714257494,3.0,True
2012-09-11,-289.0451702895187,0.0,2.840686806713809,-291.8858570962325,3.0,True
2012-09-12,-100.57703693112717,0.0,2.840686806713809,-103.41772373784097,3.0,True
2012-09-13,442.01661093508056,0.0,2.840686806713809,439.1759241283668,3.0,True
2012-09-14,-338.65835176869484,0.0,2.840686806713809,-341.49903857540863,3.0,True
2012-09-17,403.31787557252704,0.0,2.840686806713809,400.47718876581325,3.0,True
2012-09-18,-112.29318230472755,0.0,2.840686806713809,-115.13386911144136,3.0,True
2012-09-19,-152.23488293356255,0.0,2.840686806713809,-155.07556974027636,3.0,True
2012-09-20,-123.26594517002572,0.0,2.840686806713809,-126.10663197673952,3.0,True
2012-09-21,-106.16670874379274,0.0,2.840686806713809,-109.00739555050654,3.0,True
2012-09-24,272.00886605539586,0.0,2.840686806713809,269.16817924868207,3.0,True
2012-09-25,-421.670079538501,0.0,2.840686806713809,-424.5107663452148,3.0,True
2012-09-26,320.3382721514455,0.0,2.840686806713809,317.4975853447317,3.0,True
2012-09-27,-33.09815440508198,0.0,2.840686806713809,-35.93884121179579,3.0,True
2012-09-28,-175.569029191502,0.0,2.840686806713809,-178.40971599821583,3.0,True
2012-10-01,-181.085326557123,177.213380839188,2.840686806713809,-361.1393942030248,3.0,True
2012-10-02,80.48354709470675,0.0,1.0250294623719372,79.45851763233482,2.1056822306626066,True
2012-10-03,-111.46766293758667,0.0,1.0250294623719372,-112.4926923999586,2.1056822306626066,True
2012-10-04,534.707240976114,0.0,1.0250294623719372,533.6822115137421,2.1056822306626066,True
2012-10-05,-257.74128921649634,0.0,1.0250294623719372,-258.7663186788683,2.1056822306626066,True
2012-10-08,-230.6643186348774,0.0,1.0250294623719372,-231.68934809724934,2.1056822306626066,True
2012-10-09,-440.05000866018,0.0,1.0250294623719372,-441.075038122552,2.1056822306626066,True
2012-10-10,6.235589250252161,0.0,1.0250294623719372,5.210559787880224,2.1056822306626066,True
2012-10-11,391.79317748091955,0.0,1.0250294623719372,390.7681480185476,2.1056822306626066,True
2012-10-12,-117.03472090877311,0.0,1.0250294623719372,-118.05975037114504,2.1056822306626066,True
2012-10-15,372.77089075777843,0.0,1.0250294623719372,371.7458612954065,2.1056822306626066,True
2012-10-16,267.1219095483648,0.0,1.0250294623719372,266.09688008599284,2.1056822306626066,True
2012-10-17,280.29798096531385,0.0,1.0250294623719372,279.2729515029419,2.1056822306626066,True
2012-10-18,-343.76558248432286,0.0,1.0250294623719372,-344.7906119466948,2.1056822306626066,True
2012-10-19,-775.0715701458116,0.0,1.0250294623719372,-776.0965996081835,2.1056822306626066,True
2012-10-22,13.96023894371177,0.0,1.0250294623719372,12.935209481339832,2.1056822306626066,True
2012-10-23,-737.8726668062404,0.0,1.0250294623719372,-738.8976962686123,2.1056822306626066,True
2012-10-24,22.525894410276877,0.0,1.0250294623719372,21.50086494790494,2.1056822306626066,True
2012-10-25,252.93324643151462,0.0,1.0250294623719372,251.90821696914267,2.1056822306626066,True
2012-10-26,-80.06018014905234,0.0,1.0250294623719372,-81.08520961142428,2.1056822306626066,True
2012-10-31,471.0803150215358,0.0,1.0250294623719372,470.05528555916385,2.1056822306626066,True
2012-11-01,321.24318323105996,157.7716705006786,1.0250294623719372,162.44648326800942,2.1056822306626066,True
2012-11-02,441.37628577043387,0.0,2.460946137365848,438.915339633068,2.9999999999999996,True
2012-11-05,86.14812567899772,0.0,2.460946137365848,83.68717954163186,2.9999999999999996,True
2012-11-06,-276.90091817174067,0.0,2.460946137365848,-279.3618643091065,2.9999999999999996,True
2012-11-07,-164.70191673481048,0.0,2.460946137365848,-167.16286287217633,2.9999999999999996,True
2012-11-08,-643.0563385969514,0.0,2.460946137365848,-645.5172847343172,2.9999999999999996,True
2012-11-09,-104.43944340299505,0.0,2.460946137365848,-106.9003895403609,2.9999999999999996,True
2012-11-12,153.2812608503741,0.0,2.460946137365848,150.82031471300826,2.9999999999999996,True
2012-11-13,-363.9349345086289,0.0,2.460946137365848,-366.39588064599474,2.9999999999999996,True
2012-11-14,-1006.7448263476457,0.0,2.460946137365848,-1009.2057724850115,2.9999999999999996,True
2012-11-15,13.956354814607376,0.0,2.460946137365848,11.495408677241528,2.9999999999999996,True
2012-11-16,154.94476155739392,0.0,2.460946137365848,152.48381542002807,2.9999999999999996,True
2012-11-19,672.2584425064736,0.0,2.460946137365848,669.7974963691078,2.9999999999999996,True
2012-11-20,-20.81637658048143,0.0,2.460946137365848,-23.277322717847277,2.9999999999999996,True
2012-11-21,0.3928933990122568,0.0,2.460946137365848,-2.068052738353591,2.9999999999999996,True
2012-11-23,290.4742301155554,0.0,2.460946137365848,288.0132839781895,2.9999999999999996,True
2012-11-26,216.7564279283794,0.0,2.460946137365848,214.29548179101354,2.9999999999999996,True
2012-11-27,-30.994629417863123,0.0,2.460946137365848,-33.45557555522897,2.9999999999999996,True
2012-11-28,450.97647012540455,0.0,2.460946137365848,448.5155239880387,2.9999999999999996,True
2012-11-29,324.3381943760403,0.0,2.460946137365848,321.87724823867444,2.9999999999999996,True
2012-11-30,253.06129465365694,0.0,2.460946137365848,250.6003485162911,2.9999999999999996,True
2012-12-03,-56.51577888200302,143.95552888627765,2.460946137365848,-202.93225390564652,2.9999999999999996,True
2012-12-04,117.90759420959807,0.0,1.132572433880731,116.77502177571735,2.5326456420050043,True
2012-12-05,37.11352212593064,0.0,1.132572433880731,35.98094969204991,2.5326456420050043,True
2012-12-06,375.27832901518923,0.0,1.132572433880731,374.1457565813085,2.5326456420050043,True
2012-12-07,143.55380703748176,0.0,1.132572433880731,142.42123460360102,2.5326456420050043,True
2012-12-10,326.41395253687296,0.0,1.132572433880731,325.2813801029922,2.5326456420050043,True
2012-12-11,123.1601561066936,0.0,1.132572433880731,122.02758367281288,2.5326456420050043,True
2012-12-12,-37.925829218155,0.0,1.132572433880731,-39.058401652035734,2.5326456420050043,True
2012-12-13,-687.8079915411993,0.0,1.132572433880731,-688.94056397508,2.5326456420050043,True
2012-12-14,207.46976635975992,0.0,1.132572433880731,206.33719392587918,2.5326456420050043,True
2012-12-17,217.22796605648207,0.0,1.132572433880731,216.09539362260134,2.5326456420050043,True
2012-12-18,124.23311270571384,0.0,1.132572433880731,123.10054027183311,2.5326456420050043,True
2012-12-19,-49.19548243617773,0.0,1.132572433880731,-50.32805487005846,2.5326456420050043,True
2012-12-20,357.41538495744084,0.0,1.132572433880731,356.2828125235601,2.5326456420050043,True
2012-12-21,-293.04096484715916,0.0,1.132572433880731,-294.1735372810399,2.5326456420050043,True
2012-12-24,-65.21881153012427,0.0,1.132572433880731,-66.351383964005,2.5326456420050043,True
2012-12-26,-47.616344360579404,0.0,1.132572433880731,-48.748916794460136,2.5326456420050043,True
2012-12-27,318.20029393304446,0.0,1.132572433880731,317.0677214991637,2.5326456420050043,True
2012-12-28,-324.5812041972683,0.0,1.132572433880731,-325.713776631149,2.5326456420050043,True
2012-12-31,791.3213732510214,0.0,1.132572433880731,790.1888008171408,2.5326456420050043,True
2013-01-02,1378.091812626898,56.999016856898955,1.132572433880731,1319.9602233361181,2.5326456420050043,True
2013-01-03,-1238.3039701820037,0.0,0.730763644303109,-1239.0347338263068,2.381699424763487,True
2013-01-04,81.38131612972559,0.0,0.730763644303109,80.65055248542248,2.381699424763487,True
2013-01-07,138.35104952188132,0.0,0.730763644303109,137.62028587757823,2.381699424763487,True
2013-01-08,-339.6598136258213,0.0,0.730763644303109,-340.3905772701244,2.381699424763487,True
2013-01-09,226.16520620675496,0.0,0.730763644303109,225.43444256245186,2.381699424763487,True
2013-01-10,907.7474917125364,0.0,0.730763644303109,907.0167280682333,2.381699424763487,True
2013-01-11,-106.80982300652546,0.0,0.730763644303109,-107.54058665082857,2.381699424763487,True
2013-01-14,152.62944057752048,0.0,0.730763644303109,151.8986769332174,2.381699424763487,True
2013-01-15,-99.56948540874573,0.0,0.730763644303109,-100.30024905304884,2.381699424763487,True
2013-01-16,-263.74375585212346,0.0,0.730763644303109,-264.4745194964266,2.381699424763487,True
2013-01-17,209.5048454179912,0.0,0.730763644303109,208.7740817736881,2.381699424763487,True
2013-01-18,-6.3835744321286585,0.0,0.730763644303109,-7.114338076431768,2.381699424763487,True
2013-01-22,127.30874975172311,0.0,0.730763644303109,126.57798610742,2.381699424763487,True
2013-01-23,-111.2772169901241,0.0,0.730763644303109,-112.00798063442721,2.381699424763487,True
2013-01-24,3.8611027920029053,0.0,0.730763644303109,3.130339147699796,2.381699424763487,True
2013-01-25,-51.61683497496071,0.0,0.730763644303109,-52.34759861926382,2.381699424763487,True
2013-01-28,-422.845243593994,0.0,0.730763644303109,-423.5760072382971,2.381699424763487,True
2013-01-29,447.68892986693885,0.0,0.730763644303109,446.9581662226357,2.381699424763487,True
2013-01-30,1.2864499290955602,0.0,0.730763644303109,0.5556862847924512,2.381699424763487,True
2013-01-31,3.144439402264743,0.0,0.730763644303109,2.413675757961634,2.381699424763487,True
2013-02-01,332.39159458379635,70.8033345443744,0.730763644303109,260.8574963951188,2.381699424763487,True
2013-02-04,-614.3977039452002,0.0,1.2915275565717406,-615.6892315017719,3.0000000000000004,True
2013-02-05,37.84613265940975,0.0,1.2915275565717406,36.554605102838,3.0000000000000004,True
2013-02-06,122.34092342923485,0.0,1.2915275565717406,121.04939587266311,3.0000000000000004,True
2013-02-07,-496.3636022150907,0.0,1.2915275565717406,-497.6551297716624,3.0000000000000004,True
2013-02-08,780.2240694689535,0.0,1.2915275565717406,778.9325419123818,3.0000000000000004,True
2013-02-11,-89.76633889305896,0.0,1.2915275565717406,-91.0578664496307,3.0000000000000004,True
2013-02-12,377.8078368070882,0.0,1.2915275565717406,376.5163092505165,3.0000000000000004,True
2013-02-13,-73.93117408832204,0.0,1.2915275565717406,-75.22270164489377,3.0000000000000004,True
2013-02-14,-51.188789383175354,0.0,1.2915275565717406,-52.4803169397471,3.0000000000000004,True
2013-02-15,-105.02204734227998,0.0,1.2915275565717406,-106.31357489885171,3.0000000000000004,True
2013-02-19,551.9191078672533,0.0,1.2915275565717406,550.6275803106815,3.0000000000000004,True
2013-02-20,-902.0299541984283,0.0,1.2915275565717406,-903.321481755,3.0000000000000004,True
2013-02-21,-654.8691333812924,0.0,1.2915275565717406,-656.1606609378641,3.0000000000000004,True
2013-02-22,680.9124538525485,0.0,1.2915275565717406,679.6209262959768,3.0000000000000004,True
2013-02-25,-1445.013058260076,0.0,1.2915275565717406,-1446.3045858166477,3.0000000000000004,True
2013-02-26,477.01104144201327,0.0,1.2915275565717406,475.71951388544153,3.0000000000000004,True
2013-02-27,1050.5900375925266,0.0,1.2915275565717406,1049.298510035955,3.0000000000000004,True
2013-02-28,-189.32538654376808,0.0,1.2915275565717406,-190.6169141003398,3.0000000000000004,True
2013-03-01,320.46598584889625,171.1176005999292,1.2915275565717406,148.0568576923953,3.0000000000000004,True
2013-03-04,164.2089041663615,0.0,2.766909425802319,161.44199474055918,2.999999999999999,True
2013-03-05,319.2315124376068,0.0,2.766909425802319,316.46460301180446,2.999999999999999,True
2013-03-06,228.44236254626185,0.0,2.766909425802319,225.67545312045954,2.999999999999999,True
2013-03-07,-643.924971742836,0.0,2.766909425802319,-646.6918811686382,2.999999999999999,True
2013-03-08,231.60184482218634,0.0,2.766909425802319,228.83493539638403,2.999999999999999,True
2013-03-11,-165.63373728709277,0.0,2.766909425802319,-168.40064671289508,2.999999999999999,True
2013-03-12,-430.3297452199184,0.0,2.766909425802319,-433.0966546457207,2.999999999999999,True
2013-03-13,275.124453542987,0.0,2.766909425802319,272.35754411718466,2.999999999999999,True
2013-03-14,337.20546809507863,0.0,2.766909425802319,334.4385586692763,2.999999999999999,True
2013-03-15,-145.05716361800202,0.0,2.766909425802319,-147.82407304380433,2.999999999999999,True
2013-03-18,59.48094587325226,0.0,2.766909425802319,56.71403644744994,2.999999999999999,True
2013-03-19,48.54116171474933,0.0,2.766909425802319,45.77425228894701,2.999999999999999,True
2013-03-20,4.76353334214019,0.0,2.766909425802319,1.996623916337871,2.999999999999999,True
2013-03-21,-495.84700364078435,0.0,2.766909425802319,-498.6139130665867,2.999999999999999,True
2013-03-22,210.94172208936456,0.0,2.766909425802319,208.17481266356225,2.999999999999999,True
2013-03-25,89.4142966512537,0.0,2.766909425802319,86.64738722545137,2.999999999999999,True
2013-03-26,585.8762296640388,0.0,2.766909425802319,583.1093202382365,2.999999999999999,True
2013-03-27,425.9407826282079,0.0,2.766909425802319,423.17387320240556,2.999999999999999,True
2013-03-28,138.97244205873474,0.0,2.766909425802319,136.20553263293243,2.999999999999999,True
2013-04-01,-523.4119483388467,27.12385527899525,2.766909425802319,-553.3027130436443,2.999999999999999,True
2013-04-02,945.2439530924606,0.0,2.446930176272552,942.7970229161881,2.9999999999999996,True
2013-04-03,-165.8258666889696,0.0,2.446930176272552,-168.27279686524216,2.9999999999999996,True
2013-04-04,1301.8893749802705,0.0,2.446930176272552,1299.442444803998,2.9999999999999996,True
2013-04-05,447.99611567747513,0.0,2.446930176272552,445.5491855012026,2.9999999999999996,True
2013-04-08,437.3778117268432,0.0,2.446930176272552,434.9308815505707,2.9999999999999996,True
2013-04-09,-362.7405439175722,0.0,2.446930176272552,-365.18747409384474,2.9999999999999996,True
2013-04-10,812.0995277261173,0.0,2.446930176272552,809.6525975498448,2.9999999999999996,True
2013-04-11,338.60346570391755,0.0,2.446930176272552,336.156535527645,2.9999999999999996,True
2013-04-12,1118.1009324792556,0.0,2.446930176272552,1115.654002302983,2.9999999999999996,True
2013-04-15,-297.108371094954,0.0,2.446930176272552,-299.55530127122654,2.9999999999999996,True
2013-04-16,384.73958437366315,0.0,2.446930176272552,382.2926541973906,2.9999999999999996,True
2013-04-17,-69.11195423967568,0.0,2.446930176272552,-71.55888441594823,2.9999999999999996,True
2013-04-18,-537.0423506556556,0.0,2.446930176272552,-539.4892808319281,2.9999999999999996,True
2013-04-19,1228.9304256590988,0.0,2.446930176272552,1226.4834954828261,2.9999999999999996,True
2013-04-22,-113.74894401326918,0.0,2.446930176272552,-116.19587418954174,2.9999999999999996,True
2013-04-23,941.6278123250172,0.0,2.446930176272552,939.1808821487447,2.9999999999999996,True
2013-04-24,33.97634484003198,0.0,2.446930176272552,31.529414663759425,2.9999999999999996,True
2013-04-25,-606.8629215994077,0.0,2.446930176272552,-609.3098517756803,2.9999999999999996,True
2013-04-26,-3.785058025889451,0.0,2.446930176272552,-6.231988202162003,2.9999999999999996,True
2013-04-29,227.2390264558517,0.0,2.446930176272552,224.79209627957914,2.9999999999999996,True
2013-04-30,371.2224573574255,0.0,2.446930176272552,368.775527181153,2.9999999999999996,True
2013-05-01,-42.328750814023,39.88920334347381,2.446930176272552,-84.66488433376938,2.9999999999999996,True
2013-05-02,261.6759835119524,0.0,2.026891914825232,259.64909159712715,2.9999999999999996,True
2013-05-03,-292.0844039121301,0.0,2.026891914825232,-294.1112958269553,2.9999999999999996,True
2013-05-06,16.581838903983044,0.0,2.026891914825232,14.554946989157813,2.9999999999999996,True
2013-05-07,-59.84929435872374,0.0,2.026891914825232,-61.876186273548974,2.9999999999999996,True
2013-05-08,127.27848672827132,0.0,2.026891914825232,125.25159481344609,2.9999999999999996,True
2013-05-09,-219.9841016792501,0.0,2.026891914825232,-222.01099359407533,2.9999999999999996,True
2013-05-10,-237.681408037873,0.0,2.026891914825232,-239.70829995269824,2.9999999999999996,True
2013-05-13,-339.87387754310635,0.0,2.026891914825232,-341.9007694579316,2.9999999999999996,True
2013-05-14,236.34972332968462,0.0,2.026891914825232,234.3228314148594,2.9999999999999996,True
2013-05-15,582.125344845022,0.0,2.026891914825232,580.0984529301968,2.9999999999999996,True
2013-05-16,10.062756902096359,0.0,2.026891914825232,8.035864987271127,2.9999999999999996,True
2013-05-17,644.7812715784083,0.0,2.026891914825232,642.7543796635831,2.9999999999999996,True
2013-05-20,-441.63612066415715,0.0,2.026891914825232,-443.6630125789824,2.9999999999999996,True
2013-05-21,638.5802582422964,0.0,2.026891914825232,636.5533663274712,2.9999999999999996,True
2013-05-22,-1605.9712023340164,0.0,2.026891914825232,-1607.9980942488417,2.9999999999999996,True
2013-05-23,-1412.7572646117287,0.0,2.026891914825232,-1414.784156526554,2.9999999999999996,True
2013-05-24,-655.4556348413691,0.0,2.026891914825232,-657.4825267561944,2.9999999999999996,True
2013-05-28,-787.1575896100833,0.0,2.026891914825232,-789.1844815249085,2.9999999999999996,True
2013-05-29,-1341.6419154682244,0.0,2.026891914825232,-1343.6688073830496,2.9999999999999996,True
2013-05-30,-795.5691587357406,0.0,2.026891914825232,-797.5960506505659,2.9999999999999996,True
2013-05-31,-1258.858901292597,0.0,2.026891914825232,-1260.8857932074222,2.9999999999999996,True
2013-06-03,-178.0261339264381,242.7459589147861,2.026891914825232,-422.79898475604944,2.9999999999999996,True
2013-06-04,7.522803292455403,0.0,3.8216717264594684,3.7011315659959343,2.959865244510994,True
2013-06-05,-1437.8247828094004,0.0,3.8216717264594684,-1441.64645453586,2.959865244510994,True
2013-06-06,390.9686157042953,0.0,3.8216717264594684,387.14694397783586,2.959865244510994,True
2013-06-07,736.7798891642373,0.0,3.8216717264594684,732.9582174377778,2.959865244510994,True
2013-06-10,-389.31154659212194,0.0,3.8216717264594684,-393.1332183185814,2.959865244510994,True
2013-06-11,-1706.986831396938,0.0,3.8216717264594684,-1710.8085031233975,2.959865244510994,True
2013-06-12,-300.3732101870381,0.0,3.8216717264594684,-304.19488191349757,2.959865244510994,True
2013-06-13,1703.3095319033766,0.0,3.8216717264594684,1699.4878601769171,2.959865244510994,True
2013-06-14,-327.8952985979915,0.0,3.8216717264594684,-331.7169703244509,2.959865244510994,True
2013-06-17,700.365176740833,0.0,3.8216717264594684,696.5435050143735,2.959865244510994,True
2013-06-18,722.2747114660923,0.0,3.8216717264594684,718.4530397396328,2.959865244510994,True
2013-06-19,-1768.0939626170552,0.0,3.8216717264594684,-1771.9156343435147,2.959865244510994,True
2013-06-20,-2440.0170942722775,0.0,3.8216717264594684,-2443.838765998737,2.959865244510994,True
2013-06-21,290.62628138076894,0.0,3.8216717264594684,286.8046096543095,2.959865244510994,True
2013-06-24,-1344.707582274483,0.0,3.8216717264594684,-1348.5292540009425,2.959865244510994,True
2013-06-25,1571.3793214513726,0.0,3.8216717264594684,1567.557649724913,2.959865244510994,True
2013-06-26,1121.317124917954,0.0,3.8216717264594684,1117.4954531914946,2.959865244510994,True
2013-06-27,1379.0867384557241,0.0,3.8216717264594684,1375.2650667292646,2.959865244510994,True
2013-06-28,-147.8737804701119,0.0,3.8216717264594684,-151.69545219657138,2.959865244510994,True
2013-07-01,-11.625634034752764,74.22916089928371,3.8216717264594684,-89.67646666049595,2.959865244510994,True
2013-07-02,607.0789951880572,0.0,3.3300613882616896,603.7489337997955,2.3391391733815894,True
2013-07-03,-163.13409481107234,0.0,3.3300613882616896,-166.46415619933404,2.3391391733815894,True
2013-07-05,999.924474862218,0.0,3.3300613882616896,996.5944134739563,2.3391391733815894,True
2013-07-08,-26.0922209173542,0.0,3.3300613882616896,-29.42228230561589,2.3391391733815894,True
2013-07-09,230.31397811749048,0.0,3.3300613882616896,226.98391672922878,2.3391391733815894,True
2013-07-10,289.83217335576154,0.0,3.3300613882616896,286.50211196749984,2.3391391733815894,True
2013-07-11,1201.5544193770831,0.0,3.3300613882616896,1198.2243579888216,2.3391391733815894,True
2013-07-12,-43.11555592969512,0.0,3.3300613882616896,-46.44561731795681,2.3391391733815894,True
2013-07-15,240.69714419834324,0.0,3.3300613882616896,237.36708281008154,2.3391391733815894,True
2013-07-16,-272.9059271893736,0.0,3.3300613882616896,-276.2359885776353,2.3391391733815894,True
2013-07-17,290.9628872321309,0.0,3.3300613882616896,287.6328258438692,2.3391391733815894,True
2013-07-18,601.8464119704515,0.0,3.3300613882616896,598.5163505821898,2.3391391733815894,True
2013-07-19,-243.36747812168727,0.0,3.3300613882616896,-246.69753950994897,2.3391391733815894,True
2013-07-22,-256.7529101100235,0.0,3.3300613882616896,-260.0829714982852,2.3391391733815894,True
2013-07-23,113.61674803508157,0.0,3.3300613882616896,110.28668664681989,2.3391391733815894,True
2013-07-24,-143.91646125132795,0.0,3.3300613882616896,-147.24652263958964,2.3391391733815894,True
2013-07-25,1.4879031872079063,0.0,3.3300613882616896,-1.8421582010537834,2.3391391733815894,True
2013-07-26,-183.8399145654035,0.0,3.3300613882616896,-187.1699759536652,2.3391391733815894,True
2013-07-29,-387.26983071346666,0.0,3.3300613882616896,-390.59989210172836,2.3391391733815894,True
2013-07-30,91.96040739793739,0.0,3.3300613882616896,88.6303460096757,2.3391391733815894,True
2013-07-31,-303.69836559110644,0.0,3.3300613882616896,-307.02842697936813,2.3391391733815894,True
2013-08-01,946.8944289213358,73.8095716980898,3.3300613882616896,869.7547958349843,2.3391391733815894,True
2013-08-02,-285.1245880383765,0.0,4.6051086244258945,-289.7296966628024,2.766280383319961,True
2013-08-05,-46.17994051246978,0.0,4.6051086244258945,-50.78504913689567,2.766280383319961,True
2013-08-06,-188.13347866002275,0.0,4.6051086244258945,-192.73858728444864,2.766280383319961,True
2013-08-07,-746.7197227560376,0.0,4.6051086244258945,-751.3248313804635,2.766280383319961,True
2013-08-08,-340.55104590221043,0.0,4.6051086244258945,-345.1561545266363,2.766280383319961,True
2013-08-09,-118.9897965013636,0.0,4.6051086244258945,-123.5949051257895,2.766280383319961,True
2013-08-12,-483.47637314469637,0.0,4.6051086244258945,-488.08148176912226,2.766280383319961,True
2013-08-13,795.7588721086271,0.0,4.6051086244258945,791.1537634842012,2.766280383319961,True
2013-08-14,-447.0180613047741,0.0,4.6051086244258945,-451.6231699292,2.766280383319961,True
2013-08-15,-908.6617236561904,0.0,4.6051086244258945,-913.2668322806162,2.766280383319961,True
2013-08-16,-201.1499427021893,0.0,4.6051086244258945,-205.7550513266152,2.766280383319961,True
2013-08-19,-400.6308724065643,0.0,4.6051086244258945,-405.2359810309902,2.766280383319961,True
2013-08-20,578.106252147667,0.0,4.6051086244258945,573.5011435232411,2.766280383319961,True
2013-08-21,-256.4880431560825,0.0,4.6051086244258945,-261.0931517805084,2.766280383319961,True
2013-08-22,584.35962605043,0.0,4.6051086244258945,579.7545174260042,2.766280383319961,True
2013-08-23,-86.4170869803394,0.0,4.6051086244258945,-91.0221956047653,2.766280383319961,True
2013-08-26,-753.5512287675406,0.0,4.6051086244258945,-758.1563373919664,2.766280383319961,True
2013-08-27,-1375.5221171804483,0.0,4.6051086244258945,-1380.1272258048741,2.766280383319961,True
2013-08-28,298.8776098671159,0.0,4.6051086244258945,294.27250124269,2.766280383319961,True
2013-08-29,225.49027913874588,0.0,4.6051086244258945,220.88517051431998,2.766280383319961,True
2013-08-30,-89.07737007802805,0.0,4.6051086244258945,-93.68247870245395,2.766280383319961,True
2013-09-03,437.9595893519573,24.52070774751889,4.6051086244258945,408.8337729800125,2.766280383319961,True
2013-09-04,973.0901337915815,0.0,4.784420955817253,968.3057128357642,2.927912034475552,True
2013-09-05,213.32795308842407,0.0,4.784420955817253,208.54353213260683,2.927912034475552,True
2013-09-06,-264.8644567814963,0.0,4.784420955817253,-269.64887773731357,2.927912034475552,True
2013-09-09,1294.81097045349,0.0,4.784420955817253,1290.0265494976727,2.927912034475552,True
2013-09-10,828.9938144923376,0.0,4.784420955817253,824.2093935365203,2.927912034475552,True
2013-09-11,-144.3426419424313,0.0,4.784420955817253,-149.12706289824854,2.927912034475552,True
2013-09-12,-78.02171163086084,0.0,4.784420955817253,-82.80613258667809,2.927912034475552,True
2013-09-13,228.48818942278018,0.0,4.784420955817253,223.70376846696294,2.927912034475552,True
2013-09-16,681.8013610748651,0.0,4.784420955817253,677.0169401190478,2.927912034475552,True
2013-09-17,104.3037728264137,0.0,4.784420955817253,99.51935187059645,2.927912034475552,True
2013-09-18,162.6815365516958,0.0,4.784420955817253,157.89711559587857,2.927912034475552,True
2013-09-19,345.0877041031389,0.0,4.784420955817253,340.3032831473216,2.927912034475552,True
2013-09-20,-324.99696337709736,0.0,4.784420955817253,-329.7813843329146,2.927912034475552,True
2013-09-23,-662.6219146436919,0.0,4.784420955817253,-667.4063355995091,2.927912034475552,True
2013-09-24,-563.6520568168739,0.0,4.784420955817253,-568.4364777726912,2.927912034475552,True
2013-09-25,-214.23769517465752,0.0,4.784420955817253,-219.02211613047476,2.927912034475552,True
2013-09-26,534.925679865923,0.0,4.784420955817253,530.1412589101058,2.927912034475552,True
2013-09-27,-213.70983235484337,0.0,4.784420955817253,-218.4942533106606,2.927912034475552,True
2013-09-30,-535.3513733361525,0.0,4.784420955817253,-540.1357942919698,2.927912034475552,True
2013-10-01,1040.7654603876388,41.67926570287834,4.784420955817253,994.3017737289432,2.927912034475552,True
2013-10-02,-138.7045530279145,0.0,4.425515954934239,-143.13006898284874,2.922497079957003,True
2013-10-03,-741.580324373053,0.0,4.425515954934239,-746.0058403279872,2.922497079957003,True
2013-10-04,-79.52354645352831,0.0,4.425515954934239,-83.94906240846255,2.922497079957003,True
2013-10-07,-900.8730555100055,0.0,4.425515954934239,-905.2985714649398,2.922497079957003,True
2013-10-08,-674.4696038568093,0.0,4.425515954934239,-678.8951198117435,2.922497079957003,True
2013-10-09,345.24496976041576,0.0,4.425515954934239,340.81945380548154,2.922497079957003,True
2013-10-10,1700.8570110164114,0.0,4.425515954934239,1696.431495061477,2.922497079957003,True
2013-10-11,472.1289321548008,0.0,4.425515954934239,467.7034161998666,2.922497079957003,True
2013-10-14,408.81625393970864,0.0,4.425515954934239,404.39073798477443,2.922497079957003,True
2013-10-15,-626.5614020370713,0.0,4.425515954934239,-630.9869179920055,2.922497079957003,True
2013-10-16,545.738710191348,0.0,4.425515954934239,541.3131942364138,2.922497079957003,True
2013-10-17,615.59245310253,0.0,4.425515954934239,611.1669371475958,2.922497079957003,True
2013-10-18,384.7417383162648,0.0,4.425515954934239,380.3162223613306,2.922497079957003,True
2013-10-21,-97.61312484686816,0.0,4.425515954934239,-102.0386408018024,2.922497079957003,True
2013-10-22,140.5937040376499,0.0,4.425515954934239,136.16818808271566,2.922497079957003,True
2013-10-23,-162.97441701939022,0.0,4.425515954934239,-167.39993297432446,2.922497079957003,True
2013-10-24,316.49552970044317,0.0,4.425515954934239,312.07001374550896,2.922497079957003,True
2013-10-25,175.54901601958696,0.0,4.425515954934239,171.12350006465272,2.922497079957003,True
2013-10-28,-145.20476028936238,0.0,4.425515954934239,-149.63027624429662,2.922497079957003,True
2013-10-29,136.91198309842028,0.0,4.425515954934239,132.48646714348604,2.922497079957003,True
2013-10-30,-393.69709971523827,0.0,4.425515954934239,-398.1226156701725,2.922497079957003,True
2013-10-31,-331.11640097657255,0.0,4.425515954934239,-335.54191693150676,2.922497079957003,True
2013-11-01,369.0588377652641,34.632590516591215,4.425515954934239,330.0007312937387,2.922497079957003,True
2013-11-04,296.59897431283457,0.0,4.9628846338370645,291.6360896789975,3.0000000000000004,True
2013-11-05,-551.0355133157934,0.0,4.9628846338370645,-555.9983979496305,3.0000000000000004,True
2013-11-06,136.36550157506286,0.0,4.9628846338370645,131.4026169412258,3.0000000000000004,True
2013-11-07,-1230.5180173737751,0.0,4.9628846338370645,-1235.4809020076123,3.0000000000000004,True
2013-11-08,921.2036125985863,0.0,4.9628846338370645,916.2407279647492,3.0000000000000004,True
2013-11-11,292.2639566351762,0.0,4.9628846338370645,287.30107200133915,3.0000000000000004,True
2013-11-12,143.7923898984455,0.0,4.9628846338370645,138.82950526460843,3.0000000000000004,True
2013-11-13,49.96813210835411,0.0,4.9628846338370645,45.00524747451705,3.0000000000000004,True
2013-11-14,27.099223991316688,0.0,4.9628846338370645,22.136339357479624,3.0000000000000004,True
2013-11-15,637.0316376371782,0.0,4.9628846338370645,632.068753003341,3.0000000000000004,True
2013-11-18,-236.07435176518908,0.0,4.9628846338370645,-241.03723639902614,3.0000000000000004,True
2013-11-19,86.4295670324294,0.0,4.9628846338370645,81.46668239859234,3.0000000000000004,True
2013-11-20,-355.4074043531747,0.0,4.9628846338370645,-360.37028898701175,3.0000000000000004,True
2013-11-21,528.0168212776931,0.0,4.9628846338370645,523.053936643856,3.0000000000000004,True
2013-11-22,-10.389467672856298,0.0,4.9628846338370645,-15.352352306693362,3.0000000000000004,True
2013-11-25,-546.3332025135917,0.0,4.9628846338370645,-551.2960871474288,3.0000000000000004,True
2013-11-26,77.60890431608033,0.0,4.9628846338370645,72.64601968224326,3.0000000000000004,True
2013-11-27,709.287095315217,0.0,4.9628846338370645,704.3242106813799,3.0000000000000004,True
2013-11-29,-104.00292525001817,0.0,4.9628846338370645,-108.96580988385523,3.0000000000000004,True
2013-12-02,49.02542996192373,30.207263376689,4.9628846338370645,13.855281951397664,3.0000000000000004,True
2013-12-03,-312.326556171178,0.0,4.599334730739146,-316.92589090191717,3.0,True
2013-12-04,155.73675083515673,0.0,4.599334730739146,151.13741610441758,3.0,True
2013-12-05,-44.24581575555398,0.0,4.599334730739146,-48.84515048629312,3.0,True
2013-12-06,635.3409212708522,0.0,4.599334730739146,630.741586540113,3.0,True
2013-12-09,-71.44506600005803,0.0,4.599334730739146,-76.04440073079718,3.0,True
2013-12-10,-698.7713303065403,0.0,4.599334730739146,-703.3706650372795,3.0,True
2013-12-11,-1184.0216700651986,0.0,4.599334730739146,-1188.6210047959378,3.0,True
2013-12-12,137.84236926658554,0.0,4.599334730739146,133.2430345358464,3.0,True
2013-12-13,-237.23787300253906,0.0,4.599334730739146,-241.8372077332782,3.0,True
2013-12-16,503.39887405352397,0.0,4.599334730739146,498.7995393227848,3.0,True
2013-12-17,-316.9075868106405,0.0,4.599334730739146,-321.50692154137965,3.0,True
2013-12-18,1571.325387900245,0.0,4.599334730739146,1566.7260531695058,3.0,True
2013-12-19,-245.8814108930589,0.0,4.599334730739146,-250.48074562379804,3.0,True
2013-12-20,-206.14241142850207,0.0,4.599334730739146,-210.74174615924122,3.0,True
2013-12-23,634.8727083079381,0.0,4.599334730739146,630.2733735771989,3.0,True
2013-12-24,247.7577071824304,0.0,4.599334730739146,243.15837245169126,3.0,True
2013-12-26,401.9387784568169,0.0,4.599334730739146,397.3394437260778,3.0,True
2013-12-27,480.49937397183635,0.0,4.599334730739146,475.9000392410972,3.0,True
2013-12-30,310.6508233852944,0.0,4.599334730739146,306.05148865455527,3.0,True
2013-12-31,632.6130431100142,0.0,4.599334730739146,628.013708379275,3.0,True
2014-01-02,-1614.7622905640226,15.843839572371465,4.599334730739146,-1635.2054648671333,3.0,True
2014-01-03,-217.22251597136656,0.0,4.577053900740248,-221.79956987210682,3.0,True
2014-01-06,-367.78478363648634,0.0,4.577053900740248,-372.36183753722656,3.0,True
2014-01-07,441.5730630896784,0.0,4.577053900740248,436.99600918893816,3.0,True
2014-01-08,201.61233629323795,0.0,4.577053900740248,197.0352823924977,3.0,True
2014-01-09,120.10921800607115,0.0,4.577053900740248,115.53216410533089,3.0,True
2014-01-10,-141.20360890816463,0.0,4.577053900740248,-145.78066280890488,3.0,True
2014-01-13,-975.1367964213736,0.0,4.577053900740248,-979.7138503221138,3.0,True
2014-01-14,1186.994199049327,0.0,4.577053900740248,1182.4171451485868,3.0,True
2014-01-15,283.8257406824489,0.0,4.577053900740248,279.24868678170867,3.0,True
2014-01-16,-116.97184702990702,0.0,4.577053900740248,-121.54890093064728,3.0,True
2014-01-17,-340.32673187495016,0.0,4.577053900740248,-344.9037857756904,3.0,True
2014-01-21,798.4475369601205,0.0,4.577053900740248,793.8704830593803,3.0,True
2014-01-22,728.3473519345218,0.0,4.577053900740248,723.7702980337816,3.0,True
2014-01-23,-538.5178626612234,0.0,4.577053900740248,-543.0949165619636,3.0,True
2014-01-24,-1518.902429726221,0.0,4.577053900740248,-1523.4794836269614,3.0,True
2014-01-27,-218.1674555246636,0.0,4.577053900740248,-222.74450942540386,3.0,True
2014-01-28,662.7562692536152,0.0,4.577053900740248,658.179215352875,3.0,True
2014-01-29,-605.6982191955425,0.0,4.577053900740248,-610.2752730962827,3.0,True
2014-01-30,376.0477763553188,0.0,4.577053900740248,371.47072245457855,3.0,True
2014-01-31,-878.2937091667382,0.0,4.577053900740248,-882.8707630674784,3.0,True
2014-02-03,-1970.8920764477289,130.2623657356127,4.577053900740248,-2105.7314960840818,3.0,True
2014-02-04,327.3002912773009,0.0,3.858797896831265,323.44149338046964,3.0000000000000004,True
2014-02-05,-256.4744086583661,0.0,3.858797896831265,-260.33320655519736,3.0000000000000004,True
2014-02-06,619.83122797673,0.0,3.858797896831265,615.9724300798988,3.0000000000000004,True
2014-02-07,362.9380242212224,0.0,3.858797896831265,359.07922632439113,3.0000000000000004,True
2014-02-10,197.91449282767118,0.0,3.858797896831265,194.0556949308399,3.0000000000000004,True
2014-02-11,507.67848965860736,0.0,3.858797896831265,503.8196917617761,3.0000000000000004,True
2014-02-12,33.280646358729435,0.0,3.858797896831265,29.42184846189817,3.0000000000000004,True
2014-02-13,1.2272338763570778,0.0,3.858797896831265,-2.631564020474187,3.0000000000000004,True
2014-02-14,-83.47929030746403,0.0,3.858797896831265,-87.33808820429529,3.0000000000000004,True
2014-02-18,76.77278636210448,0.0,3.858797896831265,72.91398846527322,3.0000000000000004,True
2014-02-19,34.47112318204352,0.0,3.858797896831265,30.612325285212254,3.0000000000000004,True
2014-02-20,172.49570104360507,0.0,3.858797896831265,168.6369031467738,3.0000000000000004,True
2014-02-21,72.66220437336774,0.0,3.858797896831265,68.80340647653648,3.0000000000000004,True
2014-02-24,-206.752509485522,0.0,3.858797896831265,-210.6113073823533,3.0000000000000004,True
2014-02-25,-37.9547651552996,0.0,3.858797896831265,-41.81356305213086,3.0000000000000004,True
2014-02-26,256.09987155586765,0.0,3.858797896831265,252.24107365903637,3.0000000000000004,True
2014-02-27,-237.41871738548755,0.0,3.858797896831265,-241.27751528231883,3.0000000000000004,True
2014-02-28,220.92951106167462,0.0,3.858797896831265,217.07071316484334,3.0000000000000004,True
2014-03-03,-904.7646689749395,106.22996792516608,3.858797896831265,-1014.8534347969368,3.0000000000000004,True
2014-03-04,1094.6574091525504,0.0,3.275084638827253,1091.382324513723,2.999999999999999,True
2014-03-05,-243.6237822770212,0.0,3.275084638827253,-246.89886691584846,2.999999999999999,True
2014-03-06,232.31034634073987,0.0,3.275084638827253,229.03526170191262,2.999999999999999,True
2014-03-07,196.52691101609653,0.0,3.275084638827253,193.25182637726928,2.999999999999999,True
2014-03-10,-292.4260465691919,0.0,3.275084638827253,-295.70113120801915,2.999999999999999,True
2014-03-11,5.650964004849461,0.0,3.275084638827253,2.3758793660222084,2.999999999999999,True
2014-03-12,-201.18634127510234,0.0,3.275084638827253,-204.4614259139296,2.999999999999999,True
2014-03-13,-993.8962985188953,0.0,3.275084638827253,-997.1713831577225,2.999999999999999,True
2014-03-14,-19.28966968196388,0.0,3.275084638827253,-22.56475432079113,2.999999999999999,True
2014-03-17,643.43964076305,0.0,3.275084638827253,640.1645561242227,2.999999999999999,True
2014-03-18,382.605147501608,0.0,3.275084638827253,379.3300628627807,2.999999999999999,True
2014-03-19,-853.9978331037756,0.0,3.275084638827253,-857.2729177426029,2.999999999999999,True
2014-03-20,-405.2596600146321,0.0,3.275084638827253,-408.53474465345937,2.999999999999999,True
2014-03-21,-64.86879011238051,0.0,3.275084638827253,-68.14387475120776,2.999999999999999,True
2014-03-24,-30.389012428511023,0.0,3.275084638827253,-33.664097067338275,2.999999999999999,True
2014-03-25,360.60275021422353,0.0,3.275084638827253,357.3276655753963,2.999999999999999,True
2014-03-26,-499.54256895277246,0.0,3.275084638827253,-502.8176535915997,2.999999999999999,True
2014-03-27,114.53391188888243,0.0,3.275084638827253,111.25882725005518,2.999999999999999,True
2014-03-28,575.4641437146734,0.0,3.275084638827253,572.1890590758461,2.999999999999999,True
2014-03-31,414.84398625627574,0.0,3.275084638827253,411.5689016174485,2.999999999999999,True
2014-04-01,380.61345476816416,61.28036574596773,3.275084638827253,316.05800438336917,2.999999999999999,True
2014-04-02,196.76253541062115,0.0,3.6441123410438228,193.11842306957732,2.999999999999999,True
2014-04-03,-405.4968966527159,0.0,3.6441123410438228,-409.1410089937597,2.999999999999999,True
2014-04-04,-511.9449308135458,0.0,3.6441123410438228,-515.5890431545896,2.999999999999999,True
2014-04-07,79.53286025752136,0.0,3.6441123410438228,75.88874791647754,2.999999999999999,True
2014-04-08,438.29182181830464,0.0,3.6441123410438228,434.64770947726083,2.999999999999999,True
2014-04-09,883.3266851406825,0.0,3.6441123410438228,879.6825727996386,2.999999999999999,True
2014-04-10,-1213.7249792842797,0.0,3.6441123410438228,-1217.3690916253236,2.999999999999999,True
2014-04-11,-541.2690151607742,0.0,3.6441123410438228,-544.913127501818,2.999999999999999,True
2014-04-14,272.79927875828923,0.0,3.6441123410438228,269.1551664172454,2.999999999999999,True
2014-04-15,314.47624154794113,0.0,3.6441123410438228,310.8321292068973,2.999999999999999,True
2014-04-16,733.5412566730201,0.0,3.6441123410438228,729.8971443319763,2.999999999999999,True
2014-04-17,315.36015522804433,0.0,3.6441123410438228,311.7160428870005,2.999999999999999,True
2014-04-21,33.06201449332357,0.0,3.6441123410438228,29.417902152279744,2.999999999999999,True
2014-04-22,335.2330414154784,0.0,3.6441123410438228,331.5889290744346,2.999999999999999,True
2014-04-23,-243.51654977408867,0.0,3.6441123410438228,-247.1606621151325,2.999999999999999,True
2014-04-24,32.80980887549198,0.0,3.6441123410438228,29.16569653444816,2.999999999999999,True
2014-04-25,-515.6494518140066,0.0,3.6441123410438228,-519.2935641550505,2.999999999999999,True
2014-04-28,609.1795398762791,0.0,3.6441123410438228,605.5354275352353,2.999999999999999,True
2014-04-29,311.4005356977834,0.0,3.6441123410438228,307.7564233567396,2.999999999999999,True
2014-04-30,282.2765206820639,0.0,3.6441123410438228,278.6324083410201,2.999999999999999,True
2014-05-01,107.67731670486783,74.25091309261873,3.6441123410438228,29.78229127120528,2.999999999999999,True
2014-05-02,-269.28500118178613,0.0,4.1990504777447075,-273.48405165953085,3.000000000000001,True
2014-05-05,71.42591907667222,0.0,4.1990504777447075,67.22686859892751,3.000000000000001,True
2014-05-06,-169.99537160531727,0.0,4.1990504777447075,-174.194422083062,3.000000000000001,True
2014-05-07,164.61016525553717,0.0,4.1990504777447075,160.41111477779245,3.000000000000001,True
2014-05-08,-495.72076712656855,0.0,4.1990504777447075,-499.91981760431327,3.000000000000001,True
2014-05-09,-382.611693351238,0.0,4.1990504777447075,-386.8107438289827,3.000000000000001,True
2014-05-12,99.40041401051026,0.0,4.1990504777447075,95.20136353276555,3.000000000000001,True
2014-05-13,-295.619445758356,0.0,4.1990504777447075,-299.8184962361007,3.000000000000001,True
2014-05-14,-554.8636090671678,0.0,4.1990504777447075,-559.0626595449124,3.000000000000001,True
2014-05-15,-22.104628439641182,0.0,4.1990504777447075,-26.303678917385888,3.000000000000001,True
2014-05-16,223.21204154900786,0.0,4.1990504777447075,219.01299107126314,3.000000000000001,True
2014-05-19,107.45730151075655,0.0,4.1990504777447075,103.25825103301185,3.000000000000001,True
2014-05-20,28.08828328415224,0.0,4.1990504777447075,23.889232806407534,3.000000000000001,True
2014-05-21,65.10350960130343,0.0,4.1990504777447075,60.90445912355872,3.000000000000001,True
2014-05-22,-264.2074417220649,0.0,4.1990504777447075,-268.40649219980963,3.000000000000001,True
2014-05-23,-68.82521160235811,0.0,4.1990504777447075,-73.02426208010282,3.000000000000001,True
2014-05-27,244.07351711261254,0.0,4.1990504777447075,239.87446663486782,3.000000000000001,True
2014-05-28,-499.73174941613837,0.0,4.1990504777447075,-503.9307998938831,3.000000000000001,True
2014-05-29,33.61240757460847,0.0,4.1990504777447075,29.413357096863763,3.000000000000001,True
2014-05-30,164.5914722264072,0.0,4.1990504777447075,160.39242174866249,3.000000000000001,True
2014-06-02,-70.23237330694604,180.23166357324553,4.1990504777447075,-254.6630873579363,3.000000000000001,True
2014-06-03,-368.1308490375488,0.0,1.9120791993771356,-370.04292823692595,3.0,True
2014-06-04,-27.516970320067582,0.0,1.9120791993771356,-29.429049519444717,3.0,True
2014-06-05,965.8840429909587,0.0,1.9120791993771356,963.9719637915816,3.0,True
2014-06-06,409.790567938159,0.0,1.9120791993771356,407.8784887387818,3.0,True
2014-06-09,-723.6104352123472,0.0,1.9120791993771356,-725.5225144117243,3.0,True
2014-06-10,-614.2571614062289,0.0,1.9120791993771356,-616.169240605606,3.0,True
2014-06-11,-265.5728113118131,0.0,1.9120791993771356,-267.48489051119026,3.0,True
2014-06-12,147.6206354809163,0.0,1.9120791993771356,145.70855628153916,3.0,True
2014-06-13,97.39943005112501,0.0,1.9120791993771356,95.48735085174788,3.0,True
2014-06-16,-187.14330936641022,0.0,1.9120791993771356,-189.05538856578735,3.0,True
2014-06-17,-304.4045242772696,0.0,1.9120791993771356,-306.3166034766468,3.0,True
2014-06-18,993.7433254264006,0.0,1.9120791993771356,991.8312462270235,3.0,True
2014-06-19,-138.7877516476926,0.0,1.9120791993771356,-140.69983084706973,3.0,True
2014-06-20,123.02486962759914,0.0,1.9120791993771356,121.11279042822201,3.0,True
2014-06-23,-315.815930450325,0.0,1.9120791993771356,-317.7280096497022,3.0,True
2014-06-24,99.75139102847619,0.0,1.9120791993771356,97.83931182909906,3.0,True
2014-06-25,388.37475185628176,0.0,1.9120791993771356,386.4626726569046,3.0,True
2014-06-26,242.9834826818943,0.0,1.9120791993771356,241.07140348251716,3.0,True
2014-06-27,449.3139742623654,0.0,1.9120791993771356,447.4018950629882,3.0,True
2014-06-30,-5.825698152347572,0.0,1.9120791993771356,-7.7377773517247075,3.0,True
2014-07-01,210.10646431718354,64.74812046111612,1.9120791993771356,143.4462646566903,3.0,True
2014-07-02,-216.54069955097458,0.0,1.0177928641934322,-217.55849241516802,2.912631854519459,True
2014-07-03,-415.9557563038486,0.0,1.0177928641934322,-416.97354916804204,2.912631854519459,True
2014-07-07,-263.72844782592773,0.0,1.0177928641934322,-264.74624069012117,2.912631854519459,True
2014-07-08,-82.24430353684625,0.0,1.0177928641934322,-83.26209640103968,2.912631854519459,True
2014-07-09,355.6605948570239,0.0,1.0177928641934322,354.64280199283047,2.912631854519459,True
2014-07-10,-347.67476990674726,0.0,1.0177928641934322,-348.6925627709407,2.912631854519459,True
2014-07-11,149.7510331485258,0.0,1.0177928641934322,148.73324028433237,2.912631854519459,True
2014-07-14,192.0340620947268,0.0,1.0177928641934322,191.01626923053337,2.912631854519459,True
2014-07-15,-567.7237741635469,0.0,1.0177928641934322,-568.7415670277403,2.912631854519459,True
2014-07-16,376.8934943748111,0.0,1.0177928641934322,375.87570151061766,2.912631854519459,True
2014-07-17,-330.57023332492116,0.0,1.0177928641934322,-331.5880261891146,2.912631854519459,True
2014-07-18,566.4318999679585,0.0,1.0177928641934322,565.4141071037651,2.912631854519459,True
2014-07-21,60.70892541092839,0.0,1.0177928641934322,59.691132546734956,2.912631854519459,True
2014-07-22,249.9694813748833,0.0,1.0177928641934322,248.95168851068985,2.912631854519459,True
2014-07-23,409.18277948104327,0.0,1.0177928641934322,408.16498661684983,2.912631854519459,True
2014-07-24,-375.0297324934669,0.0,1.0177928641934322,-376.04752535766033,2.912631854519459,True
2014-07-25,-227.38771450979235,0.0,1.0177928641934322,-228.40550737398578,2.912631854519459,True
2014-07-28,173.30772912363275,0.0,1.0177928641934322,172.28993625943932,2.912631854519459,True
2014-07-29,-386.57075055035875,0.0,1.0177928641934322,-387.5885434145522,2.912631854519459,True
2014-07-30,-633.739103097141,0.0,1.0177928641934322,-634.7568959613344,2.912631854519459,True
2014-07-31,-1697.2779724545983,0.0,1.0177928641934322,-1698.2957653187916,2.912631854519459,True
2014-08-01,-93.2631562161339,44.84515588466318,1.0177928641934322,-139.1261049649905,2.912631854519459,True
2014-08-04,645.0696784592388,0.0,1.5652254797707918,643.504452979468,2.999999999999999,True
2014-08-05,-1008.2442256877251,0.0,1.5652254797707918,-1009.8094511674959,2.999999999999999,True
2014-08-06,-181.52185864762487,0.0,1.5652254797707918,-183.08708412739566,2.999999999999999,True
2014-08-07,-443.06560120002416,0.0,1.5652254797707918,-444.63082667979495,2.999999999999999,True
2014-08-08,653.8464764017997,0.0,1.5652254797707918,652.2812509220289,2.999999999999999,True
2014-08-11,696.7222672977084,0.0,1.5652254797707918,695.1570418179376,2.999999999999999,True
2014-08-12,-205.61906907373609,0.0,1.5652254797707918,-207.18429455350687,2.999999999999999,True
2014-08-13,697.9323523025743,0.0,1.5652254797707918,696.3671268228035,2.999999999999999,True
2014-08-14,733.9249902759211,0.0,1.5652254797707918,732.3597647961503,2.999999999999999,True
2014-08-15,392.1358763621069,0.0,1.5652254797707918,390.5706508823361,2.999999999999999,True
2014-08-18,448.1052912565283,0.0,1.5652254797707918,446.5400657767575,2.999999999999999,True
2014-08-19,74.40407949021015,0.0,1.5652254797707918,72.83885401043936,2.999999999999999,True
2014-08-20,-385.80417548127826,0.0,1.5652254797707918,-387.36940096104905,2.999999999999999,True
2014-08-21,262.88789116743004,0.0,1.5652254797707918,261.32266568765925,2.999999999999999,True
2014-08-22,-333.4048322182249,0.0,1.5652254797707918,-334.9700576979957,2.999999999999999,True
2014-08-25,303.14195857813945,0.0,1.5652254797707918,301.57673309836866,2.999999999999999,True
2014-08-26,6.198805782368634,0.0,1.5652254797707918,4.633580302597842,2.999999999999999,True
2014-08-27,452.28133310512584,0.0,1.5652254797707918,450.71610762535505,2.999999999999999,True
2014-08-28,-246.25080784733333,0.0,1.5652254797707918,-247.81603332710412,2.999999999999999,True
2014-08-29,-46.62019636288485,0.0,1.5652254797707918,-48.18542184265564,2.999999999999999,True
2014-09-02,-348.6614582846494,42.81993094151968,1.5652254797707918,-393.0466147059399,2.999999999999999,True
2014-09-03,353.6882424546997,0.0,2.061797386654273,351.6264450680454,3.0,True
2014-09-04,-840.2760668063562,0.0,2.061797386654273,-842.3378641930104,3.0,True
2014-09-05,360.2512445314261,0.0,2.061797386654273,358.1894471447718,3.0,True
2014-09-08,-869.9247905043907,0.0,2.061797386654273,-871.9865878910449,3.0,True
2014-09-09,-831.6654933822999,0.0,2.061797386654273,-833.7272907689542,3.0,True
2014-09-10,-417.2893068866459,0.0,2.061797386654273,-419.35110427330017,3.0,True
2014-09-11,-326.19711884690315,0.0,2.061797386654273,-328.25891623355744,3.0,True
2014-09-12,-1096.4487233308507,0.0,2.061797386654273,-1098.510520717505,3.0,True
2014-09-15,-596.4976646629364,0.0,2.061797386654273,-598.5594620495906,3.0,True
2014-09-16,499.5110545447318,0.0,2.061797386654273,497.4492571580775,3.0,True
2014-09-17,-604.3614813667449,0.0,2.061797386654273,-606.4232787533991,3.0,True
2014-09-18,271.8125818684246,0.0,2.061797386654273,269.7507844817703,3.0,True
2014-09-19,-76.31720621768766,0.0,2.061797386654273,-78.37900360434193,3.0,True
2014-09-22,-438.9208622047343,0.0,2.061797386654273,-440.9826595913886,3.0,True
2014-09-23,-421.5723689112576,0.0,2.061797386654273,-423.6341662979119,3.0,True
2014-09-24,150.15013532353353,0.0,2.061797386654273,148.08833793687927,3.0,True
2014-09-25,-1119.0343375773616,0.0,2.061797386654273,-1121.0961349640158,3.0,True
2014-09-26,428.05515488186774,0.0,2.061797386654273,425.99335749521344,3.0,True
2014-09-29,-625.3461001114958,0.0,2.061797386654273,-627.4078974981501,3.0,True
2014-09-30,98.67406762597663,0.0,2.061797386654273,96.61227023932236,3.0,True
2014-10-01,-282.12189681899747,146.20627460324425,2.061797386654273,-430.389968808896,3.0,True
2014-10-02,-759.9472772283251,0.0,2.8710033420920373,-762.8182805704172,3.0,True
2014-10-03,1838.367174683296,0.0,2.8710033420920373,1835.496171341204,3.0,True
2014-10-06,-848.9995036732527,0.0,2.8710033420920373,-851.8705070153447,3.0,True
2014-10-07,-533.0135448942167,0.0,2.8710033420920373,-535.8845482363088,3.0,True
2014-10-08,1048.6629582174232,0.0,2.8710033420920373,1045.7919548753312,3.0,True
2014-10-09,-712.6570533327277,0.0,2.8710033420920373,-715.5280566748198,3.0,True
2014-10-10,-125.06018992835686,0.0,2.8710033420920373,-127.9311932704489,3.0,True
2014-10-13,-535.9369237923028,0.0,2.8710033420920373,-538.8079271343948,3.0,True
2014-10-14,1270.3373830284518,0.0,2.8710033420920373,1267.4663796863597,3.0,True
2014-10-15,-1048.7464154190125,0.0,2.8710033420920373,-1051.6174187611045,3.0,True
2014-10-16,-61.24079350283884,0.0,2.8710033420920373,-64.11179684493088,3.0,True
2014-10-17,775.7762433076687,0.0,2.8710033420920373,772.9052399655766,3.0,True
2014-10-20,566.739177169889,0.0,2.8710033420920373,563.8681738277969,3.0,True
2014-10-21,1100.2673336760513,0.0,2.8710033420920373,1097.3963303339592,3.0,True
2014-10-22,97.72813987646235,0.0,2.8710033420920373,94.85713653437031,3.0,True
2014-10-23,560.3807509055016,0.0,2.8710033420920373,557.5097475634095,3.0,True
2014-10-24,23.532606018448945,0.0,2.8710033420920373,20.661602676356907,3.0,True
2014-10-27,-17.112563717324417,0.0,2.8710033420920373,-19.983567059416455,3.0,True
2014-10-28,464.77045179013083,0.0,2.8710033420920373,461.8994484480388,3.0,True
2014-10-29,287.7608436511522,0.0,2.8710033420920373,284.88984030906016,3.0,True
2014-10-30,882.5682235996187,0.0,2.8710033420920373,879.6972202575266,3.0,True
2014-10-31,2295.0003914456483,0.0,2.8710033420920373,2292.1293881035563,3.0,True
2014-11-03,868.938667555306,46.09407352489363,2.8710033420920373,819.9735906883203,3.0,True
2014-11-04,-327.4078989533761,0.0,2.870561061782907,-330.278460015159,3.0000000000000013,True
2014-11-05,358.26849151888337,0.0,2.870561061782907,355.3979304571005,3.0000000000000013,True
2014-11-06,18.116608468517292,0.0,2.870561061782907,15.246047406734384,3.0000000000000013,True
2014-11-07,-407.59505027634526,0.0,2.870561061782907,-410.46561133812816,3.0000000000000013,True
2014-11-10,521.8695757387748,0.0,2.870561061782907,518.9990146769918,3.0000000000000013,True
2014-11-11,-282.0427054386467,0.0,2.870561061782907,-284.9132665004296,3.0000000000000013,True
2014-11-12,37.73006065209034,0.0,2.870561061782907,34.85949959030743,3.0000000000000013,True
2014-11-13,339.630959751649,0.0,2.870561061782907,336.7603986898661,3.0000000000000013,True
2014-11-14,-376.96903020026804,0.0,2.870561061782907,-379.83959126205093,3.0000000000000013,True
2014-11-17,163.50216096822365,0.0,2.870561061782907,160.63159990644075,3.0000000000000013,True
2014-11-18,-11.58394203622738,0.0,2.870561061782907,-14.454503098010289,3.0000000000000013,True
2014-11-19,-141.86571143844415,0.0,2.870561061782907,-144.73627250022705,3.0000000000000013,True
2014-11-20,-189.4488962871888,0.0,2.870561061782907,-192.3194573489717,3.0000000000000013,True
2014-11-21,893.5991157558586,0.0,2.870561061782907,890.7285546940757,3.0000000000000013,True
2014-11-24,186.23888683534838,0.0,2.870561061782907,183.3683257735655,3.0000000000000013,True
2014-11-25,316.68932418842604,0.0,2.870561061782907,313.81876312664315,3.0000000000000013,True
2014-11-26,309.9176173820302,0.0,2.870561061782907,307.0470563202473,3.0000000000000013,True
2014-11-28,1336.5890992359837,0.0,2.870561061782907,1333.7185381742008,3.0000000000000013,True
2014-12-01,-1747.9621855368614,27.407154054343057,2.870561061782907,-1778.2399006529872,3.0000000000000013,True
2014-12-02,745.7766101239257,0.0,2.7800902897573163,742.9965198341683,3.0,True
2014-12-03,199.16718281542535,0.0,2.7800902897573163,196.38709252566804,3.0,True
2014-12-04,-156.22352097910803,0.0,2.7800902897573163,-159.00361126886534,3.0,True
2014-12-05,330.0037655797479,0.0,2.7800902897573163,327.2236752899906,3.0,True
2014-12-08,-415.1523967814022,0.0,2.7800902897573163,-417.9324870711595,3.0,True
2014-12-09,-345.30311924156683,0.0,2.7800902897573163,-348.08320953132414,3.0,True
2014-12-10,-665.4046271642433,0.0,2.7800902897573163,-668.1847174540006,3.0,True
2014-12-11,503.66196854107943,0.0,2.7800902897573163,500.8818782513221,3.0,True
2014-12-12,-394.8390794116732,0.0,2.7800902897573163,-397.6191697014305,3.0,True
2014-12-15,-427.44388275575017,0.0,2.7800902897573163,-430.2239730455075,3.0,True
2014-12-16,-612.8435142885877,0.0,2.7800902897573163,-615.6236045783451,3.0,True
2014-12-17,2330.963246042664,0.0,2.7800902897573163,2328.1831557529067,3.0,True
2014-12-18,657.0584772833912,0.0,2.7800902897573163,654.2783869936338,3.0,True
2014-12-19,578.5515410961881,0.0,2.7800902897573163,575.7714508064307,3.0,True
2014-12-22,947.612732850488,0.0,2.7800902897573163,944.8326425607306,3.0,True
2014-12-23,-449.1977706959139,0.0,2.7800902897573163,-451.9778609856712,3.0,True
2014-12-24,-53.15151330159304,0.0,2.7800902897573163,-55.93160359135036,3.0,True
2014-12-26,240.31411311314113,0.0,2.7800902897573163,237.53402282338382,3.0,True
2014-12-29,538.0683279964937,0.0,2.7800902897573163,535.2882377067364,3.0,True
2014-12-30,-496.7763108501085,0.0,2.7800902897573163,-499.5564011398658,3.0,True
2014-12-31,-405.459460840697,0.0,2.7800902897573163,-408.2395511304543,3.0,True
2015-01-02,1382.1667417778722,43.298027395795756,2.7800902897573163,1336.0886240923192,3.0,True
2015-01-05,742.2847961698592,0.0,3.260461940742348,739.0243342291168,3.0000000000000004,True
2015-01-06,623.8618454059936,0.0,3.260461940742348,620.6013834652512,3.0000000000000004,True
2015-01-07,1216.95801317164,0.0,3.260461940742348,1213.6975512308977,3.0000000000000004,True
2015-01-08,192.83171136543078,0.0,3.260461940742348,189.57124942468843,3.0000000000000004,True
2015-01-09,-178.92935170763744,0.0,3.260461940742348,-182.18981364837978,3.0000000000000004,True
2015-01-12,615.6940103548457,0.0,3.260461940742348,612.4335484141033,3.0000000000000004,True
2015-01-13,233.4475811597165,0.0,3.260461940742348,230.18711921897415,3.0000000000000004,True
2015-01-14,92.75515783363191,0.0,3.260461940742348,89.49469589288957,3.0000000000000004,True
2015-01-15,-1322.0404351621157,0.0,3.260461940742348,-1325.300897102858,3.0000000000000004,True
2015-01-16,-295.68275677218395,0.0,3.260461940742348,-298.9432187129263,3.0000000000000004,True
2015-01-20,565.7164861266704,0.0,3.260461940742348,562.456024185928,3.0000000000000004,True
2015-01-21,-393.3917176635094,0.0,3.260461940742348,-396.6521796042517,3.0000000000000004,True
2015-01-22,1578.5698326366146,0.0,3.260461940742348,1575.3093706958723,3.0000000000000004,True
2015-01-23,1164.6802960717973,0.0,3.260461940742348,1161.419834131055,3.0000000000000004,True
2015-01-26,328.9886316338531,0.0,3.260461940742348,325.7281696931108,3.0000000000000004,True
2015-01-27,-686.3581295243381,0.0,3.260461940742348,-689.6185914650805,3.0000000000000004,True
2015-01-28,721.2423186465564,0.0,3.260461940742348,717.981856705814,3.0000000000000004,True
2015-01-29,1110.5650266807938,0.0,3.260461940742348,1107.3045647400515,3.0000000000000004,True
2015-01-30,-901.5250333660706,0.0,3.260461940742348,-904.785495306813,3.0000000000000004,True
2015-02-02,34.14571105098876,54.053697897313484,3.260461940742348,-23.168448787067074,3.0000000000000004,True
2015-02-03,-1276.8632536666266,0.0,2.9849862090114865,-1279.8482398756382,2.9059928135396658,True
2015-02-04,478.06773636051446,0.0,2.9849862090114865,475.082750151503,2.9059928135396658,True
2015-02-05,-56.064872154323005,0.0,2.9849862090114865,-59.049858363334494,2.9059928135396658,True
2015-02-06,-928.453713332011,0.0,2.9849862090114865,-931.4386995410225,2.9059928135396658,True
2015-02-09,-862.8499277488398,0.0,2.9849862090114865,-865.8349139578513,2.9059928135396658,True
2015-02-10,614.46966720287,0.0,2.9849862090114865,611.4846809938585,2.9059928135396658,True
2015-02-11,365.7561664886371,0.0,2.9849862090114865,362.77118027962564,2.9059928135396658,True
2015-02-12,-453.2703527528631,0.0,2.9849862090114865,-456.2553389618746,2.9059928135396658,True
2015-02-13,-426.30311649006103,0.0,2.9849862090114865,-429.2881026990725,2.9059928135396658,True
2015-02-17,-586.7969990618498,0.0,2.9849862090114865,-589.7819852708612,2.9059928135396658,True
2015-02-18,755.239732184443,0.0,2.9849862090114865,752.2547459754315,2.9059928135396658,True
2015-02-19,-336.94422524131846,0.0,2.9849862090114865,-339.92921145032994,2.9059928135396658,True
2015-02-20,487.07886155908034,0.0,2.9849862090114865,484.09387535006886,2.9059928135396658,True
2015-02-23,669.5391709196514,0.0,2.9849862090114865,666.5541847106399,2.9059928135396658,True
2015-02-24,-148.97828374605206,0.0,2.9849862090114865,-151.96326995506354,2.9059928135396658,True
2015-02-25,-250.23866887017445,0.0,2.9849862090114865,-253.22365507918593,2.9059928135396658,True
2015-02-26,363.9141014753025,0.0,2.9849862090114865,360.92911526629103,2.9059928135396658,True
2015-02-27,151.1484331800967,0.0,2.9849862090114865,148.16344697108522,2.9059928135396658,True
2015-03-02,303.5254850211901,27.73038401667948,2.9849862090114865,272.81011479549915,2.9059928135396658,True
2015-03-03,-334.68924944418586,0.0,2.893607981401139,-337.582857425587,2.823187653690038,True
2015-03-04,-319.57659019462824,0.0,2.893607981401139,-322.4701981760294,2.823187653690038,True
2015-03-05,449.4454261022544,0.0,2.893607981401139,446.5518181208532,2.823187653690038,True
2015-03-06,-886.3055286122377,0.0,2.893607981401139,-889.1991365936389,2.823187653690038,True
2015-03-09,72.50051507910472,0.0,2.893607981401139,69.60690709770358,2.823187653690038,True
2015-03-10,304.6077118154662,0.0,2.893607981401139,301.71410383406504,2.823187653690038,True
2015-03-11,957.3349026853166,0.0,2.893607981401139,954.4412947039154,2.823187653690038,True
2015-03-12,563.6128409100166,0.0,2.893607981401139,560.7192329286155,2.823187653690038,True
2015-03-13,566.794998511892,0.0,2.893607981401139,563.9013905304909,2.823187653690038,True
2015-03-16,323.575130257899,0.0,2.893607981401139,320.68152227649784,2.823187653690038,True
2015-03-17,-5.2270323231241775,0.0,2.893607981401139,-8.120640304525317,2.823187653690038,True
2015-03-18,121.09071176249434,0.0,2.893607981401139,118.1971037810932,2.823187653690038,True
2015-03-19,966.9386481558732,0.0,2.893607981401139,964.0450401744721,2.823187653690038,True
2015-03-20,-36.91535418241347,0.0,2.893607981401139,-39.80896216381461,2.823187653690038,True
2015-03-23,-991.8668336643242,0.0,2.893607981401139,-994.7604416457253,2.823187653690038,True
2015-03-24,559.8430620278186,0.0,2.893607981401139,556.9494540464175,2.823187653690038,True
2015-03-25,-926.425019149558,0.0,2.893607981401139,-929.3186271309592,2.823187653690038,True
2015-03-26,-813.2829220328416,0.0,2.893607981401139,-816.1765300142428,2.823187653690038,True
2015-03-27,1049.5993698776997,0.0,2.893607981401139,1046.7057618962986,2.823187653690038,True
2015-03-30,1000.9284762684987,0.0,2.893607981401139,998.0348682870975,2.823187653690038,True
2015-03-31,-171.03477876333127,0.0,2.893607981401139,-173.92838674473242,2.823187653690038,True
2015-04-01,81.50314245855546,27.684218957471465,2.893607981401139,50.925315519682854,2.823187653690038,True
2015-04-02,-253.7926778814383,0.0,3.053419053546177,-256.8460969349845,2.8496377343819184,True
2015-04-06,36.51650341363244,0.0,3.053419053546177,33.46308436008626,2.8496377343819184,True
2015-04-07,178.20727532213874,0.0,3.053419053546177,175.15385626859256,2.8496377343819184,True
2015-04-08,872.6192439675659,0.0,3.053419053546177,869.5658249140198,2.8496377343819184,True
2015-04-09,471.58315020427113,0.0,3.053419053546177,468.52973115072496,2.8496377343819184,True
2015-04-10,-213.66177541937708,0.0,3.053419053546177,-216.71519447292326,2.8496377343819184,True
2015-04-13,39.27310418773448,0.0,3.053419053546177,36.2196851341883,2.8496377343819184,True
2015-04-14,-205.50436568890527,0.0,3.053419053546177,-208.55778474245145,2.8496377343819184,True
2015-04-15,-835.0437463392041,0.0,3.053419053546177,-838.0971653927502,2.8496377343819184,True
2015-04-16,-699.1146243252954,0.0,3.053419053546177,-702.1680433788415,2.8496377343819184,True
2015-04-17,-370.16288462469475,0.0,3.053419053546177,-373.21630367824093,2.8496377343819184,True
2015-04-20,601.8222831894337,0.0,3.053419053546177,598.7688641358876,2.8496377343819184,True
2015-04-21,95.75663431193469,0.0,3.053419053546177,92.70321525838851,2.8496377343819184,True
2015-04-22,-69.24858958013597,0.0,3.053419053546177,-72.30200863368215,2.8496377343819184,True
2015-04-23,-438.0142714152702,0.0,3.053419053546177,-441.06769046881635,2.8496377343819184,True
2015-04-24,195.74361094375578,0.0,3.053419053546177,192.6901918902096,2.8496377343819184,True
2015-04-27,-462.69219064410635,0.0,3.053419053546177,-465.7456096976525,2.8496377343819184,True
2015-04-28,-1019.3812398473892,0.0,3.053419053546177,-1022.4346589009353,2.8496377343819184,True
2015-04-29,-1390.9164773101136,0.0,3.053419053546177,-1393.9698963636597,2.8496377343819184,True
2015-04-30,-684.2707690655599,0.0,3.053419053546177,-687.324188119106,2.8496377343819184,True
2015-05-01,593.8438198341527,29.091585630790554,3.053419053546177,561.698815149816,2.8496377343819184,True
2015-05-04,-32.06714912942499,0.0,2.930107590766183,-34.997256720191174,2.9999999999999996,True
2015-05-05,-1506.4808736481216,0.0,2.930107590766183,-1509.4109812388879,2.9999999999999996,True
2015-05-06,-1253.1848564445047,0.0,2.930107590766183,-1256.114964035271,2.9999999999999996,True
2015-05-07,1143.8898536449597,0.0,2.930107590766183,1140.9597460541934,2.9999999999999996,True
2015-05-08,1015.4613827917718,0.0,2.930107590766183,1012.5312752010057,2.9999999999999996,True
2015-05-11,-1227.3930510300188,0.0,2.930107590766183,-1230.323158620785,2.9999999999999996,True
2015-05-12,-713.3907545616527,0.0,2.930107590766183,-716.3208621524188,2.9999999999999996,True
2015-05-13,-863.3145291116081,0.0,2.930107590766183,-866.2446367023742,2.9999999999999996,True
2015-05-14,535.6809616460624,0.0,2.930107590766183,532.7508540552963,2.9999999999999996,True
2015-05-15,1150.906322813466,0.0,2.930107590766183,1147.9762152226997,2.9999999999999996,True
2015-05-18,-55.042577707733976,0.0,2.930107590766183,-57.97268529850016,2.9999999999999996,True
2015-05-19,696.0915119781827,0.0,2.930107590766183,693.1614043874165,2.9999999999999996,True
2015-05-20,150.53424260850895,0.0,2.930107590766183,147.60413501774278,2.9999999999999996,True
2015-05-21,51.33368798039171,0.0,2.930107590766183,48.403580389625525,2.9999999999999996,True
2015-05-22,776.766056951643,0.0,2.930107590766183,773.8359493608768,2.9999999999999996,True
2015-05-26,917.8887124646593,0.0,2.930107590766183,914.9586048738931,2.9999999999999996,True
2015-05-27,683.7746450007223,0.0,2.930107590766183,680.8445374099562,2.9999999999999996,True
2015-05-28,-273.99112752792144,0.0,2.930107590766183,-276.9212351186876,2.9999999999999996,True
2015-05-29,-695.522307310632,0.0,2.930107590766183,-698.4524149013981,2.9999999999999996,True
2015-06-01,476.1055007268669,61.388546374924,2.930107590766183,411.7868467611768,2.9999999999999996,True
2015-06-02,-1690.3753105196542,0.0,3.252947809904498,-1693.6282583295588,2.7192034802034644,True
2015-06-03,-435.4542971503196,0.0,3.252947809904498,-438.7072449602241,2.7192034802034644,True
2015-06-04,322.7968850597606,0.0,3.252947809904498,319.54393724985607,2.7192034802034644,True
2015-06-05,-316.7812881050026,0.0,3.252947809904498,-320.0342359149071,2.7192034802034644,True
2015-06-08,-994.5232269879522,0.0,3.252947809904498,-997.7761747978567,2.7192034802034644,True
2015-06-09,-623.3043853408776,0.0,3.252947809904498,-626.5573331507821,2.7192034802034644,True
2015-06-10,-348.0578866110932,0.0,3.252947809904498,-351.3108344209977,2.7192034802034644,True
2015-06-11,1147.8890911768606,0.0,3.252947809904498,1144.636143366956,2.7192034802034644,True
2015-06-12,42.423898894989826,0.0,3.252947809904498,39.17095108508533,2.7192034802034644,True
2015-06-15,-364.5481760943019,0.0,3.252947809904498,-367.8011239042064,2.7192034802034644,True
2015-06-16,357.5794820789525,0.0,3.252947809904498,354.326534269048,2.7192034802034644,True
2015-06-17,-412.5054449928901,0.0,3.252947809904498,-415.75839280279456,2.7192034802034644,True
2015-06-18,301.00062377703676,0.0,3.252947809904498,297.7476759671323,2.7192034802034644,True
2015-06-19,301.0603429755834,0.0,3.252947809904498,297.80739516567894,2.7192034802034644,True
2015-06-22,-20.458672001945995,0.0,3.252947809904498,-23.711619811850493,2.7192034802034644,True
2015-06-23,183.88322412884375,0.0,3.252947809904498,180.63027631893925,2.7192034802034644,True
2015-06-24,-130.2443230719856,0.0,3.252947809904498,-133.4972708818901,2.7192034802034644,True
2015-06-25,-544.0010122778391,0.0,3.252947809904498,-547.2539600877436,2.7192034802034644,True
2015-06-26,-42.155237011650215,0.0,3.252947809904498,-45.40818482155471,2.7192034802034644,True
2015-06-29,-879.4761224846383,0.0,3.252947809904498,-882.7290702945428,2.7192034802034644,True
2015-06-30,74.23060913992377,0.0,3.252947809904498,70.97766133001927,2.7192034802034644,True
2015-07-01,981.8256511014093,105.26833410905458,3.252947809904498,873.3043691824503,2.7192034802034644,True
2015-07-02,-24.417815212606456,0.0,4.219055611767183,-28.636870824373638,2.3839871473299405,True
2015-07-06,1388.459741192012,0.0,4.219055611767183,1384.2406855802449,2.3839871473299405,True
2015-07-07,967.7896151968457,0.0,4.219055611767183,963.5705595850785,2.3839871473299405,True
2015-07-08,499.9021592438132,0.0,4.219055611767183,495.68310363204597,2.3839871473299405,True
2015-07-09,-712.8817777454831,0.0,4.219055611767183,-717.1008333572503,2.3839871473299405,True
2015-07-10,-933.0019269960119,0.0,4.219055611767183,-937.2209826077791,2.3839871473299405,True
2015-07-13,162.8717939659768,0.0,4.219055611767183,158.65273835420962,2.3839871473299405,True
2015-07-14,-141.98278140030982,0.0,4.219055611767183,-146.201837012077,2.3839871473299405,True
2015-07-15,725.3825203728343,0.0,4.219055611767183,721.1634647610671,2.3839871473299405,True
2015-07-16,298.20865813160435,0.0,4.219055611767183,293.98960251983715,2.3839871473299405,True
2015-07-17,419.7554059694147,0.0,4.219055611767183,415.5363503576475,2.3839871473299405,True
2015-07-20,718.632775568945,0.0,4.219055611767183,714.4137199571778,2.3839871473299405,True
2015-07-21,-212.13699602887328,0.0,4.219055611767183,-216.35605164064046,2.3839871473299405,True
2015-07-22,793.808796050828,0.0,4.219055611767183,789.5897404390608,2.3839871473299405,True
2015-07-23,512.4000591191954,0.0,4.219055611767183,508.18100350742816,2.3839871473299405,True
2015-07-24,520.6331765434165,0.0,4.219055611767183,516.4141209316493,2.3839871473299405,True
2015-07-27,293.0466155212928,0.0,4.219055611767183,288.8275599095256,2.3839871473299405,True
2015-07-28,-868.2047582874123,0.0,4.219055611767183,-872.4238138991795,2.3839871473299405,True
2015-07-29,7.824702277668339,0.0,4.219055611767183,3.6056466659011566,2.3839871473299405,True
2015-07-30,340.30262371043403,0.0,4.219055611767183,336.08356809866683,2.3839871473299405,True
2015-07-31,355.94095511935393,0.0,4.219055611767183,351.7218995075867,2.3839871473299405,True
2015-08-03,895.6076751750909,73.16266386184134,4.219055611767183,818.2259557014823,2.3839871473299405,True
2015-08-04,-534.9527759422837,0.0,3.95695196903344,-538.9097279113171,2.763272812579451,True
2015-08-05,-108.6921430456403,0.0,3.95695196903344,-112.64909501467373,2.763272812579451,True
2015-08-06,65.21784163829315,0.0,3.95695196903344,61.26088966925971,2.763272812579451,True
2015-08-07,132.45570507438532,0.0,3.95695196903344,128.49875310535188,2.763272812579451,True
2015-08-10,-1149.0350912081376,0.0,3.95695196903344,-1152.9920431771711,2.763272812579451,True
2015-08-11,1172.4858912105226,0.0,3.95695196903344,1168.528939241489,2.763272812579451,True
2015-08-12,-698.3707537203699,0.0,3.95695196903344,-702.3277056894033,2.763272812579451,True
2015-08-13,334.29665522117324,0.0,3.95695196903344,330.3397032521398,2.763272812579451,True
2015-08-14,194.66769827114973,0.0,3.95695196903344,190.7107463021163,2.763272812579451,True
2015-08-17,605.2031040177555,0.0,3.95695196903344,601.2461520487221,2.763272812579451,True
2015-08-18,183.91222754320836,0.0,3.95695196903344,179.95527557417492,2.763272812579451,True
2015-08-19,-226.9468251588914,0.0,3.95695196903344,-230.90377712792483,2.763272812579451,True
2015-08-20,-633.5219295592224,0.0,3.95695196903344,-637.4788815282558,2.763272812579451,True
2015-08-21,-123.87425354965283,0.0,3.95695196903344,-127.83120551868628,2.763272812579451,True
2015-08-24,-508.11045630476616,0.0,3.95695196903344,-512.0674082737996,2.763272812579451,True
2015-08-25,-637.6246568773454,0.0,3.95695196903344,-641.5816088463788,2.763272812579451,True
2015-08-26,1417.3813617057401,0.0,3.95695196903344,1413.4244097367066,2.763272812579451,True
2015-08-27,-173.63405075476692,0.0,3.95695196903344,-177.59100272380036,2.763272812579451,True
2015-08-28,-172.42130603597252,0.0,3.95695196903344,-176.37825800500596,2.763272812579451,True
2015-08-31,-656.5058596424885,0.0,3.95695196903344,-660.4628116115219,2.763272812579451,True
2015-09-01,450.83789964844334,86.84684823576931,3.95695196903344,360.0340994436406,2.763272812579451,True
2015-09-02,-33.544689981376,0.0,4.685860494166847,-38.23055047554285,2.4241256972385967,True
2015-09-03,-25.5377255447744,0.0,4.685860494166847,-30.223586038941246,2.4241256972385967,True
2015-09-04,772.7208653251456,0.0,4.685860494166847,768.0350048309788,2.4241256972385967,True
2015-09-08,-1276.7347975402377,0.0,4.685860494166847,-1281.4206580344046,2.4241256972385967,True
2015-09-09,367.22409046743235,0.0,4.685860494166847,362.5382299732655,2.4241256972385967,True
2015-09-10,-617.4186117120844,0.0,4.685860494166847,-622.1044722062512,2.4241256972385967,True
2015-09-11,228.5290761916238,0.0,4.685860494166847,223.84321569745694,2.4241256972385967,True
2015-09-14,214.03849354967178,0.0,4.685860494166847,209.35263305550492,2.4241256972385967,True
2015-09-15,281.4412643775235,0.0,4.685860494166847,276.7554038833567,2.4241256972385967,True
2015-09-16,-946.1357244401966,0.0,4.685860494166847,-950.8215849343634,2.4241256972385967,True
2015-09-17,-244.00057324343769,0.0,4.685860494166847,-248.68643373760455,2.4241256972385967,True
2015-09-18,977.140283408465,0.0,4.685860494166847,972.4544229142982,2.4241256972385967,True
2015-09-21,359.55506688821663,0.0,4.685860494166847,354.8692063940498,2.4241256972385967,True
2015-09-22,1144.5211866775892,0.0,4.685860494166847,1139.8353261834222,2.4241256972385967,True
2015-09-23,715.6214710258879,0.0,4.685860494166847,710.9356105317211,2.4241256972385967,True
2015-09-24,-726.3325735145694,0.0,4.685860494166847,-731.0184340087362,2.4241256972385967,True
2015-09-25,109.70264137047468,0.0,4.685860494166847,105.01678087630783,2.4241256972385967,True
2015-09-28,948.5776302448925,0.0,4.685860494166847,943.8917697507256,2.4241256972385967,True
2015-09-29,83.70868676662664,0.0,4.685860494166847,79.0228262724598,2.4241256972385967,True
2015-09-30,-533.6316930083057,0.0,4.685860494166847,-538.3175535024725,2.4241256972385967,True
2015-10-01,199.2451480664628,28.5151649273852,4.685860494166847,166.04412264491074,2.4241256972385967,True
2015-10-02,-957.1959238107587,0.0,4.084331343358747,-961.2802551541174,2.26508914323725,True
2015-10-05,-796.5284961971438,0.0,4.084331343358747,-800.6128275405025,2.26508914323725,True
2015-10-06,-813.0823046752337,0.0,4.084331343358747,-817.1666360185924,2.26508914323725,True
2015-10-07,-329.4374792424247,0.0,4.084331343358747,-333.52181058578344,2.26508914323725,True
2015-10-08,-480.32236989915083,0.0,4.084331343358747,-484.4067012425096,2.26508914323725,True
2015-10-09,-576.7035510708769,0.0,4.084331343358747,-580.7878824142356,2.26508914323725,True
2015-10-12,407.3575191498417,0.0,4.084331343358747,403.27318780648295,2.26508914323725,True
2015-10-13,475.6812616729937,0.0,4.084331343358747,471.5969303296349,2.26508914323725,True
2015-10-14,-1084.5934498565487,0.0,4.084331343358747,-1088.6777811999075,2.26508914323725,True
2015-10-15,-146.55990668230635,0.0,4.084331343358747,-150.6442380256651,2.26508914323725,True
2015-10-16,402.0496942355906,0.0,4.084331343358747,397.96536289223184,2.26508914323725,True
2015-10-19,737.1265309475053,0.0,4.084331343358747,733.0421996041466,2.26508914323725,True
2015-10-20,-151.1262784939962,0.0,4.084331343358747,-155.21060983735495,2.26508914323725,True
2015-10-21,811.5271223614493,0.0,4.084331343358747,807.4427910180906,2.26508914323725,True
2015-10-22,38.45274826570085,0.0,4.084331343358747,34.3684169223421,2.26508914323725,True
2015-10-23,114.83969790680216,0.0,4.084331343358747,110.75536656344342,2.26508914323725,True
2015-10-26,295.1800954742578,0.0,4.084331343358747,291.09576413089906,2.26508914323725,True
2015-10-27,397.7025659378978,0.0,4.084331343358747,393.61823459453905,2.26508914323725,True
2015-10-28,250.28892265418017,0.0,4.084331343358747,246.20459131082143,2.26508914323725,True
2015-10-29,143.50569784660408,0.0,4.084331343358747,139.42136650324534,2.26508914323725,True
2015-10-30,-471.7252774338955,0.0,4.084331343358747,-475.80960877725425,2.26508914323725,True
2015-11-02,185.9123929272487,93.4389282947274,4.084331343358747,88.38913328916256,2.26508914323725,True
2015-11-03,-663.7814080310129,0.0,4.2719491985103515,-668.0533572295233,2.849720401996729,True
2015-11-04,587.3869957628962,0.0,4.2719491985103515,583.1150465643858,2.849720401996729,True
2015-11-05,574.9706298272539,0.0,4.2719491985103515,570.6986806287435,2.849720401996729,True
2015-11-06,325.24275534507575,0.0,4.2719491985103515,320.9708061465654,2.849720401996729,True
2015-11-09,-507.3342644722112,0.0,4.2719491985103515,-511.60621367072156,2.849720401996729,True
2015-11-10,498.846067980938,0.0,4.2719491985103515,494.57411878242766,2.849720401996729,True
2015-11-11,35.622733824928275,0.0,4.2719491985103515,31.350784626417923,2.849720401996729,True
2015-11-12,-307.7305815775959,0.0,4.2719491985103515,-312.00253077610625,2.849720401996729,True
2015-11-13,105.93272052327355,0.0,4.2719491985103515,101.66077132476319,2.849720401996729,True
2015-11-16,748.2767448229056,0.0,4.2719491985103515,744.0047956243952,2.849720401996729,True
2015-11-17,421.18321046306085,0.0,4.2719491985103515,416.9112612645505,2.849720401996729,True
2015-11-18,439.91827808098833,0.0,4.2719491985103515,435.646328882478,2.849720401996729,True
2015-11-19,-375.5425154308845,0.0,4.2719491985103515,-379.8144646293949,2.849720401996729,True
2015-11-20,762.7029059483868,0.0,4.2719491985103515,758.4309567498765,2.849720401996729,True
2015-11-23,67.98917101860565,0.0,4.2719491985103515,63.7172218200953,2.849720401996729,True
2015-11-24,-647.8186876854311,0.0,4.2719491985103515,-652.0906368839414,2.849720401996729,True
2015-11-25,332.3943327361756,0.0,4.2719491985103515,328.12238353766526,2.849720401996729,True
2015-11-27,854.2971086685063,0.0,4.2719491985103515,850.025159469996,2.849720401996729,True
2015-11-30,47.986348880070956,0.0,4.2719491985103515,43.71439968156061,2.849720401996729,True
2015-12-01,190.6327799837639,97.58884071363562,4.2719491985103515,88.77199007161792,2.849720401996729,True
2015-12-02,710.0834261298861,0.0,5.030377231874824,705.0530488980113,2.817813644721005,True
2015-12-03,-1735.4249274385343,0.0,5.030377231874824,-1740.455304670409,2.817813644721005,True
2015-12-04,264.43186733313956,0.0,5.030377231874824,259.40149010126476,2.817813644721005,True
2015-12-07,1644.6583869720728,0.0,5.030377231874824,1639.628009740198,2.817813644721005,True
2015-12-08,616.9423667026074,0.0,5.030377231874824,611.9119894707326,2.817813644721005,True
2015-12-09,-795.9603967930782,0.0,5.030377231874824,-800.990774024953,2.817813644721005,True
2015-12-10,430.34776790818376,0.0,5.030377231874824,425.31739067630895,2.817813644721005,True
2015-12-11,871.7461180399084,0.0,5.030377231874824,866.7157408080336,2.817813644721005,True
2015-12-14,479.82174213704354,0.0,5.030377231874824,474.79136490516873,2.817813644721005,True
2015-12-15,341.74393205891414,0.0,5.030377231874824,336.71355482703933,2.817813644721005,True
2015-12-16,-427.2949515847318,0.0,5.030377231874824,-432.3253288166066,2.817813644721005,True
2015-12-17,1801.2952153569518,0.0,5.030377231874824,1796.264838125077,2.817813644721005,True
2015-12-18,-953.5040464732296,0.0,5.030377231874824,-958.5344237051044,2.817813644721005,True
2015-12-21,-407.6103253042011,0.0,5.030377231874824,-412.64070253607593,2.817813644721005,True
2015-12-22,-238.6117690417336,0.0,5.030377231874824,-243.64214627360843,2.817813644721005,True
2015-12-23,-903.1695969980134,0.0,5.030377231874824,-908.1999742298882,2.817813644721005,True
2015-12-24,-383.8644157486056,0.0,5.030377231874824,-388.8947929804804,2.817813644721005,True
2015-12-28,659.6166800316288,0.0,5.030377231874824,654.586302799754,2.817813644721005,True
2015-12-29,-429.86629577276403,0.0,5.030377231874824,-434.89667300463884,2.817813644721005,True
2015-12-30,449.5205147568896,0.0,5.030377231874824,444.4901375250148,2.817813644721005,True
2015-12-31,187.2945534498292,0.0,5.030377231874824,182.26417621795437,2.817813644721005,True
2016-01-04,667.2172446134169,47.035089274019654,5.030377231874824,615.1517781075224,2.817813644721005,True
2016-01-05,747.34655401312,0.0,5.147174403906585,742.1993796092135,2.958816454999405,True
2016-01-06,644.1096164741956,0.0,5.147174403906585,638.9624420702891,2.958816454999405,True
2016-01-07,147.96698768329782,0.0,5.147174403906585,142.81981327939124,2.958816454999405,True
2016-01-08,275.83288902609087,0.0,5.147174403906585,270.68571462218426,2.958816454999405,True
2016-01-11,1000.1291149091079,0.0,5.147174403906585,994.9819405052014,2.958816454999405,True
2016-01-12,11.149903015424936,0.0,5.147174403906585,6.002728611518351,2.958816454999405,True
2016-01-13,-103.41600570409364,0.0,5.147174403906585,-108.56318010800022,2.958816454999405,True
2016-01-14,85.20892942110756,0.0,5.147174403906585,80.06175501720097,2.958816454999405,True
2016-01-15,1380.3204471500396,0.0,5.147174403906585,1375.173272746133,2.958816454999405,True
2016-01-19,164.44390498396993,0.0,5.147174403906585,159.29673058006335,2.958816454999405,True
2016-01-20,-142.56941298435993,0.0,5.147174403906585,-147.7165873882665,2.958816454999405,True
2016-01-21,-601.2155810276921,0.0,5.147174403906585,-606.3627554315987,2.958816454999405,True
2016-01-22,-483.4182682796887,0.0,5.147174403906585,-488.5654426835953,2.958816454999405,True
2016-01-25,511.9728370440867,0.0,5.147174403906585,506.8256626401801,2.958816454999405,True
2016-01-26,-1113.6331912365865,0.0,5.147174403906585,-1118.780365640493,2.958816454999405,True
2016-01-27,-230.80274101917536,0.0,5.147174403906585,-235.94991542308193,2.958816454999405,True
2016-01-28,-755.0190302661739,0.0,5.147174403906585,-760.1662046700804,2.958816454999405,True
2016-01-29,-212.17110737654605,0.0,5.147174403906585,-217.31828178045262,2.958816454999405,True
2016-02-01,-162.0281173130697,132.7278750813643,5.147174403906585,-299.9031667983406,2.958816454999405,True
2016-02-02,1027.8961774765717,0.0,4.193995278890309,1023.7021821976814,1.9448041862287475,True
2016-02-03,-1996.8729213750366,0.0,4.193995278890309,-2001.066916653927,1.9448041862287475,True
2016-02-04,-421.30069895260567,0.0,4.193995278890309,-425.494694231496,1.9448041862287475,True
2016-02-05,1033.9800929090852,0.0,4.193995278890309,1029.786097630195,1.9448041862287475,True
2016-02-08,518.7651156011372,0.0,4.193995278890309,514.5711203222469,1.9448041862287475,True
2016-02-09,481.9534971243691,0.0,4.193995278890309,477.7595018454788,1.9448041862287475,True
2016-02-10,-393.2932073922096,0.0,4.193995278890309,-397.4872026710999,1.9448041862287475,True
2016-02-11,144.79285885699184,0.0,4.193995278890309,140.59886357810154,1.9448041862287475,True
2016-02-12,-622.160662247488,0.0,4.193995278890309,-626.3546575263782,1.9448041862287475,True
2016-02-16,92.90119031131515,0.0,4.193995278890309,88.70719503242483,1.9448041862287475,True
2016-02-17,-957.9849302150714,0.0,4.193995278890309,-962.1789254939616,1.9448041862287475,True
2016-02-18,-144.04790381587247,0.0,4.193995278890309,-148.24189909476277,1.9448041862287475,True
2016-02-19,-217.77462493044902,0.0,4.193995278890309,-221.96862020933932,1.9448041862287475,True
2016-02-22,-505.5075976806496,0.0,4.193995278890309,-509.70159295953994,1.9448041862287475,True
2016-02-23,577.0846482995834,0.0,4.193995278890309,572.8906530206931,1.9448041862287475,True
2016-02-24,-204.9871112610039,0.0,4.193995278890309,-209.1811065398942,1.9448041862287475,True
2016-02-25,-552.3046095258067,0.0,4.193995278890309,-556.4986048046969,1.9448041862287475,True
2016-02-26,620.7430665882985,0.0,4.193995278890309,616.5490713094082,1.9448041862287475,True
2016-02-29,-260.2491149086247,0.0,4.193995278890309,-264.443110187515,1.9448041862287475,True
2016-03-01,-1234.9650474142288,54.511453505628964,4.193995278890309,-1293.670496198748,1.9448041862287475,True
2016-03-02,-468.61673497227036,0.0,3.2339355877653277,-471.85067056003567,1.7582894625823167,True
2016-03-03,-650.5441237678016,0.0,3.2339355877653277,-653.7780593555669,1.7582894625823167,True
2016-03-04,-695.9410723480765,0.0,3.2339355877653277,-699.1750079358419,1.7582894625823167,True
2016-03-07,-137.37057430316074,0.0,3.2339355877653277,-140.60450989092607,1.7582894625823167,True
2016-03-08,725.8752874800197,0.0,3.2339355877653277,722.6413518922543,1.7582894625823167,True
2016-03-09,-548.2735413333559,0.0,3.2339355877653277,-551.5074769211212,1.7582894625823167,True
2016-03-10,-306.6281020101916,0.0,3.2339355877653277,-309.8620375979569,1.7582894625823167,True
2016-03-11,-1352.8375900225744,0.0,3.2339355877653277,-1356.0715256103397,1.7582894625823167,True
2016-03-14,290.29476275784486,0.0,3.2339355877653277,287.06082717007956,1.7582894625823167,True
2016-03-15,480.28623918215817,0.0,3.2339355877653277,477.05230359439287,1.7582894625823167,True
2016-03-16,-1160.652529999695,0.0,3.2339355877653277,-1163.8864655874602,1.7582894625823167,True
2016-03-17,-1212.0737627673745,0.0,3.2339355877653277,-1215.3076983551398,1.7582894625823167,True
2016-03-18,154.0088162533011,0.0,3.2339355877653277,150.77488066553576,1.7582894625823167,True
2016-03-21,207.717810900545,0.0,3.2339355877653277,204.48387531277967,1.7582894625823167,True
2016-03-22,27.482724576225163,0.0,3.2339355877653277,24.248788988459836,1.7582894625823167,True
2016-03-23,997.5708497900442,0.0,3.2339355877653277,994.3369142022789,1.7582894625823167,True
2016-03-24,217.6782330744551,0.0,3.2339355877653277,214.44429748668978,1.7582894625823167,True
2016-03-28,-412.98696626421133,0.0,3.2339355877653277,-416.22090185197663,1.7582894625823167,True
2016-03-29,-920.6002815206482,0.0,3.2339355877653277,-923.8342171084136,1.7582894625823167,True
2016-03-30,-325.35943936676216,0.0,3.2339355877653277,-328.59337495452746,1.7582894625823167,True
2016-03-31,64.91724585415241,0.0,3.2339355877653277,61.68331026638708,1.7582894625823167,True
2016-04-01,383.90060954136914,168.5698681104233,3.2339355877653277,212.0968058431805,1.7582894625823167,True
2016-04-04,423.2863743195911,0.0,2.631081464114764,420.6552928554764,2.507941297695289,True
2016-04-05,786.0330937996612,0.0,2.631081464114764,783.4020123355464,2.507941297695289,True
2016-04-06,-457.1311704968596,0.0,2.631081464114764,-459.76225196097437,2.507941297695289,True
2016-04-07,677.8056145531949,0.0,2.631081464114764,675.1745330890801,2.507941297695289,True
2016-04-08,-887.5627740805754,0.0,2.631081464114764,-890.1938555446902,2.507941297695289,True
2016-04-11,-229.30756586132324,0.0,2.631081464114764,-231.938647325438,2.507941297695289,True
2016-04-12,-1196.1791882541195,0.0,2.631081464114764,-1198.8102697182342,2.507941297695289,True
2016-04-13,-938.9181919662223,0.0,2.631081464114764,-941.549273430337,2.507941297695289,True
2016-04-14,-13.67594854360043,0.0,2.631081464114764,-16.307030007715195,2.507941297695289,True
2016-04-15,578.982253131178,0.0,2.631081464114764,576.3511716670632,2.507941297695289,True
2016-04-18,-289.38265243385683,0.0,2.631081464114764,-292.0137338979716,2.507941297695289,True
2016-04-19,-941.6180545933637,0.0,2.631081464114764,-944.2491360574785,2.507941297695289,True
2016-04-20,-1143.7346731492871,0.0,2.631081464114764,-1146.3657546134018,2.507941297695289,True
2016-04-21,2.734231961696405,0.0,2.631081464114764,0.10315049758164108,2.507941297695289,True
2016-04-22,-324.05841953023855,0.0,2.631081464114764,-326.6895009943533,2.507941297695289,True
2016-04-25,74.38678549834879,0.0,2.631081464114764,71.75570403423403,2.507941297695289,True
2016-04-26,-476.9785118658767,0.0,2.631081464114764,-479.60959332999147,2.507941297695289,True
2016-04-27,212.41176076201347,0.0,2.631081464114764,209.7806792978987,2.507941297695289,True
2016-04-28,998.5564938256053,0.0,2.631081464114764,995.9254123614905,2.507941297695289,True
2016-04-29,111.49177706075253,0.0,2.631081464114764,108.86069559663777,2.507941297695289,True
2016-05-02,288.5992329235157,46.3981073873812,2.631081464114764,239.5700440720197,2.507941297695289,True
2016-05-03,1271.771248895155,0.0,2.876819699319095,1268.8944291958358,2.488065695016213,True
2016-05-04,601.851001453009,0.0,2.876819699319095,598.9741817536899,2.488065695016213,True
2016-05-05,375.1441534621286,0.0,2.876819699319095,372.2673337628095,2.488065695016213,True
2016-05-06,174.33679223999223,0.0,2.876819699319095,171.45997254067314,2.488065695016213,True
2016-05-09,296.85144056202927,0.0,2.876819699319095,293.9746208627102,2.488065695016213,True
2016-05-10,-886.2309298434106,0.0,2.876819699319095,-889.1077495427297,2.488065695016213,True
2016-05-11,42.74653787030636,0.0,2.876819699319095,39.86971817098727,2.488065695016213,True
2016-05-12,-84.742846225623,0.0,2.876819699319095,-87.6196659249421,2.488065695016213,True
2016-05-13,707.0645904882522,0.0,2.876819699319095,704.1877707889331,2.488065695016213,True
2016-05-16,-637.3305506997187,0.0,2.876819699319095,-640.2073703990378,2.488065695016213,True
2016-05-17,-283.9178419297207,0.0,2.876819699319095,-286.79466162903975,2.488065695016213,True
2016-05-18,-831.2843882980725,0.0,2.876819699319095,-834.1612079973916,2.488065695016213,True
2016-05-19,186.52716355653934,0.0,2.876819699319095,183.65034385722024,2.488065695016213,True
2016-05-20,-47.003793626757364,0.0,2.876819699319095,-49.88061332607646,2.488065695016213,True
2016-05-23,308.5305617509704,0.0,2.876819699319095,305.6537420516513,2.488065695016213,True
2016-05-24,-589.7060623644263,0.0,2.876819699319095,-592.5828820637454,2.488065695016213,True
2016-05-25,-465.9715953229199,0.0,2.876819699319095,-468.84841502223895,2.488065695016213,True
2016-05-26,164.59782607464183,0.0,2.876819699319095,161.72100637532273,2.488065695016213,True
2016-05-27,-170.73541424124562,0.0,2.876819699319095,-173.61223394056472,2.488065695016213,True
2016-05-31,183.1164237817621,0.0,2.876819699319095,180.239604082443,2.488065695016213,True
2016-06-01,-74.14629486796412,17.049777393691137,2.876819699319095,-94.07289196097435,2.488065695016213,True
2016-06-02,233.9233633921464,0.0,3.0862453100380463,230.83711808210836,2.5976465255671872,True
2016-06-03,249.93538866324303,0.0,3.0862453100380463,246.849143353205,2.5976465255671872,True
2016-06-06,-938.9923032933907,0.0,3.0862453100380463,-942.0785486034288,2.5976465255671872,True
2016-06-07,-266.69343581132426,0.0,3.0862453100380463,-269.77968112136233,2.5976465255671872,True
2016-06-08,-306.08236523230494,0.0,3.0862453100380463,-309.168610542343,2.5976465255671872,True
2016-06-09,395.25537107970723,0.0,3.0862453100380463,392.16912576966917,2.5976465255671872,True
2016-06-10,1028.5251018070799,0.0,3.0862453100380463,1025.4388564970418,2.5976465255671872,True
2016-06-13,650.7503228884481,0.0,3.0862453100380463,647.66407757841,2.5976465255671872,True
2016-06-14,323.4056225666721,0.0,3.0862453100380463,320.319377256634,2.5976465255671872,True
2016-06-15,336.2661153409635,0.0,3.0862453100380463,333.17987003092543,2.5976465255671872,True
2016-06-16,608.3639690375386,0.0,3.0862453100380463,605.2777237275005,2.5976465255671872,True
2016-06-17,-796.142288543893,0.0,3.0862453100380463,-799.228533853931,2.5976465255671872,True
2016-06-20,-1377.188342468051,0.0,3.0862453100380463,-1380.274587778089,2.5976465255671872,True
2016-06-21,-462.26185945488226,0.0,3.0862453100380463,-465.3481047649203,2.5976465255671872,True
2016-06-22,366.4440330111994,0.0,3.0862453100380463,363.3577877011613,2.5976465255671872,True
2016-06-23,-1266.798859852828,0.0,3.0862453100380463,-1269.885105162866,2.5976465255671872,True
2016-06-24,4232.635396783851,0.0,3.0862453100380463,4229.549151473813,2.5976465255671872,True
2016-06-27,1691.6177453642615,0.0,3.0862453100380463,1688.5315000542234,2.5976465255671872,True
2016-06-28,-1058.1550177713145,0.0,3.0862453100380463,-1061.2412630813526,2.5976465255671872,True
2016-06-29,-896.146042426007,0.0,3.0862453100380463,-899.2322877360451,2.5976465255671872,True
2016-06-30,-155.80234100867634,0.0,3.0862453100380463,-158.88858631871437,2.5976465255671872,True
2016-07-01,156.86345372092683,94.75271252602342,3.0862453100380463,59.02449588486537,2.5976465255671872,True
2016-07-05,1315.7937452333572,0.0,2.4668641196631116,1313.326881113694,3.000000000000001,True
2016-07-06,166.0549908905468,0.0,2.4668641196631116,163.5881267708837,3.000000000000001,True
2016-07-07,188.44886495993663,0.0,2.4668641196631116,185.9820008402735,3.000000000000001,True
2016-07-08,818.4275743100817,0.0,2.4668641196631116,815.9607101904186,3.000000000000001,True
2016-07-11,-248.48217102048375,0.0,2.4668641196631116,-250.94903514014686,3.000000000000001,True
2016-07-12,-1454.329240410608,0.0,2.4668641196631116,-1456.7961045302711,3.000000000000001,True
2016-07-13,642.307929437791,0.0,2.4668641196631116,639.8410653181279,3.000000000000001,True
2016-07-14,-904.210492358987,0.0,2.4668641196631116,-906.6773564786502,3.000000000000001,True
2016-07-15,-326.9269756687605,0.0,2.4668641196631116,-329.39383978842363,3.000000000000001,True
2016-07-18,-1.4233723627866501,0.0,2.4668641196631116,-3.8902364824497617,3.000000000000001,True
2016-07-19,646.067471558607,0.0,2.4668641196631116,643.6006074389439,3.000000000000001,True
2016-07-20,-112.25267879937277,0.0,2.4668641196631116,-114.71954291903589,3.000000000000001,True
2016-07-21,510.04737948707225,0.0,2.4668641196631116,507.58051536740913,3.000000000000001,True
2016-07-22,-21.52817795389625,0.0,2.4668641196631116,-23.99504207355936,3.000000000000001,True
2016-07-25,69.87599677376224,0.0,2.4668641196631116,67.40913265409912,3.000000000000001,True
2016-07-26,90.77002833626436,0.0,2.4668641196631116,88.30316421660125,3.000000000000001,True
2016-07-27,759.5242013424469,0.0,2.4668641196631116,757.0573372227838,3.000000000000001,True
2016-07-28,-28.64212384043087,0.0,2.4668641196631116,-31.10898796009398,3.000000000000001,True
2016-07-29,838.0914442859579,0.0,2.4668641196631116,835.6245801662948,3.000000000000001,True
2016-08-01,-119.08979533840642,51.91812915781131,2.4668641196631116,-173.47478861588084,3.000000000000001,True
2016-08-02,-442.73095843725,0.0,1.8130436350009973,-444.54400207225103,2.9999999999999996,True
2016-08-03,-463.56856985686636,0.0,1.8130436350009973,-465.38161349186737,2.9999999999999996,True
2016-08-04,413.2552044011961,0.0,1.8130436350009973,411.4421607661951,2.9999999999999996,True
2016-08-05,-455.3697247729609,0.0,1.8130436350009973,-457.18276840796193,2.9999999999999996,True
2016-08-08,163.86389858973203,0.0,1.8130436350009973,162.05085495473102,2.9999999999999996,True
2016-08-09,778.4036505879485,0.0,1.8130436350009973,776.5906069529475,2.9999999999999996,True
2016-08-10,660.2506177119669,0.0,1.8130436350009973,658.4375740769659,2.9999999999999996,True
2016-08-11,-903.4023476475386,0.0,1.8130436350009973,-905.2153912825396,2.9999999999999996,True
2016-08-12,52.926095007343584,0.0,1.8130436350009973,51.11305137234259,2.9999999999999996,True
2016-08-15,-189.96035103503957,0.0,1.8130436350009973,-191.77339467004057,2.9999999999999996,True
2016-08-16,-489.1402469499619,0.0,1.8130436350009973,-490.95329058496293,2.9999999999999996,True
2016-08-17,266.5018101645524,0.0,1.8130436350009973,264.6887665295514,2.9999999999999996,True
2016-08-18,155.56727748851955,0.0,1.8130436350009973,153.75423385351854,2.9999999999999996,True
2016-08-19,-624.7846332540204,0.0,1.8130436350009973,-626.5976768890214,2.9999999999999996,True
2016-08-22,178.98147518814318,0.0,1.8130436350009973,177.16843155314217,2.9999999999999996,True
2016-08-23,57.750491094340305,0.0,1.8130436350009973,55.93744745933931,2.9999999999999996,True
2016-08-24,-387.78267469675615,0.0,1.8130436350009973,-389.59571833175715,2.9999999999999996,True
2016-08-25,6.750511206773345,0.0,1.8130436350009973,4.9374675717723475,2.9999999999999996,True
2016-08-26,-816.986213012201,0.0,1.8130436350009973,-818.799256647202,2.9999999999999996,True
2016-08-29,931.6819346869652,0.0,1.8130436350009973,929.8688910519642,2.9999999999999996,True
2016-08-30,-407.85570313831965,0.0,1.8130436350009973,-409.66874677332066,2.9999999999999996,True
2016-08-31,-65.57872136945069,0.0,1.8130436350009973,-67.39176500445168,2.9999999999999996,True
2016-09-01,448.89848071273246,91.84630529364946,1.8130436350009973,355.239131784082,2.9999999999999996,True
2016-09-02,492.02637778508796,0.0,1.2627413578944833,490.7636364271935,2.574085812611629,True
2016-09-06,1499.899800814722,0.0,1.2627413578944833,1498.6370594568275,2.574085812611629,True
2016-09-07,-116.33323889978679,0.0,1.2627413578944833,-117.59598025768128,2.574085812611629,True
2016-09-08,-1067.5940770426694,0.0,1.2627413578944833,-1068.856818400564,2.574085812611629,True
2016-09-09,-2673.20008778384,0.0,1.2627413578944833,-2674.4628291417343,2.574085812611629,True
2016-09-12,525.6227461300479,0.0,1.2627413578944833,524.3600047721534,2.574085812611629,True
2016-09-13,-1954.1116013486005,0.0,1.2627413578944833,-1955.374342706495,2.574085812611629,True
2016-09-14,389.5402985643447,0.0,1.2627413578944833,388.27755720645024,2.574085812611629,True
2016-09-15,555.1269067960686,0.0,1.2627413578944833,553.8641654381742,2.574085812611629,True
2016-09-16,-337.5384409575779,0.0,1.2627413578944833,-338.8011823154724,2.574085812611629,True
2016-09-19,523.8419724869981,0.0,1.2627413578944833,522.5792311291036,2.574085812611629,True
2016-09-20,117.03168992946269,0.0,1.2627413578944833,115.7689485715682,2.574085812611629,True
2016-09-21,1586.2801025492524,0.0,1.2627413578944833,1585.0173611913578,2.574085812611629,True
2016-09-22,1190.7535920121497,0.0,1.2627413578944833,1189.4908506542552,2.574085812611629,True
2016-09-23,-233.376648818699,0.0,1.2627413578944833,-234.63939017659348,2.574085812611629,True
2016-09-26,-244.16769973488462,0.0,1.2627413578944833,-245.4304410927791,2.574085812611629,True
2016-09-27,445.79060729701933,0.0,1.2627413578944833,444.52786593912487,2.574085812611629,True
2016-09-28,439.3599297658153,0.0,1.2627413578944833,438.09718840792084,2.574085812611629,True
2016-09-29,-1046.439020334632,0.0,1.2627413578944833,-1047.7017616925266,2.574085812611629,True
2016-09-30,287.93755798714056,0.0,1.2627413578944833,286.6748166292461,2.574085812611629,True
2016-10-03,-584.124081483832,41.1797957653209,1.2627413578944833,-626.5666186070474,2.574085812611629,True
2016-10-04,-1355.8631185973838,0.0,1.0168412252360104,-1356.8799598226199,2.1615106346798814,True
2016-10-05,-518.2338632172842,0.0,1.0168412252360104,-519.2507044425203,2.1615106346798814,True
2016-10-06,-332.17342808901896,0.0,1.0168412252360104,-333.190269314255,2.1615106346798814,True
2016-10-07,-195.41564012524955,0.0,1.0168412252360104,-196.43248135048557,2.1615106346798814,True
2016-10-10,338.2954976766556,0.0,1.0168412252360104,337.2786564514196,2.1615106346798814,True
2016-10-11,-1080.1104537677593,0.0,1.0168412252360104,-1081.1272949929953,2.1615106346798814,True
2016-10-12,138.8046355983843,0.0,1.0168412252360104,137.78779437314827,2.1615106346798814,True
2016-10-13,205.50144091435965,0.0,1.0168412252360104,204.48459968912363,2.1615106346798814,True
2016-10-14,-281.17170986278023,0.0,1.0168412252360104,-282.18855108801625,2.1615106346798814,True
2016-10-17,148.94511899027526,0.0,1.0168412252360104,147.92827776503924,2.1615106346798814,True
2016-10-18,702.6133416460932,0.0,1.0168412252360104,701.5965004208572,2.1615106346798814,True
2016-10-19,423.37203123849804,0.0,1.0168412252360104,422.355190013262,2.1615106346798814,True
2016-10-20,-277.84288851736,0.0,1.0168412252360104,-278.859729742596,2.1615106346798814,True
2016-10-21,-50.58928079271615,0.0,1.0168412252360104,-51.60612201795216,2.1615106346798814,True
2016-10-24,26.17113019358593,0.0,1.0168412252360104,25.15428896834992,2.1615106346798814,True
2016-10-25,248.74673402061276,0.0,1.0168412252360104,247.72989279537674,2.1615106346798814,True
2016-10-26,-763.9640063462806,0.0,1.0168412252360104,-764.9808475715166,2.1615106346798814,True
2016-10-27,-1054.0312881857185,0.0,1.0168412252360104,-1055.0481294109545,2.1615106346798814,True
2016-10-28,-99.05880047901994,0.0,1.0168412252360104,-100.07564170425594,2.1615106346798814,True
2016-10-31,629.396655222521,0.0,1.0168412252360104,628.3798139972849,2.1615106346798814,True
2016-11-01,-337.72501303786544,142.29261712945453,1.0168412252360104,-481.034471392556,2.1615106346798814,True
2016-11-02,-240.85040986081685,0.0,2.1908646918082026,-243.04127455262505,3.0,True
2016-11-03,-250.58795858092677,0.0,2.1908646918082026,-252.77882327273497,3.0,True
2016-11-04,298.73562709537526,0.0,2.1908646918082026,296.54476240356706,3.0,True
2016-11-07,729.8313758430417,0.0,2.1908646918082026,727.6405111512335,3.0,True
2016-11-08,241.99333587704416,0.0,2.1908646918082026,239.80247118523596,3.0,True
2016-11-09,-1770.9802803702996,0.0,2.1908646918082026,-1773.1711450621078,3.0,True
2016-11-10,-953.9052108928435,0.0,2.1908646918082026,-956.0960755846517,3.0,True
2016-11-11,-423.65134976395586,0.0,2.1908646918082026,-425.84221445576406,3.0,True
2016-11-14,260.9683867289261,0.0,2.1908646918082026,258.7775220371179,3.0,True
2016-11-15,338.9489578469387,0.0,2.1908646918082026,336.7580931551305,3.0,True
2016-11-16,7.8102776796601034,0.0,2.1908646918082026,5.6194129878519,3.0,True
2016-11-17,-711.8619117830096,0.0,2.1908646918082026,-714.0527764748178,3.0,True
2016-11-18,-606.7468703445952,0.0,2.1908646918082026,-608.9377350364034,3.0,True
2016-11-21,-198.95825666072912,0.0,2.1908646918082026,-201.14912135253732,3.0,True
2016-11-22,1000.8537990258842,0.0,2.1908646918082026,998.662934334076,3.0,True
2016-11-23,-650.5134982391637,0.0,2.1908646918082026,-652.7043629309719,3.0,True
2016-11-25,146.926108354363,0.0,2.1908646918082026,144.7352436625548,3.0,True
2016-11-28,443.0015423832114,0.0,2.1908646918082026,440.8106776914032,3.0,True
2016-11-29,231.8333717211928,0.0,2.1908646918082026,229.6425070293846,3.0,True
2016-11-30,-1227.2657126638937,0.0,2.1908646918082026,-1229.456577355702,3.0,True
2016-12-01,-1108.623662779968,58.04487413344094,2.1908646918082026,-1168.8594016052173,3.0,True
2016-12-02,247.1215912056,0.0,2.333215720557337,244.78837548504265,2.999999999999999,True
2016-12-05,183.53131574433237,0.0,2.333215720557337,181.19810002377503,2.999999999999999,True
2016-12-06,295.06696071711394,0.0,2.333215720557337,292.7337449965566,2.999999999999999,True
2016-12-07,560.2320997221605,0.0,2.333215720557337,557.8988840016032,2.999999999999999,True
2016-12-08,324.1928000196786,0.0,2.333215720557337,321.85958429912125,2.999999999999999,True
2016-12-09,-508.4553336489271,0.0,2.333215720557337,-510.78854936948443,2.999999999999999,True
2016-12-12,-298.0101683296284,0.0,2.333215720557337,-300.34338405018576,2.999999999999999,True
2016-12-13,8.221144490854577,0.0,2.333215720557337,5.88792877029724,2.999999999999999,True
2016-12-14,-1037.2926679409843,0.0,2.333215720557337,-1039.6258836615416,2.999999999999999,True
2016-12-15,-41.355139205720384,0.0,2.333215720557337,-43.68835492627772,2.999999999999999,True
2016-12-16,-249.72635765699025,0.0,2.333215720557337,-252.0595733775476,2.999999999999999,True
2016-12-19,711.9337767638623,0.0,2.333215720557337,709.600561043305,2.999999999999999,True
2016-12-20,-38.79346816873974,0.0,2.333215720557337,-41.12668388929708,2.999999999999999,True
2016-12-21,-10.740775026489663,0.0,2.333215720557337,-13.073990747047,2.999999999999999,True
2016-12-22,59.92979726723919,0.0,2.333215720557337,57.596581546681854,2.999999999999999,True
2016-12-23,166.30880480051457,0.0,2.333215720557337,163.97558907995722,2.999999999999999,True
2016-12-27,55.85574786671804,0.0,2.333215720557337,53.52253214616071,2.999999999999999,True
2016-12-28,479.31387015625705,0.0,2.333215720557337,476.9806544356997,2.999999999999999,True
2016-12-29,244.73984495305564,0.0,2.333215720557337,242.4066292324983,2.999999999999999,True
2016-12-30,-241.7467155736653,0.0,2.333215720557337,-244.07993129422266,2.999999999999999,True
2017-01-03,627.4753041178295,139.1048747758386,2.333215720557337,486.0372136214336,2.999999999999999,True
2017-01-04,779.7100836397117,0.0,0.780906227886432,778.9291774118252,2.091199321242012,True
2017-01-05,855.0786938239143,0.0,0.780906227886432,854.2977875960278,2.091199321242012,True
2017-01-06,-267.8665322700227,0.0,0.780906227886432,-268.6474384979091,2.091199321242012,True
2017-01-09,-68.28715557794816,0.0,0.780906227886432,-69.06806180583459,2.091199321242012,True
2017-01-10,109.1813352909857,0.0,0.780906227886432,108.40042906309927,2.091199321242012,True
2017-01-11,439.2352396868346,0.0,0.780906227886432,438.45433345894816,2.091199321242012,True
2017-01-12,224.4676155048725,0.0,0.780906227886432,223.68670927698608,2.091199321242012,True
2017-01-13,-67.1807732051869,0.0,0.780906227886432,-67.96167943307333,2.091199321242012,True
2017-01-17,243.0892249747726,0.0,0.780906227886432,242.3083187468862,2.091199321242012,True
2017-01-18,-664.5036656447776,0.0,0.780906227886432,-665.2845718726641,2.091199321242012,True
2017-01-19,-592.7050795079768,0.0,0.780906227886432,-593.4859857358633,2.091199321242012,True
2017-01-20,256.7943862681774,0.0,0.780906227886432,256.013480040291,2.091199321242012,True
2017-01-23,705.7923831353005,0.0,0.780906227886432,705.011476907414,2.091199321242012,True
2017-01-24,136.05422780554767,0.0,0.780906227886432,135.27332157766125,2.091199321242012,True
2017-01-25,-194.27645294875316,0.0,0.780906227886432,-195.05735917663958,2.091199321242012,True
2017-01-26,-95.73747756404947,0.0,0.780906227886432,-96.5183837919359,2.091199321242012,True
2017-01-27,-91.90501779991791,0.0,0.780906227886432,-92.68592402780435,2.091199321242012,True
2017-01-30,-313.0888933888758,0.0,0.780906227886432,-313.86979961676224,2.091199321242012,True
2017-01-31,574.3873473815361,0.0,0.780906227886432,573.6064411536496,2.091199321242012,True
2017-02-01,-182.31002647293246,96.29032493400139,0.780906227886432,-279.38125763482026,2.091199321242012,True
2017-02-02,387.7027143810897,0.0,1.3278220776194873,386.37489230347023,2.2481429398545765,True
2017-02-03,294.8681629984757,0.0,1.3278220776194873,293.54034092085624,2.2481429398545765,True
2017-02-06,-161.92712382288025,0.0,1.3278220776194873,-163.25494590049973,2.2481429398545765,True
2017-02-07,-259.5531280247003,0.0,1.3278220776194873,-260.8809501023198,2.2481429398545765,True
2017-02-08,411.7351824082201,0.0,1.3278220776194873,410.4073603306006,2.2481429398545765,True
2017-02-09,274.5564438896262,0.0,1.3278220776194873,273.22862181200674,2.2481429398545765,True
2017-02-10,622.3606663208216,0.0,1.3278220776194873,621.032844243202,2.2481429398545765,True
2017-02-13,-149.6439875624559,0.0,1.3278220776194873,-150.97180964007538,2.2481429398545765,True
2017-02-14,79.35496702029702,0.0,1.3278220776194873,78.02714494267754,2.2481429398545765,True
2017-02-15,425.1103544361149,0.0,1.3278220776194873,423.7825323584954,2.2481429398545765,True
2017-02-16,-77.98037723022529,0.0,1.3278220776194873,-79.30819930784477,2.2481429398545765,True
2017-02-17,-103.02450232962377,0.0,1.3278220776194873,-104.35232440724326,2.2481429398545765,True
2017-02-21,340.2065835344298,0.0,1.3278220776194873,338.8787614568103,2.2481429398545765,True
2017-02-22,4.157745273810883,0.0,1.3278220776194873,2.8299231961913955,2.2481429398545765,True
2017-02-23,185.05687578576465,0.0,1.3278220776194873,183.72905370814516,2.2481429398545765,True
2017-02-24,-96.0548907480272,0.0,1.3278220776194873,-97.38271282564669,2.2481429398545765,True
2017-02-27,-184.45657805230834,0.0,1.3278220776194873,-185.78440012992783,2.2481429398545765,True
2017-02-28,-194.68566950645638,0.0,1.3278220776194873,-196.01349158407587,2.2481429398545765,True
2017-03-01,623.6112971550855,65.58349088109556,1.3278220776194873,556.6999841963703,2.2481429398545765,True
2017-03-02,-1305.8735959635594,0.0,2.010598045447203,-1307.8841940090067,2.6538709403799032,True
2017-03-03,82.16003628050633,0.0,2.010598045447203,80.14943823505914,2.6538709403799032,True
2017-03-06,-333.8365984307919,0.0,2.010598045447203,-335.8471964762391,2.6538709403799032,True
2017-03-07,-562.3250229062048,0.0,2.010598045447203,-564.335620951652,2.6538709403799032,True
2017-03-08,-1181.243711338632,0.0,2.010598045447203,-1183.2543093840793,2.6538709403799032,True
2017-03-09,-680.9601301277171,0.0,2.010598045447203,-682.9707281731643,2.6538709403799032,True
2017-03-10,124.17542228242854,0.0,2.010598045447203,122.16482423698133,2.6538709403799032,True
2017-03-13,374.6915384429375,0.0,2.010598045447203,372.6809403974903,2.6538709403799032,True
2017-03-14,-532.1772367777847,0.0,2.010598045447203,-534.1878348232319,2.6538709403799032,True
2017-03-15,1816.1023674022351,0.0,2.010598045447203,1814.0917693567878,2.6538709403799032,True
2017-03-16,141.9273398733452,0.0,2.010598045447203,139.916741827898,2.6538709403799032,True
2017-03-17,265.54152173651426,0.0,2.010598045447203,263.5309236910671,2.6538709403799032,True
2017-03-20,183.30033794379497,0.0,2.010598045447203,181.28973989834776,2.6538709403799032,True
2017-03-21,-1171.7023267382222,0.0,2.010598045447203,-1173.7129247836695,2.6538709403799032,True
2017-03-22,186.06378450796666,0.0,2.010598045447203,184.05318646251945,2.6538709403799032,True
2017-03-23,222.91291688746225,0.0,2.010598045447203,220.90231884201503,2.6538709403799032,True
2017-03-24,197.8410105600229,0.0,2.010598045447203,195.8304125145757,2.6538709403799032,True
2017-03-27,-426.82157337185265,0.0,2.010598045447203,-428.83217141729983,2.6538709403799032,True
2017-03-28,700.6189911211931,0.0,2.010598045447203,698.6083930757459,2.6538709403799032,True
2017-03-29,628.3056941916072,0.0,2.010598045447203,626.2950961461601,2.6538709403799032,True
2017-03-30,47.188661351166004,0.0,2.010598045447203,45.1780633057188,2.6538709403799032,True
2017-03-31,93.71827981655562,0.0,2.010598045447203,91.70768177110841,2.6538709403799032,True
2017-04-03,-224.6330509851923,54.63005902113347,2.010598045447203,-281.273708051773,2.6538709403799032,True
2017-04-04,413.18594462356083,0.0,2.652988915280056,410.5329557082808,2.855486717633642,True
2017-04-05,-169.0073790820255,0.0,2.652988915280056,-171.66036799730554,2.855486717633642,True
2017-04-06,445.1274445163785,0.0,2.652988915280056,442.47445560109844,2.855486717633642,True
2017-04-07,66.62444623553998,0.0,2.652988915280056,63.97145732025992,2.855486717633642,True
2017-04-10,-163.15831866246882,0.0,2.652988915280056,-165.81130757774886,2.855486717633642,True
2017-04-11,316.96937571364174,0.0,2.652988915280056,314.3163867983617,2.855486717633642,True
2017-04-12,-66.65627071893572,0.0,2.652988915280056,-69.30925963421578,2.855486717633642,True
2017-04-13,-58.41932295035828,0.0,2.652988915280056,-61.07231186563833,2.855486717633642,True
2017-04-17,746.8416550991084,0.0,2.652988915280056,744.1886661838283,2.855486717633642,True
2017-04-18,-941.1908068534144,0.0,2.652988915280056,-943.8437957686945,2.855486717633642,True
2017-04-19,-470.57482230756403,0.0,2.652988915280056,-473.2278112228441,2.855486717633642,True
2017-04-20,679.4106248081167,0.0,2.652988915280056,676.7576358928367,2.855486717633642,True
2017-04-21,-324.58368689089207,0.0,2.652988915280056,-327.2366758061721,2.855486717633642,True
2017-04-24,307.77225885570476,0.0,2.652988915280056,305.1192699404247,2.855486717633642,True
2017-04-25,253.1284527674783,0.0,2.652988915280056,250.47546385219826,2.855486717633642,True
2017-04-26,-261.90817784510284,0.0,2.652988915280056,-264.5611667603829,2.855486717633642,True
2017-04-27,-222.67457266103253,0.0,2.652988915280056,-225.32756157631258,2.855486717633642,True
2017-04-28,-492.8268767637416,0.0,2.652988915280056,-495.47986567902166,2.855486717633642,True
2017-05-01,183.1646581365882,147.44062742966588,2.652988915280056,33.071041791642266,2.855486717633642,True
2017-05-02,-238.16202464459383,0.0,3.559544750132889,-241.7215693947267,3.0000000000000004,True
2017-05-03,-347.4921771855601,0.0,3.559544750132889,-351.05172193569297,3.0000000000000004,True
2017-05-04,-442.41848926950536,0.0,3.559544750132889,-445.97803401963824,3.0000000000000004,True
2017-05-05,374.0137556613514,0.0,3.559544750132889,370.4542109112185,3.0000000000000004,True
2017-05-08,1.8470002796088445,0.0,3.559544750132889,-1.7125444705240445,3.0000000000000004,True
2017-05-09,503.1908152504212,0.0,3.559544750132889,499.63127050028834,3.0000000000000004,True
2017-05-10,326.80552882296524,0.0,3.559544750132889,323.24598407283236,3.0000000000000004,True
2017-05-11,17.7248451368447,0.0,3.559544750132889,14.16530038671181,3.0000000000000004,True
2017-05-12,-269.8693222179254,0.0,3.559544750132889,-273.4288669680583,3.0000000000000004,True
2017-05-15,22.501783012297263,0.0,3.559544750132889,18.942238262164373,3.0000000000000004,True
2017-05-16,-562.3614608017813,0.0,3.559544750132889,-565.9210055519142,3.0000000000000004,True
2017-05-17,-903.9994607926842,0.0,3.559544750132889,-907.5590055428171,3.0000000000000004,True
2017-05-18,170.792541391895,0.0,3.559544750132889,167.23299664176213,3.0000000000000004,True
2017-05-19,167.92935703986385,0.0,3.559544750132889,164.36981228973096,3.0000000000000004,True
2017-05-22,133.03828877457295,0.0,3.559544750132889,129.47874402444006,3.0000000000000004,True
2017-05-23,282.91503278716783,0.0,3.559544750132889,279.35548803703495,3.0000000000000004,True
2017-05-24,64.63082166301534,0.0,3.559544750132889,61.07127691288245,3.0000000000000004,True
2017-05-25,208.7454427070372,0.0,3.559544750132889,205.1858979569043,3.0000000000000004,True
2017-05-26,11.74597878522346,0.0,3.559544750132889,8.18643403509057,3.0000000000000004,True
2017-05-30,-511.9355734762754,0.0,3.559544750132889,-515.4951182264083,3.0000000000000004,True
2017-05-31,-227.96352642214126,0.0,3.559544750132889,-231.52307117227414,3.0000000000000004,True
2017-06-01,376.04257700108354,141.7977755265068,3.559544750132889,230.68525672444386,3.0000000000000004,True
2017-06-02,1034.3979601712422,0.0,1.9943068562977404,1032.4036533149444,2.9999999999999996,True
2017-06-05,-409.70066850406823,0.0,1.9943068562977404,-411.69497536036596,2.9999999999999996,True
2017-06-06,-146.58977433748584,0.0,1.9943068562977404,-148.5840811937836,2.9999999999999996,True
2017-06-07,334.6833440252495,0.0,1.9943068562977404,332.68903716895176,2.9999999999999996,True
2017-06-08,-157.74577397213622,0.0,1.9943068562977404,-159.74008082843397,2.9999999999999996,True
2017-06-09,-320.94080891441683,0.0,1.9943068562977404,-322.93511577071456,2.9999999999999996,True
2017-06-12,-114.49021164261924,0.0,1.9943068562977404,-116.48451849891698,2.9999999999999996,True
2017-06-13,514.6433129461576,0.0,1.9943068562977404,512.6490060898599,2.9999999999999996,True
2017-06-14,189.59580589693556,0.0,1.9943068562977404,187.6014990406378,2.9999999999999996,True
2017-06-15,-445.9475096266789,0.0,1.9943068562977404,-447.9418164829766,2.9999999999999996,True
2017-06-16,88.83105360627773,0.0,1.9943068562977404,86.83674674998,2.9999999999999996,True
2017-06-19,356.8198215667086,0.0,1.9943068562977404,354.82551471041086,2.9999999999999996,True
2017-06-20,-887.953445991934,0.0,1.9943068562977404,-889.9477528482317,2.9999999999999996,True
2017-06-21,38.461993789514054,0.0,1.9943068562977404,36.467686933216314,2.9999999999999996,True
2017-06-22,173.0778461664238,0.0,1.9943068562977404,171.08353931012604,2.9999999999999996,True
2017-06-23,507.8856686764192,0.0,1.9943068562977404,505.89136182012146,2.9999999999999996,True
2017-06-26,258.3946568034027,0.0,1.9943068562977404,256.400349947105,2.9999999999999996,True
2017-06-27,-711.4477651382371,0.0,1.9943068562977404,-713.4420719945348,2.9999999999999996,True
2017-06-28,457.94569752453367,0.0,1.9943068562977404,455.95139066823594,2.9999999999999996,True
2017-06-29,-1087.9166557730664,0.0,1.9943068562977404,-1089.9109626293641,2.9999999999999996,True
2017-06-30,-427.8253647167538,0.0,1.9943068562977404,-429.81967157305155,2.9999999999999996,True
2017-07-03,-366.1538762037636,146.3664848987732,1.9943068562977404,-514.5146679588345,2.9999999999999996,True
2017-07-05,300.8519320005989,0.0,4.349668328841646,296.50226367175725,3.0,True
2017-07-06,131.82051247846962,0.0,4.349668328841646,127.47084414962798,3.0,True
2017-07-07,386.3420922957939,0.0,4.349668328841646,381.9924239669523,3.0,True
2017-07-10,261.52620015236175,0.0,4.349668328841646,257.1765318235201,3.0,True
2017-07-11,-85.72656204975087,0.0,4.349668328841646,-90.07623037859251,3.0,True
2017-07-12,134.23584784137046,0.0,4.349668328841646,129.8861795125288,3.0,True
2017-07-13,374.9728139978228,0.0,4.349668328841646,370.6231456689812,3.0,True
2017-07-14,320.2124439017999,0.0,4.349668328841646,315.86277557295824,3.0,True
2017-07-17,-368.72494907835,0.0,4.349668328841646,-373.0746174071916,3.0,True
2017-07-18,303.35331674723903,0.0,4.349668328841646,299.0036484183974,3.0,True
2017-07-19,33.71319420325102,0.0,4.349668328841646,29.363525874409376,3.0,True
2017-07-20,594.8590925849746,0.0,4.349668328841646,590.509424256133,3.0,True
2017-07-21,-46.606281002541614,0.0,4.349668328841646,-50.95594933138326,3.0,True
2017-07-24,105.76319453542418,0.0,4.349668328841646,101.41352620658253,3.0,True
2017-07-25,247.90488917133123,0.0,4.349668328841646,243.55522084248958,3.0,True
2017-07-26,-157.44627366885263,0.0,4.349668328841646,-161.79594199769429,3.0,True
2017-07-27,-375.84675673988244,0.0,4.349668328841646,-380.19642506872407,3.0,True
2017-07-28,-215.99930109264739,0.0,4.349668328841646,-220.34896942148904,3.0,True
2017-07-31,155.15190020070375,0.0,4.349668328841646,150.8022318718621,3.0,True
2017-08-01,331.9114988404795,63.05130915852274,4.349668328841646,264.5105213531151,3.0,True
2017-08-02,293.53984775728804,0.0,4.092235118824939,289.4476126384631,3.0000000000000004,True
2017-08-03,-323.92012594042836,0.0,4.092235118824939,-328.0123610592533,3.0000000000000004,True
2017-08-04,245.94865316584853,0.0,4.092235118824939,241.8564180470236,3.0000000000000004,True
2017-08-07,48.707484373770264,0.0,4.092235118824939,44.615249254945326,3.0000000000000004,True
2017-08-08,-217.31595237228092,0.0,4.092235118824939,-221.40818749110585,3.0000000000000004,True
2017-08-09,-614.9430109073024,0.0,4.092235118824939,-619.0352460261274,3.0000000000000004,True
2017-08-10,-1490.3752005206807,0.0,4.092235118824939,-1494.4674356395055,3.0000000000000004,True
2017-08-11,279.66868997394954,0.0,4.092235118824939,275.5764548551246,3.0000000000000004,True
2017-08-14,494.1978091361507,0.0,4.092235118824939,490.10557401732575,3.0000000000000004,True
2017-08-15,285.58832861307235,0.0,4.092235118824939,281.4960934942474,3.0000000000000004,True
2017-08-16,557.246219452992,0.0,4.092235118824939,553.153984334167,3.0000000000000004,True
2017-08-17,-1183.9601420578276,0.0,4.092235118824939,-1188.0523771766525,3.0000000000000004,True
2017-08-18,946.8656623590377,0.0,4.092235118824939,942.7734272402128,3.0000000000000004,True
2017-08-21,-329.39550272255184,0.0,4.092235118824939,-333.48773784137677,3.0000000000000004,True
2017-08-22,799.2773505294479,0.0,4.092235118824939,795.1851154106229,3.0000000000000004,True
2017-08-23,-230.98370808692275,0.0,4.092235118824939,-235.07594320574768,3.0000000000000004,True
2017-08-24,65.44886972772525,0.0,4.092235118824939,61.356634608900315,3.0000000000000004,True
2017-08-25,64.1659186191164,0.0,4.092235118824939,60.07368350029146,3.0000000000000004,True
2017-08-28,-104.3553498699913,0.0,4.092235118824939,-108.44758498881625,3.0000000000000004,True
2017-08-29,-111.73601215698514,0.0,4.092235118824939,-115.82824727581009,3.0000000000000004,True
2017-08-30,-106.09406556895098,0.0,4.092235118824939,-110.18630068777593,3.0000000000000004,True
2017-08-31,573.606671117784,0.0,4.092235118824939,569.514435998959,3.0000000000000004,True
2017-09-01,233.50984595875883,135.5730658521593,4.092235118824939,93.8445449877746,3.0000000000000004,True
2017-09-05,-204.6752486713206,0.0,2.379387796710086,-207.05463646803068,3.000000000000001,True
2017-09-06,430.82361253555,0.0,2.379387796710086,428.4442247388399,3.000000000000001,True
2017-09-07,776.5662247859755,0.0,2.379387796710086,774.1868369892654,3.000000000000001,True
2017-09-08,-233.7177533675783,0.0,2.379387796710086,-236.0971411642884,3.000000000000001,True
2017-09-11,84.69854391448116,0.0,2.379387796710086,82.31915611777107,3.000000000000001,True
2017-09-12,0.6025914783759156,0.0,2.379387796710086,-1.7767963183341702,3.000000000000001,True
2017-09-13,-627.34935318242,0.0,2.379387796710086,-629.7287409791301,3.000000000000001,True
2017-09-14,-131.47818621045423,0.0,2.379387796710086,-133.85757400716432,3.000000000000001,True
2017-09-15,209.69982641927376,0.0,2.379387796710086,207.32043862256367,3.000000000000001,True
2017-09-18,94.68260327459062,0.0,2.379387796710086,92.30321547788053,3.000000000000001,True
2017-09-19,386.4506731326492,0.0,2.379387796710086,384.0712853359391,3.000000000000001,True
2017-09-20,-481.3271495860738,0.0,2.379387796710086,-483.7065373827839,3.000000000000001,True
2017-09-21,-353.51280367702606,0.0,2.379387796710086,-355.89219147373615,3.000000000000001,True
2017-09-22,508.51851128152606,0.0,2.379387796710086,506.13912348481597,3.000000000000001,True
2017-09-25,-581.3012065329588,0.0,2.379387796710086,-583.6805943296688,3.000000000000001,True
2017-09-26,-282.3906362085161,0.0,2.379387796710086,-284.7700240052262,3.000000000000001,True
2017-09-27,-286.65377037463173,0.0,2.379387796710086,-289.0331581713418,3.000000000000001,True
2017-09-28,145.9856476025558,0.0,2.379387796710086,143.6062598058457,3.000000000000001,True
2017-09-29,414.19329939116943,0.0,2.379387796710086,411.81391159445934,3.000000000000001,True
2017-10-02,-11.542140634088291,168.7857783179289,2.379387796710086,-182.7073067487273,3.000000000000001,True
2017-10-03,472.90455673886964,0.0,3.2581848665409696,469.6463718723287,3.0000000000000004,True
2017-10-04,-6.3990844476744275,0.0,3.2581848665409696,-9.657269314215398,3.0000000000000004,True
2017-10-05,93.62018898404156,0.0,3.2581848665409696,90.36200411750059,3.0000000000000004,True
2017-10-06,-365.51988399266116,0.0,3.2581848665409696,-368.7780688592021,3.0000000000000004,True
2017-10-09,1.888606897741503,0.0,3.2581848665409696,-1.3695779687994667,3.0000000000000004,True
2017-10-10,596.7706560523891,0.0,3.2581848665409696,593.5124711858481,3.0000000000000004,True
2017-10-11,255.13022372557296,0.0,3.2581848665409696,251.872038859032,3.0000000000000004,True
2017-10-12,90.04953034768603,0.0,3.2581848665409696,86.79134548114506,3.0000000000000004,True
2017-10-13,237.26473307421952,0.0,3.2581848665409696,234.00654820767855,3.0000000000000004,True
2017-10-16,-56.16142779299486,0.0,3.2581848665409696,-59.41961265953583,3.0000000000000004,True
2017-10-17,-23.63885730060015,0.0,3.2581848665409696,-26.89704216714112,3.0000000000000004,True
2017-10-18,562.8549210609583,0.0,3.2581848665409696,559.5967361944173,3.0000000000000004,True
2017-10-19,-435.12590520681044,0.0,3.2581848665409696,-438.3840900733514,3.0000000000000004,True
2017-10-20,-5.511602173527506,0.0,3.2581848665409696,-8.769787040068476,3.0000000000000004,True
2017-10-23,-701.9012027728977,0.0,3.2581848665409696,-705.1593876394387,3.0000000000000004,True
2017-10-24,140.33688660326342,0.0,3.2581848665409696,137.07870173672245,3.0000000000000004,True
2017-10-25,-452.44512940141436,0.0,3.2581848665409696,-455.7033142679553,3.0000000000000004,True
2017-10-26,-406.2311861653149,0.0,3.2581848665409696,-409.48937103185585,3.0000000000000004,True
2017-10-27,432.826844259536,0.0,3.2581848665409696,429.5686593929951,3.0000000000000004,True
2017-10-30,-229.4643365233885,0.0,3.2581848665409696,-232.72252138992948,3.0000000000000004,True
2017-10-31,483.6998223186324,0.0,3.2581848665409696,480.44163745209147,3.0000000000000004,True
2017-11-01,64.88601895349296,29.700387210527797,3.2581848665409696,31.927446876424202,3.0000000000000004,True
2017-11-02,368.7653329669635,0.0,2.9531083020242077,365.8122246649393,2.9999999999999996,True
2017-11-03,-169.56559412741706,0.0,2.9531083020242077,-172.51870242944128,2.9999999999999996,True
2017-11-06,298.9617415694934,0.0,2.9531083020242077,296.00863326746924,2.9999999999999996,True
2017-11-07,-391.2258074957167,0.0,2.9531083020242077,-394.1789157977409,2.9999999999999996,True
2017-11-08,595.9984005080365,0.0,2.9531083020242077,593.0452922060123,2.9999999999999996,True
2017-11-09,-374.4330908011515,0.0,2.9531083020242077,-377.38619910317567,2.9999999999999996,True
2017-11-10,281.71848608981907,0.0,2.9531083020242077,278.7653777877949,2.9999999999999996,True
2017-11-13,-213.69986393016444,0.0,2.9531083020242077,-216.65297223218866,2.9999999999999996,True
2017-11-14,-338.27442336274413,0.0,2.9531083020242077,-341.2275316647683,2.9999999999999996,True
2017-11-15,-684.3211215864113,0.0,2.9531083020242077,-687.2742298884356,2.9999999999999996,True
2017-11-16,1352.2249535918122,0.0,2.9531083020242077,1349.271845289788,2.9999999999999996,True
2017-11-17,-297.6309627513822,0.0,2.9531083020242077,-300.5840710534064,2.9999999999999996,True
2017-11-20,295.3121494660063,0.0,2.9531083020242077,292.3590411639821,2.9999999999999996,True
2017-11-21,1010.232759592551,0.0,2.9531083020242077,1007.2796512905268,2.9999999999999996,True
2017-11-22,204.7914660854232,0.0,2.9531083020242077,201.83835778339898,2.9999999999999996,True
2017-11-24,714.9939465457747,0.0,2.9531083020242077,712.0408382437505,2.9999999999999996,True
2017-11-27,-736.0046438098824,0.0,2.9531083020242077,-738.9577521119066,2.9999999999999996,True
2017-11-28,187.59558072493255,0.0,2.9531083020242077,184.64247242290833,2.9999999999999996,True
2017-11-29,-487.60540433730415,0.0,2.9531083020242077,-490.55851263932834,2.9999999999999996,True
2017-11-30,622.9848445005211,0.0,2.9531083020242077,620.0317361984969,2.9999999999999996,True
2017-12-01,21.732927039556937,148.07337328588125,2.9531083020242077,-129.2935545483485,2.9999999999999996,True
2017-12-04,-611.2231705615972,0.0,0.6119582885652818,-611.8351288501624,2.9449927162203293,True
2017-12-05,-141.5107694241349,0.0,0.6119582885652818,-142.1227277127002,2.9449927162203293,True
2017-12-06,-342.9318549826365,0.0,0.6119582885652818,-343.54381327120177,2.9449927162203293,True
2017-12-07,-25.57530811362557,0.0,0.6119582885652818,-26.187266402190854,2.9449927162203293,True
2017-12-08,344.0564094848661,0.0,0.6119582885652818,343.4444511963008,2.9449927162203293,True
2017-12-11,125.26846992960071,0.0,0.6119582885652818,124.65651164103544,2.9449927162203293,True
2017-12-12,208.4690650680813,0.0,0.6119582885652818,207.85710677951602,2.9449927162203293,True
2017-12-13,1217.4650895569725,0.0,0.6119582885652818,1216.8531312684072,2.9449927162203293,True
2017-12-14,-40.967662579711465,0.0,0.6119582885652818,-41.57962086827675,2.9449927162203293,True
2017-12-15,22.93683996503891,0.0,0.6119582885652818,22.324881676473627,2.9449927162203293,True
2017-12-18,779.4415824107839,0.0,0.6119582885652818,778.8296241222187,2.9449927162203293,True
2017-12-19,-1038.647677495911,0.0,0.6119582885652818,-1039.2596357844764,2.9449927162203293,True
2017-12-20,-420.6329918003845,0.0,0.6119582885652818,-421.2449500889498,2.9449927162203293,True
2017-12-21,405.61979602589616,0.0,0.6119582885652818,405.0078377373309,2.9449927162203293,True
2017-12-22,389.4251924746025,0.0,0.6119582885652818,388.8132341860372,2.9449927162203293,True
2017-12-26,397.8453419021503,0.0,0.6119582885652818,397.23338361358503,2.9449927162203293,True
2017-12-27,828.7475529986781,0.0,0.6119582885652818,828.1355947101129,2.9449927162203293,True
2017-12-28,501.4008502710614,0.0,0.6119582885652818,500.7888919824961,2.9449927162203293,True
2017-12-29,338.51892029635934,0.0,0.6119582885652818,337.90696200779405,2.9449927162203293,True
2018-01-02,583.2023038193571,16.44603403507554,0.6119582885652818,566.1443114957164,2.9449927162203293,True
2018-01-03,313.6909125621949,0.0,0.5053961529874278,313.1855164092075,2.866064471109235,True
2018-01-04,186.4453945851063,0.0,0.5053961529874278,185.93999843211887,2.866064471109235,True
2018-01-05,329.0613031936046,0.0,0.5053961529874278,328.55590704061717,2.866064471109235,True
2018-01-08,-120.20710561659327,0.0,0.5053961529874278,-120.7125017695807,2.866064471109235,True
2018-01-09,-876.0596730926926,0.0,0.5053961529874278,-876.56506924568,2.866064471109235,True
2018-01-10,-326.4831605522438,0.0,0.5053961529874278,-326.98855670523125,2.866064471109235,True
2018-01-11,468.7320557386347,0.0,0.5053961529874278,468.22665958564727,2.866064471109235,True
2018-01-12,1081.090399330886,0.0,0.5053961529874278,1080.5850031778984,2.866064471109235,True
2018-01-16,448.5240698281172,0.0,0.5053961529874278,448.0186736751298,2.866064471109235,True
2018-01-17,235.00171550933842,0.0,0.5053961529874278,234.496319356351,2.866064471109235,True
2018-01-18,-525.0599763955785,0.0,0.5053961529874278,-525.5653725485658,2.866064471109235,True
2018-01-19,134.3477374860329,0.0,0.5053961529874278,133.84234133304548,2.866064471109235,True
2018-01-22,779.2484370100872,0.0,0.5053961529874278,778.7430408570998,2.866064471109235,True
2018-01-23,974.5605358389502,0.0,0.5053961529874278,974.0551396859628,2.866064471109235,True
2018-01-24,1043.033481756891,0.0,0.5053961529874278,1042.5280856039035,2.866064471109235,True
2018-01-25,-286.25628065373127,0.0,0.5053961529874278,-286.7616768067187,2.866064471109235,True
2018-01-26,730.6634530013696,0.0,0.5053961529874278,730.1580568483822,2.866064471109235,True
2018-01-29,-1720.7314329981423,0.0,0.5053961529874278,-1721.2368291511298,2.866064471109235,True
2018-01-30,-985.4371242304389,0.0,0.5053961529874278,-985.9425203834263,2.866064471109235,True
2018-01-31,1250.2014990743066,0.0,0.5053961529874278,1249.6961029213192,2.866064471109235,True
2018-02-01,-944.4705722198646,38.738935307797554,0.5053961529874278,-983.7149036806495,2.866064471109235,True
2018-02-02,-2696.700551942789,0.0,1.053574712357432,-2697.7541266551466,2.9999999999999996,True
2018-02-05,-3428.0371704270647,0.0,1.053574712357432,-3429.0907451394223,2.9999999999999996,True
2018-02-06,937.8589315069711,0.0,1.053574712357432,936.8053567946137,2.9999999999999996,True
2018-02-07,-1875.8004120737824,0.0,1.053574712357432,-1876.8539867861398,2.9999999999999996,True
2018-02-08,-2892.473862944023,0.0,1.053574712357432,-2893.5274376563807,2.9999999999999996,True
2018-02-09,653.7203190874957,0.0,1.053574712357432,652.6667443751383,2.9999999999999996,True
2018-02-12,1191.3252806841715,0.0,1.053574712357432,1190.271705971814,2.9999999999999996,True
2018-02-13,570.1860305298118,0.0,1.053574712357432,569.1324558174543,2.9999999999999996,True
2018-02-14,1489.965586172189,0.0,1.053574712357432,1488.9120114598315,2.9999999999999996,True
2018-02-15,1408.25491049905,0.0,1.053574712357432,1407.2013357866927,2.9999999999999996,True
2018-02-16,290.3590436041489,0.0,1.053574712357432,289.30546889179146,2.9999999999999996,True
2018-02-20,-1508.1987396962943,0.0,1.053574712357432,-1509.2523144086517,2.9999999999999996,True
2018-02-21,-1401.2049445356167,0.0,1.053574712357432,-1402.2585192479742,2.9999999999999996,True
2018-02-22,838.1003017089864,0.0,1.053574712357432,837.046726996629,2.9999999999999996,True
2018-02-23,1592.8962207356053,0.0,1.053574712357432,1591.8426460232479,2.9999999999999996,True
2018-02-26,877.6494886699892,0.0,1.053574712357432,876.5959139576318,2.9999999999999996,True
2018-02-27,-2444.36512291588,0.0,1.053574712357432,-2445.4186976282376,2.9999999999999996,True
2018-02-28,-1098.1318714284473,0.0,1.053574712357432,-1099.1854461408047,2.9999999999999996,True
2018-03-01,-590.896973195946,140.11611277464772,1.053574712357432,-732.0666606829511,2.9999999999999996,True
2018-03-02,769.534556549255,0.0,2.8965150861552846,766.6380414630996,2.7314981777923117,True
2018-03-05,-99.03608663635673,0.0,2.8965150861552846,-101.93260172251202,2.7314981777923117,True
2018-03-06,482.12322671064504,0.0,2.8965150861552846,479.2267116244898,2.7314981777923117,True
2018-03-07,-159.24327704835264,0.0,2.8965150861552846,-162.13979213450793,2.7314981777923117,True
2018-03-08,-472.72337169515026,0.0,2.8965150861552846,-475.6198867813055,2.7314981777923117,True
2018-03-09,888.5433850498043,0.0,2.8965150861552846,885.646869963649,2.7314981777923117,True
2018-03-12,-137.5488872098311,0.0,2.8965150861552846,-140.44540229598638,2.7314981777923117,True
2018-03-13,-498.3537926837681,0.0,2.8965150861552846,-501.2503077699234,2.7314981777923117,True
2018-03-14,113.12859323134856,0.0,2.8965150861552846,110.23207814519327,2.7314981777923117,True
2018-03-15,-337.47497771727876,0.0,2.8965150861552846,-340.371492803434,2.7314981777923117,True
2018-03-16,-110.2353047213254,0.0,2.8965150861552846,-113.1318198074807,2.7314981777923117,True
2018-03-19,166.60632872294678,0.0,2.8965150861552846,163.7098136367915,2.7314981777923117,True
2018-03-20,-114.78372185566678,0.0,2.8965150861552846,-117.68023694182207,2.7314981777923117,True
2018-03-21,1180.9866682737443,0.0,2.8965150861552846,1178.090153187589,2.7314981777923117,True
2018-03-22,-1359.3389531965809,0.0,2.8965150861552846,-1362.235468282736,2.7314981777923117,True
2018-03-23,-76.5125482600651,0.0,2.8965150861552846,-79.40906334622039,2.7314981777923117,True
2018-03-26,1243.055365659366,0.0,2.8965150861552846,1240.1588505732109,2.7314981777923117,True
2018-03-27,-1104.91124932726,0.0,2.8965150861552846,-1107.8077644134153,2.7314981777923117,True
2018-03-28,-813.958816032743,0.0,2.8965150861552846,-816.8553311188983,2.7314981777923117,True
2018-03-29,727.8934839116007,0.0,2.8965150861552846,724.9969688254454,2.7314981777923117,True
2018-04-02,-598.0691060995821,14.71658876636894,2.8965150861552846,-615.6822099521063,2.7314981777923117,True
2018-04-03,267.4107714474223,0.0,2.767784064299979,264.6429873831223,2.733894915851354,True
2018-04-04,265.65846590699465,0.0,2.767784064299979,262.8906818426947,2.733894915851354,True
2018-04-05,-169.91003095407257,0.0,2.767784064299979,-172.67781501837254,2.733894915851354,True
2018-04-06,-217.97235731622538,0.0,2.767784064299979,-220.74014138052536,2.733894915851354,True
2018-04-09,636.3983039432133,0.0,2.767784064299979,633.6305198789132,2.733894915851354,True
2018-04-10,1234.920756028466,0.0,2.767784064299979,1232.152971964166,2.733894915851354,True
2018-04-11,40.563566685751326,0.0,2.767784064299979,37.795782621451345,2.733894915851354,True
2018-04-12,62.01296938948687,0.0,2.767784064299979,59.24518532518689,2.733894915851354,True
2018-04-13,-207.1961174374198,0.0,2.767784064299979,-209.96390150171976,2.733894915851354,True
2018-04-16,215.63444473444818,0.0,2.767784064299979,212.8666606701482,2.733894915851354,True
2018-04-17,50.54784482807415,0.0,2.767784064299979,47.780060763774166,2.733894915851354,True
2018-04-18,324.56445456738385,0.0,2.767784064299979,321.7966705030839,2.733894915851354,True
2018-04-19,-487.3135679015364,0.0,2.767784064299979,-490.08135196583635,2.733894915851354,True
2018-04-20,-537.2485181897165,0.0,2.767784064299979,-540.0163022540165,2.733894915851354,True
2018-04-23,-726.3244019375513,0.0,2.767784064299979,-729.0921860018514,2.733894915851354,True
2018-04-24,-335.30396131441165,0.0,2.767784064299979,-338.0717453787116,2.733894915851354,True
2018-04-25,-522.3480219952467,0.0,2.767784064299979,-525.1158060595467,2.733894915851354,True
2018-04-26,65.194960764151,0.0,2.767784064299979,62.427176699851024,2.733894915851354,True
2018-04-27,-181.2172371557293,0.0,2.767784064299979,-183.98502122002927,2.733894915851354,True
2018-04-30,-323.34062845427826,0.0,2.767784064299979,-326.10841251857823,2.733894915851354,True
2018-05-01,-860.511285903055,86.30498129338378,2.767784064299979,-949.5840512607388,2.733894915851354,True
2018-05-02,-148.4086192046854,0.0,4.268583997478952,-152.67720320216435,3.0000000000000004,True
2018-05-03,279.732724766043,0.0,4.268583997478952,275.46414076856405,3.0000000000000004,True
2018-05-04,102.0648177521513,0.0,4.268583997478952,97.79623375467234,3.0000000000000004,True
2018-05-07,-85.07478781200537,0.0,4.268583997478952,-89.34337180948432,3.0000000000000004,True
2018-05-08,42.70372216645739,0.0,4.268583997478952,38.43513816897844,3.0000000000000004,True
2018-05-09,380.5247608750735,0.0,4.268583997478952,376.25617687759456,3.0000000000000004,True
2018-05-10,236.74070191631452,0.0,4.268583997478952,232.47211791883558,3.0000000000000004,True
2018-05-11,5.764868734932328,0.0,4.268583997478952,1.4962847374533759,3.0000000000000004,True
2018-05-14,454.5031689494046,0.0,4.268583997478952,450.2345849519256,3.0000000000000004,True
2018-05-15,-250.61993176619717,0.0,4.268583997478952,-254.8885157636761,3.0000000000000004,True
2018-05-16,294.51331421788825,0.0,4.268583997478952,290.2447302204093,3.0000000000000004,True
2018-05-17,-22.83415851612495,0.0,4.268583997478952,-27.102742513603904,3.0000000000000004,True
2018-05-18,-775.9332219789611,0.0,4.268583997478952,-780.20180597644,3.0000000000000004,True
2018-05-21,359.73055025560876,0.0,4.268583997478952,355.4619662581298,3.0000000000000004,True
2018-05-22,-317.52032264280933,0.0,4.268583997478952,-321.7889066402883,3.0000000000000004,True
2018-05-23,-892.1880186542123,0.0,4.268583997478952,-896.4566026516912,3.0000000000000004,True
2018-05-24,-237.49126052314082,0.0,4.268583997478952,-241.75984452061977,3.0000000000000004,True
2018-05-25,-1036.893816219797,0.0,4.268583997478952,-1041.162400217276,3.0000000000000004,True
2018-05-29,-1826.5904177450007,0.0,4.268583997478952,-1830.8590017424797,3.0000000000000004,True
2018-05-30,1294.9727769131555,0.0,4.268583997478952,1290.7041929156765,3.0000000000000004,True
2018-05-31,-247.55397211598506,0.0,4.268583997478952,-251.822556113464,3.0000000000000004,True
2018-06-01,239.31207784205046,52.20021966300703,4.268583997478952,182.84327418156448,3.0000000000000004,True
2018-06-04,882.4701252065199,0.0,3.078611839489477,879.3915133670305,2.578256326598096,True
2018-06-05,-36.654422053447156,0.0,3.078611839489477,-39.73303389293663,2.578256326598096,True
2018-06-06,773.09563632832,0.0,3.078611839489477,770.0170244888305,2.578256326598096,True
2018-06-07,-590.336773233895,0.0,3.078611839489477,-593.4153850733844,2.578256326598096,True
2018-06-08,283.4145428812088,0.0,3.078611839489477,280.3359310417193,2.578256326598096,True
2018-06-11,19.973497640045252,0.0,3.078611839489477,16.894885800555777,2.578256326598096,True
2018-06-12,-267.5680116018243,0.0,3.078611839489477,-270.6466234413138,2.578256326598096,True
2018-06-13,-209.64041425731017,0.0,3.078611839489477,-212.71902609679964,2.578256326598096,True
2018-06-14,-719.1596074094498,0.0,3.078611839489477,-722.2382192489392,2.578256326598096,True
2018-06-15,-614.88193463241,0.0,3.078611839489477,-617.9605464718994,2.578256326598096,True
2018-06-18,-67.8529106527613,0.0,3.078611839489477,-70.93152249225078,2.578256326598096,True
2018-06-19,-719.4572437062761,0.0,3.078611839489477,-722.5358555457656,2.578256326598096,True
2018-06-20,429.8773856842623,0.0,3.078611839489477,426.7987738447728,2.578256326598096,True
2018-06-21,-422.20093903888215,0.0,3.078611839489477,-425.27955087837165,2.578256326598096,True
2018-06-22,841.6176629993621,0.0,3.078611839489477,838.5390511598727,2.578256326598096,True
2018-06-25,-693.240377260904,0.0,3.078611839489477,-696.3189891003934,2.578256326598096,True
2018-06-26,123.61051824920632,0.0,3.078611839489477,120.53190640971684,2.578256326598096,True
2018-06-27,-1092.7390343792254,0.0,3.078611839489477,-1095.8176462187148,2.578256326598096,True
2018-06-28,471.6589304418984,0.0,3.078611839489477,468.5803186024089,2.578256326598096,True
2018-06-29,654.9936011313898,0.0,3.078611839489477,651.9149892919004,2.578256326598096,True
2018-07-02,-634.8961659682841,147.30385889297708,3.078611839489477,-785.2786367007507,2.578256326598096,True
2018-07-03,-162.76553194220435,0.0,3.725794597954762,-166.49132654015912,3.0000000000000004,True
2018-07-05,503.76458710486435,0.0,3.725794597954762,500.0387925069096,3.0000000000000004,True
2018-07-06,361.6834823583208,0.0,3.725794597954762,357.95768776036607,3.0000000000000004,True
2018-07-09,432.40941182024363,0.0,3.725794597954762,428.6836172222889,3.0000000000000004,True
2018-07-10,50.72731096087206,0.0,3.725794597954762,47.0015163629173,3.0000000000000004,True
2018-07-11,-868.2329172209884,0.0,3.725794597954762,-871.9587118189431,3.0000000000000004,True
2018-07-12,454.4041626958678,0.0,3.725794597954762,450.67836809791305,3.0000000000000004,True
2018-07-13,-4.817688986106165,0.0,3.725794597954762,-8.543483584060928,3.0000000000000004,True
2018-07-16,-418.70118977891894,0.0,3.725794597954762,-422.4269843768737,3.0000000000000004,True
2018-07-17,146.96791146100048,0.0,3.725794597954762,143.2421168630457,3.0000000000000004,True
2018-07-18,20.855661394153454,0.0,3.725794597954762,17.12986679619869,3.0000000000000004,True
2018-07-19,-193.53094386922868,0.0,3.725794597954762,-197.25673846718345,3.0000000000000004,True
2018-07-20,168.8011466087858,0.0,3.725794597954762,165.07535201083104,3.0000000000000004,True
2018-07-23,114.65150692001049,0.0,3.725794597954762,110.92571232205573,3.0000000000000004,True
2018-07-24,205.86390732801095,0.0,3.725794597954762,202.13811273005618,3.0000000000000004,True
2018-07-25,276.28221824765586,0.0,3.725794597954762,272.5564236497011,3.0000000000000004,True
2018-07-26,-89.58897256999086,0.0,3.725794597954762,-93.31476716794562,3.0000000000000004,True
2018-07-27,-441.1799516710686,0.0,3.725794597954762,-444.9057462690233,3.0000000000000004,True
2018-07-30,31.75246654906862,0.0,3.725794597954762,28.02667195111386,3.0000000000000004,True
2018-07-31,590.0282753878869,0.0,3.725794597954762,586.3024807899321,3.0000000000000004,True
2018-08-01,-133.7763793405637,70.08453561109481,3.725794597954762,-207.5867095496133,3.0000000000000004,True
2018-08-02,82.30017609194994,0.0,4.5493222437096374,77.7508538482403,3.0,True
2018-08-03,128.1400489019566,0.0,4.5493222437096374,123.59072665824695,3.0,True
2018-08-06,1.1530652464890756,0.0,4.5493222437096374,-3.396256997220562,3.0,True
2018-08-07,309.2991749353703,0.0,4.5493222437096374,304.74985269166064,3.0,True
2018-08-08,-414.0497529363173,0.0,4.5493222437096374,-418.59907518002694,3.0,True
2018-08-09,89.93956324570425,0.0,4.5493222437096374,85.39024100199461,3.0,True
2018-08-10,-452.87691079483585,0.0,4.5493222437096374,-457.4262330385455,3.0,True
2018-08-13,-19.602417651934747,0.0,4.5493222437096374,-24.151739895644383,3.0,True
2018-08-14,205.7416099902774,0.0,4.5493222437096374,201.19228774656776,3.0,True
2018-08-15,-610.4502055769287,0.0,4.5493222437096374,-614.9995278206384,3.0,True
2018-08-16,539.6200662596812,0.0,4.5493222437096374,535.0707440159715,3.0,True
2018-08-17,-0.2468158043951018,0.0,4.5493222437096374,-4.796138048104739,3.0,True
2018-08-20,-39.53408237089243,0.0,4.5493222437096374,-44.08340461460207,3.0,True
2018-08-21,-206.93366573108955,0.0,4.5493222437096374,-211.4829879747992,3.0,True
2018-08-22,56.84645551194225,0.0,4.5493222437096374,52.29713326823261,3.0,True
2018-08-23,290.9114339340263,0.0,4.5493222437096374,286.3621116903167,3.0,True
2018-08-24,61.19330665121155,0.0,4.5493222437096374,56.64398440750191,3.0,True
2018-08-27,283.50042068919925,0.0,4.5493222437096374,278.9510984454896,3.0,True
2018-08-28,584.2194561546225,0.0,4.5493222437096374,579.6701339109129,3.0,True
2018-08-29,276.1915442567754,0.0,4.5493222437096374,271.64222201306575,3.0,True
2018-08-30,-652.3957886539333,0.0,4.5493222437096374,-656.945110897643,3.0,True
2018-08-31,268.3675483745653,0.0,4.5493222437096374,263.81822613085563,3.0,True
2018-09-04,-214.76631588560195,63.327979461188555,4.5493222437096374,-282.6436175905001,3.0,True
2018-09-05,-438.7317636719932,0.0,5.267511275233112,-443.9992749472263,3.0,True
2018-09-06,-542.508001987966,0.0,5.267511275233112,-547.7755132631992,3.0,True
2018-09-07,83.99370782805127,0.0,5.267511275233112,78.72619655281815,3.0,True
2018-09-10,22.14528044751547,0.0,5.267511275233112,16.87776917228236,3.0,True
2018-09-11,702.0228751630065,0.0,5.267511275233112,696.7553638877733,3.0,True
2018-09-12,-332.51418178810303,0.0,5.267511275233112,-337.78169306333615,3.0,True
2018-09-13,133.7140309124269,0.0,5.267511275233112,128.44651963719377,3.0,True
2018-09-14,417.01829033269235,0.0,5.267511275233112,411.7507790574592,3.0,True
2018-09-17,-360.4755684364749,0.0,5.267511275233112,-365.743079711708,3.0,True
2018-09-18,692.9571312535733,0.0,5.267511275233112,687.6896199783401,3.0,True
2018-09-19,-275.752646041923,0.0,5.267511275233112,-281.02015731715613,3.0,True
2018-09-20,-214.92171919767142,0.0,5.267511275233112,-220.18923047290454,3.0,True
2018-09-21,-11.624406893822616,0.0,5.267511275233112,-16.891918169055728,3.0,True
2018-09-24,-136.34054435204837,0.0,5.267511275233112,-141.6080556272815,3.0,True
2018-09-25,5.150722360517598,0.0,5.267511275233112,-0.11678891471551367,3.0,True
2018-09-26,-320.88155697728456,0.0,5.267511275233112,-326.1490682525177,3.0,True
2018-09-27,668.9605960466805,0.0,5.267511275233112,663.6930847714474,3.0,True
2018-09-28,111.08989596654831,0.0,5.267511275233112,105.8223846913152,3.0,True
2018-10-01,132.7970298096655,13.37393680609065,5.267511275233112,114.15558172834173,3.0,True
2018-10-02,-932.5787875819036,0.0,5.275806971906943,-937.8545945538106,3.000000000000001,True
2018-10-03,565.3282157617188,0.0,5.275806971906943,560.0524087898118,3.000000000000001,True
2018-10-04,-535.278691655911,0.0,5.275806971906943,-540.5544986278179,3.000000000000001,True
2018-10-05,-5.969270684591797,0.0,5.275806971906943,-11.24507765649874,3.000000000000001,True
2018-10-08,204.12464089147917,0.0,5.275806971906943,198.84883391957223,3.000000000000001,True
2018-10-09,-136.02311661256948,0.0,5.275806971906943,-141.29892358447643,3.000000000000001,True
2018-10-10,-1393.410992747934,0.0,5.275806971906943,-1398.6867997198408,3.000000000000001,True
2018-10-11,-1957.4226926103636,0.0,5.275806971906943,-1962.6984995822704,3.000000000000001,True
2018-10-12,434.45682803207995,0.0,5.275806971906943,429.181021060173,3.000000000000001,True
2018-10-15,-382.22605650135824,0.0,5.275806971906943,-387.5018634732652,3.000000000000001,True
2018-10-16,1258.2008753645212,0.0,5.275806971906943,1252.9250683926143,3.000000000000001,True
2018-10-17,308.7499727717834,0.0,5.275806971906943,303.47416579987646,3.000000000000001,True
2018-10-18,-259.32189928974185,0.0,5.275806971906943,-264.5977062616488,3.000000000000001,True
2018-10-19,476.0594370999744,0.0,5.275806971906943,470.78363012806744,3.000000000000001,True
2018-10-22,-54.32333257206919,0.0,5.275806971906943,-59.599139543976136,3.000000000000001,True
2018-10-23,-915.1291936635866,0.0,5.275806971906943,-920.4050006354936,3.000000000000001,True
2018-10-24,-931.7959920688696,0.0,5.275806971906943,-937.0717990407766,3.000000000000001,True
2018-10-25,1225.9841059306527,0.0,5.275806971906943,1220.708298958746,3.000000000000001,True
2018-10-26,-1394.5990125756282,0.0,5.275806971906943,-1399.874819547535,3.000000000000001,True
2018-10-29,525.3103113974356,0.0,5.275806971906943,520.0345044255287,3.000000000000001,True
2018-10-30,1146.9189799373428,0.0,5.275806971906943,1141.643172965436,3.000000000000001,True
2018-10-31,80.00969889345333,0.0,5.275806971906943,74.73389192154639,3.000000000000001,True
2018-11-01,-291.8251356493969,134.45500490948584,5.275806971906943,-431.5559475307897,3.000000000000001,True
2018-11-02,640.0490889235228,0.0,7.04330823599884,633.005780687524,2.819062972224942,True
2018-11-05,-93.3204591295061,0.0,7.04330823599884,-100.36376736550494,2.819062972224942,True
2018-11-06,-315.15139924193176,0.0,7.04330823599884,-322.1947074779306,2.819062972224942,True
2018-11-07,-1093.689542185448,0.0,7.04330823599884,-1100.732850421447,2.819062972224942,True
2018-11-08,1039.3337986544834,0.0,7.04330823599884,1032.2904904184845,2.819062972224942,True
2018-11-09,585.810615972846,0.0,7.04330823599884,578.7673077368471,2.819062972224942,True
2018-11-12,848.8673672691477,0.0,7.04330823599884,841.8240590331488,2.819062972224942,True
2018-11-13,-627.5776017318066,0.0,7.04330823599884,-634.6209099678055,2.819062972224942,True
2018-11-14,81.22987130457459,0.0,7.04330823599884,74.18656306857575,2.819062972224942,True
2018-11-15,-304.8531943673355,0.0,7.04330823599884,-311.89650260333434,2.819062972224942,True
2018-11-16,-805.9989762507412,0.0,7.04330823599884,-813.0422844867401,2.819062972224942,True
2018-11-19,264.8539942756489,0.0,7.04330823599884,257.8106860396501,2.819062972224942,True
2018-11-20,1078.079004976596,0.0,7.04330823599884,1071.0356967405971,2.819062972224942,True
2018-11-21,-789.8920046390188,0.0,7.04330823599884,-796.9353128750176,2.819062972224942,True
2018-11-23,210.01923192401514,0.0,7.04330823599884,202.9759236880163,2.819062972224942,True
2018-11-26,-415.82973043663293,0.0,7.04330823599884,-422.87303867263176,2.819062972224942,True
2018-11-27,455.4188465799147,0.0,7.04330823599884,448.3755383439159,2.819062972224942,True
2018-11-28,-1325.890055153512,0.0,7.04330823599884,-1332.933363389511,2.819062972224942,True
2018-11-29,218.72017817997974,0.0,7.04330823599884,211.6768699439809,2.819062972224942,True
2018-11-30,286.4294703954487,0.0,7.04330823599884,279.38616215944984,2.819062972224942,True
2018-12-03,-954.0546492041428,44.5624989485102,7.04330823599884,-1005.6604563886519,2.819062972224942,True
2018-12-04,-78.04876002008801,0.0,6.568250228482708,-84.61701024857072,2.714403693033037,True
2018-12-06,372.992618133526,0.0,6.568250228482708,366.42436790504325,2.714403693033037,True
2018-12-07,-544.7678113448133,0.0,6.568250228482708,-551.336061573296,2.714403693033037,True
2018-12-10,794.1349441307415,0.0,6.568250228482708,787.5666939022587,2.714403693033037,True
2018-12-11,107.80102887178961,0.0,6.568250228482708,101.2327786433069,2.714403693033037,True
2018-12-12,-918.076082305975,0.0,6.568250228482708,-924.6443325344577,2.714403693033037,True
2018-12-13,-30.33655121580281,0.0,6.568250228482708,-36.90480144428552,2.714403693033037,True
2018-12-14,621.4802334420607,0.0,6.568250228482708,614.911983213578,2.714403693033037,True
2018-12-17,-727.8204320767644,0.0,6.568250228482708,-734.3886823052471,2.714403693033037,True
2018-12-18,201.1705428540029,0.0,6.568250228482708,194.6022926255202,2.714403693033037,True
2018-12-19,32.11322130582492,0.0,6.568250228482708,25.544971077342215,2.714403693033037,True
2018-12-20,-573.395389892993,0.0,6.568250228482708,-579.9636401214757,2.714403693033037,True
2018-12-21,1143.9135082234263,0.0,6.568250228482708,1137.3452579949437,2.714403693033037,True
2018-12-24,-809.1553657852335,0.0,6.568250228482708,-815.7236160137162,2.714403693033037,True
2018-12-26,3.0209962614987513,0.0,6.568250228482708,-3.547253966983957,2.714403693033037,True
2018-12-27,-136.22060198206444,0.0,6.568250228482708,-142.78885221054713,2.714403693033037,True
2018-12-28,-665.986503716711,0.0,6.568250228482708,-672.5547539451937,2.714403693033037,True
2018-12-31,-479.4418069470307,0.0,6.568250228482708,-486.01005717551345,2.714403693033037,True
2019-01-02,-125.30661714792045,65.34083500215742,6.568250228482708,-197.21570237856056,2.714403693033037,True
2019-01-03,-577.2034899919521,0.0,5.7318909669276605,-582.9353809588797,2.2798498613441733,True
2019-01-04,-1291.2083143417376,0.0,5.7318909669276605,-1296.9402053086653,2.2798498613441733,True
2019-01-07,-727.3461756968665,0.0,5.7318909669276605,-733.0780666637941,2.2798498613441733,True
2019-01-08,-432.80592926132795,0.0,5.7318909669276605,-438.5378202282556,2.2798498613441733,True
2019-01-09,-1002.443765680542,0.0,5.7318909669276605,-1008.1756566474696,2.2798498613441733,True
2019-01-10,158.14647341897552,0.0,5.7318909669276605,152.41458245204785,2.2798498613441733,True
2019-01-11,-106.98378979310586,0.0,5.7318909669276605,-112.71568076003352,2.2798498613441733,True
2019-01-14,473.6970691509682,0.0,5.7318909669276605,467.96517818404055,2.2798498613441733,True
2019-01-15,-221.55424963814966,0.0,5.7318909669276605,-227.28614060507732,2.2798498613441733,True
2019-01-16,-296.8931835848738,0.0,5.7318909669276605,-302.62507455180145,2.2798498613441733,True
2019-01-17,-296.6916773498681,0.0,5.7318909669276605,-302.42356831679575,2.2798498613441733,True
2019-01-18,-73.37146593483199,0.0,5.7318909669276605,-79.10335690175965,2.2798498613441733,True
2019-01-22,468.1809961764643,0.0,5.7318909669276605,462.44910520953664,2.2798498613441733,True
2019-01-23,-459.0593832229319,0.0,5.7318909669276605,-464.79127418985956,2.2798498613441733,True
2019-01-24,-109.12936656082594,0.0,5.7318909669276605,-114.86125752775361,2.2798498613441733,True
2019-01-25,-1235.018455256985,0.0,5.7318909669276605,-1240.7503462239126,2.2798498613441733,True
2019-01-28,99.79008931110039,0.0,5.7318909669276605,94.05819834417272,2.2798498613441733,True
2019-01-29,-518.0574631317326,0.0,5.7318909669276605,-523.7893540986602,2.2798498613441733,True
2019-01-30,-1261.7094256061387,0.0,5.7318909669276605,-1267.4413165730664,2.2798498613441733,True
2019-01-31,-514.9550799519836,0.0,5.7318909669276605,-520.6869709189112,2.2798498613441733,True
2019-02-01,309.03526281524444,131.01883765140795,5.7318909669276605,172.28453419690882,2.2798498613441733,True
2019-02-04,123.57728556392743,0.0,5.1388119465395246,118.43847361738791,2.677147869618581,True
2019-02-05,48.727637452412296,0.0,5.1388119465395246,43.58882550587277,2.677147869618581,True
2019-02-06,689.3078878154425,0.0,5.1388119465395246,684.1690758689031,2.677147869618581,True
2019-02-07,661.3179741376075,0.0,5.1388119465395246,656.179162191068,2.677147869618581,True
2019-02-08,197.09806400179963,0.0,5.1388119465395246,191.9592520552601,2.677147869618581,True
2019-02-11,678.8878369398604,0.0,5.1388119465395246,673.749024993321,2.677147869618581,True
2019-02-12,-573.7992412073278,0.0,5.1388119465395246,-578.9380531538673,2.677147869618581,True
2019-02-13,428.64054144272484,0.0,5.1388119465395246,423.5017294961853,2.677147869618581,True
2019-02-14,73.765414798203,0.0,5.1388119465395246,68.62660285166348,2.677147869618581,True
2019-02-15,-773.1416619408991,0.0,5.1388119465395246,-778.2804738874386,2.677147869618581,True
2019-02-19,-672.0795448345666,0.0,5.1388119465395246,-677.2183567811061,2.677147869618581,True
2019-02-20,-164.77605540760248,0.0,5.1388119465395246,-169.91486735414202,2.677147869618581,True
2019-02-21,315.67834360466276,0.0,5.1388119465395246,310.5395316581232,2.677147869618581,True
2019-02-22,-454.6402151180351,0.0,5.1388119465395246,-459.7790270645746,2.677147869618581,True
2019-02-25,21.7427485226146,0.0,5.1388119465395246,16.60393657607508,2.677147869618581,True
2019-02-26,-474.7035141703639,0.0,5.1388119465395246,-479.84232611690345,2.677147869618581,True
2019-02-27,144.29403474694166,0.0,5.1388119465395246,139.15522280040213,2.677147869618581,True
2019-02-28,544.4944782759812,0.0,5.1388119465395246,539.3556663294418,2.677147869618581,True
2019-03-01,431.1499537078152,154.70355565025358,5.1388119465395246,271.3075861110221,2.677147869618581,True
2019-03-04,361.21881717954545,0.0,3.513772858680486,357.70504432086494,3.0,True
2019-03-05,191.59821144411345,0.0,3.513772858680486,188.08443858543296,3.0,True
2019-03-06,99.81458598617985,0.0,3.513772858680486,96.30081312749937,3.0,True
2019-03-07,884.9619844677491,0.0,3.513772858680486,881.4482116090686,3.0,True
2019-03-08,-144.1452552101619,0.0,3.513772858680486,-147.6590280688424,3.0,True
2019-03-11,217.24315374662336,0.0,3.513772858680486,213.72938088794288,3.0,True
2019-03-12,19.858701177626482,0.0,3.513772858680486,16.344928318945996,3.0,True
2019-03-13,-364.13424152069854,0.0,3.513772858680486,-367.64801437937905,3.0,True
2019-03-14,352.01445395873264,0.0,3.513772858680486,348.50068110005213,3.0,True
2019-03-15,-89.90377793664368,0.0,3.513772858680486,-93.41755079532416,3.0,True
2019-03-18,-252.93823888585618,0.0,3.513772858680486,-256.45201174453666,3.0,True
2019-03-19,-212.99196097083885,0.0,3.513772858680486,-216.50573382951933,3.0,True
2019-03-20,151.1752186860384,0.0,3.513772858680486,147.6614458273579,3.0,True
2019-03-21,843.3107892838972,0.0,3.513772858680486,839.7970164252167,3.0,True
2019-03-22,305.9216536920773,0.0,3.513772858680486,302.4078808333968,3.0,True
2019-03-25,56.40006913363462,0.0,3.513772858680486,52.886296274954134,3.0,True
2019-03-26,386.65387389520305,0.0,3.513772858680486,383.14010103652254,3.0,True
2019-03-27,475.8387202359954,0.0,3.513772858680486,472.3249473773149,3.0,True
2019-03-28,743.769051890089,0.0,3.513772858680486,740.2552790314086,3.0,True
2019-03-29,-177.84721187572268,0.0,3.513772858680486,-181.36098473440316,3.0,True
2019-04-01,-545.3231947799483,16.39269538713473,3.513772858680486,-565.2296630257634,3.0,True
2019-04-02,122.92729045970418,0.0,3.4224083786478925,119.5048820810563,3.0,True
2019-04-03,-524.8860424604337,0.0,3.4224083786478925,-528.3084508390816,3.0,True
2019-04-04,-31.59157510116443,0.0,3.4224083786478925,-35.013983479812325,3.0,True
2019-04-05,248.90779592939808,0.0,3.4224083786478925,245.48538755075018,3.0,True
2019-04-08,-505.75952796528355,0.0,3.4224083786478925,-509.18193634393145,3.0,True
2019-04-09,-156.2279130038602,0.0,3.4224083786478925,-159.6503213825081,3.0,True
2019-04-10,476.5478919690449,0.0,3.4224083786478925,473.125483590397,3.0,True
2019-04-11,301.60822117401557,0.0,3.4224083786478925,298.18581279536767,3.0,True
2019-04-12,-454.64247087977725,0.0,3.4224083786478925,-458.06487925842515,3.0,True
2019-04-15,-117.38040993978355,0.0,3.4224083786478925,-120.80281831843143,3.0,True
2019-04-16,-335.1961368082416,0.0,3.4224083786478925,-338.6185451868895,3.0,True
2019-04-17,-290.9377602159494,0.0,3.4224083786478925,-294.3601685945973,3.0,True
2019-04-18,592.5627059576733,0.0,3.4224083786478925,589.1402975790254,3.0,True
2019-04-22,-386.72804492939156,0.0,3.4224083786478925,-390.15045330803946,3.0,True
2019-04-23,892.8581573476079,0.0,3.4224083786478925,889.43574896896,3.0,True
2019-04-24,914.5975548954965,0.0,3.4224083786478925,911.1751465168486,3.0,True
2019-04-25,169.36603756413425,0.0,3.4224083786478925,165.94362918548634,3.0,True
2019-04-26,319.26761422479257,0.0,3.4224083786478925,315.84520584614467,3.0,True
2019-04-29,-499.8940758701811,0.0,3.4224083786478925,-503.316484248829,3.0,True
2019-04-30,-87.36622640920643,0.0,3.4224083786478925,-90.78863478785432,3.0,True
2019-05-01,299.39558145692337,60.9129242821044,3.4224083786478925,235.06024879617107,3.0,True
2019-05-02,399.1839440747877,0.0,4.206292824803097,394.9776512499846,3.000000000000001,True
2019-05-03,-573.2915657082702,0.0,4.206292824803097,-577.4978585330733,3.000000000000001,True
2019-05-06,287.94743151623175,0.0,4.206292824803097,283.74113869142866,3.000000000000001,True
2019-05-07,55.10942080015138,0.0,4.206292824803097,50.90312797534828,3.000000000000001,True
2019-05-08,131.0265470386702,0.0,4.206292824803097,126.8202542138671,3.000000000000001,True
2019-05-09,52.219874555278444,0.0,4.206292824803097,48.013581730475345,3.000000000000001,True
2019-05-10,-4.2445759552262565,0.0,4.206292824803097,-8.450868780029353,3.000000000000001,True
2019-05-13,295.4969495904661,0.0,4.206292824803097,291.290656765663,3.000000000000001,True
2019-05-14,-154.34173993582354,0.0,4.206292824803097,-158.54803276062663,3.000000000000001,True
2019-05-15,250.43594260375556,0.0,4.206292824803097,246.22964977895248,3.000000000000001,True
2019-05-16,60.35526027695084,0.0,4.206292824803097,56.14896745214774,3.000000000000001,True
2019-05-17,565.4958227123266,0.0,4.206292824803097,561.2895298875235,3.000000000000001,True
2019-05-20,-526.4473477671737,0.0,4.206292824803097,-530.6536405919768,3.000000000000001,True
2019-05-21,263.1231060161113,0.0,4.206292824803097,258.9168131913082,3.000000000000001,True
2019-05-22,597.088930681361,0.0,4.206292824803097,592.882637856558,3.000000000000001,True
2019-05-23,170.63020085357667,0.0,4.206292824803097,166.42390802877358,3.000000000000001,True
2019-05-24,-683.0994512754387,0.0,4.206292824803097,-687.3057441002418,3.000000000000001,True
2019-05-28,575.9856088205408,0.0,4.206292824803097,571.7793159957378,3.000000000000001,True
2019-05-29,72.92134409947923,0.0,4.206292824803097,68.71505127467613,3.000000000000001,True
2019-05-30,294.09901544929636,0.0,4.206292824803097,289.8927226244933,3.000000000000001,True
2019-05-31,165.38211433409094,0.0,4.206292824803097,161.17582150928786,3.000000000000001,True
2019-06-03,-688.8095233820279,29.786812569151685,4.206292824803097,-722.8026287759827,3.000000000000001,True
2019-06-04,-564.2394481257106,0.0,4.397917329626032,-568.6373654553366,3.0000000000000004,True
2019-06-05,1061.8838088401149,0.0,4.397917329626032,1057.4858915104887,3.0000000000000004,True
2019-06-06,-437.4189072017183,0.0,4.397917329626032,-441.8168245313443,3.0000000000000004,True
2019-06-07,-233.35789978788748,0.0,4.397917329626032,-237.75581711751352,3.0000000000000004,True
2019-06-10,-210.78391835612962,0.0,4.397917329626032,-215.18183568575566,3.0000000000000004,True
2019-06-11,-247.29264307299763,0.0,4.397917329626032,-251.69056040262367,3.0000000000000004,True
2019-06-12,888.5886668269605,0.0,4.397917329626032,884.1907494973345,3.0000000000000004,True
2019-06-13,11.877924551493614,0.0,4.397917329626032,7.480007221867582,3.0000000000000004,True
2019-06-14,635.3278076071689,0.0,4.397917329626032,630.9298902775429,3.0000000000000004,True
2019-06-17,172.6488182300367,0.0,4.397917329626032,168.25090090041067,3.0000000000000004,True
2019-06-18,-328.20515769921525,0.0,4.397917329626032,-332.60307502884126,3.0000000000000004,True
2019-06-19,-15.5685658351315,0.0,4.397917329626032,-19.96648316475753,3.0000000000000004,True
2019-06-20,-1007.3741977132216,0.0,4.397917329626032,-1011.7721150428476,3.0000000000000004,True
2019-06-21,-738.6360378709777,0.0,4.397917329626032,-743.0339552006037,3.0000000000000004,True
2019-06-24,-424.1269669958824,0.0,4.397917329626032,-428.5248843255084,3.0000000000000004,True
2019-06-25,-299.2083845676835,0.0,4.397917329626032,-303.6063018973095,3.0000000000000004,True
2019-06-26,-339.81701366084076,0.0,4.397917329626032,-344.21493099046677,3.0000000000000004,True
2019-06-27,515.7451365170526,0.0,4.397917329626032,511.3472191874266,3.0000000000000004,True
2019-06-28,89.9227625042219,0.0,4.397917329626032,85.52484517459587,3.0000000000000004,True
2019-07-01,694.3361021557876,161.67995465250533,4.397917329626032,528.2582301736562,3.0000000000000004,True
2019-07-02,1131.2411835166297,0.0,2.2268283493473757,1129.0143551672822,2.9999999999999996,True
2019-07-03,761.2275221675213,0.0,2.2268283493473757,759.000693818174,2.9999999999999996,True
2019-07-05,-382.4530906172043,0.0,2.2268283493473757,-384.67991896655167,2.9999999999999996,True
2019-07-08,-107.82771367196212,0.0,2.2268283493473757,-110.05454202130949,2.9999999999999996,True
2019-07-09,-138.9080679587706,0.0,2.2268283493473757,-141.134896308118,2.9999999999999996,True
2019-07-10,-11.325770394380946,0.0,2.2268283493473757,-13.552598743728321,2.9999999999999996,True
2019-07-11,-734.5044876618723,0.0,2.2268283493473757,-736.7313160112196,2.9999999999999996,True
2019-07-12,-28.211080547199003,0.0,2.2268283493473757,-30.43790889654638,2.9999999999999996,True
2019-07-15,262.975410338856,0.0,2.2268283493473757,260.74858198950864,2.9999999999999996,True
2019-07-16,-16.25009456019058,0.0,2.2268283493473757,-18.476922909537954,2.9999999999999996,True
2019-07-17,310.52006482533255,0.0,2.2268283493473757,308.29323647598517,2.9999999999999996,True
2019-07-18,286.51339017940717,0.0,2.2268283493473757,284.2865618300598,2.9999999999999996,True
2019-07-19,-592.617068708654,0.0,2.2268283493473757,-594.8438970580013,2.9999999999999996,True
2019-07-22,-84.81062882135507,0.0,2.2268283493473757,-87.03745717070244,2.9999999999999996,True
2019-07-23,228.5276595305545,0.0,2.2268283493473757,226.30083118120712,2.9999999999999996,True
2019-07-24,323.12130862054636,0.0,2.2268283493473757,320.894480271199,2.9999999999999996,True
2019-07-25,-317.2726984946929,0.0,2.2268283493473757,-319.4995268440403,2.9999999999999996,True
2019-07-26,332.686048375137,0.0,2.2268283493473757,330.4592200257896,2.9999999999999996,True
2019-07-29,-53.02300254837804,0.0,2.2268283493473757,-55.24983089772542,2.9999999999999996,True
2019-07-30,47.223390838970964,0.0,2.2268283493473757,44.996562489623585,2.9999999999999996,True
2019-07-31,-155.00638497158923,0.0,2.2268283493473757,-157.2332133209366,2.9999999999999996,True
2019-08-01,1132.2730792695431,61.24337143491651,2.2268283493473757,1068.8028794852792,2.9999999999999996,True
2019-08-02,596.6302463970148,0.0,2.703934265417113,593.9263121315977,3.0,True
2019-08-05,-405.9536630383137,0.0,2.703934265417113,-408.6575973037308,3.0,True
2019-08-06,869.9741983497355,0.0,2.703934265417113,867.2702640843183,3.0,True
2019-08-07,778.965117700235,0.0,2.703934265417113,776.2611834348179,3.0,True
2019-08-08,350.8654884532907,0.0,2.703934265417113,348.1615541878736,3.0,True
2019-08-09,-211.86793190190477,0.0,2.703934265417113,-214.57186616732187,3.0,True
2019-08-12,465.3769220511174,0.0,2.703934265417113,462.6729877857003,3.0,True
2019-08-13,-552.7320606713931,0.0,2.703934265417113,-555.4359949368103,3.0,True
2019-08-14,356.95596594180296,0.0,2.703934265417113,354.25203167638585,3.0,True
2019-08-15,971.9165108034059,0.0,2.703934265417113,969.2125765379888,3.0,True
2019-08-16,269.73739259065377,0.0,2.703934265417113,267.03345832523667,3.0,True
2019-08-19,-195.9878889623373,0.0,2.703934265417113,-198.6918232277544,3.0,True
2019-08-20,280.87839790771255,0.0,2.703934265417113,278.17446364229545,3.0,True
2019-08-21,29.728044916935733,0.0,2.703934265417113,27.02411065151862,3.0,True
2019-08-22,-124.89365929589141,0.0,2.703934265417113,-127.59759356130853,3.0,True
2019-08-23,451.5186471125438,0.0,2.703934265417113,448.8147128471267,3.0,True
2019-08-26,79.66850123068278,0.0,2.703934265417113,76.96456696526566,3.0,True
2019-08-27,544.4301118507777,0.0,2.703934265417113,541.7261775853606,3.0,True
2019-08-28,172.17614379711597,0.0,2.703934265417113,169.47220953169887,3.0,True
2019-08-29,13.471224402965799,0.0,2.703934265417113,10.767290137548686,3.0,True
2019-08-30,370.0344941491339,0.0,2.703934265417113,367.3305598837168,3.0,True
2019-09-03,465.3250343311221,25.77343629802611,2.703934265417113,436.84766376767885,3.0,True
2019-09-04,-458.59155638765606,0.0,2.9564088687253265,-461.54796525638136,2.999999999999999,True
2019-09-05,-1280.44926737677,0.0,2.9564088687253265,-1283.4056762454952,2.999999999999999,True
2019-09-06,-80.3257828677372,0.0,2.9564088687253265,-83.28219173646254,2.999999999999999,True
2019-09-09,-992.5490308971949,0.0,2.9564088687253265,-995.5054397659203,2.999999999999999,True
2019-09-10,-1176.857664060798,0.0,2.9564088687253265,-1179.8140729295233,2.999999999999999,True
2019-09-11,115.54358142675781,0.0,2.9564088687253265,112.58717255803248,2.999999999999999,True
2019-09-12,-278.84934188947256,0.0,2.9564088687253265,-281.80575075819786,2.999999999999999,True
2019-09-13,-1358.241178282914,0.0,2.9564088687253265,-1361.1975871516393,2.999999999999999,True
2019-09-16,524.1801982052697,0.0,2.9564088687253265,521.2237893365443,2.999999999999999,True
2019-09-17,619.7298284677381,0.0,2.9564088687253265,616.7734195990128,2.999999999999999,True
2019-09-18,305.18833900410965,0.0,2.9564088687253265,302.23193013538435,2.999999999999999,True
2019-09-19,296.88390875660195,0.0,2.9564088687253265,293.92749988787665,2.999999999999999,True
2019-09-20,805.9373450229765,0.0,2.9564088687253265,802.9809361542511,2.999999999999999,True
2019-09-23,242.14271740049324,0.0,2.9564088687253265,239.1863085317679,2.999999999999999,True
2019-09-24,173.88482914855868,0.0,2.9564088687253265,170.92842027983335,2.999999999999999,True
2019-09-25,-139.99928496688702,0.0,2.9564088687253265,-142.95569383561235,2.999999999999999,True
2019-09-26,642.9123580463398,0.0,2.9564088687253265,639.9559491776145,2.999999999999999,True
2019-09-27,-240.31621200378459,0.0,2.9564088687253265,-243.27262087250992,2.999999999999999,True
2019-09-30,308.1795023278304,0.0,2.9564088687253265,305.2230934591051,2.999999999999999,True
2019-10-01,-40.812562608678256,26.80337604155454,2.9564088687253265,-70.57234751895813,2.999999999999999,True
2019-10-02,267.99138020820214,0.0,2.838489519140365,265.1528906890618,3.0,True
2019-10-03,574.2471940345274,0.0,2.838489519140365,571.4087045153871,3.0,True
2019-10-04,597.9967737629653,0.0,2.838489519140365,595.1582842438249,3.0,True
2019-10-07,-333.0063115373376,0.0,2.838489519140365,-335.84480105647793,3.0,True
2019-10-08,27.3027590712742,0.0,2.838489519140365,24.464269552133835,3.0,True
2019-10-09,50.767530593462766,0.0,2.838489519140365,47.9290410743224,3.0,True
2019-10-10,-910.5767220452659,0.0,2.838489519140365,-913.4152115644063,3.0,True
2019-10-11,-880.718279804199,0.0,2.838489519140365,-883.5567693233394,3.0,True
2019-10-14,417.68579237301816,0.0,2.838489519140365,414.8473028538778,3.0,True
2019-10-15,-494.0271048911728,0.0,2.838489519140365,-496.8655944103132,3.0,True
2019-10-16,181.08601298889798,0.0,2.838489519140365,178.24752346975762,3.0,True
2019-10-17,-283.87126835948663,0.0,2.838489519140365,-286.709757878627,3.0,True
2019-10-18,-39.34351150940642,0.0,2.838489519140365,-42.182001028546786,3.0,True
2019-10-21,-12.101549683732815,0.0,2.838489519140365,-14.94003920287318,3.0,True
2019-10-22,311.0785521702769,0.0,2.838489519140365,308.24006265113655,3.0,True
2019-10-23,-55.99932816835638,0.0,2.838489519140365,-58.837817687496745,3.0,True
2019-10-24,85.24081527324513,0.0,2.838489519140365,82.40232575410477,3.0,True
2019-10-25,-340.66868739792596,0.0,2.838489519140365,-343.5071769170663,3.0,True
2019-10-28,-708.8237056065432,0.0,2.838489519140365,-711.6621951256835,3.0,True
2019-10-29,-11.317174966111976,0.0,2.838489519140365,-14.155664485252341,3.0,True
2019-10-30,353.2127402052732,0.0,2.838489519140365,350.3742506861328,3.0,True
2019-10-31,644.5401515190891,0.0,2.838489519140365,641.7016619999488,3.0,True
2019-11-01,-383.4963306266058,58.898375634289756,2.838489519140365,-445.23319578003594,3.0,True
2019-11-04,-303.00156643941364,0.0,1.9978255782056211,-304.99939201761924,3.000000000000001,True
2019-11-05,-1009.7946223453167,0.0,1.9978255782056211,-1011.7924479235223,3.000000000000001,True
2019-11-06,353.2701611395696,0.0,1.9978255782056211,351.272335561364,3.000000000000001,True
2019-11-07,-786.8953929790775,0.0,1.9978255782056211,-788.8932185572831,3.000000000000001,True
2019-11-08,-425.9597112835022,0.0,1.9978255782056211,-427.9575368617078,3.000000000000001,True
2019-11-11,34.998093995238456,0.0,1.9978255782056211,33.000268417032835,3.000000000000001,True
2019-11-12,-306.17641865176665,0.0,1.9978255782056211,-308.17424422997226,3.000000000000001,True
2019-11-13,31.01385253051702,0.0,1.9978255782056211,29.0160269523114,3.000000000000001,True
2019-11-14,805.2346143317455,0.0,1.9978255782056211,803.2367887535399,3.000000000000001,True
2019-11-15,349.30655056875344,0.0,1.9978255782056211,347.30872499054783,3.000000000000001,True
2019-11-18,552.1995632818374,0.0,1.9978255782056211,550.2017377036318,3.000000000000001,True
2019-11-19,420.0643074943394,0.0,1.9978255782056211,418.0664819161338,3.000000000000001,True
2019-11-20,-125.79401388499605,0.0,1.9978255782056211,-127.79183946320167,3.000000000000001,True
2019-11-21,-718.2115410296403,0.0,1.9978255782056211,-720.2093666078459,3.000000000000001,True
2019-11-22,14.589876103040687,0.0,1.9978255782056211,12.592050524835066,3.000000000000001,True
2019-11-25,669.2248608771519,0.0,1.9978255782056211,667.2270352989462,3.000000000000001,True
2019-11-26,459.60330294171564,0.0,1.9978255782056211,457.60547736351003,3.000000000000001,True
2019-11-27,260.5249062224315,0.0,1.9978255782056211,258.5270806442259,3.000000000000001,True
2019-11-29,-188.42446042544748,0.0,1.9978255782056211,-190.4222860036531,3.000000000000001,True
2019-12-02,-1054.2836913879742,42.14732193981384,1.9978255782056211,-1098.4288389059936,3.000000000000001,True
2019-12-03,377.56413900852164,0.0,2.15615291348231,375.40798609503935,2.9999999999999996,True
2019-12-04,113.47938443403505,0.0,2.15615291348231,111.32323152055274,2.9999999999999996,True
2019-12-05,-60.0878106525776,0.0,2.15615291348231,-62.24396356605991,2.9999999999999996,True
2019-12-06,504.70205306842536,0.0,2.15615291348231,502.54590015494307,2.9999999999999996,True
2019-12-09,-52.143991483752025,0.0,2.15615291348231,-54.300144397234334,2.9999999999999996,True
2019-12-10,-289.2647007214927,0.0,2.15615291348231,-291.420853634975,2.9999999999999996,True
2019-12-11,9.996149880297047,0.0,2.15615291348231,7.839996966814737,2.9999999999999996,True
2019-12-12,-800.4534338257638,0.0,2.15615291348231,-802.6095867392461,2.9999999999999996,True
2019-12-13,576.1137460630572,0.0,2.15615291348231,573.9575931495749,2.9999999999999996,True
2019-12-16,122.0463464632684,0.0,2.15615291348231,119.89019354978609,2.9999999999999996,True
2019-12-17,-79.61575865362624,0.0,2.15615291348231,-81.77191156710856,2.9999999999999996,True
2019-12-18,113.05079668226317,0.0,2.15615291348231,110.89464376878085,2.9999999999999996,True
2019-12-19,446.67802146101997,0.0,2.15615291348231,444.5218685475377,2.9999999999999996,True
2019-12-20,270.4877897445954,0.0,2.15615291348231,268.3316368311131,2.9999999999999996,True
2019-12-23,93.43676947067249,0.0,2.15615291348231,91.28061655719017,2.9999999999999996,True
2019-12-24,340.6472635138368,0.0,2.15615291348231,338.4911106003545,2.9999999999999996,True
2019-12-26,385.5736647954415,0.0,2.15615291348231,383.41751188195923,2.9999999999999996,True
2019-12-27,-88.27955908719703,0.0,2.15615291348231,-90.43571200067935,2.9999999999999996,True
2019-12-30,-285.43944549164473,0.0,2.15615291348231,-287.595598405127,2.9999999999999996,True
2019-12-31,-18.40239951539542,0.0,2.15615291348231,-20.55855242887773,2.9999999999999996,True
2020-01-02,690.4545295525186,85.15115479162156,2.15615291348231,603.1472218474147,2.9999999999999996,True
2020-01-03,141.22584236166705,0.0,1.7206803420821635,139.50516201958487,3.0000000000000004,True
2020-01-06,129.351620653414,0.0,1.7206803420821635,127.63094031133183,3.0000000000000004,True
2020-01-07,-300.0953091864175,0.0,1.7206803420821635,-301.8159895284997,3.0000000000000004,True
2020-01-08,-223.7771996427807,0.0,1.7206803420821635,-225.49787998486286,3.0000000000000004,True
2020-01-09,119.8322727550848,0.0,1.7206803420821635,118.11159241300264,3.0000000000000004,True
2020-01-10,161.85915167759103,0.0,1.7206803420821635,160.13847133550885,3.0000000000000004,True
2020-01-13,498.6322845911687,0.0,1.7206803420821635,496.9116042490865,3.0000000000000004,True
2020-01-14,-96.43855401991429,0.0,1.7206803420821635,-98.15923436199645,3.0000000000000004,True
2020-01-15,342.22962146564043,0.0,1.7206803420821635,340.50894112355826,3.0000000000000004,True
2020-01-16,712.8519208090595,0.0,1.7206803420821635,711.1312404669774,3.0000000000000004,True
2020-01-17,270.7081216788988,0.0,1.7206803420821635,268.98744133681663,3.0000000000000004,True
2020-01-21,-240.73860972914562,0.0,1.7206803420821635,-242.4592900712278,3.0000000000000004,True
2020-01-22,120.16745493141296,0.0,1.7206803420821635,118.4467745893308,3.0000000000000004,True
2020-01-23,239.2561098340575,0.0,1.7206803420821635,237.53542949197532,3.0000000000000004,True
2020-01-24,28.95188735597214,0.0,1.7206803420821635,27.231207013889975,3.0000000000000004,True
2020-01-27,-1007.3352684165095,0.0,1.7206803420821635,-1009.0559487585916,3.0000000000000004,True
2020-01-28,400.90547183295195,0.0,1.7206803420821635,399.18479149086977,3.0000000000000004,True
2020-01-29,472.2690323199961,0.0,1.7206803420821635,470.5483519779139,3.0000000000000004,True
2020-01-30,-4.948620232898763,0.0,1.7206803420821635,-6.669300574980927,3.0000000000000004,True
2020-01-31,-1011.2470569782176,0.0,1.7206803420821635,-1012.9677373202998,3.0000000000000004,True
2020-02-03,26.55376442153346,102.67293460495475,1.7206803420821635,-77.83985052550345,3.0000000000000004,True
2020-02-04,255.2687329004289,0.0,2.30437422817191,252.96435867225696,3.0000000000000004,True
2020-02-05,23.298528193762493,0.0,2.30437422817191,20.994153965590584,3.0000000000000004,True
2020-02-06,242.9171741542792,0.0,2.30437422817191,240.61279992610727,3.0000000000000004,True
2020-02-07,128.317668016233,0.0,2.30437422817191,126.01329378806109,3.0000000000000004,True
2020-02-10,841.6363825868161,0.0,2.30437422817191,839.3320083586442,3.0000000000000004,True
2020-02-11,-32.50194569584363,0.0,2.30437422817191,-34.80631992401554,3.0000000000000004,True
2020-02-12,-14.797767410352813,0.0,2.30437422817191,-17.102141638524724,3.0000000000000004,True
2020-02-13,97.53540316959436,0.0,2.30437422817191,95.23102894142245,3.0000000000000004,True
2020-02-14,526.9271953137124,0.0,2.30437422817191,524.6228210855405,3.0000000000000004,True
2020-02-18,51.18865173789116,0.0,2.30437422817191,48.884277509719254,3.0000000000000004,True
2020-02-19,-120.58442919962984,0.0,2.30437422817191,-122.88880342780175,3.0000000000000004,True
2020-02-20,609.6437576218658,0.0,2.30437422817191,607.3393833936939,3.0000000000000004,True
2020-02-21,-29.742665129580487,0.0,2.30437422817191,-32.047039357752396,3.0000000000000004,True
2020-02-24,-991.3463605618387,0.0,2.30437422817191,-993.6507347900106,3.0000000000000004,True
2020-02-25,-1637.5790081107373,0.0,2.30437422817191,-1639.883382338909,3.0000000000000004,True
2020-02-26,-366.4281633882094,0.0,2.30437422817191,-368.7325376163813,3.0000000000000004,True
2020-02-27,-2569.163332279944,0.0,2.30437422817191,-2571.467706508116,3.0000000000000004,True
2020-02-28,-961.6727242158494,0.0,2.30437422817191,-963.9770984440213,3.0000000000000004,True
2020-03-02,1292.285009781728,78.81396853418703,2.30437422817191,1211.166667019369,3.0000000000000004,True
2020-03-03,1267.3803917298185,0.0,2.5620236761855857,1264.8183680536329,2.9999999999999996,True
2020-03-04,926.4930413964156,0.0,2.5620236761855857,923.93101772023,2.9999999999999996,True
2020-03-05,626.9753570030532,0.0,2.5620236761855857,624.4133333268676,2.9999999999999996,True
2020-03-06,453.03999228604386,0.0,2.5620236761855857,450.4779686098583,2.9999999999999996,True
2020-03-09,-1614.4573067766687,0.0,2.5620236761855857,-1617.0193304528543,2.9999999999999996,True
2020-03-10,-1678.4941200137598,0.0,2.5620236761855857,-1681.0561436899454,2.9999999999999996,True
2020-03-11,-2118.5053989243743,0.0,2.5620236761855857,-2121.06742260056,2.9999999999999996,True
2020-03-12,-4371.747857766879,0.0,2.5620236761855857,-4374.309881443064,2.9999999999999996,True
2020-03-13,1812.0220683281834,0.0,2.5620236761855857,1809.4600446519978,2.9999999999999996,True
2020-03-16,-2519.199431168175,0.0,2.5620236761855857,-2521.7614548443607,2.9999999999999996,True
2020-03-17,-1562.684915129528,0.0,2.5620236761855857,-1565.2469388057136,2.9999999999999996,True
2020-03-18,-4217.911982661995,0.0,2.5620236761855857,-4220.4740063381805,2.9999999999999996,True
2020-03-19,-1830.645722347421,0.0,2.5620236761855857,-1833.2077460236067,2.9999999999999996,True
2020-03-20,2110.2315865956034,0.0,2.5620236761855857,2107.669562919418,2.9999999999999996,True
2020-03-23,1809.4598446354103,0.0,2.5620236761855857,1806.8978209592246,2.9999999999999996,True
2020-03-24,2419.2014645945587,0.0,2.5620236761855857,2416.639440918373,2.9999999999999996,True
2020-03-25,2520.942822263158,0.0,2.5620236761855857,2518.3807985869726,2.9999999999999996,True
2020-03-26,1904.5496105044722,0.0,2.5620236761855857,1901.9875868282866,2.9999999999999996,True
2020-03-27,86.96266791764218,0.0,2.5620236761855857,84.40064424145659,2.9999999999999996,True
2020-03-30,566.262829561164,0.0,2.5620236761855857,563.7008058849784,2.9999999999999996,True
2020-03-31,-438.7911930964567,0.0,2.5620236761855857,-441.35321677264227,2.9999999999999996,True
2020-04-01,-868.2863541399788,213.4466934493708,2.5620236761855857,-1084.2950712655352,2.9999999999999996,True
2020-04-02,-275.180475113884,0.0,1.3216908730286312,-276.5021659869126,0.8140882156938314,True
2020-04-03,314.0317232109746,0.0,1.3216908730286312,312.71003233794596,0.8140882156938314,True
2020-04-06,-1026.9674055178655,0.0,1.3216908730286312,-1028.2890963908942,0.8140882156938314,True
2020-04-07,-582.794820838118,0.0,1.3216908730286312,-584.1165117111466,0.8140882156938314,True
2020-04-08,-395.7375931954417,0.0,1.3216908730286312,-397.05928406847033,0.8140882156938314,True
2020-04-09,-421.5735292922268,0.0,1.3216908730286312,-422.8952201652554,0.8140882156938314,True
2020-04-13,82.0575164480155,0.0,1.3216908730286312,80.73582557498688,0.8140882156938314,True
2020-04-14,-148.11599096687578,0.0,1.3216908730286312,-149.43768183990443,0.8140882156938314,True
2020-04-15,923.9968097487341,0.0,1.3216908730286312,922.6751188757055,0.8140882156938314,True
2020-04-16,60.182948857174196,0.0,1.3216908730286312,58.86125798414557,0.8140882156938314,True
2020-04-17,-657.6523883458699,0.0,1.3216908730286312,-658.9740792188985,0.8140882156938314,True
2020-04-20,472.0329303571002,0.0,1.3216908730286312,470.7112394840716,0.8140882156938314,True
2020-04-21,869.1380739308958,0.0,1.3216908730286312,867.8163830578671,0.8140882156938314,True
2020-04-22,-248.1649553936961,0.0,1.3216908730286312,-249.48664626672473,0.8140882156938314,True
2020-04-23,-16.928481978874736,0.0,1.3216908730286312,-18.25017285190337,0.8140882156938314,True
2020-04-24,140.07380852575682,0.0,1.3216908730286312,138.75211765272817,0.8140882156938314,True
2020-04-27,-414.9068400034942,0.0,1.3216908730286312,-416.2285308765228,0.8140882156938314,True
2020-04-28,-112.75719272769145,0.0,1.3216908730286312,-114.07888360072008,0.8140882156938314,True
2020-04-29,-524.4093303081767,0.0,1.3216908730286312,-525.7310211812053,0.8140882156938314,True
2020-04-30,-44.928070508630555,0.0,1.3216908730286312,-46.249761381659184,0.8140882156938314,True
2020-05-01,716.9061507140974,17.90214887376639,1.3216908730286312,697.6823109673024,0.8140882156938314,True
2020-05-04,-18.451357813476292,0.0,1.461661066175265,-19.913018879651556,0.9762058238214086,True
2020-05-05,-304.6088378948929,0.0,1.461661066175265,-306.07049896106815,0.9762058238214086,True
2020-05-06,308.43488002804435,0.0,1.461661066175265,306.97321896186907,0.9762058238214086,True
2020-05-07,-232.13783645099105,0.0,1.461661066175265,-233.5994975171663,0.9762058238214086,True
2020-05-08,-596.2952695745817,0.0,1.461661066175265,-597.7569306407569,0.9762058238214086,True
2020-05-11,99.97745057299485,0.0,1.461661066175265,98.51578950681959,0.9762058238214086,True
2020-05-12,719.193260849754,0.0,1.461661066175265,717.7315997835788,0.9762058238214086,True
2020-05-13,480.3859154368872,0.0,1.461661066175265,478.92425437071194,0.9762058238214086,True
2020-05-14,19.792684770966762,0.0,1.461661066175265,18.331023704791498,0.9762058238214086,True
2020-05-15,278.9845243509737,0.0,1.461661066175265,277.5228632847984,0.9762058238214086,True
2020-05-18,-1372.5386320884818,0.0,1.461661066175265,-1374.0002931546571,0.9762058238214086,True
2020-05-19,169.72770753434753,0.0,1.461661066175265,168.26604646817228,0.9762058238214086,True
2020-05-20,-275.130568571357,0.0,1.461661066175265,-276.5922296375323,0.9762058238214086,True
2020-05-21,165.8120213375418,0.0,1.461661066175265,164.35036027136655,0.9762058238214086,True
2020-05-22,228.61321160393345,0.0,1.461661066175265,227.1515505377582,0.9762058238214086,True
2020-05-26,-1007.776977111003,0.0,1.461661066175265,-1009.2386381771782,0.9762058238214086,True
2020-05-27,-37.64057780742493,0.0,1.461661066175265,-39.1022388736002,0.9762058238214086,True
2020-05-28,-44.924251320535895,0.0,1.461661066175265,-46.38591238671116,0.9762058238214086,True
2020-05-29,-73.69430602677683,0.0,1.461661066175265,-75.1559670929521,0.9762058238214086,True
2020-06-01,-574.3848305415866,74.55658111937706,1.461661066175265,-650.4030727271388,0.9762058238214086,True
2020-06-02,-729.3148089577899,0.0,2.090593599202481,-731.4054025569924,1.6816275127872027,True
2020-06-03,-1036.198688779523,0.0,2.090593599202481,-1038.2892823787256,1.6816275127872027,True
2020-06-04,-157.4572702301892,0.0,2.090593599202481,-159.5478638293917,1.6816275127872027,True
2020-06-05,-864.652897662842,0.0,2.090593599202481,-866.7434912620445,1.6816275127872027,True
2020-06-08,-201.61712020121126,0.0,2.090593599202481,-203.70771380041376,1.6816275127872027,True
2020-06-09,530.7390667516821,0.0,2.090593599202481,528.6484731524796,1.6816275127872027,True
2020-06-10,444.5823551404765,0.0,2.090593599202481,442.49176154127406,1.6816275127872027,True
2020-06-11,1732.7449069692257,0.0,2.090593599202481,1730.6543133700231,1.6816275127872027,True
2020-06-12,-603.4614105690008,0.0,2.090593599202481,-605.5520041682033,1.6816275127872027,True
2020-06-15,-40.610865907868764,0.0,2.090593599202481,-42.70145950707124,1.6816275127872027,True
2020-06-16,-116.2916729190284,0.0,2.090593599202481,-118.38226651823088,1.6816275127872027,True
2020-06-17,107.37631830038848,0.0,2.090593599202481,105.285724701186,1.6816275127872027,True
2020-06-18,307.07702264595946,0.0,2.090593599202481,304.986429046757,1.6816275127872027,True
2020-06-19,338.00449121812886,0.0,2.090593599202481,335.9138976189264,1.6816275127872027,True
2020-06-22,-353.1376333832226,0.0,2.090593599202481,-355.22822698242504,1.6816275127872027,True
2020-06-23,208.0769110778957,0.0,2.090593599202481,205.9863174786932,1.6816275127872027,True
2020-06-24,645.2026209267844,0.0,2.090593599202481,643.1120273275819,1.6816275127872027,True
2020-06-25,-7.547562207952589,0.0,2.090593599202481,-9.63815580715507,1.6816275127872027,True
2020-06-26,543.3558533922147,0.0,2.090593599202481,541.2652597930122,1.6816275127872027,True
2020-06-29,-536.8573816594181,0.0,2.090593599202481,-538.9479752586207,1.6816275127872027,True
2020-06-30,-224.19275398312226,0.0,2.090593599202481,-226.28334758232475,1.6816275127872027,True
2020-07-01,-478.47668567247774,95.53649088329497,2.090593599202481,-576.1037701549752,1.6816275127872027,True
2020-07-02,-259.69937633359297,0.0,3.2279886096730257,-262.927364943266,2.4107752678609278,True
2020-07-06,-651.1725643842168,0.0,3.2279886096730257,-654.4005529938898,2.4107752678609278,True
2020-07-07,410.8887297900619,0.0,3.2279886096730257,407.66074118038887,2.4107752678609278,True
2020-07-08,-616.6654615268352,0.0,3.2279886096730257,-619.8934501365082,2.4107752678609278,True
2020-07-09,678.6428186153603,0.0,3.2279886096730257,675.4148300056872,2.4107752678609278,True
2020-07-10,-405.5302365755615,0.0,3.2279886096730257,-408.75822518523455,2.4107752678609278,True
2020-07-13,452.5068006145986,0.0,3.2279886096730257,449.27881200492556,2.4107752678609278,True
2020-07-14,-118.89066857206302,0.0,3.2279886096730257,-122.11865718173604,2.4107752678609278,True
2020-07-15,-558.7794901108794,0.0,3.2279886096730257,-562.0074787205524,2.4107752678609278,True
2020-07-16,355.83889306492324,0.0,3.2279886096730257,352.6109044552502,2.4107752678609278,True
2020-07-17,151.28103243497122,0.0,3.2279886096730257,148.0530438252982,2.4107752678609278,True
2020-07-20,65.45762154337673,0.0,3.2279886096730257,62.229632933703705,2.4107752678609278,True
2020-07-21,-342.6373251228708,0.0,3.2279886096730257,-345.8653137325438,2.4107752678609278,True
2020-07-22,397.7445285359422,0.0,3.2279886096730257,394.51653992626916,2.4107752678609278,True
2020-07-23,90.0490016967428,0.0,3.2279886096730257,86.82101308706979,2.4107752678609278,True
2020-07-24,-161.41703679625635,0.0,3.2279886096730257,-164.64502540592937,2.4107752678609278,True
2020-07-27,-112.87049867133871,0.0,3.2279886096730257,-116.09848728101173,2.4107752678609278,True
2020-07-28,296.3616684069707,0.0,3.2279886096730257,293.13367979729765,2.4107752678609278,True
2020-07-29,-385.6211130487835,0.0,3.2279886096730257,-388.84910165845656,2.4107752678609278,True
2020-07-30,84.16083352297609,0.0,3.2279886096730257,80.93284491330307,2.4107752678609278,True
2020-07-31,497.6817384195178,0.0,3.2279886096730257,494.45374980984474,2.4107752678609278,True
2020-08-03,-599.5933499660863,148.3260425197689,3.2279886096730257,-751.1473810955282,2.4107752678609278,True
2020-08-04,741.3397140636044,0.0,1.8660954755816275,739.4736185880229,2.4422912123334926,True
2020-08-05,28.55194005718148,0.0,1.8660954755816275,26.685844581599852,2.4422912123334926,True
2020-08-06,717.9369384843629,0.0,1.8660954755816275,716.0708430087814,2.4422912123334926,True
2020-08-07,-440.4152330665744,0.0,1.8660954755816275,-442.281328542156,2.4422912123334926,True
2020-08-10,-121.79356598718654,0.0,1.8660954755816275,-123.65966146276817,2.4422912123334926,True
2020-08-11,-1246.7972818421586,0.0,1.8660954755816275,-1248.6633773177402,2.4422912123334926,True
2020-08-12,-38.30796092094093,0.0,1.8660954755816275,-40.17405639652256,2.4422912123334926,True
2020-08-13,21.04219134514654,0.0,1.8660954755816275,19.176095869564914,2.4422912123334926,True
2020-08-14,-66.18151590447451,0.0,1.8660954755816275,-68.04761138005614,2.4422912123334926,True
2020-08-17,497.68909920825996,0.0,1.8660954755816275,495.82300373267833,2.4422912123334926,True
2020-08-18,481.8683654235684,0.0,1.8660954755816275,480.00226994798675,2.4422912123334926,True
2020-08-19,-1250.3356545082806,0.0,1.8660954755816275,-1252.2017499838623,2.4422912123334926,True
2020-08-20,587.161932301994,0.0,1.8660954755816275,585.2958368264125,2.4422912123334926,True
2020-08-21,-366.4259320397259,0.0,1.8660954755816275,-368.29202751530755,2.4422912123334926,True
2020-08-24,-29.462289495434735,0.0,1.8660954755816275,-31.328384971016362,2.4422912123334926,True
2020-08-25,-57.324448997794164,0.0,1.8660954755816275,-59.190544473375795,2.4422912123334926,True
2020-08-26,314.51875884168174,0.0,1.8660954755816275,312.6526633661001,2.4422912123334926,True
2020-08-27,-547.1558003459659,0.0,1.8660954755816275,-549.0218958215474,2.4422912123334926,True
2020-08-28,843.2006808985235,0.0,1.8660954755816275,841.3345854229419,2.4422912123334926,True
2020-08-31,27.19801101719034,0.0,1.8660954755816275,25.331915541608712,2.4422912123334926,True
2020-09-01,289.7546726448701,136.06361642919126,1.8660954755816275,151.8249607400972,2.4422912123334926,True
2020-09-02,-378.2414366315128,0.0,1.9895213838019585,-380.23095801531474,2.903771420944489,True
2020-09-03,-715.9785989330617,0.0,1.9895213838019585,-717.9681203168636,2.903771420944489,True
2020-09-04,-56.28280592022931,0.0,1.9895213838019585,-58.272327304031265,2.903771420944489,True
2020-09-08,-781.6724680627416,0.0,1.9895213838019585,-783.6619894465435,2.903771420944489,True
2020-09-09,482.7181742140899,0.0,1.9895213838019585,480.72865283028796,2.903771420944489,True
2020-09-10,-200.52564226311839,0.0,1.9895213838019585,-202.51516364692034,2.903771420944489,True
2020-09-11,703.093108361001,0.0,1.9895213838019585,701.103586977199,2.903771420944489,True
2020-09-14,-69.07064002272313,0.0,1.9895213838019585,-71.06016140652508,2.903771420944489,True
2020-09-15,-341.7115689944434,0.0,1.9895213838019585,-343.70109037824534,2.903771420944489,True
2020-09-16,-547.9952855925196,0.0,1.9895213838019585,-549.9848069763216,2.903771420944489,True
2020-09-17,380.3008306220033,0.0,1.9895213838019585,378.3113092382013,2.903771420944489,True
2020-09-18,143.95902045638678,0.0,1.9895213838019585,141.96949907258482,2.903771420944489,True
2020-09-21,-825.9201293085757,0.0,1.9895213838019585,-827.9096506923777,2.903771420944489,True
2020-09-22,-356.4908383588843,0.0,1.9895213838019585,-358.48035974268623,2.903771420944489,True
2020-09-23,-1020.3918790335027,0.0,1.9895213838019585,-1022.3814004173047,2.903771420944489,True
2020-09-24,-198.9853926338803,0.0,1.9895213838019585,-200.97491401768227,2.903771420944489,True
2020-09-25,-303.61515219986404,0.0,1.9895213838019585,-305.604673583666,2.903771420944489,True
2020-09-28,505.3553883314529,0.0,1.9895213838019585,503.36586694765094,2.903771420944489,True
2020-09-29,1049.3797397751239,0.0,1.9895213838019585,1047.390218391322,2.903771420944489,True
2020-09-30,-264.17235065792147,0.0,1.9895213838019585,-266.1618720417234,2.903771420944489,True
2020-10-01,102.87204475499941,91.406656082584,1.9895213838019585,9.475867288613442,2.903771420944489,True
2020-10-02,-256.99513222046085,0.0,2.27923862262804,-259.2743708430889,2.9871431162680695,True
2020-10-05,-296.69504301072016,0.0,2.27923862262804,-298.9742816333482,2.9871431162680695,True
2020-10-06,-234.95701534907002,0.0,2.27923862262804,-237.23625397169806,2.9871431162680695,True
2020-10-07,80.71175191692106,0.0,2.27923862262804,78.43251329429302,2.9871431162680695,True
2020-10-08,87.23700445870833,0.0,2.27923862262804,84.95776583608028,2.9871431162680695,True
2020-10-09,990.0424065994149,0.0,2.27923862262804,987.7631679767869,2.9871431162680695,True
2020-10-12,419.7518721597087,0.0,2.27923862262804,417.47263353708064,2.9871431162680695,True
2020-10-13,-507.68485182581264,0.0,2.27923862262804,-509.9640904484407,2.9871431162680695,True
2020-10-14,389.2015505394352,0.0,2.27923862262804,386.92231191680713,2.9871431162680695,True
2020-10-15,-691.5961792538774,0.0,2.27923862262804,-693.8754178765054,2.9871431162680695,True
2020-10-16,397.7866427281223,0.0,2.27923862262804,395.50740410549423,2.9871431162680695,True
2020-10-19,49.89993463332189,0.0,2.27923862262804,47.62069601069385,2.9871431162680695,True
2020-10-20,-21.149126448250748,0.0,2.27923862262804,-23.428365070878787,2.9871431162680695,True
2020-10-21,836.1749992194635,0.0,2.27923862262804,833.8957605968355,2.9871431162680695,True
2020-10-22,-631.7843759702982,0.0,2.27923862262804,-634.0636145929262,2.9871431162680695,True
2020-10-23,461.57124244721876,0.0,2.27923862262804,459.2920038245907,2.9871431162680695,True
2020-10-26,-82.99906081964295,0.0,2.27923862262804,-85.27829944227099,2.9871431162680695,True
2020-10-27,609.6100366307985,0.0,2.27923862262804,607.3307980081705,2.9871431162680695,True
2020-10-28,-68.29100160379602,0.0,2.27923862262804,-70.57024022642406,2.9871431162680695,True
2020-10-29,-608.8335355937344,0.0,2.27923862262804,-611.1127742163624,2.9871431162680695,True
2020-10-30,-380.1635092410042,0.0,2.27923862262804,-382.44274786363223,2.9871431162680695,True
2020-11-02,-117.96290006473866,41.35271285684547,2.27923862262804,-161.5948515442122,2.9871431162680695,True
2020-11-03,-118.12679400817005,0.0,2.7348675494224985,-120.86166155759256,3.0,True
2020-11-04,703.109126403393,0.0,2.7348675494224985,700.3742588539706,3.0,True
2020-11-05,717.0882748828683,0.0,2.7348675494224985,714.3534073334458,3.0,True
2020-11-06,121.56415690771614,0.0,2.7348675494224985,118.82928935829364,3.0,True
2020-11-09,-2798.6823445624077,0.0,2.7348675494224985,-2801.4172121118304,3.0,True
2020-11-10,-1183.5326570962377,0.0,2.7348675494224985,-1186.2675246456602,3.0,True
2020-11-11,-143.34946170712877,0.0,2.7348675494224985,-146.08432925655126,3.0,True
2020-11-12,1062.2571606058098,0.0,2.7348675494224985,1059.5222930563873,3.0,True
2020-11-13,94.23970980458988,0.0,2.7348675494224985,91.50484225516738,3.0,True
2020-11-16,-19.370777108022743,0.0,2.7348675494224985,-22.105644657445243,3.0,True
2020-11-17,10.896963528494942,0.0,2.7348675494224985,8.162095979072443,3.0,True
2020-11-18,173.34652680772868,0.0,2.7348675494224985,170.6116592583062,3.0,True
2020-11-19,238.97166611243733,0.0,2.7348675494224985,236.23679856301484,3.0,True
2020-11-20,276.15623709074066,0.0,2.7348675494224985,273.42136954131814,3.0,True
2020-11-23,-554.4675266843482,0.0,2.7348675494224985,-557.2023942337706,3.0,True
2020-11-24,-404.04051125473234,0.0,2.7348675494224985,-406.77537880415485,3.0,True
2020-11-25,-22.842570391230094,0.0,2.7348675494224985,-25.577437940652594,3.0,True
2020-11-27,683.6564614605323,0.0,2.7348675494224985,680.9215939111099,3.0,True
2020-11-30,-31.749367476073022,0.0,2.7348675494224985,-34.48423502549552,3.0,True
2020-12-01,236.0973674111709,105.6670061957368,2.7348675494224985,127.69549366601159,3.0,True
2020-12-02,105.76785725068798,0.0,1.2423649645560357,104.52549228613195,2.519236328613516,True
2020-12-03,803.4467799735297,0.0,1.2423649645560357,802.2044150089737,2.519236328613516,True
2020-12-04,93.46468786562124,0.0,1.2423649645560357,92.22232290106521,2.519236328613516,True
2020-12-07,178.68084124245112,0.0,1.2423649645560357,177.4384762778951,2.519236328613516,True
2020-12-08,-65.64236353589762,0.0,1.2423649645560357,-66.88472850045365,2.519236328613516,True
2020-12-09,-269.7047525553235,0.0,1.2423649645560357,-270.94711751987955,2.519236328613516,True
2020-12-10,320.0735594160518,0.0,1.2423649645560357,318.8311944514958,2.519236328613516,True
2020-12-11,-351.91112678394137,0.0,1.2423649645560357,-353.1534917484974,2.519236328613516,True
2020-12-14,39.340334100232454,0.0,1.2423649645560357,38.097969135676415,2.519236328613516,True
2020-12-15,671.8836887143755,0.0,1.2423649645560357,670.6413237498194,2.519236328613516,True
2020-12-16,-22.569308007851664,0.0,1.2423649645560357,-23.8116729724077,2.519236328613516,True
2020-12-17,634.6191857818515,0.0,1.2423649645560357,633.3768208172954,2.519236328613516,True
2020-12-18,-369.138220134367,0.0,1.2423649645560357,-370.380585098923,2.519236328613516,True
2020-12-21,-160.54464752912315,0.0,1.2423649645560357,-161.78701249367919,2.519236328613516,True
2020-12-22,-589.2646358854557,0.0,1.2423649645560357,-590.5070008500118,2.519236328613516,True
2020-12-23,274.0027020121435,0.0,1.2423649645560357,272.7603370475875,2.519236328613516,True
2020-12-24,233.87842647263176,0.0,1.2423649645560357,232.63606150807573,2.519236328613516,True
2020-12-28,263.3187936442461,0.0,1.2423649645560357,262.0764286796901,2.519236328613516,True
2020-12-29,-28.129931126453393,0.0,1.2423649645560357,-29.372296091009428,2.519236328613516,True
2020-12-30,632.0820589625998,0.0,1.2423649645560357,630.8396939980438,2.519236328613516,True
2020-12-31,-32.35638419803024,0.0,1.2423649645560357,-33.59874916258628,2.519236328613516,True
2021-01-04,-23.61532634973932,24.829376131535582,1.2423649645560357,-49.68706744583094,2.519236328613516,True
2021-01-05,338.6128853391086,0.0,1.3590136612397514,337.2538716778688,2.80948978954852,True
2021-01-06,-457.49172254401765,0.0,1.3590136612397514,-458.8507362052574,2.80948978954852,True
2021-01-07,-268.84331528863385,0.0,1.3590136612397514,-270.2023289498736,2.80948978954852,True
2021-01-08,-462.0342001021709,0.0,1.3590136612397514,-463.3932137634107,2.80948978954852,True
2021-01-11,-966.6825205553538,0.0,1.3590136612397514,-968.0415342165935,2.80948978954852,True
2021-01-12,580.2086109296736,0.0,1.3590136612397514,578.8495972684339,2.80948978954852,True
2021-01-13,214.94025526039184,0.0,1.3590136612397514,213.5812415991521,2.80948978954852,True
2021-01-14,-22.071444380502278,0.0,1.3590136612397514,-23.43045804174203,2.80948978954852,True
2021-01-15,-551.6494727404413,0.0,1.3590136612397514,-553.008486401681,2.80948978954852,True
2021-01-19,562.2095748723114,0.0,1.3590136612397514,560.8505612110716,2.80948978954852,True
2021-01-20,955.7376754875849,0.0,1.3590136612397514,954.3786618263451,2.80948978954852,True
2021-01-21,390.5094322427017,0.0,1.3590136612397514,389.1504185814619,2.80948978954852,True
2021-01-22,-170.48877452791857,0.0,1.3590136612397514,-171.8477881891583,2.80948978954852,True
2021-01-25,245.99271002100588,0.0,1.3590136612397514,244.63369635976613,2.80948978954852,True
2021-01-26,-91.97422224498548,0.0,1.3590136612397514,-93.33323590622524,2.80948978954852,True
2021-01-27,-1489.3192373510885,0.0,1.3590136612397514,-1490.6782510123282,2.80948978954852,True
2021-01-28,433.5070880075061,0.0,1.3590136612397514,432.14807434626636,2.80948978954852,True
2021-01-29,-779.7010053589821,0.0,1.3590136612397514,-781.0600190202218,2.80948978954852,True
2021-02-01,148.18908315526298,42.20239437168898,1.3590136612397514,104.62767512233424,2.80948978954852,True
2021-02-02,-13.014310111128161,0.0,0.9180204232552648,-13.932330534383425,2.6113232330212712,True
2021-02-03,-9.17568539046794,0.0,0.9180204232552648,-10.093705813723204,2.6113232330212712,True
2021-02-04,-291.39929667074693,0.0,0.9180204232552648,-292.3173170940022,2.6113232330212712,True
2021-02-05,686.933438492714,0.0,0.9180204232552648,686.0154180694587,2.6113232330212712,True
2021-02-08,559.9428668053214,0.0,0.9180204232552648,559.0248463820661,2.6113232330212712,True
2021-02-09,596.6637761135235,0.0,0.9180204232552648,595.7457556902682,2.6113232330212712,True
2021-02-10,100.81141249362996,0.0,0.9180204232552648,99.89339207037469,2.6113232330212712,True
2021-02-11,237.56378275895884,0.0,0.9180204232552648,236.64576233570358,2.6113232330212712,True
2021-02-12,-368.90374894927777,0.0,0.9180204232552648,-369.821769372533,2.6113232330212712,True
2021-02-16,-831.2745277428915,0.0,0.9180204232552648,-832.1925481661467,2.6113232330212712,True
2021-02-17,-198.56489654236543,0.0,0.9180204232552648,-199.4829169656207,2.6113232330212712,True
2021-02-18,237.01890361585643,0.0,0.9180204232552648,236.10088319260117,2.6113232330212712,True
2021-02-19,169.3654813535911,0.0,0.9180204232552648,168.44746093033584,2.6113232330212712,True
2021-02-22,175.7239921192206,0.0,0.9180204232552648,174.80597169596535,2.6113232330212712,True
2021-02-23,-173.2987577086735,0.0,0.9180204232552648,-174.21677813192875,2.6113232330212712,True
2021-02-24,253.55243272383686,0.0,0.9180204232552648,252.6344123005816,2.6113232330212712,True
2021-02-25,-2067.648170760885,0.0,0.9180204232552648,-2068.5661911841403,2.6113232330212712,True
2021-02-26,-512.5947351082109,0.0,0.9180204232552648,-513.5127555314662,2.6113232330212712,True
2021-03-01,382.88578242420033,108.71013851289342,0.9180204232552648,273.25762348805165,2.6113232330212712,True
2021-03-02,145.29722227734788,0.0,0.3907348527247786,144.9064874246231,1.6909594578526925,True
2021-03-03,-715.5909822497974,0.0,0.3907348527247786,-715.9817171025222,1.6909594578526925,True
2021-03-04,-1093.7745274852198,0.0,0.3907348527247786,-1094.1652623379446,1.6909594578526925,True
2021-03-05,167.3496277807107,0.0,0.3907348527247786,166.95889292798591,1.6909594578526925,True
2021-03-08,-758.93222792341,0.0,0.3907348527247786,-759.3229627761348,1.6909594578526925,True
2021-03-09,988.1568171673568,0.0,0.3907348527247786,987.7660823146321,1.6909594578526925,True
2021-03-10,424.3459452536821,0.0,0.3907348527247786,423.9552104009573,1.6909594578526925,True
2021-03-11,900.5506213344357,0.0,0.3907348527247786,900.1598864817109,1.6909594578526925,True
2021-03-12,-325.7476124817891,0.0,0.3907348527247786,-326.13834733451387,1.6909594578526925,True
2021-03-15,294.8635549917379,0.0,0.3907348527247786,294.4728201390131,1.6909594578526925,True
2021-03-16,76.1597175999636,0.0,0.3907348527247786,75.76898274723882,1.6909594578526925,True
2021-03-17,506.1829214823297,0.0,0.3907348527247786,505.7921866296049,1.6909594578526925,True
2021-03-18,-1250.8584235077644,0.0,0.3907348527247786,-1251.2491583604892,1.6909594578526925,True
2021-03-19,60.56184321227337,0.0,0.3907348527247786,60.17110835954859,1.6909594578526925,True
2021-03-22,247.043800346589,0.0,0.3907348527247786,246.6530654938642,1.6909594578526925,True
2021-03-23,-750.4026225837769,0.0,0.3907348527247786,-750.7933574365017,1.6909594578526925,True
2021-03-24,-349.10537687414086,0.0,0.3907348527247786,-349.49611172686565,1.6909594578526925,True
2021-03-25,-27.9367062293732,0.0,0.3907348527247786,-28.32744108209798,1.6909594578526925,True
2021-03-26,750.212239105461,0.0,0.3907348527247786,749.8215042527362,1.6909594578526925,True
2021-03-29,-496.21219320224844,0.0,0.3907348527247786,-496.60292805497323,1.6909594578526925,True
2021-03-30,-407.5756513923902,0.0,0.3907348527247786,-407.966386245115,1.6909594578526925,True
2021-03-31,201.44723415261925,0.0,0.3907348527247786,201.05649929989445,1.6909594578526925,True
2021-04-01,765.60121096334,36.0094070617268,0.3907348527247786,729.2010690488884,1.6909594578526925,True
2021-04-05,471.78157053659845,0.0,0.823546114447805,470.95802442215063,1.6803226036681163,True
2021-04-06,190.66414108852237,0.0,0.823546114447805,189.84059497407458,1.6803226036681163,True
2021-04-07,-124.40289639606503,0.0,0.823546114447805,-125.22644251051284,1.6803226036681163,True
2021-04-08,445.053662266117,0.0,0.823546114447805,444.23011615166916,1.6803226036681163,True
2021-04-09,-144.94258169140232,0.0,0.823546114447805,-145.76612780585012,1.6803226036681163,True
2021-04-12,-145.38106597831046,0.0,0.823546114447805,-146.20461209275825,1.6803226036681163,True
2021-04-13,539.6538344805128,0.0,0.823546114447805,538.830288366065,1.6803226036681163,True
2021-04-14,341.11911447703295,0.0,0.823546114447805,340.29556836258513,1.6803226036681163,True
2021-04-15,584.0525766489397,0.0,0.823546114447805,583.2290305344919,1.6803226036681163,True
2021-04-16,151.6273948066318,0.0,0.823546114447805,150.803848692184,1.6803226036681163,True
2021-04-19,72.52863893227725,0.0,0.823546114447805,71.70509281782944,1.6803226036681163,True
2021-04-20,-310.0844964949456,0.0,0.823546114447805,-310.9080426093934,1.6803226036681163,True
2021-04-21,486.20336422664093,0.0,0.823546114447805,485.3798181121931,1.6803226036681163,True
2021-04-22,-311.857198688931,0.0,0.823546114447805,-312.68074480337884,1.6803226036681163,True
2021-04-23,644.4280162189966,0.0,0.823546114447805,643.6044701045488,1.6803226036681163,True
2021-04-26,337.1442504680513,0.0,0.823546114447805,336.3207043536035,1.6803226036681163,True
2021-04-27,-85.67149910138768,0.0,0.823546114447805,-86.49504521583549,1.6803226036681163,True
2021-04-28,338.62444089468886,0.0,0.823546114447805,337.80089478024104,1.6803226036681163,True
2021-04-29,123.69162635806799,0.0,0.823546114447805,122.86808024362018,1.6803226036681163,True
2021-04-30,-613.1550679402689,0.0,0.823546114447805,-613.9786140547167,1.6803226036681163,True
2021-05-03,526.2088084048487,59.40523858751699,0.823546114447805,465.9800237028839,1.6803226036681163,True
2021-05-04,-485.8459138604572,0.0,1.5783900774073096,-487.4243039378645,1.8674511541767582,True
2021-05-05,195.2707400667465,0.0,1.5783900774073096,193.6923499893392,1.8674511541767582,True
2021-05-06,767.2338336372674,0.0,1.5783900774073096,765.65544355986,1.8674511541767582,True
2021-05-07,1016.4335578792757,0.0,1.5783900774073096,1014.8551678018683,1.8674511541767582,True
2021-05-10,-156.53561010653144,0.0,1.5783900774073096,-158.11400018393874,1.8674511541767582,True
2021-05-11,-310.38579712081656,0.0,1.5783900774073096,-311.9641871982239,1.8674511541767582,True
2021-05-12,-1368.8664803876186,0.0,1.5783900774073096,-1370.4448704650258,1.8674511541767582,True
2021-05-13,57.07374857564305,0.0,1.5783900774073096,55.495358498235746,1.8674511541767582,True
2021-05-14,847.2153720782095,0.0,1.5783900774073096,845.6369820008022,1.8674511541767582,True
2021-05-17,263.03499992402124,0.0,1.5783900774073096,261.4566098466139,1.8674511541767582,True
2021-05-18,307.26317590114144,0.0,1.5783900774073096,305.6847858237341,1.8674511541767582,True
2021-05-19,-723.8632296894436,0.0,1.5783900774073096,-725.441619766851,1.8674511541767582,True
2021-05-20,691.9592024870044,0.0,1.5783900774073096,690.3808124095971,1.8674511541767582,True
2021-05-21,-223.02912056448702,0.0,1.5783900774073096,-224.60751064189432,1.8674511541767582,True
2021-05-24,618.892228700424,0.0,1.5783900774073096,617.3138386230166,1.8674511541767582,True
2021-05-25,50.73015074378533,0.0,1.5783900774073096,49.151760666378024,1.8674511541767582,True
2021-05-26,64.17379368207646,0.0,1.5783900774073096,62.59540360466916,1.8674511541767582,True
2021-05-27,516.3910213475484,0.0,1.5783900774073096,514.8126312701411,1.8674511541767582,True
2021-05-28,45.95908038199036,0.0,1.5783900774073096,44.380690304583055,1.8674511541767582,True
2021-06-01,579.4814827923467,8.134699143122607,1.5783900774073096,569.7683935718168,1.8674511541767582,True
2021-06-02,375.32752713790427,0.0,1.585935928320527,373.74159120958376,1.9190101401234532,True
2021-06-03,-883.1296523326774,0.0,1.585935928320527,-884.715588260998,1.9190101401234532,True
2021-06-04,711.5886081306102,0.0,1.585935928320527,710.0026722022897,1.9190101401234532,True
2021-06-07,313.3140561719935,0.0,1.585935928320527,311.728120243673,1.9190101401234532,True
2021-06-08,183.80758540024254,0.0,1.585935928320527,182.221649471922,1.9190101401234532,True
2021-06-09,-150.83313982570112,0.0,1.585935928320527,-152.41907575402166,1.9190101401234532,True
2021-06-10,403.32748928992413,0.0,1.585935928320527,401.7415533616036,1.9190101401234532,True
2021-06-11,-299.42383680861917,0.0,1.585935928320527,-301.0097727369397,1.9190101401234532,True
2021-06-14,160.34376155329608,0.0,1.585935928320527,158.75782562497554,1.9190101401234532,True
2021-06-15,-477.1883383266935,0.0,1.585935928320527,-478.774274255014,1.9190101401234532,True
2021-06-16,-837.6116589424502,0.0,1.585935928320527,-839.1975948707707,1.9190101401234532,True
2021-06-17,-1248.8252144054277,0.0,1.585935928320527,-1250.4111503337483,1.9190101401234532,True
2021-06-18,-832.0990151367138,0.0,1.585935928320527,-833.6849510650343,1.9190101401234532,True
2021-06-21,1148.464820976286,0.0,1.585935928320527,1146.8788850479655,1.9190101401234532,True
2021-06-22,94.5149572719059,0.0,1.585935928320527,92.92902134358538,1.9190101401234532,True
2021-06-23,-1.5431932946563964,0.0,1.585935928320527,-3.1291292229769234,1.9190101401234532,True
2021-06-24,254.5263691648039,0.0,1.585935928320527,252.94043323648336,1.9190101401234532,True
2021-06-25,252.9716085628299,0.0,1.585935928320527,251.38567263450938,1.9190101401234532,True
2021-06-28,-271.48183951387176,0.0,1.585935928320527,-273.06777544219227,1.9190101401234532,True
2021-06-29,-235.21010651300568,0.0,1.585935928320527,-236.79604244132622,1.9190101401234532,True
2021-06-30,-137.93957513986416,0.0,1.585935928320527,-139.5255110681847,1.9190101401234532,True
2021-07-01,-49.92658834799934,6.602739031245465,1.585935928320527,-58.11526330756533,1.9190101401234532,True
2021-07-02,578.5144608879376,0.0,1.549554637259004,576.9649062506786,1.9398981094513983,True
2021-07-06,-588.8120369887487,0.0,1.549554637259004,-590.3615916260077,1.9398981094513983,True
2021-07-07,-94.602340524995,0.0,1.549554637259004,-96.15189516225401,1.9398981094513983,True
2021-07-08,-439.07711891588275,0.0,1.549554637259004,-440.62667355314176,1.9398981094513983,True
2021-07-09,1300.2096831375009,0.0,1.549554637259004,1298.6601285002419,1.9398981094513983,True
2021-07-12,253.6254440637778,0.0,1.549554637259004,252.07588942651878,1.9398981094513983,True
2021-07-13,-615.2721256389852,0.0,1.549554637259004,-616.8216802762443,1.9398981094513983,True
2021-07-14,227.6401859881087,0.0,1.549554637259004,226.0906313508497,1.9398981094513983,True
2021-07-15,-481.59454896972846,0.0,1.549554637259004,-483.14410360698747,1.9398981094513983,True
2021-07-16,-341.5080511969068,0.0,1.549554637259004,-343.0576058341658,1.9398981094513983,True
2021-07-19,-1572.5099461615405,0.0,1.549554637259004,-1574.0595007987995,1.9398981094513983,True
2021-07-20,924.1090891896156,0.0,1.549554637259004,922.5595345523566,1.9398981094513983,True
2021-07-21,858.1645041193632,0.0,1.549554637259004,856.6149494821042,1.9398981094513983,True
2021-07-22,49.175080265579695,0.0,1.549554637259004,47.62552562832069,1.9398981094513983,True
2021-07-23,292.891027173393,0.0,1.549554637259004,291.341472536134,1.9398981094513983,True
2021-07-26,181.89594363996284,0.0,1.549554637259004,180.34638900270383,1.9398981094513983,True
2021-07-27,-340.36011983686905,0.0,1.549554637259004,-341.90967447412805,1.9398981094513983,True
2021-07-28,583.3348064640455,0.0,1.549554637259004,581.7852518267865,1.9398981094513983,True
2021-07-29,572.4934439299824,0.0,1.549554637259004,570.9438892927234,1.9398981094513983,True
2021-07-30,-488.59824079754077,0.0,1.549554637259004,-490.1477954347998,1.9398981094513983,True
2021-08-02,-142.17725098609054,86.20091575464551,1.549554637259004,-229.92772137799506,1.9398981094513983,True
2021-08-03,181.71833356045656,0.0,2.7854780296191244,178.93285553083743,2.354184084272966,True
2021-08-04,-206.92457329663077,0.0,2.7854780296191244,-209.7100513262499,2.354184084272966,True
2021-08-05,719.6958177097409,0.0,2.7854780296191244,716.9103396801219,2.354184084272966,True
2021-08-06,-123.44589079677851,0.0,2.7854780296191244,-126.23136882639764,2.354184084272966,True
2021-08-09,-364.9382568096865,0.0,2.7854780296191244,-367.7237348393056,2.354184084272966,True
2021-08-10,212.65747596455688,0.0,2.7854780296191244,209.87199793493775,2.354184084272966,True
2021-08-11,326.6049606105866,0.0,2.7854780296191244,323.8194825809675,2.354184084272966,True
2021-08-12,-242.65855899387748,0.0,2.7854780296191244,-245.4440370234966,2.354184084272966,True
2021-08-13,52.5822658916561,0.0,2.7854780296191244,49.79678786203698,2.354184084272966,True
2021-08-16,-286.2939462227947,0.0,2.7854780296191244,-289.07942425241384,2.354184084272966,True
2021-08-17,-847.5814460177479,0.0,2.7854780296191244,-850.366924047367,2.354184084272966,True
2021-08-18,-392.793205041177,0.0,2.7854780296191244,-395.5786830707961,2.354184084272966,True
2021-08-19,-739.4926185142422,0.0,2.7854780296191244,-742.2780965438612,2.354184084272966,True
2021-08-20,63.456957974199916,0.0,2.7854780296191244,60.671479944580796,2.354184084272966,True
2021-08-23,802.4819584517679,0.0,2.7854780296191244,799.6964804221489,2.354184084272966,True
2021-08-24,549.4031192120545,0.0,2.7854780296191244,546.6176411824355,2.354184084272966,True
2021-08-25,182.30658209523486,0.0,2.7854780296191244,179.52110406561573,2.354184084272966,True
2021-08-26,-299.8610472050104,0.0,2.7854780296191244,-302.6465252346295,2.354184084272966,True
2021-08-27,1086.0510738492126,0.0,2.7854780296191244,1083.2655958195935,2.354184084272966,True
2021-08-30,310.4983143325598,0.0,2.7854780296191244,307.7128363029407,2.354184084272966,True
2021-08-31,-14.88241070284925,0.0,2.7854780296191244,-17.667888732468374,2.354184084272966,True
2021-09-01,616.5176102376113,97.8348254286334,2.7854780296191244,515.8973067793588,2.354184084272966,True
2021-09-02,332.10805749948173,0.0,3.4908440030927417,328.617213496389,2.9999999999999996,True
2021-09-03,-55.55683401643771,0.0,3.4908440030927417,-59.04767801953045,2.9999999999999996,True
2021-09-07,-194.20788403178463,0.0,3.4908440030927417,-197.69872803487738,2.9999999999999996,True
2021-09-08,-149.46112631035612,0.0,3.4908440030927417,-152.95197031344887,2.9999999999999996,True
2021-09-09,-469.23917004185614,0.0,3.4908440030927417,-472.73001404494886,2.9999999999999996,True
2021-09-10,-214.73329197376293,0.0,3.4908440030927417,-218.22413597685568,2.9999999999999996,True
2021-09-13,574.665389647844,0.0,3.4908440030927417,571.1745456447512,2.9999999999999996,True
2021-09-14,-475.98722081169103,0.0,3.4908440030927417,-479.47806481478375,2.9999999999999996,True
2021-09-15,588.2737645846631,0.0,3.4908440030927417,584.7829205815704,2.9999999999999996,True
2021-09-16,172.02375431873313,0.0,3.4908440030927417,168.53291031564038,2.9999999999999996,True
2021-09-17,-693.9579031937809,0.0,3.4908440030927417,-697.4487471968737,2.9999999999999996,True
2021-09-20,-1801.6738862988952,0.0,3.4908440030927417,-1805.164730301988,2.9999999999999996,True
2021-09-21,369.0034401233896,0.0,3.4908440030927417,365.5125961202969,2.9999999999999996,True
2021-09-22,893.4326348120393,0.0,3.4908440030927417,889.9417908089465,2.9999999999999996,True
2021-09-23,1050.039820316713,0.0,3.4908440030927417,1046.5489763136204,2.9999999999999996,True
2021-09-24,-458.2005430851329,0.0,3.4908440030927417,-461.6913870882256,2.9999999999999996,True
2021-09-27,379.01059951469097,0.0,3.4908440030927417,375.51975551159825,2.9999999999999996,True
2021-09-28,-1160.604970241323,0.0,3.4908440030927417,-1164.0958142444156,2.9999999999999996,True
2021-09-29,282.1913858729221,0.0,3.4908440030927417,278.7005418698294,2.9999999999999996,True
2021-09-30,-757.302250597648,0.0,3.4908440030927417,-760.7930946007408,2.9999999999999996,True
2021-10-01,500.8139149700462,65.11043643410949,3.4908440030927417,432.212634532844,2.9999999999999996,True
2021-10-04,-215.24088058203165,0.0,3.3377065552017715,-218.57858713723343,2.7126024267401267,True
2021-10-05,479.25482533305126,0.0,3.3377065552017715,475.9171187778495,2.7126024267401267,True
2021-10-06,-448.0421975371728,0.0,3.3377065552017715,-451.37990409237455,2.7126024267401267,True
2021-10-07,918.2747320799954,0.0,3.3377065552017715,914.9370255247936,2.7126024267401267,True
2021-10-08,-157.73566899871042,0.0,3.3377065552017715,-161.0733755539122,2.7126024267401267,True
2021-10-11,200.43320163288968,0.0,3.3377065552017715,197.0954950776879,2.7126024267401267,True
2021-10-12,355.919561467934,0.0,3.3377065552017715,352.58185491273224,2.7126024267401267,True
2021-10-13,547.600187270246,0.0,3.3377065552017715,544.2624807150443,2.7126024267401267,True
2021-10-14,847.1358631576442,0.0,3.3377065552017715,843.7981566024424,2.7126024267401267,True
2021-10-15,800.750595053155,0.0,3.3377065552017715,797.4128884979533,2.7126024267401267,True
2021-10-18,-318.8720275667177,0.0,3.3377065552017715,-322.20973412191944,2.7126024267401267,True
2021-10-19,305.18896527374864,0.0,3.3377065552017715,301.8512587185469,2.7126024267401267,True
2021-10-20,445.5065241169927,0.0,3.3377065552017715,442.16881756179095,2.7126024267401267,True
2021-10-21,-541.8626282599339,0.0,3.3377065552017715,-545.2003348151356,2.7126024267401267,True
2021-10-22,-3.8982157500372026,0.0,3.3377065552017715,-7.235922305238974,2.7126024267401267,True
2021-10-25,518.7944950722675,0.0,3.3377065552017715,515.4567885170658,2.7126024267401267,True
2021-10-26,138.3749478841469,0.0,3.3377065552017715,135.03724132894513,2.7126024267401267,True
2021-10-27,-587.803324522942,0.0,3.3377065552017715,-591.1410310781438,2.7126024267401267,True
2021-10-28,590.8934316759909,0.0,3.3377065552017715,587.5557251207891,2.7126024267401267,True
2021-10-29,-646.408529757202,0.0,3.3377065552017715,-649.7462363124038,2.7126024267401267,True
2021-11-01,23.441638433793862,16.94564205773225,3.3377065552017715,3.1582898208598404,2.7126024267401267,True
2021-11-02,-12.665822183894793,0.0,3.1143117114483023,-15.780133895343095,2.6470440269304247,True
2021-11-03,418.6654476057489,0.0,3.1143117114483023,415.5511358943006,2.6470440269304247,True
2021-11-04,-444.93525754747304,0.0,3.1143117114483023,-448.04956925892134,2.6470440269304247,True
2021-11-05,366.18449929504817,0.0,3.1143117114483023,363.0701875835999,2.6470440269304247,True
2021-11-08,284.91402775990315,0.0,3.1143117114483023,281.79971604845485,2.6470440269304247,True
2021-11-09,-320.13138936957284,0.0,3.1143117114483023,-323.24570108102114,2.6470440269304247,True
2021-11-10,-648.2077636439399,0.0,3.1143117114483023,-651.3220753553882,2.6470440269304247,True
2021-11-11,190.3821124654794,0.0,3.1143117114483023,187.2678007540311,2.6470440269304247,True
2021-11-12,262.02388504240383,0.0,3.1143117114483023,258.90957333095554,2.6470440269304247,True
2021-11-15,309.73361126622615,0.0,3.1143117114483023,306.61929955477785,2.6470440269304247,True
2021-11-16,-99.64214572589292,0.0,3.1143117114483023,-102.75645743734123,2.6470440269304247,True
2021-11-17,-479.040692849801,0.0,3.1143117114483023,-482.1550045612493,2.6470440269304247,True
2021-11-18,116.57831985486912,0.0,3.1143117114483023,113.46400814342081,2.6470440269304247,True
2021-11-19,-501.0437892564727,0.0,3.1143117114483023,-504.158100967921,2.6470440269304247,True
2021-11-22,-114.8671132162321,0.0,3.1143117114483023,-117.98142492768041,2.6470440269304247,True
2021-11-23,445.0881247831543,0.0,3.1143117114483023,441.973813071706,2.6470440269304247,True
2021-11-24,126.94192150128332,0.0,3.1143117114483023,123.82760978983501,2.6470440269304247,True
2021-11-26,-3246.0926326716835,0.0,3.1143117114483023,-3249.206944383132,2.6470440269304247,True
2021-11-29,449.78817096899087,0.0,3.1143117114483023,446.6738592575426,2.6470440269304247,True
2021-11-30,-1593.618988862305,0.0,3.1143117114483023,-1596.7333005737535,2.6470440269304247,True
2021-12-01,-956.8005359649235,112.66606749155234,3.1143117114483023,-1072.5809151679243,2.6470440269304247,True
2021-12-02,1305.0097532615107,0.0,3.324004100806312,1301.6857491607043,2.545919900350033,True
2021-12-03,-341.169586526566,0.0,3.324004100806312,-344.49359062737227,2.545919900350033,True
2021-12-06,1106.4640200075794,0.0,3.324004100806312,1103.140015906773,2.545919900350033,True
2021-12-07,1282.943301371907,0.0,3.324004100806312,1279.6192972711005,2.545919900350033,True
2021-12-08,198.24393883089076,0.0,3.324004100806312,194.91993473008444,2.545919900350033,True
2021-12-09,-731.2280247450448,0.0,3.324004100806312,-734.552028845851,2.545919900350033,True
2021-12-10,179.2845723072301,0.0,3.324004100806312,175.96056820642377,2.545919900350033,True
2021-12-13,-459.3274708379348,0.0,3.324004100806312,-462.6514749387411,2.545919900350033,True
2021-12-14,-440.83641942556505,0.0,3.324004100806312,-444.16042352637135,2.545919900350033,True
2021-12-15,820.1114048944951,0.0,3.324004100806312,816.7874007936888,2.545919900350033,True
2021-12-16,-341.41864435620073,0.0,3.324004100806312,-344.742648457007,2.545919900350033,True
2021-12-17,-68.30815555832845,0.0,3.324004100806312,-71.63215965913476,2.545919900350033,True
2021-12-20,-605.3459910779858,0.0,3.324004100806312,-608.6699951787921,2.545919900350033,True
2021-12-21,1113.9451225291184,0.0,3.324004100806312,1110.621118428312,2.545919900350033,True
2021-12-22,524.3072626552323,0.0,3.324004100806312,520.983258554426,2.545919900350033,True
2021-12-23,293.4074154553253,0.0,3.324004100806312,290.083411354519,2.545919900350033,True
2021-12-27,982.5009398210908,0.0,3.324004100806312,979.1769357202845,2.545919900350033,True
2021-12-28,13.775847218490503,0.0,3.324004100806312,10.451843117684191,2.545919900350033,True
2021-12-29,283.1915796961383,0.0,3.324004100806312,279.867575595332,2.545919900350033,True
2021-12-30,-35.21006470188729,0.0,3.324004100806312,-38.534068802693604,2.545919900350033,True
2021-12-31,-6.343617136424099,0.0,3.324004100806312,-9.66762123723041,2.545919900350033,True
2022-01-03,780.2878024300297,60.615756758885965,3.324004100806312,716.3480415703375,2.545919900350033,True
2022-01-04,-24.679494866153004,0.0,4.500955940768536,-29.18045080692154,2.986752500441977,True
2022-01-05,-875.7555544548554,0.0,4.500955940768536,-880.256510395624,2.986752500441977,True
2022-01-06,354.13955681197706,0.0,4.500955940768536,349.6386008712085,2.986752500441977,True
2022-01-07,-403.8516488935587,0.0,4.500955940768536,-408.3526048343273,2.986752500441977,True
2022-01-10,-109.3332171513772,0.0,4.500955940768536,-113.83417309214573,2.986752500441977,True
2022-01-11,112.28935180967387,0.0,4.500955940768536,107.78839586890534,2.986752500441977,True
2022-01-12,-335.61481122288484,0.0,4.500955940768536,-340.1157671636534,2.986752500441977,True
2022-01-13,-638.4370970831131,0.0,4.500955940768536,-642.9380530238817,2.986752500441977,True
2022-01-14,653.5722457055725,0.0,4.500955940768536,649.071289764804,2.986752500441977,True
2022-01-18,173.8173792056202,0.0,4.500955940768536,169.31642326485166,2.986752500441977,True
2022-01-19,-1003.9794341064659,0.0,4.500955940768536,-1008.4803900472344,2.986752500441977,True
2022-01-20,-947.7165961807851,0.0,4.500955940768536,-952.2175521215537,2.986752500441977,True
2022-01-21,-754.5899646367963,0.0,4.500955940768536,-759.0909205775648,2.986752500441977,True
2022-01-24,312.7027497723692,0.0,4.500955940768536,308.20179383160064,2.986752500441977,True
2022-01-25,-102.02154676962445,0.0,4.500955940768536,-106.52250271039298,2.986752500441977,True
2022-01-26,704.5554779994809,0.0,4.500955940768536,700.0545220587123,2.986752500441977,True
2022-01-27,40.466611195361764,0.0,4.500955940768536,35.96565525459323,2.986752500441977,True
2022-01-28,1058.1556483222505,0.0,4.500955940768536,1053.654692381482,2.986752500441977,True
2022-01-31,461.22474660119025,0.0,4.500955940768536,456.7237906604217,2.986752500441977,True
2022-02-01,-338.9029645819668,30.523255557167456,4.500955940768536,-373.9271760799028,2.986752500441977,True
2022-02-02,283.839829414436,0.0,4.479645100553532,279.3601843138825,3.000000000000001,True
2022-02-03,-570.4291442950836,0.0,4.479645100553532,-574.9087893956371,3.000000000000001,True
2022-02-04,95.54546235039794,0.0,4.479645100553532,91.06581724984441,3.000000000000001,True
2022-02-07,-252.44976451160053,0.0,4.479645100553532,-256.9294096121541,3.000000000000001,True
2022-02-08,-51.51774540830662,0.0,4.479645100553532,-55.99739050886015,3.000000000000001,True
2022-02-09,1191.3341458859202,0.0,4.479645100553532,1186.8545007853666,3.000000000000001,True
2022-02-10,-116.10391305029552,0.0,4.479645100553532,-120.58355815084904,3.000000000000001,True
2022-02-11,-971.3077046861314,0.0,4.479645100553532,-975.7873497866849,3.000000000000001,True
2022-02-14,211.85839151970265,0.0,4.479645100553532,207.3787464191491,3.000000000000001,True
2022-02-15,536.3957761061787,0.0,4.479645100553532,531.9161310056252,3.000000000000001,True
2022-02-16,246.33376820833791,0.0,4.479645100553532,241.85412310778437,3.000000000000001,True
2022-02-17,-899.4567082003214,0.0,4.479645100553532,-903.9363533008749,3.000000000000001,True
2022-02-18,-245.61629356632548,0.0,4.479645100553532,-250.09593866687902,3.000000000000001,True
2022-02-22,183.4931616779683,0.0,4.479645100553532,179.01351657741475,3.000000000000001,True
2022-02-23,-46.65071228723066,0.0,4.479645100553532,-51.130357387784194,3.000000000000001,True
2022-02-24,1072.2117224137753,0.0,4.479645100553532,1067.7320773132217,3.000000000000001,True
2022-02-25,605.1019078518135,0.0,4.479645100553532,600.62226275126,3.000000000000001,True
2022-02-28,-716.3519473006687,0.0,4.479645100553532,-720.8315924012222,3.000000000000001,True
2022-03-01,-194.72708173324622,81.58884376707684,4.479645100553532,-280.79557060087654,3.000000000000001,True
2022-03-02,1721.8320542976412,0.0,5.01377329397471,1716.8182810036665,3.0,True
2022-03-03,375.0848682628367,0.0,5.01377329397471,370.071094968862,3.0,True
2022-03-04,935.3724812180188,0.0,5.01377329397471,930.3587079240441,3.0,True
2022-03-07,925.532605933525,0.0,5.01377329397471,920.5188326395503,3.0,True
2022-03-08,666.0003570231343,0.0,5.01377329397471,660.9865837291595,3.0,True
2022-03-09,-1442.456274217218,0.0,5.01377329397471,-1447.4700475111927,3.0,True
2022-03-10,773.3240080506567,0.0,5.01377329397471,768.310234756682,3.0,True
2022-03-11,929.2497507324422,0.0,5.01377329397471,924.2359774384674,3.0,True
2022-03-14,399.58753460120874,0.0,5.01377329397471,394.573761307234,3.0,True
2022-03-15,-629.555273340648,0.0,5.01377329397471,-634.5690466346227,3.0,True
2022-03-16,-974.3639701660824,0.0,5.01377329397471,-979.3777434600571,3.0,True
2022-03-17,864.8536653201443,0.0,5.01377329397471,859.8398920261695,3.0,True
2022-03-18,127.70405996425451,0.0,5.01377329397471,122.6902866702798,3.0,True
2022-03-21,1591.142833305005,0.0,5.01377329397471,1586.1290600110303,3.0,True
2022-03-22,189.19454311428024,0.0,5.01377329397471,184.18076982030553,3.0,True
2022-03-23,12.345518468142876,0.0,5.01377329397471,7.331745174168166,3.0,True
2022-03-24,236.2805795299438,0.0,5.01377329397471,231.26680623596909,3.0,True
2022-03-25,1175.0178529865357,0.0,5.01377329397471,1170.004079692561,3.0,True
2022-03-28,-178.58350265047432,0.0,5.01377329397471,-183.59727594444902,3.0,True
2022-03-29,-218.24418064081522,0.0,5.01377329397471,-223.25795393478992,3.0,True
2022-03-30,-298.1359720600927,0.0,5.01377329397471,-303.1497453540674,3.0,True
2022-03-31,-319.8641702715507,0.0,5.01377329397471,-324.8779435655254,3.0,True
2022-04-01,890.250975158191,94.88188300580359,5.01377329397471,790.3553188584126,3.0,True
2022-04-04,2.362777589281259,0.0,4.122748667797329,-1.7599710785160703,3.0000000000000004,True
2022-04-05,968.3311644335323,0.0,4.122748667797329,964.208415765735,3.0000000000000004,True
2022-04-06,348.58816037175325,0.0,4.122748667797329,344.4654117039559,3.0000000000000004,True
2022-04-07,317.61161621019494,0.0,4.122748667797329,313.4888675423976,3.0000000000000004,True
2022-04-08,786.2481251694395,0.0,4.122748667797329,782.1253765016422,3.0000000000000004,True
2022-04-11,585.7234878896992,0.0,4.122748667797329,581.6007392219019,3.0000000000000004,True
2022-04-12,-3.811096152139121,0.0,4.122748667797329,-7.93384481993645,3.0000000000000004,True
2022-04-13,179.21499136575085,0.0,4.122748667797329,175.0922426979535,3.0000000000000004,True
2022-04-14,627.4796855561493,0.0,4.122748667797329,623.356936888352,3.0000000000000004,True
2022-04-18,939.2806199972807,0.0,4.122748667797329,935.1578713294834,3.0000000000000004,True
2022-04-19,261.9363665060608,0.0,4.122748667797329,257.81361783826344,3.0000000000000004,True
2022-04-20,-495.8770792613214,0.0,4.122748667797329,-499.99982792911874,3.0000000000000004,True
2022-04-21,414.6107616618871,0.0,4.122748667797329,410.4880129940898,3.0000000000000004,True
2022-04-22,-888.8686274440142,0.0,4.122748667797329,-892.9913761118115,3.0000000000000004,True
2022-04-25,-816.9311291399326,0.0,4.122748667797329,-821.0538778077299,3.0000000000000004,True
2022-04-26,-634.4683792901766,0.0,4.122748667797329,-638.5911279579739,3.0000000000000004,True
2022-04-27,746.4619809620046,0.0,4.122748667797329,742.3392322942074,3.0000000000000004,True
2022-04-28,1228.4984703701966,0.0,4.122748667797329,1224.3757217023992,3.0000000000000004,True
2022-04-29,-1700.6636923981282,0.0,4.122748667797329,-1704.7864410659256,3.0000000000000004,True
2022-05-02,-394.4205107036684,165.6293833091279,4.122748667797329,-564.1726426805936,3.0000000000000004,True
2022-05-03,-190.97232696389358,0.0,4.277250700655701,-195.2495776645493,2.201692904285947,True
2022-05-04,-827.1885014341387,0.0,4.277250700655701,-831.4657521347945,2.201692904285947,True
2022-05-05,1798.5235663079104,0.0,4.277250700655701,1794.2463156072547,2.201692904285947,True
2022-05-06,495.4913364402392,0.0,4.277250700655701,491.2140857395835,2.201692904285947,True
2022-05-09,-345.6668953465555,0.0,4.277250700655701,-349.94414604721123,2.201692904285947,True
2022-05-10,-430.1961376008125,0.0,4.277250700655701,-434.4733883014682,2.201692904285947,True
2022-05-11,411.86145913898497,0.0,4.277250700655701,407.58420843832926,2.201692904285947,True
2022-05-12,297.1325364800706,0.0,4.277250700655701,292.8552857794149,2.201692904285947,True
2022-05-13,-156.90643097829027,0.0,4.277250700655701,-161.183681678946,2.201692904285947,True
2022-05-16,-31.873477373172992,0.0,4.277250700655701,-36.150728073828695,2.201692904285947,True
2022-05-17,-572.0260722458696,0.0,4.277250700655701,-576.3033229465253,2.201692904285947,True
2022-05-18,-140.14106630885757,0.0,4.277250700655701,-144.4183170095133,2.201692904285947,True
2022-05-19,-1312.6077847216593,0.0,4.277250700655701,-1316.885035422315,2.201692904285947,True
2022-05-20,48.60103951970367,0.0,4.277250700655701,44.32378881904797,2.201692904285947,True
2022-05-23,-266.80223192056826,0.0,4.277250700655701,-271.079482621224,2.201692904285947,True
2022-05-24,-396.0291938636745,0.0,4.277250700655701,-400.3064445643302,2.201692904285947,True
2022-05-25,-99.32191356384476,0.0,4.277250700655701,-103.59916426450046,2.201692904285947,True
2022-05-26,-353.9364356979775,0.0,4.277250700655701,-358.21368639863323,2.201692904285947,True
2022-05-27,-186.2623156210268,0.0,4.277250700655701,-190.5395663216825,2.201692904285947,True
2022-05-31,244.03092029851473,0.0,4.277250700655701,239.75366959785902,2.201692904285947,True
2022-06-01,904.147320226012,48.02467738789422,4.277250700655701,851.845392137462,2.201692904285947,True
2022-06-02,-884.1430073712063,0.0,4.308364032369685,-888.451371403576,1.9744766190245464,True
2022-06-03,879.3238099671564,0.0,4.308364032369685,875.0154459347867,1.9744766190245464,True
2022-06-06,662.7997863373533,0.0,4.308364032369685,658.4914223049836,1.9744766190245464,True
2022-06-07,-170.5664286714312,0.0,4.308364032369685,-174.8747927038009,1.9744766190245464,True
2022-06-08,759.9519038935649,0.0,4.308364032369685,755.6435398611952,1.9744766190245464,True
2022-06-09,933.4450380042391,0.0,4.308364032369685,929.1366739718694,1.9744766190245464,True
2022-06-10,1081.3700013149837,0.0,4.308364032369685,1077.0616372826141,1.9744766190245464,True
2022-06-13,2566.656869266989,0.0,4.308364032369685,2562.348505234619,1.9744766190245464,True
2022-06-14,444.8045056795854,0.0,4.308364032369685,440.4961416472157,1.9744766190245464,True
2022-06-15,-1737.7141806661627,0.0,4.308364032369685,-1742.0225446985323,1.9744766190245464,True
2022-06-16,-499.75549906935686,0.0,4.308364032369685,-504.06386310172655,1.9744766190245464,True
2022-06-17,469.14872898676344,0.0,4.308364032369685,464.84036495439375,1.9744766190245464,True
2022-06-21,1.200379415950293,0.0,4.308364032369685,-3.107984616419392,1.9744766190245464,True
2022-06-22,-427.4714982131709,0.0,4.308364032369685,-431.7798622455406,1.9744766190245464,True
2022-06-23,-488.3927340166592,0.0,4.308364032369685,-492.7010980490289,1.9744766190245464,True
2022-06-24,-409.4909505440598,0.0,4.308364032369685,-413.7993145764295,1.9744766190245464,True
2022-06-27,399.0613717738633,0.0,4.308364032369685,394.7530077414936,1.9744766190245464,True
2022-06-28,528.0002289464886,0.0,4.308364032369685,523.6918649141189,1.9744766190245464,True
2022-06-29,31.015216457232686,0.0,4.308364032369685,26.706852424863,1.9744766190245464,True
2022-06-30,-646.8997810867688,0.0,4.308364032369685,-651.2081451191385,1.9744766190245464,True
2022-07-01,-71.81572656886516,93.3214004911506,4.308364032369685,-169.44549109238545,1.9744766190245464,True
2022-07-05,541.1904487131402,0.0,2.6742283963628197,538.5162203167774,1.129401853276297,True
2022-07-06,258.88985647844703,0.0,2.6742283963628197,256.2156280820842,1.129401853276297,True
2022-07-07,-266.62887975732536,0.0,2.6742283963628197,-269.3031081536882,1.129401853276297,True
2022-07-08,231.96743625636154,0.0,2.6742283963628197,229.29320785999872,1.129401853276297,True
2022-07-11,856.5500030618264,0.0,2.6742283963628197,853.8757746654636,1.129401853276297,True
2022-07-12,-283.8660485597487,0.0,2.6742283963628197,-286.54027695611154,1.129401853276297,True
2022-07-13,-44.79276960494354,0.0,2.6742283963628197,-47.46699800130636,1.129401853276297,True
2022-07-14,872.3273327312871,0.0,2.6742283963628197,869.6531043349244,1.129401853276297,True
2022-07-15,-756.7013885277987,0.0,2.6742283963628197,-759.3756169241615,1.129401853276297,True
2022-07-18,13.138711675624373,0.0,2.6742283963628197,10.464483279261554,1.129401853276297,True
2022-07-19,-970.7337099584599,0.0,2.6742283963628197,-973.4079383548227,1.129401853276297,True
2022-07-20,169.6904632951588,0.0,2.6742283963628197,167.01623489879597,1.129401853276297,True
2022-07-21,-692.4737915288589,0.0,2.6742283963628197,-695.1480199252217,1.129401853276297,True
2022-07-22,-468.741816674215,0.0,2.6742283963628197,-471.4160450705778,1.129401853276297,True
2022-07-25,0.025997878044857568,0.0,2.6742283963628197,-2.648230518317962,1.129401853276297,True
2022-07-26,427.4883664418191,0.0,2.6742283963628197,424.8141380454563,1.129401853276297,True
2022-07-27,-842.3761324133727,0.0,2.6742283963628197,-845.0503608097355,1.129401853276297,True
2022-07-28,-947.4854997623181,0.0,2.6742283963628197,-950.1597281586809,1.129401853276297,True
2022-07-29,-488.3438096977045,0.0,2.6742283963628197,-491.0180380940673,1.129401853276297,True
2022-08-01,-295.99786709693257,7.465954669686397,2.6742283963628197,-306.13805016298176,1.129401853276297,True
2022-08-02,1054.2769210694794,0.0,2.7232816837170213,1051.5536393857624,1.0996511704225589,True
2022-08-03,-370.7795025971261,0.0,2.7232816837170213,-373.5027842808431,1.0996511704225589,True
2022-08-04,-455.0265988415994,0.0,2.7232816837170213,-457.7498805253164,1.0996511704225589,True
2022-08-05,818.591716459859,0.0,2.7232816837170213,815.868434776142,1.0996511704225589,True
2022-08-08,-543.0708817517419,0.0,2.7232816837170213,-545.7941634354589,1.0996511704225589,True
2022-08-09,250.54005002501694,0.0,2.7232816837170213,247.8167683412999,1.0996511704225589,True
2022-08-10,-1187.3279033380825,0.0,2.7232816837170213,-1190.0511850217995,1.0996511704225589,True
2022-08-11,416.6607475077425,0.0,2.7232816837170213,413.9374658240255,1.0996511704225589,True
2022-08-12,-524.9975010861708,0.0,2.7232816837170213,-527.7207827698878,1.0996511704225589,True
2022-08-15,421.1718861938353,0.0,2.7232816837170213,418.4486045101183,1.0996511704225589,True
2022-08-16,87.3822412619855,0.0,2.7232816837170213,84.65895957826848,1.0996511704225589,True
2022-08-17,752.0661891077518,0.0,2.7232816837170213,749.3429074240348,1.0996511704225589,True
2022-08-18,339.5952191081517,0.0,2.7232816837170213,336.8719374244347,1.0996511704225589,True
2022-08-19,1019.9565373923438,0.0,2.7232816837170213,1017.2332557086268,1.0996511704225589,True
2022-08-22,1044.4175625010216,0.0,2.7232816837170213,1041.6942808173046,1.0996511704225589,True
2022-08-23,-105.43309603975787,0.0,2.7232816837170213,-108.15637772347489,1.0996511704225589,True
2022-08-24,164.02437193564498,0.0,2.7232816837170213,161.30109025192795,1.0996511704225589,True
2022-08-25,-888.0130224895854,0.0,2.7232816837170213,-890.7363041733024,1.0996511704225589,True
2022-08-26,1154.8037453665127,0.0,2.7232816837170213,1152.0804636827957,1.0996511704225589,True
2022-08-29,435.87926734997745,0.0,2.7232816837170213,433.15598566626045,1.0996511704225589,True
2022-08-30,429.66910450531225,0.0,2.7232816837170213,426.94582282159524,1.0996511704225589,True
2022-08-31,395.7175787226501,0.0,2.7232816837170213,392.9942970389331,1.0996511704225589,True
2022-09-01,697.9530405189059,3.656216164939084,2.7232816837170213,691.5735426702498,1.0996511704225589,True
2022-09-02,101.70657587031255,0.0,2.6647896998950706,99.04178617041748,1.0782897576479213,True
2022-09-06,563.3346590174594,0.0,2.6647896998950706,560.6698693175643,1.0782897576479213,True
2022-09-07,-1010.8769962054062,0.0,2.6647896998950706,-1013.5417859053013,1.0782897576479213,True
2022-09-08,186.38290564617998,0.0,2.6647896998950706,183.7181159462849,1.0782897576479213,True
2022-09-09,-836.5097381742573,0.0,2.6647896998950706,-839.1745278741524,1.0782897576479213,True
2022-09-12,-523.3472436669423,0.0,2.6647896998950706,-526.0120333668374,1.0782897576479213,True
2022-09-13,1919.4015767913368,0.0,2.6647896998950706,1916.7367870914418,1.0782897576479213,True
2022-09-14,-43.806721343036905,0.0,2.6647896998950706,-46.47151104293198,1.0782897576479213,True
2022-09-15,544.2029999049682,0.0,2.6647896998950706,541.5382102050731,1.0782897576479213,True
2022-09-16,-56.13466653168859,0.0,2.6647896998950706,-58.79945623158366,1.0782897576479213,True
2022-09-19,-69.05112183995966,0.0,2.6647896998950706,-71.71591153985473,1.0782897576479213,True
2022-09-20,1014.6360271583446,0.0,2.6647896998950706,1011.9712374584495,1.0782897576479213,True
2022-09-21,540.1840347487256,0.0,2.6647896998950706,537.5192450488305,1.0782897576479213,True
2022-09-22,582.8473270440152,0.0,2.6647896998950706,580.1825373441201,1.0782897576479213,True
2022-09-23,1450.6104514420606,0.0,2.6647896998950706,1447.9456617421656,1.0782897576479213,True
2022-09-26,1569.402712933815,0.0,2.6647896998950706,1566.7379232339201,1.0782897576479213,True
2022-09-27,697.3619445764078,0.0,2.6647896998950706,694.6971548765127,1.0782897576479213,True
2022-09-28,-1670.6248046623823,0.0,2.6647896998950706,-1673.2895943622773,1.0782897576479213,True
2022-09-29,676.2013190780324,0.0,2.6647896998950706,673.5365293781373,1.0782897576479213,True
2022-09-30,70.5655788388658,0.0,2.6647896998950706,67.90078913897074,1.0782897576479213,True
2022-10-03,-1467.2733128259742,10.9097246055312,2.6647896998950706,-1480.8478271314004,1.0782897576479213,True
2022-10-04,-1299.187611422397,0.0,2.3806503022298466,-1301.5682617246268,0.9769859235529441,True
2022-10-05,973.8426182009113,0.0,2.3806503022298466,971.4619678986815,0.9769859235529441,True
2022-10-06,871.4323464173692,0.0,2.3806503022298466,869.0516961151394,0.9769859235529441,True
2022-10-07,958.43117700696,0.0,2.3806503022298466,956.0505267047301,0.9769859235529441,True
2022-10-10,619.24546408412,0.0,2.3806503022298466,616.8648137818902,0.9769859235529441,True
2022-10-11,159.8164723055246,0.0,2.3806503022298466,157.43582200329476,0.9769859235529441,True
2022-10-12,43.8627593557726,0.0,2.3806503022298466,41.48210905354276,0.9769859235529441,True
2022-10-13,-398.3003195345387,0.0,2.3806503022298466,-400.68096983676855,0.9769859235529441,True
2022-10-14,965.5953322202189,0.0,2.3806503022298466,963.2146819179891,0.9769859235529441,True
2022-10-17,-1230.3685872478782,0.0,2.3806503022298466,-1232.749237550108,0.9769859235529441,True
2022-10-18,-246.20454085930808,0.0,2.3806503022298466,-248.58519116153792,0.9769859235529441,True
2022-10-19,1009.2376828350843,0.0,2.3806503022298466,1006.8570325328545,0.9769859235529441,True
2022-10-20,160.23376584265455,0.0,2.3806503022298466,157.8531155404247,0.9769859235529441,True
2022-10-21,-838.8182576311831,0.0,2.3806503022298466,-841.1989079334129,0.9769859235529441,True
2022-10-24,427.7748231926821,0.0,2.3806503022298466,425.39417289045224,0.9769859235529441,True
2022-10-25,-1334.1008499266657,0.0,2.3806503022298466,-1336.4815002288956,0.9769859235529441,True
2022-10-26,-740.2718825134893,0.0,2.3806503022298466,-742.6525328157192,0.9769859235529441,True
2022-10-27,33.4276883177832,0.0,2.3806503022298466,31.047038015553355,0.9769859235529441,True
2022-10-28,-102.75681515303472,0.0,2.3806503022298466,-105.13746545526458,0.9769859235529441,True
2022-10-31,808.6787794930376,0.0,2.3806503022298466,806.2981291908078,0.9769859235529441,True
2022-11-01,-527.6204791321754,6.134121130438964,2.3806503022298466,-536.1352505648442,0.9769859235529441,True
2022-11-02,760.0119649550552,0.0,2.225444061650355,757.7865208934048,0.9184749088084001,True
2022-11-03,527.578710237635,0.0,2.225444061650355,525.3532661759847,0.9184749088084001,True
2022-11-04,-1441.837165797718,0.0,2.225444061650355,-1444.0626098593682,0.9184749088084001,True
2022-11-07,-57.33753443221676,0.0,2.225444061650355,-59.56297849386712,0.9184749088084001,True
2022-11-08,-703.8088663002659,0.0,2.225444061650355,-706.0343103619163,0.9184749088084001,True
2022-11-09,579.7476580641434,0.0,2.225444061650355,577.522214002493,0.9184749088084001,True
2022-11-10,-3065.8829236813363,0.0,2.225444061650355,-3068.1083677429865,0.9184749088084001,True
2022-11-11,-879.0407462711034,0.0,2.225444061650355,-881.2661903327538,0.9184749088084001,True
2022-11-14,520.0426499152967,0.0,2.225444061650355,517.8172058536463,0.9184749088084001,True
2022-11-15,-541.8004932196508,0.0,2.225444061650355,-544.0259372813011,0.9184749088084001,True
2022-11-16,73.31982104877935,0.0,2.225444061650355,71.094376987129,0.9184749088084001,True
2022-11-17,348.27120283082684,0.0,2.225444061650355,346.0457587691765,0.9184749088084001,True
2022-11-18,34.311688202904094,0.0,2.225444061650355,32.08624414125374,0.9184749088084001,True
2022-11-21,447.9475273515852,0.0,2.225444061650355,445.72208328993486,0.9184749088084001,True
2022-11-22,-501.5340740584711,0.0,2.225444061650355,-503.75951812012147,0.9184749088084001,True
2022-11-23,-706.8983999797621,0.0,2.225444061650355,-709.1238440414124,0.9184749088084001,True
2022-11-25,-153.36883597943861,0.0,2.225444061650355,-155.59428004108898,0.9184749088084001,True
2022-11-28,734.2626271481384,0.0,2.225444061650355,732.0371830864881,0.9184749088084001,True
2022-11-29,-149.80908867470782,0.0,2.225444061650355,-152.0345327363582,0.9184749088084001,True
2022-11-30,-1087.39542008276,0.0,2.225444061650355,-1089.6208641444102,0.9184749088084001,True
2022-12-01,-815.7059349088629,8.424824371686219,2.225444061650355,-826.3562033421995,0.9184749088084001,True
2022-12-02,-241.11142176153768,0.0,2.067316514369646,-243.17873827590734,0.8810749772715778,True
2022-12-05,742.4483150683428,0.0,2.067316514369646,740.3809985539732,0.8810749772715778,True
2022-12-06,1.9287620632289804,0.0,2.067316514369646,-0.13855445114066556,0.8810749772715778,True
2022-12-07,-373.82589820286904,0.0,2.067316514369646,-375.89321471723866,0.8810749772715778,True
2022-12-08,-241.73760930987976,0.0,2.067316514369646,-243.8049258242494,0.8810749772715778,True
2022-12-09,263.19505053662994,0.0,2.067316514369646,261.1277340222603,0.8810749772715778,True
2022-12-12,104.06218824974837,0.0,2.067316514369646,101.99487173537872,0.8810749772715778,True
2022-12-13,-770.9125715604813,0.0,2.067316514369646,-772.9798880748509,0.8810749772715778,True
2022-12-14,-88.59989674255651,0.0,2.067316514369646,-90.66721325692616,0.8810749772715778,True
2022-12-15,879.5486540698907,0.0,2.067316514369646,877.4813375555211,0.8810749772715778,True
2022-12-16,319.66263065984924,0.0,2.067316514369646,317.5953141454796,0.8810749772715778,True
2022-12-19,293.63053467335084,0.0,2.067316514369646,291.5632181589812,0.8810749772715778,True
2022-12-20,-100.98870554069943,0.0,2.067316514369646,-103.05602205506908,0.8810749772715778,True
2022-12-21,-207.48650792105235,0.0,2.067316514369646,-209.553824435422,0.8810749772715778,True
2022-12-22,300.13718386885256,0.0,2.067316514369646,298.06986735448294,0.8810749772715778,True
2022-12-23,17.440781846459938,0.0,2.067316514369646,15.373465332090293,0.8810749772715778,True
2022-12-27,64.3259558643426,0.0,2.067316514369646,62.25863934997296,0.8810749772715778,True
2022-12-28,494.61441035882444,0.0,2.067316514369646,492.5470938444548,0.8810749772715778,True
2022-12-29,-879.6955769773691,0.0,2.067316514369646,-881.7628934917387,0.8810749772715778,True
2022-12-30,205.38294751854446,0.0,2.067316514369646,203.3156310041748,0.8810749772715778,True
2023-01-03,-236.90290522476602,12.212890769068341,2.067316514369646,-251.183112508204,0.8810749772715778,True
2023-01-04,-959.3058913569539,0.0,2.199044239320395,-961.5049355962743,0.9338043765477123,True
2023-01-05,675.3268564261239,0.0,2.199044239320395,673.1278121868035,0.9338043765477123,True
2023-01-06,-1315.255676013193,0.0,2.199044239320395,-1317.4547202525132,0.9338043765477123,True
2023-01-09,-358.3858745934176,0.0,2.199044239320395,-360.584918832738,0.9338043765477123,True
2023-01-10,49.3468148835334,0.0,2.199044239320395,47.147770644213004,0.9338043765477123,True
2023-01-11,-560.2738351329401,0.0,2.199044239320395,-562.4728793722605,0.9338043765477123,True
2023-01-12,-759.9050452600591,0.0,2.199044239320395,-762.1040894993795,0.9338043765477123,True
2023-01-13,40.07991783862207,0.0,2.199044239320395,37.88087359930168,0.9338043765477123,True
2023-01-17,85.86356988569975,0.0,2.199044239320395,83.66452564637935,0.9338043765477123,True
2023-01-18,-131.7122311330199,0.0,2.199044239320395,-133.9112753723403,0.9338043765477123,True
2023-01-19,12.074099255200135,0.0,2.199044239320395,9.87505501587974,0.9338043765477123,True
2023-01-20,-168.3082850350184,0.0,2.199044239320395,-170.5073292743388,0.9338043765477123,True
2023-01-23,-43.675052101508065,0.0,2.199044239320395,-45.87409634082846,0.9338043765477123,True
2023-01-24,-235.2246088856649,0.0,2.199044239320395,-237.4236531249853,0.9338043765477123,True
2023-01-25,-233.18549535707606,0.0,2.199044239320395,-235.38453959639645,0.9338043765477123,True
2023-01-26,-16.963153581325745,0.0,2.199044239320395,-19.16219782064614,0.9338043765477123,True
2023-01-27,-60.13167750717658,0.0,2.199044239320395,-62.33072174649698,0.9338043765477123,True
2023-01-30,482.2506488763863,0.0,2.199044239320395,480.0516046370659,0.9338043765477123,True
2023-01-31,-270.0094587154747,0.0,2.199044239320395,-272.2085029547951,0.9338043765477123,True
2023-02-01,-877.232689667562,46.197486192212246,2.199044239320395,-925.6292200990947,0.9338043765477123,True
2023-02-02,-384.72733695990837,0.0,2.7254891089091595,-387.45282606881756,1.2933174464495405,True
2023-02-03,950.3104115158225,0.0,2.7254891089091595,947.5849224069133,1.2933174464495405,True
2023-02-06,762.4593644344282,0.0,2.7254891089091595,759.733875325519,1.2933174464495405,True
2023-02-07,-77.29607562480957,0.0,2.7254891089091595,-80.02156473371873,1.2933174464495405,True
2023-02-08,246.520744305634,0.0,2.7254891089091595,243.79525519672484,1.2933174464495405,True
2023-02-09,168.98040633671008,0.0,2.7254891089091595,166.25491722780092,1.2933174464495405,True
2023-02-10,468.97271119520815,0.0,2.7254891089091595,466.24722208629896,1.2933174464495405,True
2023-02-13,-276.7003234555822,0.0,2.7254891089091595,-279.42581256449137,1.2933174464495405,True
2023-02-14,208.91535970567082,0.0,2.7254891089091595,206.18987059676166,1.2933174464495405,True
2023-02-15,373.68444817850394,0.0,2.7254891089091595,370.95895906959475,1.2933174464495405,True
2023-02-16,321.6460601658935,0.0,2.7254891089091595,318.92057105698433,1.2933174464495405,True
2023-02-17,22.829149492371695,0.0,2.7254891089091595,20.103660383462536,1.2933174464495405,True
2023-02-21,1013.7292789466127,0.0,2.7254891089091595,1011.0037898377035,1.2933174464495405,True
2023-02-22,-21.542551349341498,0.0,2.7254891089091595,-24.268040458250656,1.2933174464495405,True
2023-02-23,-357.1147907111833,0.0,2.7254891089091595,-359.84027982009246,1.2933174464495405,True
2023-02-24,749.68079713383,0.0,2.7254891089091595,746.9553080249208,1.2933174464495405,True
2023-02-27,-545.9963705974226,0.0,2.7254891089091595,-548.7218597063318,1.2933174464495405,True
2023-02-28,196.27079093922458,0.0,2.7254891089091595,193.54530183031542,1.2933174464495405,True
2023-03-01,260.9219449822771,51.07252619672578,2.7254891089091595,207.12392967664218,1.2933174464495405,True
2023-03-02,142.70790219478388,0.0,2.491270218825735,140.21663197595814,0.9894688488981473,True
2023-03-03,-827.5224176170251,0.0,2.491270218825735,-830.0136878358509,0.9894688488981473,True
2023-03-06,257.50181944421155,0.0,2.491270218825735,255.0105492253858,0.9894688488981473,True
2023-03-07,1025.341545903912,0.0,2.491270218825735,1022.8502756850862,0.9894688488981473,True
2023-03-08,-36.96412984343806,0.0,2.491270218825735,-39.45540006226379,0.9894688488981473,True
2023-03-09,304.7242680341898,0.0,2.491270218825735,302.23299781536406,0.9894688488981473,True
2023-03-10,-133.74515079460684,0.0,2.491270218825735,-136.2364210134326,0.9894688488981473,True
2023-03-13,-852.4134034714148,0.0,2.491270218825735,-854.9046736902405,0.9894688488981473,True
2023-03-14,-229.4106829448999,0.0,2.491270218825735,-231.90195316372564,0.9894688488981473,True
2023-03-15,393.8029907409423,0.0,2.491270218825735,391.31172052211656,0.9894688488981473,True
2023-03-16,-132.2158456963632,0.0,2.491270218825735,-134.70711591518895,0.9894688488981473,True
2023-03-17,-53.39806467326611,0.0,2.491270218825735,-55.889334892091846,0.9894688488981473,True
2023-03-20,-240.91604301021974,0.0,2.491270218825735,-243.40731322904549,0.9894688488981473,True
2023-03-21,12.902853621387093,0.0,2.491270218825735,10.411583402561359,0.9894688488981473,True
2023-03-22,-71.54245454608908,0.0,2.491270218825735,-74.03372476491481,0.9894688488981473,True
2023-03-23,-100.4592242162903,0.0,2.491270218825735,-102.95049443511603,0.9894688488981473,True
2023-03-24,-11.057525417668408,0.0,2.491270218825735,-13.548795636494143,0.9894688488981473,True
2023-03-27,236.33194934238,0.0,2.491270218825735,233.84067912355425,0.9894688488981473,True
2023-03-28,-181.98886681144157,0.0,2.491270218825735,-184.48013703026731,0.9894688488981473,True
2023-03-29,-274.7763514124315,0.0,2.491270218825735,-277.2676216312572,0.9894688488981473,True
2023-03-30,-582.3905529084109,0.0,2.491270218825735,-584.8818231272367,0.9894688488981473,True
2023-03-31,-308.5274844812668,0.0,2.491270218825735,-311.01875470009253,0.9894688488981473,True
2023-04-03,-257.51277022027597,22.444832715879365,2.491270218825735,-282.4488731549811,0.9894688488981473,True
2023-04-04,-70.80358491170483,0.0,2.7367312680443545,-73.54031617974918,1.0766307114632852,True
2023-04-05,214.97889810916234,0.0,2.7367312680443545,212.24216684111798,1.0766307114632852,True
2023-04-06,-96.37807101364342,0.0,2.7367312680443545,-99.11480228168777,1.0766307114632852,True
2023-04-10,317.3240405016665,0.0,2.7367312680443545,314.58730923362214,1.0766307114632852,True
2023-04-11,-330.93872602679676,0.0,2.7367312680443545,-333.6754572948411,1.0766307114632852,True
2023-04-12,-198.20678803298443,0.0,2.7367312680443545,-200.9435193010288,1.0766307114632852,True
2023-04-13,-491.92856108630605,0.0,2.7367312680443545,-494.6652923543504,1.0766307114632852,True
2023-04-14,495.4669808751446,0.0,2.7367312680443545,492.73024960710023,1.0766307114632852,True
2023-04-17,20.153087855543596,0.0,2.7367312680443545,17.41635658749924,1.0766307114632852,True
2023-04-18,-163.3325087675662,0.0,2.7367312680443545,-166.06924003561056,1.0766307114632852,True
2023-04-19,414.47945552729703,0.0,2.7367312680443545,411.74272425925267,1.0766307114632852,True
2023-04-20,42.233207075965225,0.0,2.7367312680443545,39.49647580792087,1.0766307114632852,True
2023-04-21,84.1249402205414,0.0,2.7367312680443545,81.38820895249705,1.0766307114632852,True
2023-04-24,-214.01226083477835,0.0,2.7367312680443545,-216.7489921028227,1.0766307114632852,True
2023-04-25,528.9475686083205,0.0,2.7367312680443545,526.2108373402762,1.0766307114632852,True
2023-04-26,192.3816788991216,0.0,2.7367312680443545,189.64494763107723,1.0766307114632852,True
2023-04-27,-427.30934357450445,0.0,2.7367312680443545,-430.0460748425488,1.0766307114632852,True
2023-04-28,-423.79402467036374,0.0,2.7367312680443545,-426.5307559384081,1.0766307114632852,True
2023-05-01,661.4734721922016,144.97575988747212,2.7367312680443545,513.7609810366852,1.0766307114632852,True
2023-05-02,588.5599819802817,0.0,4.768704170622971,583.7912778096587,2.2071039459191497,True
2023-05-03,135.07959344082923,0.0,4.768704170622971,130.31088927020625,2.2071039459191497,True
2023-05-04,-189.2870090093284,0.0,4.768704170622971,-194.05571317995137,2.2071039459191497,True
2023-05-05,-1131.2661329919745,0.0,4.768704170622971,-1136.0348371625973,2.2071039459191497,True
2023-05-08,293.2106641279235,0.0,4.768704170622971,288.4419599573005,2.2071039459191497,True
2023-05-09,400.7075938544775,0.0,4.768704170622971,395.93888968385454,2.2071039459191497,True
2023-05-10,-468.023659276876,0.0,4.768704170622971,-472.792363447499,2.2071039459191497,True
2023-05-11,430.28888510572466,0.0,4.768704170622971,425.5201809351017,2.2071039459191497,True
2023-05-12,586.7430082126112,0.0,4.768704170622971,581.9743040419883,2.2071039459191497,True
2023-05-15,-317.9890978626021,0.0,4.768704170622971,-322.75780203322506,2.2071039459191497,True
2023-05-16,934.4290789484911,0.0,4.768704170622971,929.6603747778681,2.2071039459191497,True
2023-05-17,-339.7131439386835,0.0,4.768704170622971,-344.4818481093065,2.2071039459191497,True
2023-05-18,618.051511311565,0.0,4.768704170622971,613.282807140942,2.2071039459191497,True
2023-05-19,158.93244701386598,0.0,4.768704170622971,154.163742843243,2.2071039459191497,True
2023-05-22,83.20067856425636,0.0,4.768704170622971,78.4319743936334,2.2071039459191497,True
2023-05-23,3.412379046566227,0.0,4.768704170622971,-1.3563251240567444,2.2071039459191497,True
2023-05-24,861.9822689330692,0.0,4.768704170622971,857.2135647624463,2.2071039459191497,True
2023-05-25,789.6493557444873,0.0,4.768704170622971,784.8806515738643,2.2071039459191497,True
2023-05-26,-568.665644382819,0.0,4.768704170622971,-573.434348553442,2.2071039459191497,True
2023-05-30,-244.89890984451986,0.0,4.768704170622971,-249.66761401514285,2.2071039459191497,True
2023-05-31,-88.8577158420736,0.0,4.768704170622971,-93.62642001269657,2.2071039459191497,True
2023-06-01,-359.38189648507114,90.41756310098621,4.768704170622971,-454.56816375668035,2.2071039459191497,True
2023-06-02,-694.6359831472835,0.0,3.7765823423969764,-698.4125654896804,1.6858183754892884,True
2023-06-05,183.06833013296216,0.0,3.7765823423969764,179.29174779056518,1.6858183754892884,True
2023-06-06,-498.09276497144276,0.0,3.7765823423969764,-501.86934731383974,1.6858183754892884,True
2023-06-07,0.33768684498522095,0.0,3.7765823423969764,-3.4388954974117554,1.6858183754892884,True
2023-06-08,-401.1665822558054,0.0,3.7765823423969764,-404.9431645982024,1.6858183754892884,True
2023-06-09,160.2941894391163,0.0,3.7765823423969764,156.51760709671933,1.6858183754892884,True
2023-06-12,188.13302877764144,0.0,3.7765823423969764,184.35644643524446,1.6858183754892884,True
2023-06-13,-234.9744265443037,0.0,3.7765823423969764,-238.75100888670067,1.6858183754892884,True
2023-06-14,-269.13614282912124,0.0,3.7765823423969764,-272.9127251715182,1.6858183754892884,True
2023-06-15,-1086.0003864778002,0.0,3.7765823423969764,-1089.7769688201972,1.6858183754892884,True
2023-06-16,-14.113633066600894,0.0,3.7765823423969764,-17.89021540899787,1.6858183754892884,True
2023-06-20,541.5908402744801,0.0,3.7765823423969764,537.8142579320831,1.6858183754892884,True
2023-06-21,-303.6984619071376,0.0,3.7765823423969764,-307.47504424953456,1.6858183754892884,True
2023-06-22,960.3897786893715,0.0,3.7765823423969764,956.6131963469745,1.6858183754892884,True
2023-06-23,809.4448135469362,0.0,3.7765823423969764,805.6682312045392,1.6858183754892884,True
2023-06-26,-507.9712525629308,0.0,3.7765823423969764,-511.74783490532775,1.6858183754892884,True
2023-06-27,-114.6813213780573,0.0,3.7765823423969764,-118.45790372045428,1.6858183754892884,True
2023-06-28,335.5238416733357,0.0,3.7765823423969764,331.74725933093873,1.6858183754892884,True
2023-06-29,386.27625107233814,0.0,3.7765823423969764,382.49966872994116,1.6858183754892884,True
2023-06-30,-603.3234316290162,0.0,3.7765823423969764,-607.1000139714132,1.6858183754892884,True
2023-07-03,-292.92172326743264,212.5474511261165,3.7765823423969764,-509.2457567359461,1.6858183754892884,True
2023-07-05,-465.54703663525567,0.0,4.7835490320031875,-470.33058566725884,3.0000000000000004,True
2023-07-06,432.2010319973117,0.0,4.7835490320031875,427.4174829653085,3.0000000000000004,True
2023-07-07,110.19649858134949,0.0,4.7835490320031875,105.4129495493463,3.0000000000000004,True
2023-07-10,-50.65398852242371,0.0,4.7835490320031875,-55.437537554426896,3.0000000000000004,True
2023-07-11,-384.32404376608787,0.0,4.7835490320031875,-389.10759279809105,3.0000000000000004,True
2023-07-12,-224.02072423654178,0.0,4.7835490320031875,-228.80427326854496,3.0000000000000004,True
2023-07-13,-3.5562303024425264,0.0,4.7835490320031875,-8.339779334445714,3.0000000000000004,True
2023-07-14,533.5606523466485,0.0,4.7835490320031875,528.7771033146453,3.0000000000000004,True
2023-07-17,297.08485179975196,0.0,4.7835490320031875,292.3013027677488,3.0000000000000004,True
2023-07-18,582.1898125499104,0.0,4.7835490320031875,577.4062635179072,3.0000000000000004,True
2023-07-19,-589.4173775627587,0.0,4.7835490320031875,-594.2009265947619,3.0000000000000004,True
2023-07-20,-488.6343926185119,0.0,4.7835490320031875,-493.4179416505151,3.0000000000000004,True
2023-07-21,186.31439904352922,0.0,4.7835490320031875,181.53085001152604,3.0000000000000004,True
2023-07-24,-629.8432202135804,0.0,4.7835490320031875,-634.6267692455835,3.0000000000000004,True
2023-07-25,250.69178904855733,0.0,4.7835490320031875,245.90824001655415,3.0000000000000004,True
2023-07-26,25.14951743495682,0.0,4.7835490320031875,20.365968402953634,3.0000000000000004,True
2023-07-27,-228.72144131496947,0.0,4.7835490320031875,-233.50499034697265,3.0000000000000004,True
2023-07-28,418.98516877209596,0.0,4.7835490320031875,414.2016197400928,3.0000000000000004,True
2023-07-31,-251.1412187155603,0.0,4.7835490320031875,-255.9247677475635,3.0000000000000004,True
2023-08-01,590.2128835363145,35.16493940436404,4.7835490320031875,550.2643950999473,3.0000000000000004,True
2023-08-02,-156.79950793790897,0.0,4.819123347669413,-161.61863128557837,2.999999999999999,True
2023-08-03,202.23499244033067,0.0,4.819123347669413,197.41586909266127,2.999999999999999,True
2023-08-04,-88.42727250121841,0.0,4.819123347669413,-93.24639584888783,2.999999999999999,True
2023-08-07,-297.46483518748124,0.0,4.819123347669413,-302.28395853515065,2.999999999999999,True
2023-08-08,-498.726163841038,0.0,4.819123347669413,-503.5452871887074,2.999999999999999,True
2023-08-09,-335.47805290642793,0.0,4.819123347669413,-340.29717625409734,2.999999999999999,True
2023-08-10,792.764183664711,0.0,4.819123347669413,787.9450603170416,2.999999999999999,True
2023-08-11,63.27313141256798,0.0,4.819123347669413,58.45400806489857,2.999999999999999,True
2023-08-14,150.67037853677388,0.0,4.819123347669413,145.85125518910448,2.999999999999999,True
2023-08-15,280.56721493690304,0.0,4.819123347669413,275.74809158923364,2.999999999999999,True
2023-08-16,401.83679385973926,0.0,4.819123347669413,397.01767051206986,2.999999999999999,True
2023-08-17,102.13396811101713,0.0,4.819123347669413,97.31484476334771,2.999999999999999,True
2023-08-18,-181.63683646033166,0.0,4.819123347669413,-186.45595980800107,2.999999999999999,True
2023-08-21,1210.7748190707116,0.0,4.819123347669413,1205.9556957230423,2.999999999999999,True
2023-08-22,-368.90203587753047,0.0,4.819123347669413,-373.72115922519987,2.999999999999999,True
2023-08-23,-449.49457053332225,0.0,4.819123347669413,-454.31369388099165,2.999999999999999,True
2023-08-24,-283.52911263870226,0.0,4.819123347669413,-288.34823598637166,2.999999999999999,True
2023-08-25,94.76821283862405,0.0,4.819123347669413,89.94908949095463,2.999999999999999,True
2023-08-28,155.38875123478937,0.0,4.819123347669413,150.56962788711996,2.999999999999999,True
2023-08-29,-94.59810049881239,0.0,4.819123347669413,-99.4172238464818,2.999999999999999,True
2023-08-30,-8.718850647366887,0.0,4.819123347669413,-13.5379739950363,2.999999999999999,True
2023-08-31,-662.7903474164428,0.0,4.819123347669413,-667.6094707641123,2.999999999999999,True
2023-09-01,463.584975813295,30.739118778199423,4.819123347669413,428.02673368742614,2.999999999999999,True
2023-09-05,536.8337109170276,0.0,4.898072743089732,531.9356381739378,3.0,True
2023-09-06,-161.0488850469641,0.0,4.898072743089732,-165.94695779005383,3.0,True
2023-09-07,-549.9040568053177,0.0,4.898072743089732,-554.8021295484075,3.0,True
2023-09-08,65.8564116388383,0.0,4.898072743089732,60.95833889574856,3.0,True
2023-09-11,379.57712438690726,0.0,4.898072743089732,374.6790516438175,3.0,True
2023-09-12,-236.2945355692009,0.0,4.898072743089732,-241.19260831229062,3.0,True
2023-09-13,303.15946352824113,0.0,4.898072743089732,298.2613907851514,3.0,True
2023-09-14,-553.7904863220137,0.0,4.898072743089732,-558.6885590651035,3.0,True
2023-09-15,537.4655187606785,0.0,4.898072743089732,532.5674460175887,3.0,True
2023-09-18,246.96747920323094,0.0,4.898072743089732,242.0694064601412,3.0,True
2023-09-19,97.18433351238053,0.0,4.898072743089732,92.2862607692908,3.0,True
2023-09-20,-230.54329145000742,0.0,4.898072743089732,-235.44136419309714,3.0,True
2023-09-21,605.301950418145,0.0,4.898072743089732,600.4038776750552,3.0,True
2023-09-22,-250.277100445984,0.0,4.898072743089732,-255.17517318907372,3.0,True
2023-09-25,366.1799202653851,0.0,4.898072743089732,361.2818475222953,3.0,True
2023-09-26,160.76320520455045,0.0,4.898072743089732,155.86513246146072,3.0,True
2023-09-27,183.09005893476876,0.0,4.898072743089732,178.19198619167904,3.0,True
2023-09-28,-42.00274034082863,0.0,4.898072743089732,-46.900813083918365,3.0,True
2023-09-29,-686.499180235107,0.0,4.898072743089732,-691.3972529781968,3.0,True
2023-10-02,593.8270088238098,83.444379305051,4.898072743089732,505.48455677566903,3.0,True
2023-10-03,-374.65374201218737,0.0,3.794682147386428,-378.4484241595738,3.0000000000000004,True
2023-10-04,-828.0899413915058,0.0,3.794682147386428,-831.8846235388922,3.0000000000000004,True
2023-10-05,108.09969807581486,0.0,3.794682147386428,104.30501592842843,3.0000000000000004,True
2023-10-06,1280.7464588189582,0.0,3.794682147386428,1276.9517766715717,3.0000000000000004,True
2023-10-09,-352.77752668388086,0.0,3.794682147386428,-356.5722088312673,3.0000000000000004,True
2023-10-10,638.3744402695725,0.0,3.794682147386428,634.579758122186,3.0000000000000004,True
2023-10-11,-305.13947898394986,0.0,3.794682147386428,-308.9341611313363,3.0000000000000004,True
2023-10-12,-25.709244489181653,0.0,3.794682147386428,-29.50392663656808,3.0000000000000004,True
2023-10-13,140.9047990226455,0.0,3.794682147386428,137.11011687525908,3.0000000000000004,True
2023-10-16,551.666471964063,0.0,3.794682147386428,547.8717898166766,3.0000000000000004,True
2023-10-17,648.1056034266635,0.0,3.794682147386428,644.3109212792771,3.0000000000000004,True
2023-10-18,-223.33012500392553,0.0,3.794682147386428,-227.12480715131196,3.0000000000000004,True
2023-10-19,745.6798527127669,0.0,3.794682147386428,741.8851705653805,3.0000000000000004,True
2023-10-20,-512.1287405899416,0.0,3.794682147386428,-515.923422737328,3.0000000000000004,True
2023-10-23,-64.62968932918983,0.0,3.794682147386428,-68.42437147657625,3.0000000000000004,True
2023-10-24,-310.6543486090649,0.0,3.794682147386428,-314.44903075645135,3.0000000000000004,True
2023-10-25,133.67475022972815,0.0,3.794682147386428,129.88006808234172,3.0000000000000004,True
2023-10-26,-1307.0317735027477,0.0,3.794682147386428,-1310.8264556501342,3.0000000000000004,True
2023-10-27,594.9070320503151,0.0,3.794682147386428,591.1123499029287,3.0000000000000004,True
2023-10-30,333.92486987596504,0.0,3.794682147386428,330.1301877285786,3.0000000000000004,True
2023-10-31,-211.06668610662848,0.0,3.794682147386428,-214.8613682540149,3.0000000000000004,True
2023-11-01,56.848147113955385,87.9480991881186,3.794682147386428,-34.894634221549644,3.0000000000000004,True
2023-11-02,-1104.992652369947,0.0,4.698274301920117,-1109.6909266718671,2.9999999999999996,True
2023-11-03,-429.96504794297044,0.0,4.698274301920117,-434.66332224489054,2.9999999999999996,True
2023-11-06,1177.4167955328503,0.0,4.698274301920117,1172.7185212309303,2.9999999999999996,True
2023-11-07,-120.84975009105545,0.0,4.698274301920117,-125.54802439297558,2.9999999999999996,True
2023-11-08,-162.44801678482736,0.0,4.698274301920117,-167.14629108674748,2.9999999999999996,True
2023-11-09,548.3505889490341,0.0,4.698274301920117,543.6523146471139,2.9999999999999996,True
2023-11-10,-228.5777537000998,0.0,4.698274301920117,-233.27602800201993,2.9999999999999996,True
2023-11-13,316.87815587968595,0.0,4.698274301920117,312.17988157776585,2.9999999999999996,True
2023-11-14,-1164.7082680872563,0.0,4.698274301920117,-1169.4065423891764,2.9999999999999996,True
2023-11-15,300.02645865360995,0.0,4.698274301920117,295.32818435168986,2.9999999999999996,True
2023-11-16,-16.14334790285793,0.0,4.698274301920117,-20.841622204778048,2.9999999999999996,True
2023-11-17,3.5824284193818925,0.0,4.698274301920117,-1.1158458825382245,2.9999999999999996,True
2023-11-20,-33.538658110920004,0.0,4.698274301920117,-38.23693241284012,2.9999999999999996,True
2023-11-21,251.27300656011747,0.0,4.698274301920117,246.57473225819734,2.9999999999999996,True
2023-11-22,-203.28044860855994,0.0,4.698274301920117,-207.97872291048006,2.9999999999999996,True
2023-11-24,332.4131701208043,0.0,4.698274301920117,327.7148958188842,2.9999999999999996,True
2023-11-27,-442.8022216860579,0.0,4.698274301920117,-447.500495987978,2.9999999999999996,True
2023-11-28,235.8554449495529,0.0,4.698274301920117,231.15717064763277,2.9999999999999996,True
2023-11-29,-368.2588446586938,0.0,4.698274301920117,-372.9571189606139,2.9999999999999996,True
2023-11-30,-179.2957854388313,0.0,4.698274301920117,-183.99405974075142,2.9999999999999996,True
2023-12-01,-865.0588447134986,53.85620406498405,4.698274301920117,-923.6133230804028,2.9999999999999996,True
2023-12-04,-466.4025699164116,0.0,4.675202523168398,-471.07777243958003,3.000000000000001,True
2023-12-05,-56.62977588121172,0.0,4.675202523168398,-61.30497840438012,3.000000000000001,True
2023-12-06,-323.7171808381897,0.0,4.675202523168398,-328.3923833613581,3.000000000000001,True
2023-12-07,-341.160297093009,0.0,4.675202523168398,-345.8354996161774,3.000000000000001,True
2023-12-08,121.4014172805521,0.0,4.675202523168398,116.7262147573837,3.000000000000001,True
2023-12-11,130.78232773092157,0.0,4.675202523168398,126.10712520775317,3.000000000000001,True
2023-12-12,326.1314172628161,0.0,4.675202523168398,321.4562147396477,3.000000000000001,True
2023-12-13,-1060.4442787158614,0.0,4.675202523168398,-1065.1194812390297,3.000000000000001,True
2023-12-14,-1124.7771922769527,0.0,4.675202523168398,-1129.452394800121,3.000000000000001,True
2023-12-15,-292.9621404206278,0.0,4.675202523168398,-297.6373429437962,3.000000000000001,True
2023-12-18,556.4336067337508,0.0,4.675202523168398,551.7584042105824,3.000000000000001,True
2023-12-19,125.23820476757282,0.0,4.675202523168398,120.56300224440443,3.000000000000001,True
2023-12-20,-131.95634081519066,0.0,4.675202523168398,-136.63154333835905,3.000000000000001,True
2023-12-21,-293.34221474039094,0.0,4.675202523168398,-298.01741726355937,3.000000000000001,True
2023-12-22,19.794739216855554,0.0,4.675202523168398,15.119536693687156,3.000000000000001,True
2023-12-26,176.49777088577403,0.0,4.675202523168398,171.82256836260564,3.000000000000001,True
2023-12-27,-191.74494248236502,0.0,4.675202523168398,-196.4201450055334,3.000000000000001,True
2023-12-28,-340.65432244185143,0.0,4.675202523168398,-345.32952496501986,3.000000000000001,True
2023-12-29,-32.490559937448126,0.0,4.675202523168398,-37.16576246061652,3.000000000000001,True
2024-01-02,-218.50747941527868,226.59322504537718,4.675202523168398,-449.77590698382426,3.000000000000001,True
2024-01-03,-789.2082327405635,0.0,0.8412030287221942,-790.0494357692858,1.5279969036809866,True
2024-01-04,-198.4108924948459,0.0,0.8412030287221942,-199.2520955235681,1.5279969036809866,True
2024-01-05,-73.64437676847741,0.0,0.8412030287221942,-74.4855797971996,1.5279969036809866,True
2024-01-08,711.6451677798714,0.0,0.8412030287221942,710.8039647511491,1.5279969036809866,True
2024-01-09,-565.3295835384824,0.0,0.8412030287221942,-566.1707865672047,1.5279969036809866,True
2024-01-10,271.6505403452026,0.0,0.8412030287221942,270.8093373164804,1.5279969036809866,True
2024-01-11,46.20223735811662,0.0,0.8412030287221942,45.36103432939443,1.5279969036809866,True
2024-01-12,113.84629707459244,0.0,0.8412030287221942,113.00509404587025,1.5279969036809866,True
2024-01-16,-914.8701878311766,0.0,0.8412030287221942,-915.7113908598989,1.5279969036809866,True
2024-01-17,-736.1289476852504,0.0,0.8412030287221942,-736.9701507139727,1.5279969036809866,True
2024-01-18,117.58129919504391,0.0,0.8412030287221942,116.74009616632172,1.5279969036809866,True
2024-01-19,508.49219941111227,0.0,0.8412030287221942,507.6509963823901,1.5279969036809866,True
2024-01-22,207.8199223647161,0.0,0.8412030287221942,206.9787193359939,1.5279969036809866,True
2024-01-23,-434.04500615055514,0.0,0.8412030287221942,-434.88620917927733,1.5279969036809866,True
2024-01-24,-204.91153099902832,0.0,0.8412030287221942,-205.7527340277505,1.5279969036809866,True
2024-01-25,289.0276325895556,0.0,0.8412030287221942,288.1864295608334,1.5279969036809866,True
2024-01-26,36.32378011509128,0.0,0.8412030287221942,35.48257708636909,1.5279969036809866,True
2024-01-29,595.4724171578431,0.0,0.8412030287221942,594.6312141291208,1.5279969036809866,True
2024-01-30,-81.9309978967007,0.0,0.8412030287221942,-82.7722009254229,1.5279969036809866,True
2024-01-31,-203.8582439268842,0.0,0.8412030287221942,-204.6994469556064,1.5279969036809866,True
2024-02-01,1120.9995661371308,262.8336182739706,0.8412030287221942,857.324744834438,1.5279969036809866,True
2024-02-02,1118.9545519992212,0.0,4.827781419096378,1114.1267705801247,3.0,True
2024-02-05,862.3477672032384,0.0,4.827781419096378,857.519985784142,3.0,True
2024-02-06,-651.4052288201636,0.0,4.827781419096378,-656.23301023926,3.0,True
2024-02-07,320.148664867256,0.0,4.827781419096378,315.32088344815963,3.0,True
2024-02-08,445.38296835039307,0.0,4.827781419096378,440.5551869312967,3.0,True
2024-02-09,120.65846700217223,0.0,4.827781419096378,115.83068558307585,3.0,True
2024-02-12,-200.65470098238188,0.0,4.827781419096378,-205.48248240147825,3.0,True
2024-02-13,1347.6639375201573,0.0,4.827781419096378,1342.8361561010609,3.0,True
2024-02-14,-380.4262560423808,0.0,4.827781419096378,-385.2540374614772,3.0,True
2024-02-15,-740.802008571375,0.0,4.827781419096378,-745.6297899904714,3.0,True
2024-02-16,64.45050286131242,0.0,4.827781419096378,59.62272144221604,3.0,True
2024-02-20,281.9228844506525,0.0,4.827781419096378,277.0951030315561,3.0,True
2024-02-21,-302.5924505938882,0.0,4.827781419096378,-307.42023201298457,3.0,True
2024-02-22,390.881767985257,0.0,4.827781419096378,386.05398656616063,3.0,True
2024-02-23,95.61501164054688,0.0,4.827781419096378,90.7872302214505,3.0,True
2024-02-26,455.32308263419014,0.0,4.827781419096378,450.4953012150938,3.0,True
2024-02-27,194.443672264793,0.0,4.827781419096378,189.61589084569664,3.0,True
2024-02-28,-129.84298017683486,0.0,4.827781419096378,-134.67076159593122,3.0,True
2024-02-29,-272.46507353821,0.0,4.827781419096378,-277.29285495730636,3.0,True
2024-03-01,-165.31040422116135,75.27907639162342,4.827781419096378,-245.41726203188114,3.0,True
2024-03-04,569.6599927535092,0.0,3.570654046367932,566.0893387071412,3.0000000000000004,True
2024-03-05,-564.5299253696853,0.0,3.570654046367932,-568.1005794160533,3.0000000000000004,True
2024-03-06,90.49221457781806,0.0,3.570654046367932,86.92156053145013,3.0000000000000004,True
2024-03-07,236.19378611995913,0.0,3.570654046367932,232.6231320735912,3.0000000000000004,True
2024-03-08,-246.34367019957625,0.0,3.570654046367932,-249.9143242459442,3.0000000000000004,True
2024-03-11,-243.0388214498206,0.0,3.570654046367932,-246.60947549618854,3.0000000000000004,True
2024-03-12,487.2489147992273,0.0,3.570654046367932,483.6782607528594,3.0000000000000004,True
2024-03-13,80.32801136957579,0.0,3.570654046367932,76.75735732320786,3.0000000000000004,True
2024-03-14,-89.82772116790049,0.0,3.570654046367932,-93.39837521426843,3.0000000000000004,True
2024-03-15,-4.118352677683307,0.0,3.570654046367932,-7.6890067240512385,3.0000000000000004,True
2024-03-18,185.8653165741979,0.0,3.570654046367932,182.29466252782996,3.0000000000000004,True
2024-03-19,143.54669636828132,0.0,3.570654046367932,139.97604232191338,3.0000000000000004,True
2024-03-20,382.29190743208716,0.0,3.570654046367932,378.72125338571925,3.0000000000000004,True
2024-03-21,-155.75534163069213,0.0,3.570654046367932,-159.32599567706006,3.0000000000000004,True
2024-03-22,-166.11098340179555,0.0,3.570654046367932,-169.68163744816349,3.0000000000000004,True
2024-03-25,128.1658244785203,0.0,3.570654046367932,124.59517043215237,3.0000000000000004,True
2024-03-26,-134.9649484191249,0.0,3.570654046367932,-138.53560246549284,3.0000000000000004,True
2024-03-27,694.3701751003642,0.0,3.570654046367932,690.7995210539963,3.0000000000000004,True
2024-03-28,171.11058679696407,0.0,3.570654046367932,167.53993275059614,3.0000000000000004,True
2024-04-01,64.46413014561,108.30559502159745,3.570654046367932,-47.41211892235539,3.0000000000000004,True
2024-04-02,-583.6345102837678,0.0,3.7843889385707996,-587.4188992223386,3.0000000000000004,True
2024-04-03,-194.77662471762673,0.0,3.7843889385707996,-198.56101365619753,3.0000000000000004,True
2024-04-04,-728.3560441673227,0.0,3.7843889385707996,-732.1404331058935,3.0000000000000004,True
2024-04-05,845.418309867111,0.0,3.7843889385707996,841.6339209285402,3.0000000000000004,True
2024-04-08,657.0337697017499,0.0,3.7843889385707996,653.249380763179,3.0000000000000004,True
2024-04-09,232.218487305536,0.0,3.7843889385707996,228.4340983669652,3.0000000000000004,True
2024-04-10,-939.8752600248589,0.0,3.7843889385707996,-943.6596489634297,3.0000000000000004,True
2024-04-11,529.7195398836259,0.0,3.7843889385707996,525.935150945055,3.0000000000000004,True
2024-04-12,-948.7051023685881,0.0,3.7843889385707996,-952.4894913071589,3.0000000000000004,True
2024-04-15,-257.41670785389243,0.0,3.7843889385707996,-261.2010967924632,3.0000000000000004,True
2024-04-16,-753.0730419005491,0.0,3.7843889385707996,-756.85743083912,3.0000000000000004,True
2024-04-17,-564.0619538757892,0.0,3.7843889385707996,-567.84634281436,3.0000000000000004,True
2024-04-18,264.56046257330814,0.0,3.7843889385707996,260.7760736347374,3.0000000000000004,True
2024-04-19,19.285906242267977,0.0,3.7843889385707996,15.501517303697177,3.0000000000000004,True
2024-04-22,353.9471337520489,0.0,3.7843889385707996,350.16274481347807,3.0000000000000004,True
2024-04-23,649.8645646470859,0.0,3.7843889385707996,646.0801757085151,3.0000000000000004,True
2024-04-24,-12.16738590129312,0.0,3.7843889385707996,-15.95177483986392,3.0000000000000004,True
2024-04-25,-563.344550372351,0.0,3.7843889385707996,-567.1289393109219,3.0000000000000004,True
2024-04-26,756.6289873437272,0.0,3.7843889385707996,752.8445984051564,3.0000000000000004,True
2024-04-29,-295.4582527799754,0.0,3.7843889385707996,-299.2426417185462,3.0000000000000004,True
2024-04-30,-734.7125376378604,0.0,3.7843889385707996,-738.4969265764312,3.0000000000000004,True
2024-05-01,-243.05594888981256,132.70952504041378,3.7843889385707996,-379.54986286879716,3.0000000000000004,True
2024-05-02,-1626.6845603227332,0.0,5.0765390421601415,-1631.7610993648934,2.9109999365071872,True
2024-05-03,-347.2396781162141,0.0,5.0765390421601415,-352.3162171583743,2.9109999365071872,True
2024-05-06,535.0319627794061,0.0,5.0765390421601415,529.955423737246,2.9109999365071872,True
2024-05-07,251.28099700846667,0.0,5.0765390421601415,246.20445796630653,2.9109999365071872,True
2024-05-08,418.2891059570001,0.0,5.0765390421601415,413.21256691483995,2.9109999365071872,True
2024-05-09,-656.7099149347293,0.0,5.0765390421601415,-661.7864539768894,2.9109999365071872,True
2024-05-10,434.55013700514644,0.0,5.0765390421601415,429.4735979629863,2.9109999365071872,True
2024-05-13,-355.8622732800693,0.0,5.0765390421601415,-360.93881232222947,2.9109999365071872,True
2024-05-14,-138.33816306075465,0.0,5.0765390421601415,-143.4147021029148,2.9109999365071872,True
2024-05-15,-888.9012340047584,0.0,5.0765390421601415,-893.9777730469185,2.9109999365071872,True
2024-05-16,11.097486935303781,0.0,5.0765390421601415,6.0209478931436395,2.9109999365071872,True
2024-05-17,716.5817445265463,0.0,5.0765390421601415,711.5052054843862,2.9109999365071872,True
2024-05-20,663.0536798455266,0.0,5.0765390421601415,657.9771408033665,2.9109999365071872,True
2024-05-21,39.54187875506041,0.0,5.0765390421601415,34.46533971290027,2.9109999365071872,True
2024-05-22,-215.60860865410285,0.0,5.0765390421601415,-220.685147696263,2.9109999365071872,True
2024-05-23,663.474566913019,0.0,5.0765390421601415,658.3980278708589,2.9109999365071872,True
2024-05-24,116.7621156680006,0.0,5.0765390421601415,111.68557662584047,2.9109999365071872,True
2024-05-28,876.0084225793489,0.0,5.0765390421601415,870.9318835371888,2.9109999365071872,True
2024-05-29,633.2698103924828,0.0,5.0765390421601415,628.1932713503227,2.9109999365071872,True
2024-05-30,-1351.1974724657705,0.0,5.0765390421601415,-1356.2740115079307,2.9109999365071872,True
2024-05-31,-798.3043748577135,0.0,5.0765390421601415,-803.3809138998736,2.9109999365071872,True
2024-06-03,-987.9396595241396,159.39357856724826,5.0765390421601415,-1152.4097771335482,2.9109999365071872,True
2024-06-04,-557.5164779087143,0.0,2.488328258508565,-560.0048061672228,2.7444722883529007,True
2024-06-05,546.5370329751049,0.0,2.488328258508565,544.0487047165964,2.7444722883529007,True
2024-06-06,320.53735801883187,0.0,2.488328258508565,318.0490297603233,2.7444722883529007,True
2024-06-07,-1335.4512154654458,0.0,2.488328258508565,-1337.9395437239543,2.7444722883529007,True
2024-06-10,654.509459565757,0.0,2.488328258508565,652.0211313072484,2.7444722883529007,True
2024-06-11,-790.9833810978081,0.0,2.488328258508565,-793.4717093563166,2.7444722883529007,True
2024-06-12,919.1516031695586,0.0,2.488328258508565,916.66327491105,2.7444722883529007,True
2024-06-13,-669.02265834575,0.0,2.488328258508565,-671.5109866042585,2.7444722883529007,True
2024-06-14,-522.0412197372224,0.0,2.488328258508565,-524.5295479957309,2.7444722883529007,True
2024-06-17,154.7855953271736,0.0,2.488328258508565,152.29726706866504,2.7444722883529007,True
2024-06-18,291.0859224196281,0.0,2.488328258508565,288.59759416111956,2.7444722883529007,True
2024-06-20,301.4210705767706,0.0,2.488328258508565,298.93274231826206,2.7444722883529007,True
2024-06-21,-419.9295853537028,0.0,2.488328258508565,-422.41791361221135,2.7444722883529007,True
2024-06-24,431.17115993733125,0.0,2.488328258508565,428.6828316788227,2.7444722883529007,True
2024-06-25,-373.1402571943448,0.0,2.488328258508565,-375.6285854528534,2.7444722883529007,True
2024-06-26,-51.03464445111818,0.0,2.488328258508565,-53.52297270962675,2.7444722883529007,True
2024-06-27,378.96007872076973,0.0,2.488328258508565,376.4717504622612,2.7444722883529007,True
2024-06-28,334.9611594802549,0.0,2.488328258508565,332.47283122174633,2.7444722883529007,True
