date,gross,turnover_cost,roll_cost,net,notional,pos,active_pos,cap_binding,stitched
2004-03-26,,,0.0,,,0.0,,False,False
2004-03-29,,,0.0,,0.0,0.0,,False,False
2004-03-30,,,0.0,,0.0,0.0,0.0,False,False
2004-03-31,0.0,0.0,0.0,0.0,0.0,0.0,0.0,False,False
2004-04-01,-0.0,0.0,0.0,-0.0,0.0,0.0,0.0,False,False
2004-04-02,-0.0,0.0,0.0,-0.0,-24932.62675626472,-1.0,0.0,False,False
2004-04-05,-0.0,68.95829040790971,0.0,-68.95829040790971,-25021.18729353767,-1.0,0.0,False,False
2004-04-06,-349.8371806059795,0.2415501615347932,0.0,-350.0787307675143,-25163.785759169034,-1.0,-1.0,False,False
2004-04-07,-399.48675827894454,0.38282720605591186,0.0,-399.86958548500047,-25287.046927844738,-1.0,-1.0,False,False
2004-04-08,52.72663333508336,0.33160813095169855,0.0,52.39502520413166,-25495.398490645726,-1.0,-1.0,False,False
2004-04-12,504.4135345186898,0.5719345256320646,0.0,503.84159999305774,-25568.481982606067,-1.0,-1.0,False,False
2004-04-13,-860.3160711894405,0.19406885818484154,0.0,-860.5101400476254,-25386.87241600033,-1.0,-1.0,False,False
2004-04-14,-211.96669001124047,0.4782882984863326,0.0,-212.4449783097268,-25573.778520093227,-1.0,-1.0,False,False
2004-04-15,143.50236206372182,0.4950355470160716,0.0,143.00732651670575,-25774.70412857918,-1.0,-1.0,False,False
2004-04-16,462.5748052730068,0.5419703913107907,0.0,462.03283488169603,-25870.790168893243,-1.0,-1.0,False,False
2004-04-19,176.3532387744914,0.26096500085298535,0.0,176.0922737736384,-26068.342179065163,-1.0,-1.0,False,False
2004-04-20,-383.88029927345644,0.5286966329666251,0.0,-384.40899590642306,-26202.479115811144,-1.0,-1.0,False,False
2004-04-21,639.7974320710496,0.3680148826676408,0.0,639.4294171883819,-26193.424249129253,-1.0,-1.0,False,False
2004-04-22,1865.59406980882,0.026747084579071115,0.0,1865.567322724241,-24670.30806783212,-1.0,-1.0,False,False
2004-04-23,15.097074495178536,4.501713050258251,0.0,10.595361444920284,-24874.938809165662,-1.0,-1.0,False,False
2004-04-26,298.7753572228767,0.6122198186423823,0.0,298.16313740423436,-25033.708806058337,-1.0,-1.0,False,False
2004-04-27,479.20197355660906,0.48434299647319135,0.0,478.7176305601359,-25119.075538199766,-1.0,-1.0,False,False
2004-04-28,-849.3579773484048,0.25187363398089924,0.0,-849.6098509823858,-24949.83312519819,-1.0,-1.0,False,False
2004-04-29,-578.4473353644206,0.4881076908458486,0.0,-578.9354430552664,-24984.28781802733,-1.0,-1.0,False,False
2004-04-30,-631.8190718255017,0.09691564256275201,0.0,-631.9159874680645,-24982.495575296685,-1.0,-1.0,False,False
2004-05-03,726.7657817538118,0.005192336910429673,0.0,726.7605894169013,-24915.021473327648,-1.0,-1.0,False,False
2004-05-04,536.650555037467,0.19977167682918323,0.0,536.4507833606378,-24972.024909237116,-1.0,-1.0,False,False
2004-05-05,993.1464365451255,0.17577774310230043,0.0,992.9706588020232,-24671.140138640178,-1.0,-1.0,False,False
2004-05-06,-1292.1745741241864,131.0773935447559,131.0773935447559,-1423.2519676689424,-24065.88065272193,-1.0,-1.0,False,False
2004-05-07,-584.684413383537,1.5611247434982454,0.0,-586.2455381270353,-24101.52077682931,-1.0,-1.0,False,False
2004-05-10,-678.2533047571391,0.08940559767514553,0.0,-678.3427103548142,0.0,0.0,-1.0,False,False
2004-05-11,542.6676239521037,61.85292638019541,0.0,480.81469757190825,0.0,0.0,-1.0,False,False
2004-05-12,-0.0,0.0,0.0,-0.0,0.0,0.0,0.0,False,False
2004-05-13,-0.0,0.0,0.0,-0.0,0.0,0.0,0.0,False,False
2004-05-14,0.0,0.0,0.0,0.0,0.0,0.0,0.0,False,False
2004-05-17,0.0,0.0,0.0,0.0,0.0,0.0,0.0,False,False
2004-05-18,-0.0,0.0,0.0,-0.0,0.0,0.0,0.0,False,False
2004-05-19,-0.0,0.0,0.0,-0.0,0.0,0.0,0.0,False,False
2004-05-20,0.0,0.0,0.0,0.0,0.0,0.0,0.0,False,False
2004-05-21,-0.0,0.0,0.0,-0.0,0.0,0.0,0.0,False,False
2004-05-24,-0.0,0.0,0.0,-0.0,0.0,0.0,0.0,False,False
2004-05-25,-0.0,0.0,0.0,-0.0,-23635.303374808027,-1.0,0.0,False,False
2004-05-26,0.0,68.78530936734307,0.0,-68.78530936734307,-23820.412100736303,-1.0,0.0,False,False
2004-05-27,348.95961825383563,0.5467909051195466,0.0,348.41282734871606,-23955.951671923194,-1.0,-1.0,False,False
2004-05-28,-315.77491545644693,0.39513100246462934,0.0,-316.17004645891154,-24103.76454382319,-1.0,-1.0,False,False
2004-06-01,-27.253642402641628,0.43042100482242635,0.0,-27.684063407464055,-24303.415441068195,-1.0,-1.0,False,False
2004-06-02,-68.47660381767611,0.5797228602723278,0.0,-69.05632667794843,-24502.65420647861,-1.0,-1.0,False,False
2004-06-03,68.84820238262526,136.4599601438502,136.4599601438502,-67.61175776122494,0.0,0.0,-1.0,False,False
2004-06-04,-240.6152622567411,67.84230297579843,0.0,-308.45756523253954,0.0,0.0,-1.0,False,False
2004-06-07,-0.0,0.0,0.0,-0.0,0.0,0.0,0.0,False,False
2004-06-08,-0.0,0.0,0.0,-0.0,-24993.724264947738,-1.0,0.0,False,False
2004-06-09,0.0,71.72051335826269,0.0,-71.72051335826269,-25183.389991302913,-1.0,0.0,False,False
2004-06-10,405.83314875894933,0.5532366804611683,0.0,405.27991207848817,-25303.68834932253,-1.0,-1.0,False,False
2004-06-11,,,0.0,,-25303.68834932253,-1.0,-1.0,False,False
2004-06-14,,0.0,0.0,,-25303.68834932253,-1.0,-1.0,False,False
2004-06-15,489.65589292940695,0.0,0.0,489.65589292940695,-25386.18129295245,-1.0,-1.0,False,False
2004-06-16,190.91581459152013,0.24723762345224792,0.0,190.6685769680679,-25577.160917308058,-1.0,-1.0,False,False
2004-06-17,-59.38288021743094,0.5710446760924697,0.0,-59.95392489352341,-25787.48474926856,-1.0,-1.0,False,False
2004-06-18,208.91496665245742,0.634064493410333,0.0,208.2809021590471,-25977.30089958799,-1.0,-1.0,False,False
2004-06-21,-394.39682557704486,0.5636197974432714,0.0,-394.96044537448813,-26106.489245273446,-1.0,-1.0,False,False
2004-06-22,737.478414878221,0.3948063635288972,0.0,737.0836085146921,-26024.65530766631,-1.0,-1.0,False,False
2004-06-23,1525.6028300756093,0.2656104688008638,0.0,1525.3372196068085,-25052.030719439783,-1.0,-1.0,False,False
2004-06-24,-379.0798429869045,3.1115486982902367,0.0,-382.19139168519473,-25189.593429293338,-1.0,-1.0,False,False
2004-06-25,-328.3974064346075,0.434386252618281,0.0,-328.83179268722574,-25340.683449626096,-1.0,-1.0,False,False
2004-06-28,-217.28546396185834,0.47302159694892265,0.0,-217.75848555880725,0.0,0.0,-1.0,False,False
2004-06-29,603.7181762586507,81.27096538131023,0.0,522.4472108773405,0.0,0.0,-1.0,False,False
2004-06-30,-0.0,0.0,0.0,-0.0,0.0,0.0,0.0,False,False
2004-07-01,0.0,0.0,0.0,0.0,0.0,0.0,0.0,False,False
2004-07-02,-0.0,0.0,0.0,-0.0,0.0,0.0,0.0,False,False
2004-07-06,0.0,0.0,0.0,0.0,0.0,0.0,0.0,False,False
2004-07-07,-0.0,0.0,0.0,-0.0,0.0,0.0,0.0,False,False
2004-07-08,0.0,0.0,0.0,0.0,0.0,0.0,0.0,False,False
2004-07-09,0.0,0.0,0.0,0.0,-25256.616665471254,-1.0,0.0,False,False
2004-07-12,0.0,68.01900179219136,0.0,-68.01900179219136,-25466.218737960877,-1.0,0.0,False,False
2004-07-13,318.5280083927024,0.5716927203349205,0.0,317.9563156723675,-25622.118320037178,-1.0,-1.0,False,False
2004-07-14,67.76535055337767,0.4263529125619228,0.0,67.33899764081575,-25832.23205126035,-1.0,-1.0,False,False
2004-07-15,-123.0517955604756,0.5718708829095921,0.0,-123.62366644338519,-26038.196569201744,-1.0,-1.0,False,False
2004-07-16,-164.62388986464182,0.5570280498414978,0.0,-165.18091791448333,-26239.11695125832,-1.0,-1.0,False,False
2004-07-19,-41.22141937076678,0.542527375152763,0.0,-41.76394674591955,-26455.914050331576,-1.0,-1.0,False,False
2004-07-20,718.8799164728306,0.6018879375679547,0.0,718.2780285352626,-26385.95085870481,-1.0,-1.0,False,False
2004-07-21,-974.5407125799286,0.1873361322294503,0.0,-974.728048712158,-26092.315726745015,-1.0,-1.0,False,False
2004-07-22,992.5749539324717,0.81698156964927,0.0,991.7579723628224,-25792.215205603257,-1.0,-1.0,False,False
2004-07-23,42.49562821945155,0.8363323386903255,0.0,41.65929588076122,-26005.298518092095,-1.0,-1.0,False,False
2004-07-26,-224.40208988017915,0.5887072649624222,0.0,-224.99079714514156,-26192.970785310827,-1.0,-1.0,False,False
2004-07-27,939.2749329984719,0.5379308554228184,0.0,938.737002143049,-25927.522063335124,-1.0,-1.0,False,False
2004-07-28,556.6738757504564,0.7773855429288444,0.0,555.8964902075276,-25977.574055401154,-1.0,-1.0,False,False
2004-07-29,948.2065211733992,0.15214499367639583,0.0,948.0543761797228,-25710.378140598776,-1.0,-1.0,False,False
2004-07-30,277.34064827830326,0.8209706614881218,0.0,276.51967761681516,-25882.826027861065,-1.0,-1.0,False,False
2004-08-02,416.1751857291171,0.5385712505906358,0.0,415.6366144785265,-26001.952730518307,-1.0,-1.0,False,False
2004-08-03,-268.13409047753765,0.36822940356958184,0.0,-268.5023198811072,-26177.882232808326,-1.0,-1.0,False,False
2004-08-04,-235.2408268744083,0.538935265532783,0.0,-235.77976213994108,-26364.094269441724,-1.0,-1.0,False,False
2004-08-05,-1376.9597348996595,135.24742821397868,135.24742821397868,-1512.2071631136382,-25570.284973079953,-1.0,-1.0,False,False
2004-08-06,-569.3902830667954,2.0001340431927614,0.0,-571.3904171099882,0.0,0.0,-1.0,False,False
2004-08-09,540.5714129018855,65.82004544803354,0.0,474.751367453852,0.0,0.0,-1.0,False,False
2004-08-10,-0.0,0.0,0.0,-0.0,0.0,0.0,0.0,False,False
2004-08-11,0.0,0.0,0.0,0.0,0.0,0.0,0.0,False,False
2004-08-12,-0.0,0.0,0.0,-0.0,0.0,0.0,0.0,False,False
2004-08-13,-0.0,0.0,0.0,-0.0,0.0,0.0,0.0,False,False
2004-08-16,-0.0,0.0,0.0,-0.0,0.0,0.0,0.0,False,False
2004-08-17,-0.0,0.0,0.0,-0.0,0.0,0.0,0.0,False,False
2004-08-18,-0.0,0.0,0.0,-0.0,0.0,0.0,0.0,False,False
2004-08-19,0.0,0.0,0.0,0.0,0.0,0.0,0.0,False,False
2004-08-20,-0.0,0.0,0.0,-0.0,-26393.153559749357,-1.0,0.0,False,False
2004-08-23,-0.0,77.42696736904148,0.0,-77.42696736904148,-26571.790713422517,-1.0,0.0,False,False
2004-08-24,558.9849351520998,0.5353891301607876,0.0,558.449546021939,-26615.87329994133,-1.0,-1.0,False,False
2004-08-25,932.3435338043017,0.13692318539934217,0.0,932.2066106189023,-26358.339891305248,-1.0,-1.0,False,False
2004-08-26,145.17749072695364,0.8043014742595483,0.0,144.3731892526941,-26565.55590395896,-1.0,-1.0,False,False
2004-08-27,417.6214729883858,0.6575740339630207,0.0,416.96389895442275,-26686.919403109056,-1.0,-1.0,False,False
2004-08-30,-477.02855802775275,0.378338158846859,0.0,-477.4068961865996,-26779.558410281097,-1.0,-1.0,False,False
2004-08-31,438.2888223138395,0.2936146640424943,0.0,437.995207649797,-26892.779187516826,-1.0,-1.0,False,False
2004-09-01,248.41890918627942,158.72517610427832,158.72517610427832,89.6937330820011,-27080.590200273473,-1.0,-1.0,False,False
2004-09-02,1132.8175883951135,0.5798382170950697,0.0,1132.2377501780184,-26588.42536171849,-1.0,-1.0,False,False
2004-09-03,163.13608554381813,1.5286938167238064,0.0,161.60739172709432,-26794.648212226035,-1.0,-1.0,False,False
2004-09-07,563.9969016122141,0.6544223584217718,0.0,563.3424792537922,-26835.575997933254,-1.0,-1.0,False,False
2004-09-08,-33.18222688820362,0.12971855395763696,0.0,-33.31194544216126,-27057.654152389954,-1.0,-1.0,False,False
2004-09-09,215.746745808985,0.7095701630864009,0.0,215.0371756458986,-27255.13218619083,-1.0,-1.0,False,False
2004-09-10,320.50837212930776,0.6385330745927346,0.0,319.86983905471504,-27421.364253408086,-1.0,-1.0,False,False
2004-09-13,429.8916748610544,0.546114964415669,0.0,429.34555989663875,-27540.950362392086,-1.0,-1.0,False,False
2004-09-14,703.1119039335413,0.40320974246250013,0.0,702.7086941910787,-27483.18533609577,-1.0,-1.0,False,False
2004-09-15,-507.33329614933257,0.1912440308582878,0.0,-507.52454018019085,0.0,0.0,-1.0,False,False
2004-09-16,-53.26198708545701,90.81323329947828,0.0,-144.07522038493528,0.0,0.0,-1.0,False,False
2004-09-17,0.0,0.0,0.0,0.0,0.0,0.0,0.0,False,False
2004-09-20,0.0,0.0,0.0,0.0,0.0,0.0,0.0,False,False
2004-09-21,-0.0,0.0,0.0,-0.0,-28261.610989430985,-1.0,0.0,False,False
2004-09-22,0.0,92.84663866720116,0.0,-92.84663866720116,-28359.82788797531,-1.0,0.0,False,False
2004-09-23,-18.116417300917234,0.32246098977556753,0.0,-18.438878290692802,-28594.984735627044,-1.0,-1.0,False,False
2004-09-24,472.3610026184224,0.7851327975342945,0.0,471.5758698208881,-28695.918294250583,-1.0,-1.0,False,False
2004-09-27,-316.68712736525333,0.3333018607897158,0.0,-317.02042922604306,-28872.888194636063,-1.0,-1.0,False,False
2004-09-28,1053.9093703429655,0.6066693909535696,0.0,1053.302700952012,-28448.474183225124,-1.0,-1.0,False,False
2004-09-29,1158.7781215238547,1.5157643264676415,0.0,1157.262357197387,-27930.159733937715,-1.0,-1.0,False,False
2004-09-30,237.89664822209093,1.866733346871378,0.0,236.02991487521956,-28129.742876814456,-1.0,-1.0,False,False
2004-10-01,1295.4255393112408,0.753768317791673,0.0,1294.6717709934492,-27400.629496483965,-1.0,-1.0,False,False
2004-10-04,-518.2340249965836,2.703839416927473,0.0,-520.9378644135111,0.0,0.0,-1.0,False,False
2004-10-05,-99.13397068192766,101.24601742572483,0.0,-200.37998810765248,0.0,0.0,-1.0,False,False
2004-10-06,-0.0,0.0,0.0,-0.0,0.0,0.0,0.0,False,False
2004-10-07,0.0,0.0,0.0,0.0,0.0,0.0,0.0,False,False
2004-10-08,0.0,0.0,0.0,0.0,0.0,0.0,0.0,False,False
2004-10-11,-0.0,0.0,0.0,-0.0,0.0,0.0,0.0,False,False
2004-10-12,0.0,0.0,0.0,0.0,0.0,0.0,0.0,False,False
2004-10-13,0.0,0.0,0.0,0.0,0.0,0.0,0.0,False,False
2004-10-14,0.0,0.0,0.0,0.0,0.0,0.0,0.0,False,False
2004-10-15,-0.0,0.0,0.0,-0.0,0.0,0.0,0.0,False,False
2004-10-18,-0.0,0.0,0.0,-0.0,0.0,0.0,0.0,False,False
2004-10-19,0.0,0.0,0.0,0.0,0.0,0.0,0.0,False,False
2004-10-20,0.0,0.0,0.0,0.0,0.0,0.0,0.0,False,False
2004-10-21,-0.0,0.0,0.0,-0.0,0.0,0.0,0.0,False,False
2004-10-22,0.0,0.0,0.0,0.0,0.0,0.0,0.0,False,False
2004-10-25,0.0,0.0,0.0,0.0,0.0,0.0,0.0,False,False
2004-10-26,-0.0,0.0,0.0,-0.0,0.0,0.0,0.0,False,False
2004-10-27,0.0,0.0,0.0,0.0,0.0,0.0,0.0,False,False
2004-10-28,-0.0,0.0,0.0,-0.0,0.0,0.0,0.0,False,False
2004-10-29,0.0,0.0,0.0,0.0,0.0,0.0,0.0,False,False
2004-11-01,0.0,0.0,0.0,0.0,0.0,0.0,0.0,False,False
2004-11-02,-0.0,0.0,0.0,-0.0,27489.229546076436,1.0,0.0,False,False
2004-11-03,-0.0,98.58803458617336,0.0,-98.58803458617336,0.0,0.0,0.0,False,False
2004-11-04,-1096.4913114950064,92.14015789643017,92.14015789643017,-1188.6314693914364,0.0,0.0,1.0,False,False
2004-11-05,-0.0,0.0,0.0,-0.0,0.0,0.0,0.0,False,False
2004-11-08,0.0,0.0,0.0,0.0,0.0,0.0,0.0,False,False
2004-11-09,-0.0,0.0,0.0,-0.0,0.0,0.0,0.0,False,False
2004-11-10,-0.0,0.0,0.0,-0.0,0.0,0.0,0.0,False,False
2004-11-11,-0.0,0.0,0.0,-0.0,0.0,0.0,0.0,False,False
2004-11-12,-0.0,0.0,0.0,-0.0,0.0,0.0,0.0,False,False
2004-11-15,0.0,0.0,0.0,0.0,0.0,0.0,0.0,False,False
2004-11-16,0.0,0.0,0.0,0.0,0.0,0.0,0.0,False,False
2004-11-17,-0.0,0.0,0.0,-0.0,0.0,0.0,0.0,False,False
2004-11-18,0.0,0.0,0.0,0.0,0.0,0.0,0.0,False,False
2004-11-19,0.0,0.0,0.0,0.0,0.0,0.0,0.0,False,False
2004-11-22,-0.0,0.0,0.0,-0.0,0.0,0.0,0.0,False,False
2004-11-23,-0.0,0.0,0.0,-0.0,0.0,0.0,0.0,False,False
2004-11-24,-0.0,0.0,0.0,-0.0,0.0,0.0,0.0,False,False
2004-11-26,-0.0,0.0,0.0,-0.0,0.0,0.0,0.0,False,False
2004-11-29,0.0,0.0,0.0,0.0,0.0,0.0,0.0,False,False
2004-11-30,0.0,0.0,0.0,0.0,0.0,0.0,0.0,False,False
2004-12-01,-0.0,0.0,0.0,-0.0,0.0,0.0,0.0,False,False
2004-12-02,-0.0,0.0,0.0,-0.0,0.0,0.0,0.0,False,False
2004-12-03,-0.0,0.0,0.0,-0.0,0.0,0.0,0.0,False,False
2004-12-06,-0.0,0.0,0.0,-0.0,0.0,0.0,0.0,False,False
2004-12-07,0.0,0.0,0.0,0.0,0.0,0.0,0.0,False,False
2004-12-08,-0.0,0.0,0.0,-0.0,0.0,0.0,0.0,False,False
2004-12-09,-0.0,0.0,0.0,-0.0,0.0,0.0,0.0,False,False
2004-12-10,-0.0,0.0,0.0,-0.0,0.0,0.0,0.0,False,False
2004-12-13,-0.0,0.0,0.0,-0.0,0.0,0.0,0.0,False,False
2004-12-14,0.0,0.0,0.0,0.0,0.0,0.0,0.0,False,False
2004-12-15,0.0,0.0,0.0,0.0,0.0,0.0,0.0,False,False
2004-12-16,-0.0,0.0,0.0,-0.0,0.0,0.0,0.0,False,False
2004-12-17,0.0,0.0,0.0,0.0,-30734.311145257143,-1.0,0.0,False,False
2004-12-20,-0.0,114.38877604897813,0.0,-114.38877604897813,-30986.467335823203,-1.0,0.0,False,False
2004-12-21,602.633551867785,0.9572596123341172,0.0,601.6762922554508,-31004.195636306136,-1.0,-1.0,False,False
2004-12-22,-68.85881630183323,0.06715265334444419,0.0,-68.92596895517768,-31258.380402419072,-1.0,-1.0,False,False
2004-12-23,183.32118631962777,0.9685479006162057,0.0,182.35263841901156,-31495.20522237819,-1.0,-1.0,False,False
2004-12-27,-46.48086305192581,0.9010595414183222,0.0,-47.38192259334413,-31755.118095802765,-1.0,-1.0,False,False
2004-12-28,93.52696428322396,0.9918492005219264,0.0,92.53511508270203,-32012.673156818673,-1.0,-1.0,False,False
2004-12-29,23.64491295295083,0.9835839699750587,0.0,22.66132898297577,-32277.95791308446,-1.0,-1.0,False,False
2004-12-30,-143.1267056191674,1.0085937506395872,0.0,-144.135299369807,-32531.60479798847,-1.0,-1.0,False,False
2004-12-31,-95.78029054327706,0.9614942937374649,0.0,-96.74178483701452,0.0,0.0,-1.0,False,False
2005-01-03,-745.9169739183776,120.55276543000066,0.0,-866.4697393483783,0.0,0.0,-1.0,False,False
2005-01-04,0.0,0.0,0.0,0.0,0.0,0.0,0.0,False,False
2005-01-05,0.0,0.0,0.0,0.0,0.0,0.0,0.0,False,False
2005-01-06,-0.0,0.0,0.0,-0.0,0.0,0.0,0.0,False,False
2005-01-07,-0.0,0.0,0.0,-0.0,0.0,0.0,0.0,False,False
2005-01-10,-0.0,0.0,0.0,-0.0,0.0,0.0,0.0,False,False
2005-01-11,0.0,0.0,0.0,0.0,0.0,0.0,0.0,False,False
2005-01-12,-0.0,0.0,0.0,-0.0,0.0,0.0,0.0,False,False
2005-01-13,0.0,0.0,0.0,0.0,0.0,0.0,0.0,False,False
2005-01-14,-0.0,0.0,0.0,-0.0,-33695.561485304795,-1.0,0.0,False,False
2005-01-18,-0.0,126.79130147737673,0.0,-126.79130147737673,-33208.60241035346,-1.0,0.0,False,False
2005-01-19,-395.8362582708377,1.811077836811033,0.0,-397.6473361076487,0.0,0.0,-1.0,False,False
2005-01-20,-361.4869638282332,122.17809573084097,0.0,-483.66505955907417,0.0,0.0,-1.0,False,False
2005-01-21,0.0,0.0,0.0,0.0,0.0,0.0,0.0,False,False
2005-01-24,-0.0,0.0,0.0,-0.0,0.0,0.0,0.0,False,False
2005-01-25,-0.0,0.0,0.0,-0.0,0.0,0.0,0.0,False,False
2005-01-26,-0.0,0.0,0.0,-0.0,0.0,0.0,0.0,False,False
2005-01-27,-0.0,0.0,0.0,-0.0,0.0,0.0,0.0,False,False
2005-01-28,-0.0,0.0,0.0,-0.0,0.0,0.0,0.0,False,False
2005-01-31,-0.0,0.0,0.0,-0.0,0.0,0.0,0.0,False,False
2005-02-01,-0.0,0.0,0.0,-0.0,-33816.0335380902,-1.0,0.0,False,False
2005-02-02,-0.0,142.1715930128895,0.0,-142.1715930128895,-32225.38605292699,-1.0,0.0,False,False
2005-02-03,-277.4079863666159,266.92608470344095,266.92608470344095,-544.3340710700568,-32445.23943669696,-1.0,-1.0,False,False
2005-02-04,1169.059746399556,0.9220528574640672,0.0,1168.137693542092,-31802.334233800677,-1.0,-1.0,False,False
2005-02-07,53.10186487184702,2.7007288236421743,0.0,50.40113604820485,0.0,0.0,-1.0,False,False
2005-02-08,-286.74235784574023,132.40208200505973,0.0,-419.1444398507999,0.0,0.0,-1.0,False,False
2005-02-09,0.0,0.0,0.0,0.0,0.0,0.0,0.0,False,False
2005-02-10,-0.0,0.0,0.0,-0.0,0.0,0.0,0.0,False,False
2005-02-11,-0.0,0.0,0.0,-0.0,0.0,0.0,0.0,False,False
2005-02-14,0.0,0.0,0.0,0.0,0.0,0.0,0.0,False,False
2005-02-15,0.0,0.0,0.0,0.0,0.0,0.0,0.0,False,False
2005-02-16,-0.0,0.0,0.0,-0.0,0.0,0.0,0.0,False,False
2005-02-17,0.0,0.0,0.0,0.0,0.0,0.0,0.0,False,False
2005-02-18,0.0,0.0,0.0,0.0,0.0,0.0,0.0,False,False
2005-02-22,0.0,0.0,0.0,0.0,0.0,0.0,0.0,False,False
2005-02-23,-0.0,0.0,0.0,-0.0,0.0,0.0,0.0,False,False
2005-02-24,-0.0,0.0,0.0,-0.0,0.0,0.0,0.0,False,False
2005-02-25,-0.0,0.0,0.0,-0.0,0.0,0.0,0.0,False,False
2005-02-28,0.0,0.0,0.0,0.0,0.0,0.0,0.0,False,False
2005-03-01,-0.0,0.0,0.0,-0.0,0.0,0.0,0.0,False,False
2005-03-02,0.0,0.0,0.0,0.0,0.0,0.0,0.0,False,False
2005-03-03,0.0,0.0,0.0,0.0,0.0,0.0,0.0,False,False
2005-03-04,-0.0,0.0,0.0,-0.0,0.0,0.0,0.0,False,False
2005-03-07,-0.0,0.0,0.0,-0.0,0.0,0.0,0.0,False,False
2005-03-08,0.0,0.0,0.0,0.0,0.0,0.0,0.0,False,False
2005-03-09,0.0,0.0,0.0,0.0,0.0,0.0,0.0,False,False
2005-03-10,-0.0,0.0,0.0,-0.0,0.0,0.0,0.0,False,False
2005-03-11,0.0,0.0,0.0,0.0,0.0,0.0,0.0,False,False
2005-03-14,0.0,0.0,0.0,0.0,0.0,0.0,0.0,False,False
2005-03-15,0.0,0.0,0.0,0.0,0.0,0.0,0.0,False,False
2005-03-16,0.0,0.0,0.0,0.0,0.0,0.0,0.0,False,False
2005-03-17,0.0,0.0,0.0,0.0,0.0,0.0,0.0,False,False
2005-03-18,0.0,0.0,0.0,0.0,0.0,0.0,0.0,False,False
2005-03-21,0.0,0.0,0.0,0.0,0.0,0.0,0.0,False,False
2005-03-22,0.0,0.0,0.0,0.0,0.0,0.0,0.0,False,False
2005-03-23,0.0,0.0,0.0,0.0,0.0,0.0,0.0,False,False
2005-03-24,-0.0,0.0,0.0,-0.0,0.0,0.0,0.0,False,False
2005-03-28,0.0,0.0,0.0,0.0,0.0,0.0,0.0,False,False
2005-03-29,0.0,0.0,0.0,0.0,0.0,0.0,0.0,False,False
2005-03-30,-0.0,0.0,0.0,-0.0,0.0,0.0,0.0,False,False
2005-03-31,-0.0,0.0,0.0,-0.0,0.0,0.0,0.0,False,False
2005-04-01,0.0,0.0,0.0,0.0,0.0,0.0,0.0,False,False
2005-04-04,0.0,0.0,0.0,0.0,0.0,0.0,0.0,False,False
2005-04-05,-0.0,0.0,0.0,-0.0,0.0,0.0,0.0,False,False
2005-04-06,-0.0,0.0,0.0,-0.0,0.0,0.0,0.0,False,False
2005-04-07,-0.0,0.0,0.0,-0.0,0.0,0.0,0.0,False,False
2005-04-08,-0.0,0.0,0.0,-0.0,0.0,0.0,0.0,False,False
2005-04-11,-0.0,0.0,0.0,-0.0,-34551.879441155645,-1.0,0.0,False,False
2005-04-12,-0.0,130.10902434674702,0.0,-130.10902434674702,-34331.09240736814,-1.0,0.0,False,False
2005-04-13,-1294.743461792019,0.8013693683859568,0.0,-1295.5448311604048,0.0,0.0,-1.0,False,False
2005-04-14,-1969.4181905076675,117.8478557185276,0.0,-2087.266046226195,0.0,0.0,-1.0,False,False
2005-04-15,0.0,0.0,0.0,0.0,30422.867983496464,1.0,0.0,False,False
2005-04-18,0.0,99.94692206116628,0.0,-99.94692206116628,30675.344246048953,1.0,0.0,False,False
2005-04-19,-1150.6084686065963,0.8620525287018698,0.0,-1151.4705211352982,0.0,0.0,1.0,False,False
2005-04-20,797.027598664828,102.0851553642863,0.0,694.9424433005418,0.0,0.0,1.0,False,False
2005-04-21,-0.0,0.0,0.0,-0.0,0.0,0.0,0.0,False,False
2005-04-22,0.0,0.0,0.0,0.0,0.0,0.0,0.0,False,False
2005-04-25,-0.0,0.0,0.0,-0.0,0.0,0.0,0.0,False,False
2005-04-26,0.0,0.0,0.0,0.0,0.0,0.0,0.0,False,False
2005-04-27,0.0,0.0,0.0,0.0,0.0,0.0,0.0,False,False
2005-04-28,0.0,0.0,0.0,0.0,27144.42462763873,1.0,0.0,False,False
2005-04-29,-0.0,90.33453001081072,0.0,-90.33453001081072,0.0,0.0,0.0,False,False
2005-05-02,-793.1812391193146,93.05362957635353,0.0,-886.2348686956681,0.0,0.0,1.0,False,False
2005-05-03,-0.0,0.0,0.0,-0.0,0.0,0.0,0.0,False,False
2005-05-04,-0.0,0.0,0.0,-0.0,0.0,0.0,0.0,False,False
2005-05-05,-0.0,0.0,0.0,-0.0,0.0,0.0,0.0,False,False
2005-05-06,0.0,0.0,0.0,0.0,0.0,0.0,0.0,False,False
2005-05-09,-0.0,0.0,0.0,-0.0,0.0,0.0,0.0,False,False
2005-05-10,0.0,0.0,0.0,0.0,0.0,0.0,0.0,False,False
2005-05-11,0.0,0.0,0.0,0.0,0.0,0.0,0.0,False,False
2005-05-12,0.0,0.0,0.0,0.0,0.0,0.0,0.0,False,False
2005-05-13,0.0,0.0,0.0,0.0,0.0,0.0,0.0,False,False
2005-05-16,-0.0,0.0,0.0,-0.0,0.0,0.0,0.0,False,False
2005-05-17,-0.0,0.0,0.0,-0.0,0.0,0.0,0.0,False,False
2005-05-18,-0.0,0.0,0.0,-0.0,0.0,0.0,0.0,False,False
2005-05-19,-0.0,0.0,0.0,-0.0,0.0,0.0,0.0,False,False
2005-05-20,-0.0,0.0,0.0,-0.0,0.0,0.0,0.0,False,False
2005-05-23,-0.0,0.0,0.0,-0.0,0.0,0.0,0.0,False,False
2005-05-24,-0.0,0.0,0.0,-0.0,0.0,0.0,0.0,False,False
2005-05-25,0.0,0.0,0.0,0.0,-26400.427919340702,-1.0,0.0,False,False
2005-05-26,-0.0,103.28411686001611,0.0,-103.28411686001611,-26088.732469139668,-1.0,0.0,False,False
2005-05-27,-141.07098888196788,1.2129378756873952,0.0,-142.28392675765528,-26294.511284026867,-1.0,-1.0,False,False
2005-05-31,-198.092122013213,0.7947373220021803,0.0,-198.88685933521518,0.0,0.0,-1.0,False,False
2005-06-01,515.190123123358,103.58137611886065,0.0,411.6087470044974,0.0,0.0,-1.0,False,False
2005-06-02,-0.0,0.0,0.0,-0.0,0.0,0.0,0.0,False,False
2005-06-03,0.0,0.0,0.0,0.0,0.0,0.0,0.0,False,False
2005-06-06,-0.0,0.0,0.0,-0.0,0.0,0.0,0.0,False,False
2005-06-07,0.0,0.0,0.0,0.0,0.0,0.0,0.0,False,False
2005-06-08,0.0,0.0,0.0,0.0,0.0,0.0,0.0,False,False
2005-06-09,-0.0,0.0,0.0,-0.0,0.0,0.0,0.0,False,False
2005-06-10,0.0,0.0,0.0,0.0,0.0,0.0,0.0,False,False
2005-06-13,-0.0,0.0,0.0,-0.0,0.0,0.0,0.0,False,False
2005-06-14,-0.0,0.0,0.0,-0.0,0.0,0.0,0.0,False,False
2005-06-15,-0.0,0.0,0.0,-0.0,0.0,0.0,0.0,False,False
2005-06-16,-0.0,0.0,0.0,-0.0,0.0,0.0,0.0,False,False
2005-06-17,0.0,0.0,0.0,0.0,0.0,0.0,0.0,False,False
2005-06-20,0.0,0.0,0.0,0.0,0.0,0.0,0.0,False,False
2005-06-21,-0.0,0.0,0.0,-0.0,-29280.36737673634,-1.0,0.0,False,False
2005-06-22,0.0,108.11374841914535,0.0,-108.11374841914535,-29523.362143878363,-1.0,0.0,False,False
2005-06-23,-168.7629243615892,0.892083224643889,0.0,-169.6550075862331,-29750.2888054615,-1.0,-1.0,False,False
2005-06-24,-634.4562065303393,0.8155674197851158,0.0,-635.2717739501244,-29742.965824542513,-1.0,-1.0,False,False
2005-06-27,292.0785717226259,0.026579516437541396,0.0,292.05199220618834,-29936.24294430423,-1.0,-1.0,False,False
2005-06-28,526.6105847121552,0.7141638347359823,0.0,525.8964208774192,-30008.162973566337,-1.0,-1.0,False,False
2005-06-29,-388.5020713752565,0.26234174374967584,0.0,-388.7644131190062,-30161.29066806979,-1.0,-1.0,False,False
2005-06-30,-64.07436933857628,0.5573717573367819,0.0,-64.63174109591306,-30408.94767912165,-1.0,-1.0,False,False
2005-07-01,42.84274242624341,0.9027327038696975,0.0,41.940009722373716,-30660.10714493185,-1.0,-1.0,False,False
2005-07-05,475.81568203461734,0.9300522126280902,0.0,474.88562982198926,-30766.208369159736,-1.0,-1.0,False,False
2005-07-06,-265.83907929131567,0.38951917920337376,0.0,-266.22859847051905,-30975.2800453321,-1.0,-1.0,False,False
2005-07-07,-220.38831209999427,0.762085590599831,0.0,-221.1503976905941,-31200.099564345597,-1.0,-1.0,False,False
2005-07-08,815.1389485613666,0.8416362563507485,0.0,814.2973123050159,-31022.907410716372,-1.0,-1.0,False,False
2005-07-11,364.64689045254283,0.6711824001107,0.0,363.97570805243214,-31194.363972107876,-1.0,-1.0,False,False
2005-07-12,321.0056938285516,0.6562471076411179,0.0,320.3494467209105,-31384.650555852888,-1.0,-1.0,False,False
2005-07-13,489.23199657525134,0.7399231727565897,0.0,488.4920734024948,-31485.322504304986,-1.0,-1.0,False,False
2005-07-14,404.8096050451465,0.3965747392905481,0.0,404.41303030585595,-31637.232679419496,-1.0,-1.0,False,False
2005-07-15,290.41035361388043,0.603987313779568,0.0,289.8063663001009,-31842.89512799674,-1.0,-1.0,False,False
2005-07-18,98.17605175925658,0.8202490653372593,0.0,97.35580269391932,-32100.574520901442,-1.0,-1.0,False,False
2005-07-19,520.3897258271822,1.0447839308833828,0.0,519.3449418962989,-32181.5207360759,-1.0,-1.0,False,False
2005-07-20,279.35626560911214,0.33108487850686635,0.0,279.02518073060526,-32395.277036839536,-1.0,-1.0,False,False
2005-07-21,205.46860805156385,0.8799205151916683,0.0,204.5886875363722,-32634.816780727593,-1.0,-1.0,False,False
2005-07-22,494.3857539758641,1.0013386520605985,0.0,493.38441532380347,-32735.57363924521,-1.0,-1.0,False,False
2005-07-25,-239.57043313747533,0.4181205667229001,0.0,-239.98855370419824,-32967.28668165549,-1.0,-1.0,False,False
2005-07-26,-238.55883623741747,0.9546055806693597,0.0,-239.51344181808682,-33200.66080473358,-1.0,-1.0,False,False
2005-07-27,344.5134460301676,0.9716022589563229,0.0,343.5418437712113,-33391.884993772015,-1.0,-1.0,False,False
2005-07-28,512.4391188382868,0.8086006343415548,0.0,511.6305182039453,-33482.74619121939,-1.0,-1.0,False,False
2005-07-29,-523.4701442917961,0.37828077734995763,0.0,-523.8484250691461,-33566.962951132205,-1.0,-1.0,False,False
2005-08-01,-380.7948388928314,0.34667541731178947,0.0,-381.14151431014324,0.0,0.0,-1.0,False,False
2005-08-02,134.80708012502689,138.7344234875424,0.0,-3.9273433625155008,0.0,0.0,-1.0,False,False
2005-08-03,0.0,0.0,0.0,0.0,0.0,0.0,0.0,False,False
2005-08-04,0.0,0.0,0.0,0.0,0.0,0.0,0.0,False,False
2005-08-05,0.0,0.0,0.0,0.0,0.0,0.0,0.0,False,False
2005-08-08,0.0,0.0,0.0,0.0,0.0,0.0,0.0,False,False
2005-08-09,-0.0,0.0,0.0,-0.0,0.0,0.0,0.0,False,False
2005-08-10,0.0,0.0,0.0,0.0,0.0,0.0,0.0,False,False
2005-08-11,-0.0,0.0,0.0,-0.0,0.0,0.0,0.0,False,False
2005-08-12,0.0,0.0,0.0,0.0,0.0,0.0,0.0,False,False
2005-08-15,-0.0,0.0,0.0,-0.0,0.0,0.0,0.0,False,False
2005-08-16,0.0,0.0,0.0,0.0,0.0,0.0,0.0,False,False
2005-08-17,-0.0,0.0,0.0,-0.0,0.0,0.0,0.0,False,False
2005-08-18,-0.0,0.0,0.0,-0.0,0.0,0.0,0.0,False,False
2005-08-19,-0.0,0.0,0.0,-0.0,0.0,0.0,0.0,False,False
2005-08-22,-0.0,0.0,0.0,-0.0,0.0,0.0,0.0,False,False
2005-08-23,0.0,0.0,0.0,0.0,0.0,0.0,0.0,False,False
2005-08-24,0.0,0.0,0.0,0.0,0.0,0.0,0.0,False,False
2005-08-25,0.0,0.0,0.0,0.0,0.0,0.0,0.0,False,False
2005-08-26,0.0,0.0,0.0,0.0,0.0,0.0,0.0,False,False
2005-08-29,-0.0,0.0,0.0,-0.0,0.0,0.0,0.0,False,False
2005-08-30,0.0,0.0,0.0,0.0,0.0,0.0,0.0,False,False
2005-08-31,-0.0,0.0,0.0,-0.0,0.0,0.0,0.0,False,False
2005-09-01,0.0,0.0,0.0,0.0,0.0,0.0,0.0,False,False
2005-09-02,0.0,0.0,0.0,0.0,0.0,0.0,0.0,False,False
2005-09-06,-0.0,0.0,0.0,-0.0,0.0,0.0,0.0,False,False
2005-09-07,-0.0,0.0,0.0,-0.0,0.0,0.0,0.0,False,False
2005-09-08,0.0,0.0,0.0,0.0,0.0,0.0,0.0,False,False
2005-09-09,-0.0,0.0,0.0,-0.0,0.0,0.0,0.0,False,False
2005-09-12,-0.0,0.0,0.0,-0.0,-38704.41585349776,-1.0,0.0,False,False
2005-09-13,0.0,143.94784560898117,0.0,-143.94784560898117,-38914.738722755494,-1.0,0.0,False,False
2005-09-14,28.08738450907312,0.7827920878328816,0.0,27.30459242124024,0.0,0.0,-1.0,False,False
2005-09-15,169.5631316895687,145.4690269541371,0.0,24.094104735431614,0.0,0.0,-1.0,False,False
2005-09-16,-0.0,0.0,0.0,-0.0,-39590.88663704179,-1.0,0.0,False,False
2005-09-19,0.0,149.3033804377036,0.0,-149.3033804377036,-39873.4521530064,-1.0,0.0,False,False
2005-09-20,-203.9265684027152,1.060137825269866,0.0,-204.98670622798505,-40168.791381896204,-1.0,-1.0,False,False
2005-09-21,-934.077942090926,1.082699247539514,0.0,-935.1606413384654,0.0,0.0,-1.0,False,False
2005-09-22,-574.6608209141085,145.1798701214514,0.0,-719.8406910355599,0.0,0.0,-1.0,False,False
2005-09-23,-0.0,0.0,0.0,-0.0,0.0,0.0,0.0,False,False
2005-09-26,-0.0,0.0,0.0,-0.0,0.0,0.0,0.0,False,False
2005-09-27,-0.0,0.0,0.0,-0.0,0.0,0.0,0.0,False,False
2005-09-28,-0.0,0.0,0.0,-0.0,0.0,0.0,0.0,False,False
2005-09-29,-0.0,0.0,0.0,-0.0,0.0,0.0,0.0,False,False
2005-09-30,-0.0,0.0,0.0,-0.0,-39885.427409863,-1.0,0.0,False,False
2005-10-03,-0.0,158.95242260929072,0.0,-158.95242260929072,-40165.17799486768,-1.0,0.0,False,False
2005-10-04,-992.4834192189923,1.087801022874799,0.0,-993.5712202418671,0.0,0.0,-1.0,False,False
2005-10-05,-1889.4089800317097,149.16415740847597,0.0,-2038.5731374401857,37364.210573948556,1.0,-1.0,False,False
2005-10-06,0.0,129.03745228536818,129.03745228536818,-129.03745228536818,0.0,0.0,0.0,False,False
2005-10-07,-25.178039470308917,129.1244633792895,0.0,-154.3025028495984,0.0,0.0,1.0,False,False
2005-10-10,0.0,0.0,0.0,0.0,0.0,0.0,0.0,False,False
2005-10-11,-0.0,0.0,0.0,-0.0,0.0,0.0,0.0,False,False
2005-10-12,0.0,0.0,0.0,0.0,0.0,0.0,0.0,False,False
2005-10-13,0.0,0.0,0.0,0.0,0.0,0.0,0.0,False,False
2005-10-14,-0.0,0.0,0.0,-0.0,0.0,0.0,0.0,False,False
2005-10-17,0.0,0.0,0.0,0.0,0.0,0.0,0.0,False,False
2005-10-18,0.0,0.0,0.0,0.0,0.0,0.0,0.0,False,False
2005-10-19,-0.0,0.0,0.0,-0.0,0.0,0.0,0.0,False,False
2005-10-20,0.0,0.0,0.0,0.0,0.0,0.0,0.0,False,False
2005-10-21,-0.0,0.0,0.0,-0.0,0.0,0.0,0.0,False,False
2005-10-24,-0.0,0.0,0.0,-0.0,0.0,0.0,0.0,False,False
2005-10-25,-0.0,0.0,0.0,-0.0,0.0,0.0,0.0,False,False
2005-10-26,-0.0,0.0,0.0,-0.0,0.0,0.0,0.0,False,False
2005-10-27,0.0,0.0,0.0,0.0,35489.3871209868,1.0,0.0,False,False
2005-10-28,-0.0,125.35017849418152,0.0,-125.35017849418152,0.0,0.0,0.0,False,False
2005-10-31,-97.83428565399669,125.69668900833268,0.0,-223.53097466232936,0.0,0.0,1.0,False,False
2005-11-01,-0.0,0.0,0.0,-0.0,0.0,0.0,0.0,False,False
2005-11-02,-0.0,0.0,0.0,-0.0,0.0,0.0,0.0,False,False
2005-11-03,-0.0,0.0,0.0,-0.0,0.0,0.0,0.0,False,False
2005-11-04,-0.0,0.0,0.0,-0.0,0.0,0.0,0.0,False,False
2005-11-07,-0.0,0.0,0.0,-0.0,0.0,0.0,0.0,False,False
2005-11-08,0.0,0.0,0.0,0.0,0.0,0.0,0.0,False,False
2005-11-09,-0.0,0.0,0.0,-0.0,0.0,0.0,0.0,False,False
2005-11-10,-0.0,0.0,0.0,-0.0,0.0,0.0,0.0,False,False
2005-11-11,-0.0,0.0,0.0,-0.0,0.0,0.0,0.0,False,False
2005-11-14,0.0,0.0,0.0,0.0,0.0,0.0,0.0,False,False
2005-11-15,-0.0,0.0,0.0,-0.0,0.0,0.0,0.0,False,False
2005-11-16,-0.0,0.0,0.0,-0.0,0.0,0.0,0.0,False,False
2005-11-17,-0.0,0.0,0.0,-0.0,0.0,0.0,0.0,False,False
2005-11-18,-0.0,0.0,0.0,-0.0,0.0,0.0,0.0,False,False
2005-11-21,0.0,0.0,0.0,0.0,0.0,0.0,0.0,False,False
2005-11-22,-0.0,0.0,0.0,-0.0,-34427.409492263636,-1.0,0.0,False,False
2005-11-23,-0.0,147.7725909948502,0.0,-147.7725909948502,-34683.80461537463,-1.0,0.0,False,False
2005-11-25,-57.66735258335005,1.0986831153376746,0.0,-58.76603569868772,-34969.1634255505,-1.0,-1.0,False,False
2005-11-28,-289.9983663492822,1.2126566352830088,0.0,-291.2110229845652,0.0,0.0,-1.0,False,False
2005-11-29,-144.97994786712994,147.99088567790776,0.0,-292.9708335450377,0.0,0.0,-1.0,False,False
2005-11-30,0.0,0.0,0.0,0.0,0.0,0.0,0.0,False,False
2005-12-01,-0.0,0.0,0.0,-0.0,0.0,0.0,0.0,False,False
2005-12-02,-0.0,0.0,0.0,-0.0,0.0,0.0,0.0,False,False
2005-12-05,0.0,0.0,0.0,0.0,0.0,0.0,0.0,False,False
2005-12-06,-0.0,0.0,0.0,-0.0,0.0,0.0,0.0,False,False
2005-12-07,0.0,0.0,0.0,0.0,0.0,0.0,0.0,False,False
2005-12-08,0.0,0.0,0.0,0.0,0.0,0.0,0.0,False,False
2005-12-09,-0.0,0.0,0.0,-0.0,0.0,0.0,0.0,False,False
2005-12-12,0.0,0.0,0.0,0.0,0.0,0.0,0.0,False,False
2005-12-13,0.0,0.0,0.0,0.0,-36933.142494594744,-1.0,0.0,False,False
2005-12-14,-0.0,147.76140147134902,0.0,-147.76140147134902,-37162.562257473415,-1.0,0.0,False,False
2005-12-15,86.49447891005805,0.9200127423733893,0.0,85.57446616768466,-37465.011650744804,-1.0,-1.0,False,False
2005-12-16,-436.18030818630984,1.19880366629224,0.0,-437.3791118526021,-37623.46445129,-1.0,-1.0,False,False
2005-12-19,144.87630182036182,0.6304895984426387,0.0,144.24581222191918,-37918.84623042572,-1.0,-1.0,False,False
2005-12-20,350.5291719064313,1.186388415415809,0.0,349.3427834910155,-38133.71456746741,-1.0,-1.0,False,False
2005-12-21,505.1883902172721,0.8746626110712208,0.0,504.31372760620087,-38243.4451009978,-1.0,-1.0,False,False
2005-12-22,333.1778079762836,0.45061617335196197,0.0,332.7271918029316,-38470.73086721176,-1.0,-1.0,False,False
2005-12-23,827.3822257427464,0.9540045469668578,0.0,826.4282211957795,-38237.73283253455,-1.0,-1.0,False,False
2005-12-27,-756.1814421073541,0.9591284560005482,0.0,-757.1405705633547,-38105.66612125586,-1.0,-1.0,False,False
2005-12-28,399.26949945618225,0.5493846552786436,0.0,398.7201148009036,-38294.79514809301,-1.0,-1.0,False,False
2005-12-29,-0.0,0.7867583299840951,0.0,-0.7867583299840951,-38612.59972718294,-1.0,-1.0,False,False
2005-12-30,-404.0846890626691,1.3082317010729922,0.0,-405.3929207637421,-38798.022007246254,-1.0,-1.0,False,False
2006-01-03,1333.6078620633477,0.7905900044296885,0.0,1332.817272058918,-37723.37312201401,-1.0,-1.0,False,False
2006-01-04,581.0019934529384,283.3613800848691,283.3613800848691,297.64061336806935,-37784.065874964246,-1.0,-1.0,False,False
2006-01-05,299.82449735704733,0.2265479671303399,0.0,299.597949389917,-38025.684376355406,-1.0,-1.0,False,False
2006-01-06,550.3869756003531,0.9152215961786362,0.0,549.4717540041745,-38096.582698456354,-1.0,-1.0,False,False
2006-01-09,674.5132483610702,0.27340398853826653,0.0,674.2398443725319,-38049.5802676987,-1.0,-1.0,False,False
2006-01-10,716.6400056143051,0.18472964542405879,0.0,716.455275968881,-37959.14232636463,-1.0,-1.0,False,False
2006-01-11,583.5825194432367,0.36097698546504636,0.0,583.2215424577716,-38004.60126101772,-1.0,-1.0,False,False
2006-01-12,-443.44792437341965,0.17935107012863474,0.0,-443.6272754435483,-38162.3514774409,-1.0,-1.0,False,False
2006-01-13,117.02725561514426,0.6243010495511845,0.0,116.40295456559308,-38467.90301912585,-1.0,-1.0,False,False
2006-01-17,-412.56596191828424,1.196296142960565,0.0,-413.76225806124484,-38647.03633161763,-1.0,-1.0,False,False
2006-01-18,-528.9704005685752,0.6918298617335139,0.0,-529.6622304303087,-38738.68783942508,-1.0,-1.0,False,False
2006-01-19,465.97783067511705,0.3582867868140275,0.0,465.61954388830304,-38882.442731688636,-1.0,-1.0,False,False
2006-01-20,-1241.0563609884512,0.5445261070589175,0.0,-1241.6008870955102,0.0,0.0,-1.0,False,False
2006-01-23,-603.4968938399517,145.0309454147775,0.0,-748.5278392547292,0.0,0.0,-1.0,False,False
2006-01-24,-0.0,0.0,0.0,-0.0,0.0,0.0,0.0,False,False
2006-01-25,-0.0,0.0,0.0,-0.0,0.0,0.0,0.0,False,False
2006-01-26,-0.0,0.0,0.0,-0.0,0.0,0.0,0.0,False,False
2006-01-27,-0.0,0.0,0.0,-0.0,0.0,0.0,0.0,False,False
2006-01-30,-0.0,0.0,0.0,-0.0,0.0,0.0,0.0,False,False
2006-01-31,0.0,0.0,0.0,0.0,0.0,0.0,0.0,False,False
2006-02-01,-0.0,0.0,0.0,-0.0,0.0,0.0,0.0,False,False
2006-02-02,0.0,0.0,0.0,0.0,0.0,0.0,0.0,False,False
2006-02-03,-0.0,0.0,0.0,-0.0,0.0,0.0,0.0,False,False
2006-02-06,0.0,0.0,0.0,0.0,0.0,0.0,0.0,False,False
2006-02-07,0.0,0.0,0.0,0.0,0.0,0.0,0.0,False,False
2006-02-08,-0.0,0.0,0.0,-0.0,0.0,0.0,0.0,False,False
2006-02-09,-0.0,0.0,0.0,-0.0,0.0,0.0,0.0,False,False
2006-02-10,-0.0,0.0,0.0,-0.0,0.0,0.0,0.0,False,False
2006-02-13,0.0,0.0,0.0,0.0,0.0,0.0,0.0,False,False
2006-02-14,-0.0,0.0,0.0,-0.0,0.0,0.0,0.0,False,False
2006-02-15,0.0,0.0,0.0,0.0,0.0,0.0,0.0,False,False
2006-02-16,-0.0,0.0,0.0,-0.0,0.0,0.0,0.0,False,False
2006-02-17,-0.0,0.0,0.0,-0.0,0.0,0.0,0.0,False,False
2006-02-21,-0.0,0.0,0.0,-0.0,0.0,0.0,0.0,False,False
2006-02-22,-0.0,0.0,0.0,-0.0,0.0,0.0,0.0,False,False
2006-02-23,0.0,0.0,0.0,0.0,0.0,0.0,0.0,False,False
2006-02-24,-0.0,0.0,0.0,-0.0,0.0,0.0,0.0,False,False
2006-02-27,-0.0,0.0,0.0,-0.0,0.0,0.0,0.0,False,False
2006-02-28,0.0,0.0,0.0,0.0,0.0,0.0,0.0,False,False
2006-03-01,-0.0,0.0,0.0,-0.0,0.0,0.0,0.0,False,False
2006-03-02,0.0,0.0,0.0,0.0,0.0,0.0,0.0,False,False
2006-03-03,0.0,0.0,0.0,0.0,0.0,0.0,0.0,False,False
2006-03-06,0.0,0.0,0.0,0.0,0.0,0.0,0.0,False,False
2006-03-07,0.0,0.0,0.0,0.0,0.0,0.0,0.0,False,False
2006-03-08,-0.0,0.0,0.0,-0.0,0.0,0.0,0.0,False,False
2006-03-09,0.0,0.0,0.0,0.0,0.0,0.0,0.0,False,False
2006-03-10,-0.0,0.0,0.0,-0.0,0.0,0.0,0.0,False,False
2006-03-13,-0.0,0.0,0.0,-0.0,0.0,0.0,0.0,False,False
2006-03-14,-0.0,0.0,0.0,-0.0,-42016.623958176744,-1.0,0.0,False,False
2006-03-15,0.0,170.0909935115765,0.0,-170.0909935115765,-42365.31561301311,-1.0,0.0,False,False
2006-03-16,696.9582173157329,1.4353772940051217,0.0,695.5228400217278,0.0,0.0,-1.0,False,False
2006-03-17,-68.05673190846316,174.11567162525435,0.0,-242.1724035337175,0.0,0.0,-1.0,False,False
2006-03-20,0.0,0.0,0.0,0.0,0.0,0.0,0.0,False,False
2006-03-21,0.0,0.0,0.0,0.0,0.0,0.0,0.0,False,False
2006-03-22,-0.0,0.0,0.0,-0.0,-43190.30114946238,-1.0,0.0,False,False
2006-03-23,0.0,177.791400314052,0.0,-177.791400314052,-43544.317133765966,-1.0,0.0,False,False
2006-03-24,312.21904445394495,1.467906083783078,0.0,310.75113837016187,-43814.61253639203,-1.0,-1.0,False,False
2006-03-27,-70.46006008699669,1.118953100531966,0.0,-71.57901318752866,-44173.56300378836,-1.0,-1.0,False,False
2006-03-28,106.17434378770214,1.4895717776568398,0.0,104.68477201004531,-44529.44115251218,-1.0,-1.0,False,False
2006-03-29,1037.2739490768126,1.5123345872384684,0.0,1035.7616144895742,-43902.29421107644,-1.0,-1.0,False,False
2006-03-30,221.5395082214477,2.6784400623818136,0.0,218.8610681590659,-44222.35296774456,-1.0,-1.0,False,False
2006-03-31,-439.0229421107648,1.353383768914289,0.0,-440.3763258796791,-44407.3508223849,-1.0,-1.0,False,False
2006-04-03,109.46126972214502,0.7842134036656109,0.0,108.6770563184794,-44764.5263561143,-1.0,-1.0,False,False
2006-04-04,330.57581257358305,1.525437175302653,0.0,329.0503753982804,-45031.13426031522,-1.0,-1.0,False,False
2006-04-05,373.0377196342845,366.4034718624215,366.4034718624215,6.634247771862988,-45271.16392970401,-1.0,-1.0,False,False
2006-04-06,645.3506502274448,0.9936607880593958,0.0,644.3569894393854,-45248.64106021097,-1.0,-1.0,False,False
2006-04-07,-950.7675784913679,0.09132097005683187,0.0,-950.8588994614247,0.0,0.0,-1.0,False,False
2006-04-10,-286.38380417855194,182.31075898866447,0.0,-468.6945631672164,0.0,0.0,-1.0,False,False
2006-04-11,0.0,0.0,0.0,0.0,0.0,0.0,0.0,False,False
2006-04-12,0.0,0.0,0.0,0.0,0.0,0.0,0.0,False,False
2006-04-13,-0.0,0.0,0.0,-0.0,0.0,0.0,0.0,False,False
2006-04-17,0.0,0.0,0.0,0.0,0.0,0.0,0.0,False,False
2006-04-18,-0.0,0.0,0.0,-0.0,0.0,0.0,0.0,False,False
2006-04-19,-0.0,0.0,0.0,-0.0,-45298.3015879085,-1.0,0.0,False,False
2006-04-20,-0.0,186.61880678298314,0.0,-186.61880678298314,-45320.672988318125,-1.0,0.0,False,False
2006-04-21,-728.268514275049,0.09070682523681223,0.0,-728.3592211002858,-45195.68136635425,-1.0,-1.0,False,False
2006-04-24,179.2748140360695,0.5088022736813866,0.0,178.7660117623881,-45540.19886424449,-1.0,-1.0,False,False
2006-04-25,-0.0,1.402424286487289,0.0,-1.402424286487289,-45918.13230600214,-1.0,-1.0,False,False
2006-04-26,614.9192856967109,1.5595079621642016,0.0,613.3597777345467,-45929.89558711712,-1.0,-1.0,False,False
2006-04-27,258.7978471352789,0.04881523539617834,0.0,258.7490318998827,-46246.03030403622,-1.0,-1.0,False,False
2006-04-28,446.28238627158044,1.3247673133363733,0.0,444.95761895824404,-46433.34563815193,-1.0,-1.0,False,False
2006-05-01,-1134.4079387743927,0.7661541000343228,0.0,-1135.174092874427,0.0,0.0,-1.0,False,False
2006-05-02,815.2702346682722,193.31510673885353,0.0,621.9551279294187,0.0,0.0,-1.0,False,False
2006-05-03,0.0,0.0,0.0,0.0,0.0,0.0,0.0,False,False
2006-05-04,-0.0,0.0,0.0,-0.0,0.0,0.0,0.0,False,False
2006-05-05,-0.0,0.0,0.0,-0.0,0.0,0.0,0.0,False,False
2006-05-08,0.0,0.0,0.0,0.0,0.0,0.0,0.0,False,False
2006-05-09,-0.0,0.0,0.0,-0.0,0.0,0.0,0.0,False,False
2006-05-10,-0.0,0.0,0.0,-0.0,0.0,0.0,0.0,False,False
2006-05-11,0.0,0.0,0.0,0.0,0.0,0.0,0.0,False,False
2006-05-12,0.0,0.0,0.0,0.0,0.0,0.0,0.0,False,False
2006-05-15,-0.0,0.0,0.0,-0.0,0.0,0.0,0.0,False,False
2006-05-16,-0.0,0.0,0.0,-0.0,0.0,0.0,0.0,False,False
2006-05-17,0.0,0.0,0.0,0.0,32544.609967116532,1.0,0.0,False,False
2006-05-18,0.0,114.00623792308423,0.0,-114.00623792308423,32660.987192453933,1.0,0.0,False,False
2006-05-19,511.6377506792012,0.4013682906151949,0.0,511.236382388586,32751.20552946659,1.0,1.0,False,False
2006-05-22,2153.954740821326,0.29189960681179,0.0,2153.662841214514,30196.89381947968,1.0,1.0,False,False
2006-05-23,-268.7914595221378,8.332811911956032,0.0,-277.1242714340938,30408.299578604197,1.0,1.0,False,False
2006-05-24,922.6294737969662,0.6692121775868783,0.0,921.9602616193793,30119.529418432616,1.0,1.0,False,False
2006-05-25,-1483.789787961541,0.9610045914801014,0.0,-1484.750792553021,0.0,0.0,1.0,False,False
2006-05-26,-977.9067992997589,103.59905252984373,0.0,-1081.5058518296025,0.0,0.0,1.0,False,False
2006-05-30,0.0,0.0,0.0,0.0,25214.973775997907,1.0,0.0,False,False
2006-05-31,-0.0,81.27467962389262,0.0,-81.27467962389262,0.0,0.0,0.0,False,False
2006-06-01,-1221.1025036175085,85.41093232120905,0.0,-1306.5134359387175,0.0,0.0,1.0,False,False
2006-06-02,-0.0,0.0,0.0,-0.0,0.0,0.0,0.0,False,False
2006-06-05,0.0,0.0,0.0,0.0,0.0,0.0,0.0,False,False
2006-06-06,0.0,0.0,0.0,0.0,23107.288243401155,1.0,0.0,False,False
2006-06-07,0.0,71.040703207817,0.0,-71.040703207817,23179.817236367566,1.0,0.0,False,False
2006-06-08,637.6336287921217,140.2846928348993,140.2846928348993,497.34893595722247,23173.92666298666,1.0,1.0,False,False
2006-06-09,150.78532797164144,0.017737478599961366,0.0,150.76759049304147,0.0,0.0,1.0,False,False
2006-06-12,748.8636700730124,67.59611505282109,0.0,681.2675550201913,23272.19616911836,1.0,1.0,False,False
2006-06-13,0.0,63.814877135757946,0.0,-63.814877135757946,22450.690359946326,1.0,0.0,False,False
2006-06-14,311.2920835890617,2.222923586064772,0.0,309.0691600029969,22594.257184003938,1.0,1.0,False,False
2006-06-15,-3200.4680027378595,0.4530664860192509,0.0,-3200.921069223879,0.0,0.0,1.0,False,False
2006-06-16,681.7232771035666,69.21432640049025,0.0,612.5089507030764,0.0,0.0,1.0,False,False
2006-06-19,0.0,0.0,0.0,0.0,0.0,0.0,0.0,False,False
2006-06-20,-0.0,0.0,0.0,-0.0,0.0,0.0,0.0,False,False
2006-06-21,-0.0,0.0,0.0,-0.0,0.0,0.0,0.0,False,False
2006-06-22,0.0,0.0,0.0,0.0,0.0,0.0,0.0,False,False
2006-06-23,-0.0,0.0,0.0,-0.0,0.0,0.0,0.0,False,False
2006-06-26,-0.0,0.0,0.0,-0.0,0.0,0.0,0.0,False,False
2006-06-27,0.0,0.0,0.0,0.0,0.0,0.0,0.0,False,False
2006-06-28,0.0,0.0,0.0,0.0,0.0,0.0,0.0,False,False
2006-06-29,-0.0,0.0,0.0,-0.0,-18367.333757048913,-1.0,0.0,False,False
2006-06-30,-0.0,67.14164443999692,0.0,-67.14164443999692,-18454.7706932332,-1.0,0.0,False,False
2006-07-03,393.0242601365691,0.3266139197846011,0.0,392.6976462167845,-18547.285658058106,-1.0,-1.0,False,False
2006-07-05,-914.6679352331346,0.32926332967197525,0.0,-914.9971985628066,0.0,0.0,-1.0,False,False
2006-07-06,309.12142763430273,62.37194159944082,62.37194159944082,246.74948603486192,0.0,0.0,-1.0,False,False
2006-07-07,0.0,0.0,0.0,0.0,0.0,0.0,0.0,False,False
2006-07-10,0.0,0.0,0.0,0.0,0.0,0.0,0.0,False,False
2006-07-11,-0.0,0.0,0.0,-0.0,-18918.242507211064,-1.0,0.0,False,False
2006-07-12,0.0,62.23106087898376,0.0,-62.23106087898376,-18995.535799109664,-1.0,0.0,False,False
2006-07-13,-1347.8337087935997,0.2373445901619705,0.0,-1348.0710533837616,0.0,0.0,-1.0,False,False
2006-07-14,-500.7810516242223,56.83136075331991,0.0,-557.6124123775422,0.0,0.0,-1.0,False,False
2006-07-17,-0.0,0.0,0.0,-0.0,0.0,0.0,0.0,False,False
2006-07-18,-0.0,0.0,0.0,-0.0,0.0,0.0,0.0,False,False
2006-07-19,-0.0,0.0,0.0,-0.0,0.0,0.0,0.0,False,False
2006-07-20,0.0,0.0,0.0,0.0,0.0,0.0,0.0,False,False
2006-07-21,0.0,0.0,0.0,0.0,0.0,0.0,0.0,False,False
2006-07-24,-0.0,0.0,0.0,-0.0,0.0,0.0,0.0,False,False
2006-07-25,-0.0,0.0,0.0,-0.0,0.0,0.0,0.0,False,False
2006-07-26,-0.0,0.0,0.0,-0.0,0.0,0.0,0.0,False,False
2006-07-27,0.0,0.0,0.0,0.0,0.0,0.0,0.0,False,False
2006-07-28,-0.0,0.0,0.0,-0.0,0.0,0.0,0.0,False,False
2006-07-31,0.0,0.0,0.0,0.0,0.0,0.0,0.0,False,False
2006-08-01,0.0,0.0,0.0,0.0,0.0,0.0,0.0,False,False
2006-08-02,-0.0,0.0,0.0,-0.0,0.0,0.0,0.0,False,False
2006-08-03,-0.0,0.0,0.0,-0.0,0.0,0.0,0.0,False,False
2006-08-04,0.0,0.0,0.0,0.0,0.0,0.0,0.0,False,False
2006-08-07,0.0,0.0,0.0,0.0,0.0,0.0,0.0,False,False
2006-08-08,-0.0,0.0,0.0,-0.0,0.0,0.0,0.0,False,False
2006-08-09,-0.0,0.0,0.0,-0.0,0.0,0.0,0.0,False,False
2006-08-10,0.0,0.0,0.0,0.0,0.0,0.0,0.0,False,False
2006-08-11,0.0,0.0,0.0,0.0,0.0,0.0,0.0,False,False
2006-08-14,-0.0,0.0,0.0,-0.0,0.0,0.0,0.0,False,False
2006-08-15,-0.0,0.0,0.0,-0.0,0.0,0.0,0.0,False,False
2006-08-16,-0.0,0.0,0.0,-0.0,-19536.455485354483,-1.0,0.0,False,False
2006-08-17,-0.0,71.11103292787054,0.0,-71.11103292787054,-19689.105554827474,-1.0,0.0,False,False
2006-08-18,319.13244045678744,0.564860365378397,0.0,318.567580091409,-19809.51766544565,-1.0,-1.0,False,False
2006-08-21,227.45537103049458,0.4507757976027459,0.0,227.00459523289183,-19951.983995961953,-1.0,-1.0,False,False
2006-08-22,130.2305763250648,0.5368676058059146,0.0,129.69370871925886,-20110.29889956597,-1.0,-1.0,False,False
2006-08-23,-484.1290234314325,0.5824579188589959,0.0,-484.7114813502915,-20176.551987415954,-1.0,-1.0,False,False
2006-08-24,101.05677838978141,0.24498345976275343,0.0,100.81179493001866,-20339.604738154547,-1.0,-1.0,False,False
2006-08-25,465.8366981221546,0.6171679080762817,0.0,465.2195302140783,-20414.080663049026,-1.0,-1.0,False,False
2006-08-28,345.50288698490385,0.2867686815057898,0.0,345.21611830339805,-20531.71345984438,-1.0,-1.0,False,False
2006-08-29,-383.4350237236852,0.4445929819883433,0.0,-383.8796167056736,-20637.749485020166,-1.0,-1.0,False,False
2006-08-30,151.41381607554726,0.40374043761210765,0.0,151.01007563793516,-20798.90520164207,-1.0,-1.0,False,False
2006-08-31,352.65099417196296,0.6242804593252088,0.0,352.02671371263773,-20916.10527446179,-1.0,-1.0,False,False
2006-09-01,440.1884698760249,0.4638226820085442,0.0,439.72464719401637,-21003.432383475076,-1.0,-1.0,False,False
2006-09-05,-64.6057305774908,0.3445353608106996,0.0,-64.9502659383015,-21175.86616199038,-1.0,-1.0,False,False
2006-09-06,-1131.8246857915742,0.6455245543396145,0.0,-1132.4702103459138,0.0,0.0,-1.0,False,False
2006-09-07,-216.55378105760983,73.82742454435422,73.82742454435422,-290.38120560196404,0.0,0.0,-1.0,False,False
2006-09-08,-0.0,0.0,0.0,-0.0,0.0,0.0,0.0,False,False
2006-09-11,0.0,0.0,0.0,0.0,0.0,0.0,0.0,False,False
2006-09-12,-0.0,0.0,0.0,-0.0,-21043.88310673392,-1.0,0.0,False,False
2006-09-13,-0.0,77.81378132901251,0.0,-77.81378132901251,-21174.70239658281,-1.0,0.0,False,False
2006-09-14,-334.02989058308157,0.476171065678661,0.0,-334.50606164876024,-21299.95861002104,-1.0,-1.0,False,False
2006-09-15,45.116553401811245,0.45689544047753483,0.0,44.65965796133371,-21475.795915169398,-1.0,-1.0,False,False
2006-09-18,197.08146756603554,0.6473895035095786,0.0,196.43407806252597,-21636.088437037248,-1.0,-1.0,False,False
2006-09-19,92.56808584124461,0.5927122471664734,0.0,91.97537359407814,-21811.660753782264,-1.0,-1.0,False,False
2006-09-20,421.4822422799453,0.6621104660178124,0.0,420.8201318139275,-21909.762035756718,-1.0,-1.0,False,False
2006-09-21,-593.8421250109927,0.3601497636956128,0.0,-594.2022747746884,-21928.33961117707,-1.0,-1.0,False,False
2006-09-22,-47.08401583615696,0.06805580702595451,0.0,-47.152071643182914,-22109.289633506098,-1.0,-1.0,False,False
2006-09-25,768.0404867388683,0.6869398995824173,0.0,767.3535468392859,-22017.235723910784,-1.0,-1.0,False,False
2006-09-26,458.563044250499,0.35686557237215,0.0,458.20617867812683,-22103.370749491856,-1.0,-1.0,False,False
2006-09-27,16.65448995757262,0.33417260113777036,0.0,16.32031735643485,-22286.67352436074,-1.0,-1.0,False,False
2006-09-28,50.19690556280922,0.7127668597898551,0.0,49.48413870301937,-22470.419566234847,-1.0,-1.0,False,False
2006-09-29,135.27571183223748,0.7188537897746538,0.0,134.55685804246284,-22648.053479251023,-1.0,-1.0,False,False
2006-10-02,-463.13078495293297,0.6809078565504127,0.0,-463.81169280948336,-22732.226379696865,-1.0,-1.0,False,False
2006-10-03,-203.27347924533834,0.31978214587468146,0.0,-203.59326139121302,-22900.867963463857,-1.0,-1.0,False,False
2006-10-04,1297.539978678027,0.6794717899416933,0.0,1296.8605068880852,-22304.449848094024,-1.0,-1.0,False,False
2006-10-05,252.05357821422606,166.07688443314277,166.07688443314277,85.9766937810833,-22461.144136072275,-1.0,-1.0,False,False
2006-10-06,-47.966558813106374,0.5744336379746324,0.0,-48.54099245108101,-22646.43726877616,-1.0,-1.0,False,False
2006-10-09,401.66566766938956,0.6916440678131212,0.0,400.97402360157645,-22756.136205641244,-1.0,-1.0,False,False
2006-10-10,478.3297019624963,0.41830881803091524,0.0,477.91139314446536,-22834.47423861559,-1.0,-1.0,False,False
2006-10-11,338.63297925061505,0.3032344554331707,0.0,338.32974479518185,-22968.350583869847,-1.0,-1.0,False,False
2006-10-12,500.1508707853883,0.5298195130718741,0.0,499.62105127231644,-23036.846614223632,-1.0,-1.0,False,False
2006-10-13,301.5150269697209,0.2746808728976104,0.0,301.2403460968233,-23183.54476037569,-1.0,-1.0,False,False
2006-10-16,486.69394255401977,0.6009816139322963,0.0,486.0929609400875,-23259.060758621326,-1.0,-1.0,False,False
2006-10-17,-259.448142801968,0.3059442616670994,0.0,-259.7540870636351,-23418.78864256621,-1.0,-1.0,False,False
2006-10-18,110.3196557721189,0.6502028635564203,0.0,109.66945290856249,-23607.022950478462,-1.0,-1.0,False,False
2006-10-19,130.20772080855073,0.7705278179315391,0.0,129.4371929906192,-23794.328422538496,-1.0,-1.0,False,False
2006-10-20,452.53079138297437,0.7817105409671612,0.0,451.74908084200723,-23887.65741816103,-1.0,-1.0,False,False
2006-10-23,639.4241351333637,0.40026033687488616,0.0,639.0238747964888,-23880.135618365926,-1.0,-1.0,False,False
2006-10-24,339.82441515375535,0.03272429876902214,0.0,339.7916908549863,-24020.170313371407,-1.0,-1.0,False,False
2006-10-25,587.8810975658834,0.6246108023525584,0.0,587.2564867635308,-24043.60122478333,-1.0,-1.0,False,False
2006-10-26,501.7267950573661,0.10674081865432122,0.0,501.62005423871176,-24115.740619350036,-1.0,-1.0,False,False
2006-10-27,-128.23253986550765,0.32689159783762933,0.0,-128.55943146334528,-24307.4319733381,-1.0,-1.0,False,False
2006-10-30,-85.28997566525366,0.8655666865099902,0.0,-86.15554235176366,0.0,0.0,-1.0,False,False
2006-10-31,85.66495849634694,110.14640925142156,0.0,-24.48145075507462,0.0,0.0,-1.0,False,False
2006-11-01,0.0,0.0,0.0,0.0,0.0,0.0,0.0,False,False
2006-11-02,0.0,0.0,0.0,0.0,0.0,0.0,0.0,False,False
2006-11-03,-0.0,0.0,0.0,-0.0,0.0,0.0,0.0,False,False
2006-11-06,-0.0,0.0,0.0,-0.0,0.0,0.0,0.0,False,False
2006-11-07,0.0,0.0,0.0,0.0,0.0,0.0,0.0,False,False
2006-11-08,-0.0,0.0,0.0,-0.0,0.0,0.0,0.0,False,False
2006-11-09,0.0,0.0,0.0,0.0,0.0,0.0,0.0,False,False
2006-11-10,0.0,0.0,0.0,0.0,0.0,0.0,0.0,False,False
2006-11-13,-0.0,0.0,0.0,-0.0,0.0,0.0,0.0,False,False
2006-11-14,-0.0,0.0,0.0,-0.0,0.0,0.0,0.0,False,False
2006-11-15,-0.0,0.0,0.0,-0.0,0.0,0.0,0.0,False,False
2006-11-16,-0.0,0.0,0.0,-0.0,-26350.311672709497,-1.0,0.0,False,False
2006-11-17,0.0,115.72009196455544,0.0,-115.72009196455544,-26545.620114231082,-1.0,0.0,False,False
2006-11-20,541.9087233462102,0.875726826595035,0.0,541.0329965196152,-26599.955454893774,-1.0,-1.0,False,False
2006-11-21,-162.5716017494451,0.24214662686634497,0.0,-162.81374837631145,-26805.771210566305,-1.0,-1.0,False,False
2006-11-22,-254.4343565250706,0.9085320825337823,0.0,-255.34288860760438,-26990.991677070975,-1.0,-1.0,False,False
2006-11-24,-230.88519561211197,0.8106361151464003,0.0,-231.69583172725837,-27184.15086441628,-1.0,-1.0,False,False
2006-11-27,-1728.7142406322143,0.7944950522830503,0.0,-1729.5087356844974,0.0,0.0,-1.0,False,False
2006-11-28,1003.5882341598291,116.09897765011121,0.0,887.4892565097178,0.0,0.0,-1.0,False,False
2006-11-29,-0.0,0.0,0.0,-0.0,0.0,0.0,0.0,False,False
2006-11-30,-0.0,0.0,0.0,-0.0,0.0,0.0,0.0,False,False
2006-12-01,0.0,0.0,0.0,0.0,0.0,0.0,0.0,False,False
2006-12-04,-0.0,0.0,0.0,-0.0,0.0,0.0,0.0,False,False
2006-12-05,0.0,0.0,0.0,0.0,0.0,0.0,0.0,False,False
2006-12-06,0.0,0.0,0.0,0.0,0.0,0.0,0.0,False,False
2006-12-07,0.0,0.0,0.0,0.0,0.0,0.0,0.0,False,False
2006-12-08,0.0,0.0,0.0,0.0,0.0,0.0,0.0,False,False
2006-12-11,-0.0,0.0,0.0,-0.0,-25832.450070625873,-1.0,0.0,False,False
2006-12-12,-0.0,105.82838258349928,0.0,-105.82838258349928,-26028.227888580364,-1.0,0.0,False,False
2006-12-13,165.1955240327793,0.807209426401261,0.0,164.38831460637803,-26228.977896040105,-1.0,-1.0,False,False
2006-12-14,-209.3984544535833,0.8211043800727638,0.0,-210.21955883365607,-26421.954904980437,-1.0,-1.0,False,False
2006-12-15,-376.79297855444435,0.7781331005658545,0.0,-377.5711116550102,-26560.989864708212,-1.0,-1.0,False,False
2006-12-18,-62.36496043661982,0.559304684933159,0.0,-62.92426512155298,-26779.206558876976,-1.0,-1.0,False,False
2006-12-19,729.6975237557205,0.902631604208974,0.0,728.7948921515115,-26699.678228520414,-1.0,-1.0,False,False
2006-12-20,86.45425846288057,0.3300264721274374,0.0,86.12423199075313,-26917.056574339644,-1.0,-1.0,False,False
2006-12-21,-194.57255389205403,0.8955498571732753,0.0,-195.4681037492273,-27118.534822008023,-1.0,-1.0,False,False
2006-12-22,-389.4750951271001,0.8182060374805427,0.0,-390.2933011645806,-27255.603210298006,-1.0,-1.0,False,False
2006-12-26,752.0988262839019,0.5725146617654139,0.0,751.5263116221364,-27157.857082395898,-1.0,-1.0,False,False
2006-12-27,710.8225776116842,0.41920410501950145,0.0,710.4033735066647,-27099.243733942534,-1.0,-1.0,False,False
2006-12-28,-318.16736330840286,0.24846435965549202,0.0,-318.41582766805834,-27266.484283691094,-1.0,-1.0,False,False
2006-12-29,-470.70646684267575,0.6968356239523321,0.0,-471.4033024666281,-27364.170300316942,-1.0,-1.0,False,False
2007-01-03,-0.0,213.56377173382245,213.56377173382245,-213.56377173382245,-27591.26274436336,-1.0,-1.0,False,False
2007-01-04,-104.36373112249295,0.8843835681898904,0.0,-105.24811469068284,-27813.772751293454,-1.0,-1.0,False,False
2007-01-05,-670.9121639966776,0.845967199938226,0.0,-671.7581311966158,-27779.029846820857,-1.0,-1.0,False,False
2007-01-08,309.50043862715023,0.13357643317484122,0.0,309.3668621939754,-27953.530374556572,-1.0,-1.0,False,False
2007-01-09,250.07378706815896,0.6769986409125995,0.0,249.39678842724638,-28148.10662964219,-1.0,-1.0,False,False
2007-01-10,105.8044298809831,0.7577532730347893,0.0,105.0466766079483,-28374.941944995146,-1.0,-1.0,False,False
2007-01-11,1882.2442123165008,0.9466864749054597,0.0,1881.2975258415954,-26665.36314354668,-1.0,-1.0,False,False
2007-01-12,462.1326049673447,7.252972977999486,0.0,454.8796319893452,-26780.793434723542,-1.0,-1.0,False,False
2007-01-16,397.33157001973586,0.4971262540179935,0.0,396.8344437657179,-26913.194465110922,-1.0,-1.0,False,False
2007-01-17,-22.50486843254071,0.5697357520867534,0.0,-23.074604184627464,-27136.252830520996,-1.0,-1.0,False,False
2007-01-18,-338.95710913237804,0.9479055744001892,0.0,-339.9050147067782,-27294.58511087516,-1.0,-1.0,False,False
2007-01-19,832.5384367572724,0.6941428030924606,0.0,831.84429395418,-27124.56557382113,-1.0,-1.0,False,False
2007-01-22,-373.57858150042506,0.735316563208348,0.0,-374.3138980636334,-27270.851207718904,-1.0,-1.0,False,False
2007-01-23,869.8172926626152,0.6536302299268394,0.0,869.1636624326883,-27065.924365095867,-1.0,-1.0,False,False
2007-01-24,356.63711256825246,0.9277827459744404,0.0,355.709329822278,-27219.022432433245,-1.0,-1.0,False,False
2007-01-25,-1219.4011860599694,0.6632524049907538,0.0,-1220.0644384649602,-26617.2087149189,-1.0,-1.0,False,False
2007-01-26,-115.04236023851293,2.596208166886382,0.0,-117.63856840539931,-26830.972135480475,-1.0,-1.0,False,False
2007-01-29,156.83540488588727,0.9276355041304629,0.0,155.90776938175682,-27039.451032272576,-1.0,-1.0,False,False
2007-01-30,477.0960328916901,0.9210813328099303,0.0,476.17495155888014,-27132.44953529848,-1.0,-1.0,False,False
2007-01-31,209.7888442159076,0.41408977237859496,0.0,209.374754443529,-27332.195242853042,-1.0,-1.0,False,False
2007-02-01,542.1775319825067,227.49087570336314,227.49087570336314,314.68665627914356,-27387.989464774877,-1.0,-1.0,False,False
2007-02-02,66.8268832343583,0.23361551254036234,0.0,66.59326772181794,-27612.67953528005,-1.0,-1.0,False,False
2007-02-05,-89.50323354501562,0.9377333968558765,0.0,-90.4409669418715,-27837.074627243335,-1.0,-1.0,False,False
2007-02-06,562.147384675897,0.9559641282725124,0.0,561.1914205476245,-27880.6802856405,-1.0,-1.0,False,False
2007-02-07,323.95598069941997,0.18795542412571475,0.0,323.76802527529424,-28050.11420111022,-1.0,-1.0,False,False
2007-02-08,-187.5907840917809,0.7254376080052717,0.0,-188.31622169978618,-28261.767164742956,-1.0,-1.0,False,False
2007-02-09,-538.9746254181564,0.8891159332932556,0.0,-539.8637413514497,-28321.45997987347,-1.0,-1.0,False,False
2007-02-12,-509.63842428224996,0.24631697064725247,0.0,-509.8847412528972,-28401.35437821757,-1.0,-1.0,False,False
2007-02-13,980.5336385946513,0.34150024313052985,0.0,980.1921383515207,-28072.725387911567,-1.0,-1.0,False,False
2007-02-14,852.7512573943584,1.4481716038850065,0.0,851.3030857904733,-27892.612318044485,-1.0,-1.0,False,False
2007-02-15,193.10559166232795,0.7992030156439797,0.0,192.30638864668398,-28102.373567297323,-1.0,-1.0,False,False
2007-02-16,-24.149447894405657,0.9299536353121097,0.0,-25.079401529717767,-28335.240022796483,-1.0,-1.0,False,False
2007-02-20,461.89022299190407,1.049639915948277,0.0,460.8405830759558,-28441.1426382965,-1.0,-1.0,False,False
2007-02-21,323.9737205772699,0.48287447014020396,0.0,323.4908461071297,-28613.70228296751,-1.0,-1.0,False,False
2007-02-22,227.7315691678546,0.7931553174340215,0.0,226.93841385042057,-28819.412854718117,-1.0,-1.0,False,False
2007-02-23,-1129.1505833637411,0.9096347542897788,0.0,-1130.060218118031,-28300.08901559455,-1.0,-1.0,False,False
2007-02-26,372.98636136390746,2.3265163247450062,0.0,370.65984503916246,0.0,0.0,-1.0,False,False
2007-02-27,-8336.65209637706,97.93244848407973,0.0,-8434.58454486114,14434.179646331935,1.0,-1.0,False,False
2007-02-28,-0.0,54.79642273144532,0.0,-54.79642273144532,14079.957137383808,1.0,0.0,False,False
2007-03-01,705.6710049317849,1.2820553378242596,0.0,704.3889495939607,14057.614893031483,1.0,1.0,False,False
2007-03-02,1024.1776731289078,0.07538117334145202,0.0,1024.1022919555664,13872.9303068514,1.0,1.0,False,False
2007-03-05,888.4338576241057,0.5860733771968579,0.0,887.8477842469089,13767.576664932685,1.0,1.0,False,False
2007-03-06,-962.0855692677108,0.35923979696168573,0.0,-962.4448090646724,13623.478628518693,1.0,1.0,False,False
2007-03-07,-604.5642447675053,0.5139195801125335,0.0,-605.0781643476179,13634.44924376557,1.0,1.0,False,False
2007-03-08,-587.7910055449946,101.8941505072625,101.8941505072625,-689.6851560522571,0.0,0.0,1.0,False,False
2007-03-09,49.724468430947915,50.78237817899604,0.0,-1.0579097480481252,0.0,0.0,1.0,False,False
2007-03-12,-0.0,0.0,0.0,-0.0,0.0,0.0,0.0,False,False
2007-03-13,0.0,0.0,0.0,0.0,13706.883881952708,1.0,0.0,False,False
2007-03-14,0.0,46.36817154785982,0.0,-46.36817154785982,13740.99727497893,1.0,0.0,False,False
2007-03-15,162.85406592419073,0.11404510062582432,0.0,162.74002082356492,13847.283884618486,1.0,1.0,False,False
2007-03-16,412.31955293478694,0.3449771212176834,0.0,411.97457581356923,13911.853369472658,1.0,1.0,False,False
2007-03-19,-789.2688724608391,0.22224218259075185,0.0,-789.4911146434299,0.0,0.0,1.0,False,False
2007-03-20,-476.49732830295824,49.581535826528075,0.0,-526.0788641294863,0.0,0.0,1.0,False,False
2007-03-21,-0.0,0.0,0.0,-0.0,0.0,0.0,0.0,False,False
2007-03-22,0.0,0.0,0.0,0.0,0.0,0.0,0.0,False,False
2007-03-23,-0.0,0.0,0.0,-0.0,0.0,0.0,0.0,False,False
2007-03-26,0.0,0.0,0.0,0.0,0.0,0.0,0.0,False,False
2007-03-27,0.0,0.0,0.0,0.0,0.0,0.0,0.0,False,False
2007-03-28,0.0,0.0,0.0,0.0,0.0,0.0,0.0,False,False
2007-03-29,-0.0,0.0,0.0,-0.0,0.0,0.0,0.0,False,False
2007-03-30,-0.0,0.0,0.0,-0.0,0.0,0.0,0.0,False,False
2007-04-02,0.0,0.0,0.0,0.0,0.0,0.0,0.0,False,False
2007-04-03,-0.0,0.0,0.0,-0.0,0.0,0.0,0.0,False,False
2007-04-04,-0.0,0.0,0.0,-0.0,0.0,0.0,0.0,False,False
2007-04-05,-0.0,0.0,0.0,-0.0,0.0,0.0,0.0,False,False
2007-04-09,0.0,0.0,0.0,0.0,0.0,0.0,0.0,False,False
2007-04-10,-0.0,0.0,0.0,-0.0,0.0,0.0,0.0,False,False
2007-04-11,0.0,0.0,0.0,0.0,0.0,0.0,0.0,False,False
2007-04-12,-0.0,0.0,0.0,-0.0,0.0,0.0,0.0,False,False
2007-04-13,-0.0,0.0,0.0,-0.0,0.0,0.0,0.0,False,False
2007-04-16,-0.0,0.0,0.0,-0.0,0.0,0.0,0.0,False,False
2007-04-17,0.0,0.0,0.0,0.0,0.0,0.0,0.0,False,False
2007-04-18,-0.0,0.0,0.0,-0.0,0.0,0.0,0.0,False,False
2007-04-19,-0.0,0.0,0.0,-0.0,0.0,0.0,0.0,False,False
2007-04-20,0.0,0.0,0.0,0.0,0.0,0.0,0.0,False,False
2007-04-23,0.0,0.0,0.0,0.0,0.0,0.0,0.0,False,False
2007-04-24,-0.0,0.0,0.0,-0.0,0.0,0.0,0.0,False,False
2007-04-25,-0.0,0.0,0.0,-0.0,0.0,0.0,0.0,False,False
2007-04-26,0.0,0.0,0.0,0.0,0.0,0.0,0.0,False,False
2007-04-27,-0.0,0.0,0.0,-0.0,0.0,0.0,0.0,False,False
2007-04-30,0.0,0.0,0.0,0.0,16081.555396928628,1.0,0.0,False,False
2007-05-01,0.0,61.36855652215878,0.0,-61.36855652215878,0.0,0.0,0.0,False,False
2007-05-02,-323.30751728747083,62.62763784898117,0.0,-385.935155136452,0.0,0.0,1.0,False,False
2007-05-03,-0.0,0.0,0.0,-0.0,0.0,0.0,0.0,False,False
2007-05-04,0.0,0.0,0.0,0.0,0.0,0.0,0.0,False,False
2007-05-07,0.0,0.0,0.0,0.0,0.0,0.0,0.0,False,False
2007-05-08,0.0,0.0,0.0,0.0,0.0,0.0,0.0,False,False
2007-05-09,-0.0,0.0,0.0,-0.0,0.0,0.0,0.0,False,False
2007-05-10,0.0,0.0,0.0,0.0,0.0,0.0,0.0,False,False
2007-05-11,-0.0,0.0,0.0,-0.0,0.0,0.0,0.0,False,False
2007-05-14,0.0,0.0,0.0,0.0,0.0,0.0,0.0,False,False
2007-05-15,0.0,0.0,0.0,0.0,0.0,0.0,0.0,False,False
2007-05-16,-0.0,0.0,0.0,-0.0,0.0,0.0,0.0,False,False
2007-05-17,0.0,0.0,0.0,0.0,0.0,0.0,0.0,False,False
2007-05-18,-0.0,0.0,0.0,-0.0,0.0,0.0,0.0,False,False
2007-05-21,-0.0,0.0,0.0,-0.0,0.0,0.0,0.0,False,False
2007-05-22,0.0,0.0,0.0,0.0,0.0,0.0,0.0,False,False
2007-05-23,-0.0,0.0,0.0,-0.0,0.0,0.0,0.0,False,False
2007-05-24,0.0,0.0,0.0,0.0,0.0,0.0,0.0,False,False
2007-05-25,-0.0,0.0,0.0,-0.0,0.0,0.0,0.0,False,False
2007-05-29,-0.0,0.0,0.0,-0.0,0.0,0.0,0.0,False,False
2007-05-30,-0.0,0.0,0.0,-0.0,0.0,0.0,0.0,False,False
2007-05-31,0.0,0.0,0.0,0.0,0.0,0.0,0.0,False,False
2007-06-01,-0.0,0.0,0.0,-0.0,0.0,0.0,0.0,False,False
2007-06-04,0.0,0.0,0.0,0.0,0.0,0.0,0.0,False,False
2007-06-05,0.0,0.0,0.0,0.0,0.0,0.0,0.0,False,False
2007-06-06,0.0,0.0,0.0,0.0,0.0,0.0,0.0,False,False
2007-06-07,0.0,0.0,0.0,0.0,0.0,0.0,0.0,False,False
2007-06-08,-0.0,0.0,0.0,-0.0,0.0,0.0,0.0,False,False
2007-06-11,-0.0,0.0,0.0,-0.0,0.0,0.0,0.0,False,False
2007-06-12,0.0,0.0,0.0,0.0,0.0,0.0,0.0,False,False
2007-06-13,-0.0,0.0,0.0,-0.0,0.0,0.0,0.0,False,False
2007-06-14,-0.0,0.0,0.0,-0.0,0.0,0.0,0.0,False,False
2007-06-15,-0.0,0.0,0.0,-0.0,0.0,0.0,0.0,False,False
2007-06-18,0.0,0.0,0.0,0.0,0.0,0.0,0.0,False,False
2007-06-19,-0.0,0.0,0.0,-0.0,0.0,0.0,0.0,False,False
2007-06-20,0.0,0.0,0.0,0.0,0.0,0.0,0.0,False,False
2007-06-21,0.0,0.0,0.0,0.0,0.0,0.0,0.0,False,False
2007-06-22,0.0,0.0,0.0,0.0,0.0,0.0,0.0,False,False
2007-06-25,0.0,0.0,0.0,0.0,0.0,0.0,0.0,False,False
2007-06-26,0.0,0.0,0.0,0.0,18401.879268235687,1.0,0.0,False,False
2007-06-27,-0.0,60.416163516789176,0.0,-60.416163516789176,0.0,0.0,0.0,False,False
2007-06-28,-70.73111826355563,60.649280546435946,0.0,-131.38039880999156,0.0,0.0,1.0,False,False
2007-06-29,0.0,0.0,0.0,0.0,0.0,0.0,0.0,False,False
2007-07-02,-0.0,0.0,0.0,-0.0,0.0,0.0,0.0,False,False
2007-07-03,-0.0,0.0,0.0,-0.0,0.0,0.0,0.0,False,False
2007-07-05,0.0,0.0,0.0,0.0,0.0,0.0,0.0,False,False
2007-07-06,-0.0,0.0,0.0,-0.0,0.0,0.0,0.0,False,False
2007-07-09,0.0,0.0,0.0,0.0,0.0,0.0,0.0,False,False
2007-07-10,0.0,0.0,0.0,0.0,0.0,0.0,0.0,False,False
2007-07-11,-0.0,0.0,0.0,-0.0,0.0,0.0,0.0,False,False
2007-07-12,-0.0,0.0,0.0,-0.0,0.0,0.0,0.0,False,False
2007-07-13,0.0,0.0,0.0,0.0,0.0,0.0,0.0,False,False
2007-07-16,0.0,0.0,0.0,0.0,0.0,0.0,0.0,False,False
2007-07-17,0.0,0.0,0.0,0.0,0.0,0.0,0.0,False,False
2007-07-18,0.0,0.0,0.0,0.0,0.0,0.0,0.0,False,False
2007-07-19,-0.0,0.0,0.0,-0.0,0.0,0.0,0.0,False,False
2007-07-20,0.0,0.0,0.0,0.0,0.0,0.0,0.0,False,False
2007-07-23,-0.0,0.0,0.0,-0.0,0.0,0.0,0.0,False,False
2007-07-24,0.0,0.0,0.0,0.0,0.0,0.0,0.0,False,False
2007-07-25,-0.0,0.0,0.0,-0.0,0.0,0.0,0.0,False,False
2007-07-26,0.0,0.0,0.0,0.0,0.0,0.0,0.0,False,False
2007-07-27,0.0,0.0,0.0,0.0,18850.21013166562,1.0,0.0,False,False
2007-07-30,-0.0,49.695127018922996,0.0,-49.695127018922996,18868.421362109217,1.0,0.0,False,False
2007-07-31,1047.2338962036417,0.0454837017658082,0.0,1047.188412501876,18600.63612805198,1.0,1.0,False,False
2007-08-01,1176.9775508528166,0.6295409745611611,0.0,1176.3480098782554,18246.254771615957,1.0,1.0,False,False
2007-08-02,-844.7077874665821,0.8727556231305262,0.0,-845.5805430897126,0.0,0.0,1.0,False,False
2007-08-03,1578.2440455986919,41.35871548188049,0.0,1536.8853301168115,17410.720752057354,1.0,1.0,False,False
2007-08-06,-0.0,40.41211225285052,0.0,-40.41211225285052,17494.12504780206,1.0,0.0,False,False
2007-08-07,-1080.284756807905,0.2063964344237641,0.0,-1080.491153242329,17218.421159258953,1.0,1.0,False,False
2007-08-08,-464.59530547035905,0.7008841412616177,0.0,-465.29618961162066,17285.578669823455,1.0,1.0,False,False
2007-08-09,2647.6738885765276,77.05141574032564,77.05141574032564,2570.622472836202,15305.540242527737,1.0,1.0,False,False
2007-08-10,512.1652939206957,4.294412585649833,0.0,507.8708813350459,15366.336997729339,1.0,1.0,False,False
2007-08-13,-278.51808312682755,0.1343031769000898,0.0,-278.6523863037276,15468.482438680334,1.0,1.0,False,False
2007-08-14,728.5763231682033,0.21543019953656392,0.0,728.3608929686668,15423.602068157432,1.0,1.0,False,False
2007-08-15,560.175495721755,0.09134706073465958,0.0,560.0841486610204,15450.70441674386,1.0,1.0,False,False
2007-08-16,1267.9450469057151,0.05097230697447464,0.0,1267.8940745987406,15076.505790633188,1.0,1.0,False,False
2007-08-17,-442.2586952315684,0.7245062179135607,0.0,-442.983201449482,15142.518619771308,1.0,1.0,False,False
2007-08-20,-1150.5304759002272,0.13837044962489503,0.0,-1150.6688463498522,14857.240039363423,1.0,1.0,False,False
2007-08-21,-371.595548951441,0.6130200103104445,0.0,-372.20856896175144,14938.894610461026,1.0,1.0,False,False
2007-08-22,-716.386836279579,0.18435228056176767,0.0,-716.5711885601407,0.0,0.0,1.0,False,False
2007-08-23,263.2404336645135,33.143651462602925,0.0,230.09678220191057,0.0,0.0,1.0,False,False
2007-08-24,-0.0,0.0,0.0,-0.0,0.0,0.0,0.0,False,False
2007-08-27,0.0,0.0,0.0,0.0,0.0,0.0,0.0,False,False
2007-08-28,0.0,0.0,0.0,0.0,0.0,0.0,0.0,False,False
2007-08-29,-0.0,0.0,0.0,-0.0,0.0,0.0,0.0,False,False
2007-08-30,0.0,0.0,0.0,0.0,0.0,0.0,0.0,False,False
2007-08-31,-0.0,0.0,0.0,-0.0,0.0,0.0,0.0,False,False
2007-09-04,-0.0,0.0,0.0,-0.0,0.0,0.0,0.0,False,False
2007-09-05,0.0,0.0,0.0,0.0,0.0,0.0,0.0,False,False
2007-09-06,-0.0,0.0,0.0,-0.0,0.0,0.0,0.0,False,False
2007-09-07,0.0,0.0,0.0,0.0,0.0,0.0,0.0,False,False
2007-09-10,0.0,0.0,0.0,0.0,0.0,0.0,0.0,False,False
2007-09-11,-0.0,0.0,0.0,-0.0,0.0,0.0,0.0,False,False
2007-09-12,0.0,0.0,0.0,0.0,0.0,0.0,0.0,False,False
2007-09-13,-0.0,0.0,0.0,-0.0,0.0,0.0,0.0,False,False
2007-09-14,0.0,0.0,0.0,0.0,0.0,0.0,0.0,False,False
2007-09-17,0.0,0.0,0.0,0.0,0.0,0.0,0.0,False,False
2007-09-18,-0.0,0.0,0.0,-0.0,0.0,0.0,0.0,False,False
2007-09-19,-0.0,0.0,0.0,-0.0,0.0,0.0,0.0,False,False
2007-09-20,0.0,0.0,0.0,0.0,0.0,0.0,0.0,False,False
2007-09-21,-0.0,0.0,0.0,-0.0,0.0,0.0,0.0,False,False
2007-09-24,-0.0,0.0,0.0,-0.0,0.0,0.0,0.0,False,False
2007-09-25,0.0,0.0,0.0,0.0,0.0,0.0,0.0,False,False
2007-09-26,-0.0,0.0,0.0,-0.0,0.0,0.0,0.0,False,False
2007-09-27,-0.0,0.0,0.0,-0.0,-14888.024468433978,-1.0,0.0,False,False
2007-09-28,0.0,40.328290380932415,0.0,-40.328290380932415,-15003.609320691688,-1.0,0.0,False,False
2007-10-01,385.5778007152582,0.3214174540535907,0.0,385.25638326120463,-15080.382325620383,-1.0,-1.0,False,False
2007-10-02,-398.90225540634526,0.20796070309701925,0.0,-399.11021610944226,0.0,0.0,-1.0,False,False
2007-10-03,-143.4708677913144,40.46437665905993,0.0,-183.9352444503743,0.0,0.0,-1.0,False,False
2007-10-04,0.0,0.0,0.0,0.0,0.0,0.0,0.0,False,False
2007-10-05,-0.0,0.0,0.0,-0.0,0.0,0.0,0.0,False,False
2007-10-08,0.0,0.0,0.0,0.0,0.0,0.0,0.0,False,False
2007-10-09,-0.0,0.0,0.0,-0.0,0.0,0.0,0.0,False,False
2007-10-10,-0.0,0.0,0.0,-0.0,0.0,0.0,0.0,False,False
2007-10-11,0.0,0.0,0.0,0.0,0.0,0.0,0.0,False,False
2007-10-12,-0.0,0.0,0.0,-0.0,0.0,0.0,0.0,False,False
2007-10-15,0.0,0.0,0.0,0.0,0.0,0.0,0.0,False,False
2007-10-16,0.0,0.0,0.0,0.0,0.0,0.0,0.0,False,False
2007-10-17,-0.0,0.0,0.0,-0.0,0.0,0.0,0.0,False,False
2007-10-18,0.0,0.0,0.0,0.0,-15672.74732364261,-1.0,0.0,False,False
2007-10-19,0.0,35.635683244750844,0.0,-35.635683244750844,0.0,0.0,0.0,False,False
2007-10-22,187.739209289419,36.06772790016542,0.0,151.6714813892536,0.0,0.0,-1.0,False,False
2007-10-23,-0.0,0.0,0.0,-0.0,0.0,0.0,0.0,False,False
2007-10-24,0.0,0.0,0.0,0.0,0.0,0.0,0.0,False,False
2007-10-25,-0.0,0.0,0.0,-0.0,0.0,0.0,0.0,False,False
2007-10-26,-0.0,0.0,0.0,-0.0,0.0,0.0,0.0,False,False
2007-10-29,-0.0,0.0,0.0,-0.0,0.0,0.0,0.0,False,False
2007-10-30,0.0,0.0,0.0,0.0,0.0,0.0,0.0,False,False
2007-10-31,-0.0,0.0,0.0,-0.0,0.0,0.0,0.0,False,False
2007-11-01,0.0,0.0,0.0,0.0,0.0,0.0,0.0,False,False
2007-11-02,0.0,0.0,0.0,0.0,0.0,0.0,0.0,False,False
2007-11-05,0.0,0.0,0.0,0.0,0.0,0.0,0.0,False,False
2007-11-06,-0.0,0.0,0.0,-0.0,0.0,0.0,0.0,False,False
2007-11-07,0.0,0.0,0.0,0.0,12991.805365275683,1.0,0.0,False,False
2007-11-08,0.0,26.58004091698119,26.58004091698119,-26.58004091698119,0.0,0.0,0.0,False,False
2007-11-09,679.4117775852759,25.259105651380075,0.0,654.1526719338958,0.0,0.0,1.0,False,False
2007-11-12,0.0,0.0,0.0,0.0,13183.236396774802,1.0,0.0,False,False
2007-11-13,-0.0,27.221630351922183,0.0,-27.221630351922183,0.0,0.0,0.0,False,False
2007-11-14,175.28074177822842,26.864447925833346,0.0,148.41629385239509,0.0,0.0,1.0,False,False
2007-11-15,0.0,0.0,0.0,0.0,0.0,0.0,0.0,False,False
2007-11-16,-0.0,0.0,0.0,-0.0,0.0,0.0,0.0,False,False
2007-11-19,0.0,0.0,0.0,0.0,0.0,0.0,0.0,False,False
2007-11-20,-0.0,0.0,0.0,-0.0,0.0,0.0,0.0,False,False
2007-11-21,0.0,0.0,0.0,0.0,0.0,0.0,0.0,False,False
2007-11-23,-0.0,0.0,0.0,-0.0,0.0,0.0,0.0,False,False
2007-11-26,0.0,0.0,0.0,0.0,0.0,0.0,0.0,False,False
2007-11-27,-0.0,0.0,0.0,-0.0,0.0,0.0,0.0,False,False
2007-11-28,-0.0,0.0,0.0,-0.0,0.0,0.0,0.0,False,False
2007-11-29,0.0,0.0,0.0,0.0,0.0,0.0,0.0,False,False
2007-11-30,-0.0,0.0,0.0,-0.0,0.0,0.0,0.0,False,False
2007-12-03,0.0,0.0,0.0,0.0,0.0,0.0,0.0,False,False
2007-12-04,0.0,0.0,0.0,0.0,0.0,0.0,0.0,False,False
2007-12-05,-0.0,0.0,0.0,-0.0,0.0,0.0,0.0,False,False
2007-12-06,-0.0,0.0,0.0,-0.0,0.0,0.0,0.0,False,False
2007-12-07,0.0,0.0,0.0,0.0,0.0,0.0,0.0,False,False
2007-12-10,-0.0,0.0,0.0,-0.0,0.0,0.0,0.0,False,False
2007-12-11,0.0,0.0,0.0,0.0,0.0,0.0,0.0,False,False
2007-12-12,-0.0,0.0,0.0,-0.0,0.0,0.0,0.0,False,False
2007-12-13,0.0,0.0,0.0,0.0,0.0,0.0,0.0,False,False
2007-12-14,0.0,0.0,0.0,0.0,0.0,0.0,0.0,False,False
2007-12-17,0.0,0.0,0.0,0.0,0.0,0.0,0.0,False,False
2007-12-18,-0.0,0.0,0.0,-0.0,0.0,0.0,0.0,False,False
2007-12-19,-0.0,0.0,0.0,-0.0,-14308.035150969175,-1.0,0.0,False,False
2007-12-20,-0.0,30.338717479816726,0.0,-30.338717479816726,-14420.280099867061,-1.0,0.0,False,False
2007-12-21,633.4132234810522,0.24902829571500568,0.0,633.1641951853372,-14417.09209149353,-1.0,-1.0,False,False
2007-12-24,574.314185795572,0.0073663403581350935,0.0,574.3068194552139,-14437.126117811244,-1.0,-1.0,False,False
2007-12-26,104.000664320964,0.046627786048265146,0.0,103.95403653491574,-14553.623837132382,-1.0,-1.0,False,False
2007-12-27,-458.9458802210646,0.2627864487327607,0.0,-459.20866666979737,-14608.883865532445,-1.0,-1.0,False,False
2007-12-28,-57.65079865061175,0.12415942373973098,0.0,-57.77495807435148,-14729.085679951533,-1.0,-1.0,False,False
2007-12-31,-198.5424812939546,0.2664508213225889,0.0,-198.8089321152772,0.0,0.0,-1.0,False,False
2008-01-02,-471.4326731472375,31.637285880030017,0.0,-503.0699590272675,0.0,0.0,-1.0,False,False
2008-01-03,-0.0,0.0,0.0,-0.0,0.0,0.0,0.0,False,False
2008-01-04,0.0,0.0,0.0,0.0,0.0,0.0,0.0,False,False
2008-01-07,-0.0,0.0,0.0,-0.0,0.0,0.0,0.0,False,False
2008-01-08,0.0,0.0,0.0,0.0,0.0,0.0,0.0,False,False
2008-01-09,-0.0,0.0,0.0,-0.0,0.0,0.0,0.0,False,False
2008-01-10,-0.0,0.0,0.0,-0.0,0.0,0.0,0.0,False,False
2008-01-11,0.0,0.0,0.0,0.0,0.0,0.0,0.0,False,False
2008-01-14,-0.0,0.0,0.0,-0.0,0.0,0.0,0.0,False,False
2008-01-15,0.0,0.0,0.0,0.0,0.0,0.0,0.0,False,False
2008-01-16,-0.0,0.0,0.0,-0.0,0.0,0.0,0.0,False,False
2008-01-17,0.0,0.0,0.0,0.0,0.0,0.0,0.0,False,False
2008-01-18,0.0,0.0,0.0,0.0,0.0,0.0,0.0,False,False
2008-01-22,0.0,0.0,0.0,0.0,15383.069882640122,1.0,0.0,False,False
2008-01-23,-0.0,29.86296710171615,0.0,-29.86296710171615,15336.40284144923,1.0,0.0,False,False
2008-01-24,17.480761230274044,0.09049133034556366,0.0,17.39026989992848,15463.57944626663,1.0,1.0,False,False
2008-01-25,185.68478657827404,0.24365611203333898,0.0,185.4411304662407,15580.44534345604,1.0,1.0,False,False
2008-01-28,-341.0658644223301,0.2289517290121263,0.0,-341.2948161513422,15670.931470361804,1.0,1.0,False,False
2008-01-29,53.60244957610861,0.17666339062553876,0.0,53.42578618548307,15800.018511678047,1.0,1.0,False,False
2008-01-30,-65.66866520913516,0.2530876383878137,0.0,-65.92175284752297,15929.674860024179,1.0,1.0,False,False
2008-01-31,-302.219175816336,0.2591609926965398,0.0,-302.47833680903256,0.0,0.0,1.0,False,False
2008-02-01,-428.6846978711666,32.72127601507973,0.0,-461.40597388624633,0.0,0.0,1.0,False,False
2008-02-04,0.0,0.0,0.0,0.0,0.0,0.0,0.0,False,False
2008-02-05,0.0,0.0,0.0,0.0,0.0,0.0,0.0,False,False
2008-02-06,0.0,0.0,0.0,0.0,0.0,0.0,0.0,False,False
2008-02-07,-0.0,0.0,0.0,-0.0,0.0,0.0,0.0,False,False
2008-02-08,0.0,0.0,0.0,0.0,0.0,0.0,0.0,False,False
2008-02-11,-0.0,0.0,0.0,-0.0,0.0,0.0,0.0,False,False
2008-02-12,-0.0,0.0,0.0,-0.0,0.0,0.0,0.0,False,False
2008-02-13,-0.0,0.0,0.0,-0.0,0.0,0.0,0.0,False,False
2008-02-14,0.0,0.0,0.0,0.0,0.0,0.0,0.0,False,False
2008-02-15,-0.0,0.0,0.0,-0.0,0.0,0.0,0.0,False,False
2008-02-19,-0.0,0.0,0.0,-0.0,0.0,0.0,0.0,False,False
2008-02-20,-0.0,0.0,0.0,-0.0,0.0,0.0,0.0,False,False
2008-02-21,-0.0,0.0,0.0,-0.0,0.0,0.0,0.0,False,False
2008-02-22,-0.0,0.0,0.0,-0.0,0.0,0.0,0.0,False,False
2008-02-25,-0.0,0.0,0.0,-0.0,0.0,0.0,0.0,False,False
2008-02-26,-0.0,0.0,0.0,-0.0,0.0,0.0,0.0,False,False
2008-02-27,0.0,0.0,0.0,0.0,0.0,0.0,0.0,False,False
2008-02-28,0.0,0.0,0.0,0.0,0.0,0.0,0.0,False,False
2008-02-29,0.0,0.0,0.0,0.0,0.0,0.0,0.0,False,False
2008-03-03,0.0,0.0,0.0,0.0,0.0,0.0,0.0,False,False
2008-03-04,-0.0,0.0,0.0,-0.0,0.0,0.0,0.0,False,False
2008-03-05,-0.0,0.0,0.0,-0.0,0.0,0.0,0.0,False,False
2008-03-06,0.0,0.0,0.0,0.0,0.0,0.0,0.0,False,False
2008-03-07,-0.0,0.0,0.0,-0.0,0.0,0.0,0.0,False,False
2008-03-10,0.0,0.0,0.0,0.0,0.0,0.0,0.0,False,False
2008-03-11,-0.0,0.0,0.0,-0.0,0.0,0.0,0.0,False,False
2008-03-12,0.0,0.0,0.0,0.0,0.0,0.0,0.0,False,False
2008-03-13,0.0,0.0,0.0,0.0,0.0,0.0,0.0,False,False
2008-03-14,0.0,0.0,0.0,0.0,0.0,0.0,0.0,False,False
2008-03-17,0.0,0.0,0.0,0.0,17209.81407100486,1.0,0.0,False,False
2008-03-18,-0.0,33.66423553965646,0.0,-33.66423553965646,0.0,0.0,0.0,False,False
2008-03-19,794.8043903021345,32.17814560886535,0.0,762.6262446932692,0.0,0.0,1.0,False,False
2008-03-20,-0.0,0.0,0.0,-0.0,0.0,0.0,0.0,False,False
2008-03-24,-0.0,0.0,0.0,-0.0,0.0,0.0,0.0,False,False
2008-03-25,-0.0,0.0,0.0,-0.0,0.0,0.0,0.0,False,False
2008-03-26,0.0,0.0,0.0,0.0,0.0,0.0,0.0,False,False
2008-03-27,-0.0,0.0,0.0,-0.0,0.0,0.0,0.0,False,False
2008-03-28,-0.0,0.0,0.0,-0.0,0.0,0.0,0.0,False,False
2008-03-31,-0.0,0.0,0.0,-0.0,0.0,0.0,0.0,False,False
2008-04-01,-0.0,0.0,0.0,-0.0,-16896.856437091352,-1.0,0.0,False,False
2008-04-02,0.0,35.14463849029756,0.0,-35.14463849029756,-16964.904994526878,-1.0,0.0,False,False
2008-04-03,253.72714617385685,69.58361160266377,69.58361160266377,184.14353457119307,0.0,0.0,-1.0,False,False
2008-04-04,-6.802287487781308,34.84775074026062,0.0,-41.65003822804193,0.0,0.0,-1.0,False,False
2008-04-07,-0.0,0.0,0.0,-0.0,0.0,0.0,0.0,False,False
2008-04-08,-0.0,0.0,0.0,-0.0,0.0,0.0,0.0,False,False
2008-04-09,0.0,0.0,0.0,0.0,0.0,0.0,0.0,False,False
2008-04-10,-0.0,0.0,0.0,-0.0,0.0,0.0,0.0,False,False
2008-04-11,0.0,0.0,0.0,0.0,0.0,0.0,0.0,False,False
2008-04-14,-0.0,0.0,0.0,-0.0,0.0,0.0,0.0,False,False
2008-04-15,-0.0,0.0,0.0,-0.0,0.0,0.0,0.0,False,False
2008-04-16,-0.0,0.0,0.0,-0.0,0.0,0.0,0.0,False,False
2008-04-17,0.0,0.0,0.0,0.0,0.0,0.0,0.0,False,False
2008-04-18,-0.0,0.0,0.0,-0.0,0.0,0.0,0.0,False,False
2008-04-21,-0.0,0.0,0.0,-0.0,0.0,0.0,0.0,False,False
2008-04-22,0.0,0.0,0.0,0.0,0.0,0.0,0.0,False,False
2008-04-23,-0.0,0.0,0.0,-0.0,0.0,0.0,0.0,False,False
2008-04-24,-0.0,0.0,0.0,-0.0,0.0,0.0,0.0,False,False
2008-04-25,-0.0,0.0,0.0,-0.0,0.0,0.0,0.0,False,False
2008-04-28,-0.0,0.0,0.0,-0.0,0.0,0.0,0.0,False,False
2008-04-29,0.0,0.0,0.0,0.0,0.0,0.0,0.0,False,False
2008-04-30,0.0,0.0,0.0,0.0,0.0,0.0,0.0,False,False
2008-05-01,-0.0,0.0,0.0,-0.0,0.0,0.0,0.0,False,False
2008-05-02,-0.0,0.0,0.0,-0.0,-18437.248508144483,-1.0,0.0,False,False
2008-05-05,0.0,47.989283191589884,0.0,-47.989283191589884,-18589.94834119485,-1.0,0.0,False,False
2008-05-06,814.647343935283,0.4158271224139898,0.0,814.2315168128689,-18484.161733550052,-1.0,-1.0,False,False
2008-05-07,-869.2430680261151,0.2752062762332922,0.0,-869.5182743023485,0.0,0.0,-1.0,False,False
2008-05-08,28.148469644997906,44.57944888679719,44.57944888679719,-16.43097924179928,0.0,0.0,-1.0,False,False
2008-05-09,0.0,0.0,0.0,0.0,0.0,0.0,0.0,False,False
2008-05-12,-0.0,0.0,0.0,-0.0,-18683.0222568863,-1.0,0.0,False,False
2008-05-13,-0.0,46.07819493096356,0.0,-46.07819493096356,-18837.561071148466,-1.0,0.0,False,False
2008-05-14,413.5798959657223,0.3897694011287427,0.0,413.1901265645936,-18924.909984859616,-1.0,-1.0,False,False
2008-05-15,407.89994445400356,0.22518268750988144,0.0,407.6747617664937,-19015.02704860829,-1.0,-1.0,False,False
2008-05-16,-247.5088831017884,0.2293197376921366,0.0,-247.73820283948052,-19147.97841027345,-1.0,-1.0,False,False
2008-05-19,358.7740952567601,0.34482577354955846,0.0,358.4292694832106,-19254.181409810113,-1.0,-1.0,False,False
2008-05-20,-1027.16888233248,0.26142669194303875,0.0,-1027.4303090244232,-18993.128190111656,-1.0,-1.0,False,False
2008-05-21,-1220.7261988928603,0.6042898604130945,0.0,-1221.3304887532734,-18592.947353642856,-1.0,-1.0,False,False
2008-05-22,360.3032447988681,0.9442572683713639,0.0,359.35898753049673,-18698.461913051808,-1.0,-1.0,False,False
2008-05-23,-436.5747306794598,0.2432578124025541,0.0,-436.8179884918623,-18777.777353859576,-1.0,-1.0,False,False
2008-05-27,622.440927380044,0.1891538548812523,0.0,622.2517735251627,-18780.143366847733,-1.0,-1.0,False,False
2008-05-28,139.8066252497695,0.0056848647746395725,0.0,139.80094038499485,-18928.22813668824,-1.0,-1.0,False,False
2008-05-29,1197.4212367047785,0.3800372786342549,0.0,1197.0411994261442,-18527.038271296755,-1.0,-1.0,False,False
2008-05-30,559.2215623758678,1.0609381115228949,0.0,558.160624264345,-18564.35308015523,-1.0,-1.0,False,False
2008-06-02,-1204.5442838923602,0.09265426133705604,0.0,-1204.6369381536972,-18170.78260824053,-1.0,-1.0,False,False
2008-06-03,-386.7573558365659,0.9573083381883419,0.0,-387.71466417475426,-18266.690234687354,-1.0,-1.0,False,False
2008-06-04,-198.35215946346972,0.23076365518308592,0.0,-198.58292311865281,0.0,0.0,-1.0,False,False
2008-06-05,1192.051616254245,42.30311226966683,42.30311226966683,1149.748503984578,-18017.952659151575,-1.0,-1.0,False,False
2008-06-06,0.0,38.57226707525138,0.0,-38.57226707525138,0.0,0.0,0.0,False,False
2008-06-09,383.84109674884456,39.411868279194124,0.0,344.4292284696504,0.0,0.0,-1.0,False,False
2008-06-10,0.0,0.0,0.0,0.0,0.0,0.0,0.0,False,False
2008-06-11,0.0,0.0,0.0,0.0,0.0,0.0,0.0,False,False
2008-06-12,-0.0,0.0,0.0,-0.0,0.0,0.0,0.0,False,False
2008-06-13,-0.0,0.0,0.0,-0.0,0.0,0.0,0.0,False,False
2008-06-16,-0.0,0.0,0.0,-0.0,0.0,0.0,0.0,False,False
2008-06-17,-0.0,0.0,0.0,-0.0,0.0,0.0,0.0,False,False
2008-06-18,0.0,0.0,0.0,0.0,0.0,0.0,0.0,False,False
2008-06-19,-0.0,0.0,0.0,-0.0,0.0,0.0,0.0,False,False
2008-06-20,0.0,0.0,0.0,0.0,0.0,0.0,0.0,False,False
2008-06-23,0.0,0.0,0.0,0.0,0.0,0.0,0.0,False,False
2008-06-24,0.0,0.0,0.0,0.0,0.0,0.0,0.0,False,False
2008-06-25,-0.0,0.0,0.0,-0.0,0.0,0.0,0.0,False,False
2008-06-26,0.0,0.0,0.0,0.0,0.0,0.0,0.0,False,False
2008-06-27,-0.0,0.0,0.0,-0.0,0.0,0.0,0.0,False,False
2008-06-30,-0.0,0.0,0.0,-0.0,0.0,0.0,0.0,False,False
2008-07-01,0.0,0.0,0.0,0.0,0.0,0.0,0.0,False,False
2008-07-02,0.0,0.0,0.0,0.0,0.0,0.0,0.0,False,False
2008-07-03,-0.0,0.0,0.0,-0.0,0.0,0.0,0.0,False,False
2008-07-07,0.0,0.0,0.0,0.0,0.0,0.0,0.0,False,False
2008-07-08,-0.0,0.0,0.0,-0.0,0.0,0.0,0.0,False,False
2008-07-09,0.0,0.0,0.0,0.0,0.0,0.0,0.0,False,False
2008-07-10,0.0,0.0,0.0,0.0,0.0,0.0,0.0,False,False
2008-07-11,0.0,0.0,0.0,0.0,0.0,0.0,0.0,False,False
2008-07-14,0.0,0.0,0.0,0.0,0.0,0.0,0.0,False,False
2008-07-15,0.0,0.0,0.0,0.0,0.0,0.0,0.0,False,False
2008-07-16,-0.0,0.0,0.0,-0.0,0.0,0.0,0.0,False,False
2008-07-17,-0.0,0.0,0.0,-0.0,0.0,0.0,0.0,False,False
2008-07-18,-0.0,0.0,0.0,-0.0,0.0,0.0,0.0,False,False
2008-07-21,-0.0,0.0,0.0,-0.0,0.0,0.0,0.0,False,False
2008-07-22,-0.0,0.0,0.0,-0.0,0.0,0.0,0.0,False,False
2008-07-23,-0.0,0.0,0.0,-0.0,0.0,0.0,0.0,False,False
2008-07-24,0.0,0.0,0.0,0.0,0.0,0.0,0.0,False,False
2008-07-25,-0.0,0.0,0.0,-0.0,0.0,0.0,0.0,False,False
2008-07-28,0.0,0.0,0.0,0.0,0.0,0.0,0.0,False,False
2008-07-29,-0.0,0.0,0.0,-0.0,0.0,0.0,0.0,False,False
2008-07-30,-0.0,0.0,0.0,-0.0,0.0,0.0,0.0,False,False
2008-07-31,0.0,0.0,0.0,0.0,0.0,0.0,0.0,False,False
2008-08-01,0.0,0.0,0.0,0.0,0.0,0.0,0.0,False,False
2008-08-04,-0.0,0.0,0.0,-0.0,0.0,0.0,0.0,False,False
2008-08-05,-0.0,0.0,0.0,-0.0,0.0,0.0,0.0,False,False
2008-08-06,-0.0,0.0,0.0,-0.0,0.0,0.0,0.0,False,False
2008-08-07,0.0,0.0,0.0,0.0,0.0,0.0,0.0,False,False
2008-08-08,-0.0,0.0,0.0,-0.0,0.0,0.0,0.0,False,False
2008-08-11,-0.0,0.0,0.0,-0.0,0.0,0.0,0.0,False,False
2008-08-12,0.0,0.0,0.0,0.0,0.0,0.0,0.0,False,False
2008-08-13,0.0,0.0,0.0,0.0,0.0,0.0,0.0,False,False
2008-08-14,-0.0,0.0,0.0,-0.0,0.0,0.0,0.0,False,False
2008-08-15,-0.0,0.0,0.0,-0.0,0.0,0.0,0.0,False,False
2008-08-18,0.0,0.0,0.0,0.0,0.0,0.0,0.0,False,False
2008-08-19,0.0,0.0,0.0,0.0,0.0,0.0,0.0,False,False
2008-08-20,-0.0,0.0,0.0,-0.0,0.0,0.0,0.0,False,False
2008-08-21,-0.0,0.0,0.0,-0.0,-18503.206227311246,-1.0,0.0,False,False
2008-08-22,-0.0,43.922617839263616,0.0,-43.922617839263616,-18559.458705709283,-1.0,0.0,False,False
2008-08-25,-899.8780240239391,0.12733831792841868,0.0,-900.0053623418676,-18401.302941324928,-1.0,-1.0,False,False
2008-08-26,196.74337850575353,0.36185191628117,0.0,196.38152658947234,-18539.20521646187,-1.0,-1.0,False,False
2008-08-27,492.89204307120167,0.3241968624205613,0.0,492.56784620878113,-18597.002791798805,-1.0,-1.0,False,False
2008-08-28,578.2871351923876,0.1402521655311528,0.0,578.1468830268565,-18620.21758210584,-1.0,-1.0,False,False
2008-08-29,-510.71314485053335,0.05482755775279313,0.0,-510.76797240828614,-18672.492868776837,-1.0,-1.0,False,False
2008-09-02,-326.0683263225889,0.12133643305654676,0.0,-326.1896627556455,0.0,0.0,-1.0,False,False
2008-09-03,372.09677818214465,44.22205450669191,0.0,327.87472367545274,0.0,0.0,-1.0,False,False
2008-09-04,0.0,0.0,0.0,0.0,0.0,0.0,0.0,False,False
2008-09-05,-0.0,0.0,0.0,-0.0,0.0,0.0,0.0,False,False
2008-09-08,-0.0,0.0,0.0,-0.0,0.0,0.0,0.0,False,False
2008-09-09,0.0,0.0,0.0,0.0,0.0,0.0,0.0,False,False
2008-09-10,-0.0,0.0,0.0,-0.0,0.0,0.0,0.0,False,False
2008-09-11,0.0,0.0,0.0,0.0,0.0,0.0,0.0,False,False
2008-09-12,0.0,0.0,0.0,0.0,0.0,0.0,0.0,False,False
2008-09-15,0.0,0.0,0.0,0.0,18035.247812586687,1.0,0.0,False,False
2008-09-16,-0.0,36.72254471176272,0.0,-36.72254471176272,18126.364700320086,1.0,0.0,False,False
2008-09-17,1031.813939218308,0.17548818099724434,0.0,1031.6384510373107,17877.508292200266,1.0,1.0,False,False
2008-09-18,-885.5420560096258,0.5039071875203787,0.0,-886.0459631971461,17743.876928871137,1.0,1.0,False,False
2008-09-19,-402.6147659642098,0.2768232566943343,0.0,-402.89158922090417,17831.436027467847,1.0,1.0,False,False
2008-09-22,1305.3296689792035,0.1689534564413175,0.0,1305.160715522762,17362.941009192873,1.0,1.0,False,False
2008-09-23,1651.5561983272166,0.8273731801031166,0.0,1650.7288251471134,16627.28038677469,1.0,1.0,False,False
2008-09-24,-221.3745063198276,1.3159723175892426,0.0,-222.69047863741685,16749.468136247593,1.0,1.0,False,False
2008-09-25,-528.126532354798,0.22574340881348964,0.0,-528.3522757636115,16788.97688016715,1.0,1.0,False,False
2008-09-26,543.4218212913811,0.070699131490127,0.0,543.351122159891,16823.80660633841,1.0,1.0,False,False
2008-09-29,2374.1395378727957,0.05460457223239977,0.0,2374.084933300563,15247.643443570601,1.0,1.0,False,False
2008-09-30,-1044.7331725563452,2.6346497746852644,0.0,-1047.3678223310303,15092.654537074288,1.0,1.0,False,False
2008-10-01,601.749790173532,0.24923694565221433,0.0,601.5005532278798,15105.779650585908,1.0,1.0,False,False
2008-10-02,1056.0596051984846,0.019726160336378928,0.0,1056.0398790381482,14885.902496354638,1.0,1.0,False,False
2008-10-03,695.4860425636341,0.3159154514817094,0.0,695.1701271121524,14863.53880281486,1.0,1.0,False,False
2008-10-06,709.4486751837073,0.03067003730033662,0.0,709.418005146407,14831.412318061984,1.0,1.0,False,False
2008-10-07,1773.9198036005953,0.039361280028326964,0.0,1773.880442320567,14058.092016599672,1.0,1.0,False,False
2008-10-08,1322.5237376612768,0.869900470806486,0.0,1321.6538371904703,13728.941990544161,1.0,1.0,False,False
2008-10-09,2079.708959435507,37.794200978400255,37.794200978400255,2041.9147584571067,12780.001141964536,1.0,1.0,False,False
2008-10-10,229.5444122622833,1.26946537430712,0.0,228.27494688797617,12873.723296000075,1.0,1.0,False,False
2008-10-13,-747.2514371704675,0.1331649679601151,0.0,-747.3846021384277,12828.81236512832,1.0,1.0,False,False
2008-10-14,667.4206421824256,0.06066645248227225,0.0,667.3599757299434,12816.76644543318,1.0,1.0,False,False
2008-10-15,1609.5188945179452,0.01445792469264422,0.0,1609.5044365932526,12273.842280127148,1.0,1.0,False,False
2008-10-16,24.012677181138336,0.6504175659638656,0.0,23.36225961517447,12375.564213482321,1.0,1.0,False,False
2008-10-17,1222.2199184979345,0.11082587339397565,0.0,1222.1090926245406,12098.385470721994,1.0,1.0,False,False
2008-10-20,-523.5410881128793,0.31532542877839614,0.0,-523.8564135416576,12132.231277899387,1.0,1.0,False,False
2008-10-21,-335.6932705527744,0.03960268533884455,0.0,-335.7328732381132,12203.907663188884,1.0,1.0,False,False
2008-10-22,1254.7718650430188,0.07600692625877703,0.0,1254.69585811676,11913.083302391204,1.0,1.0,False,False
2008-10-23,426.745374524919,0.2979757795058198,0.0,426.4473987454132,11968.4121280224,1.0,1.0,False,False
2008-10-24,1381.3651170305666,0.05079903822283862,0.0,1381.3143179923438,11607.407271726797,1.0,1.0,False,False
2008-10-27,744.0055550741248,0.31205091727356526,0.0,743.6935041568512,11577.831454905068,1.0,1.0,False,False
2008-10-28,-1094.373530931907,0.028226454601743178,0.0,-1094.4017573865087,11392.327730941497,1.0,1.0,False,False
2008-10-29,584.2816246330116,0.16853511528333678,0.0,584.1130895177282,11407.95954674327,1.0,1.0,False,False
2008-10-30,-210.03405141250062,0.014468675453149086,0.0,-210.04852008795376,11491.96259309912,1.0,1.0,False,False
2008-10-31,-164.82513341872047,0.07889236074285028,0.0,-164.90402577946332,11580.630583641814,1.0,1.0,False,False
2008-11-03,-549.6430706979787,0.08745639944790314,0.0,-549.7305270974266,11602.228524611875,1.0,1.0,False,False
2008-11-04,-1232.503601376814,0.02384007053016668,0.0,-1232.5274414473442,11341.015599283908,1.0,1.0,False,False
2008-11-05,942.0719693686586,0.26667654229199844,0.0,941.8052928263667,11236.78259125768,1.0,1.0,False,False
2008-11-06,1667.2648430819759,24.207367306804528,24.207367306804528,1643.0574757751713,10731.71125571643,1.0,1.0,False,False
2008-11-07,-75.22532278666225,0.5451749356884826,0.0,-75.77049772235073,10819.599921424084,1.0,1.0,False,False
2008-11-10,162.73867110606454,0.09345008542567008,0.0,162.64522102063887,10903.22872878297,1.0,1.0,False,False
2008-11-11,264.8781723502152,0.08679579540589095,0.0,264.7913765548093,10977.301165729978,1.0,1.0,False,False
2008-11-12,781.6409416745988,0.07173492807131832,0.0,781.5692067465275,10927.2031814455,1.0,1.0,False,False
2008-11-13,-599.4784650219136,0.05131964210632535,0.0,-599.52978466402,10936.40651763475,1.0,1.0,False,False
2008-11-14,760.0772950515757,0.008814632399533935,0.0,760.0684804191761,10895.553206314442,1.0,1.0,False,False
2008-11-17,560.002875318992,0.03722190586961434,0.0,559.9656534131224,10914.860338022376,1.0,1.0,False,False
2008-11-18,201.44667261452358,0.017271609356460313,0.0,201.4294010051671,10996.04164028442,1.0,1.0,False,False
2008-11-19,1068.8142170763745,0.0661453376936372,0.0,1068.748071738681,10826.820483332216,1.0,1.0,False,False
2008-11-20,582.1433809562344,0.13094646374453367,0.0,582.0124344924899,10842.123804361156,1.0,1.0,False,False
2008-11-21,-563.9820423900978,0.012492755698202473,0.0,-563.994535145796,10859.600603378925,1.0,1.0,False,False
2008-11-24,-714.9791741009111,0.01527431701331342,0.0,-714.9944484179244,10833.669164809104,1.0,1.0,False,False
2008-11-25,-270.3788690472931,0.023242151568789123,0.0,-270.4021111988619,10906.924952587275,1.0,1.0,False,False
2008-11-26,-757.8642297872755,0.07059720051957999,0.0,-757.9348269877951,0.0,0.0,1.0,False,False
2008-11-28,6.152834685550778,10.505166393912758,0.0,-4.352331708361979,0.0,0.0,1.0,False,False
2008-12-01,0.0,0.0,0.0,0.0,10564.507087660435,1.0,0.0,False,False
2008-12-02,-0.0,9.34629705234934,0.0,-9.34629705234934,10609.05663061773,1.0,0.0,False,False
2008-12-03,-36.47335435063254,0.039549005310260815,0.0,-36.512903355942804,10696.798752413588,1.0,1.0,False,False
2008-12-04,507.2058946908894,18.950452766059616,18.950452766059616,488.25544192482977,10726.818046196417,1.0,1.0,False,False
2008-12-05,-161.51015124262022,0.027109934914008347,0.0,-161.53726117753422,0.0,0.0,1.0,False,False
2008-12-08,-393.1591460103704,10.055778761067613,0.0,-403.214924771438,0.0,0.0,1.0,False,False
2008-12-09,0.0,0.0,0.0,0.0,0.0,0.0,0.0,False,False
2008-12-10,-0.0,0.0,0.0,-0.0,0.0,0.0,0.0,False,False
2008-12-11,0.0,0.0,0.0,0.0,0.0,0.0,0.0,False,False
2008-12-12,-0.0,0.0,0.0,-0.0,0.0,0.0,0.0,False,False
2008-12-15,0.0,0.0,0.0,0.0,0.0,0.0,0.0,False,False
2008-12-16,-0.0,0.0,0.0,-0.0,0.0,0.0,0.0,False,False
2008-12-17,-0.0,0.0,0.0,-0.0,0.0,0.0,0.0,False,False
2008-12-18,-0.0,0.0,0.0,-0.0,0.0,0.0,0.0,False,False
2008-12-19,-0.0,0.0,0.0,-0.0,0.0,0.0,0.0,False,False
2008-12-22,-0.0,0.0,0.0,-0.0,0.0,0.0,0.0,False,False
2008-12-23,0.0,0.0,0.0,0.0,0.0,0.0,0.0,False,False
2008-12-24,-0.0,0.0,0.0,-0.0,0.0,0.0,0.0,False,False
2008-12-26,-0.0,0.0,0.0,-0.0,0.0,0.0,0.0,False,False
2008-12-29,0.0,0.0,0.0,0.0,0.0,0.0,0.0,False,False
2008-12-30,-0.0,0.0,0.0,-0.0,0.0,0.0,0.0,False,False
2008-12-31,-0.0,0.0,0.0,-0.0,0.0,0.0,0.0,False,False
2009-01-02,-0.0,0.0,0.0,-0.0,0.0,0.0,0.0,False,False
2009-01-05,0.0,0.0,0.0,0.0,0.0,0.0,0.0,False,False
2009-01-06,-0.0,0.0,0.0,-0.0,0.0,0.0,0.0,False,False
2009-01-07,0.0,0.0,0.0,0.0,0.0,0.0,0.0,False,False
2009-01-08,0.0,0.0,0.0,0.0,0.0,0.0,0.0,False,False
2009-01-09,0.0,0.0,0.0,0.0,0.0,0.0,0.0,False,False
2009-01-12,0.0,0.0,0.0,0.0,0.0,0.0,0.0,False,False
2009-01-13,-0.0,0.0,0.0,-0.0,0.0,0.0,0.0,False,False
2009-01-14,0.0,0.0,0.0,0.0,0.0,0.0,0.0,False,False
2009-01-15,-0.0,0.0,0.0,-0.0,0.0,0.0,0.0,False,False
2009-01-16,-0.0,0.0,0.0,-0.0,0.0,0.0,0.0,False,False
2009-01-20,0.0,0.0,0.0,0.0,0.0,0.0,0.0,False,False
2009-01-21,-0.0,0.0,0.0,-0.0,0.0,0.0,0.0,False,False
2009-01-22,-0.0,0.0,0.0,-0.0,0.0,0.0,0.0,False,False
2009-01-23,-0.0,0.0,0.0,-0.0,0.0,0.0,0.0,False,False
2009-01-26,-0.0,0.0,0.0,-0.0,0.0,0.0,0.0,False,False
2009-01-27,-0.0,0.0,0.0,-0.0,0.0,0.0,0.0,False,False
2009-01-28,-0.0,0.0,0.0,-0.0,0.0,0.0,0.0,False,False
2009-01-29,0.0,0.0,0.0,0.0,0.0,0.0,0.0,False,False
2009-01-30,0.0,0.0,0.0,0.0,0.0,0.0,0.0,False,False
2009-02-02,0.0,0.0,0.0,0.0,0.0,0.0,0.0,False,False
2009-02-03,-0.0,0.0,0.0,-0.0,0.0,0.0,0.0,False,False
2009-02-04,0.0,0.0,0.0,0.0,0.0,0.0,0.0,False,False
2009-02-05,-0.0,0.0,0.0,-0.0,0.0,0.0,0.0,False,False
2009-02-06,-0.0,0.0,0.0,-0.0,0.0,0.0,0.0,False,False
2009-02-09,0.0,0.0,0.0,0.0,0.0,0.0,0.0,False,False
2009-02-10,0.0,0.0,0.0,0.0,0.0,0.0,0.0,False,False
2009-02-11,-0.0,0.0,0.0,-0.0,0.0,0.0,0.0,False,False
2009-02-12,-0.0,0.0,0.0,-0.0,0.0,0.0,0.0,False,False
2009-02-13,0.0,0.0,0.0,0.0,0.0,0.0,0.0,False,False
2009-02-17,0.0,0.0,0.0,0.0,0.0,0.0,0.0,False,False
2009-02-18,0.0,0.0,0.0,0.0,0.0,0.0,0.0,False,False
2009-02-19,-0.0,0.0,0.0,-0.0,0.0,0.0,0.0,False,False
2009-02-20,0.0,0.0,0.0,0.0,0.0,0.0,0.0,False,False
2009-02-23,0.0,0.0,0.0,0.0,0.0,0.0,0.0,False,False
2009-02-24,-0.0,0.0,0.0,-0.0,0.0,0.0,0.0,False,False
2009-02-25,-0.0,0.0,0.0,-0.0,0.0,0.0,0.0,False,False
2009-02-26,0.0,0.0,0.0,0.0,0.0,0.0,0.0,False,False
2009-02-27,0.0,0.0,0.0,0.0,0.0,0.0,0.0,False,False
2009-03-02,0.0,0.0,0.0,0.0,12529.338034729833,1.0,0.0,False,False
2009-03-03,0.0,13.253427745715253,0.0,-13.253427745715253,12626.774468157937,1.0,0.0,False,False
2009-03-04,-956.8328323735898,0.11158921146793983,0.0,-956.9444215850577,12490.014648674034,1.0,1.0,False,False
2009-03-05,733.6226506639241,28.95917755315272,28.95917755315272,704.6634731107714,12456.666305695668,1.0,1.0,False,False
2009-03-06,-84.29706174583313,0.038711270161750376,0.0,-84.33577301599489,12558.179029097077,1.0,1.0,False,False
2009-03-09,211.6081478883745,0.11586919987354585,0.0,211.49227868850096,12650.313598194374,1.0,1.0,False,False
2009-03-10,-922.9842048111426,0.11350713139991588,0.0,-923.0977119425426,12529.865981880492,1.0,1.0,False,False
2009-03-11,0.0,0.1483879888482326,0.0,-0.1483879888482326,0.0,0.0,1.0,False,False
2009-03-12,-150.59935074375537,15.624224612442221,0.0,-166.22357535619759,0.0,0.0,1.0,False,False
2009-03-13,0.0,0.0,0.0,0.0,0.0,0.0,0.0,False,False
2009-03-16,0.0,0.0,0.0,0.0,0.0,0.0,0.0,False,False
2009-03-17,-0.0,0.0,0.0,-0.0,0.0,0.0,0.0,False,False
2009-03-18,-0.0,0.0,0.0,-0.0,0.0,0.0,0.0,False,False
2009-03-19,0.0,0.0,0.0,0.0,0.0,0.0,0.0,False,False
2009-03-20,0.0,0.0,0.0,0.0,0.0,0.0,0.0,False,False
2009-03-23,-0.0,0.0,0.0,-0.0,0.0,0.0,0.0,False,False
2009-03-24,0.0,0.0,0.0,0.0,0.0,0.0,0.0,False,False
2009-03-25,-0.0,0.0,0.0,-0.0,0.0,0.0,0.0,False,False
2009-03-26,-0.0,0.0,0.0,-0.0,0.0,0.0,0.0,False,False
2009-03-27,0.0,0.0,0.0,0.0,0.0,0.0,0.0,False,False
2009-03-30,0.0,0.0,0.0,0.0,0.0,0.0,0.0,False,False
2009-03-31,-0.0,0.0,0.0,-0.0,0.0,0.0,0.0,False,False
2009-04-01,-0.0,0.0,0.0,-0.0,0.0,0.0,0.0,False,False
2009-04-02,-0.0,0.0,0.0,-0.0,0.0,0.0,0.0,False,False
2009-04-03,-0.0,0.0,0.0,-0.0,0.0,0.0,0.0,False,False
2009-04-06,0.0,0.0,0.0,0.0,0.0,0.0,0.0,False,False
2009-04-07,0.0,0.0,0.0,0.0,0.0,0.0,0.0,False,False
2009-04-08,-0.0,0.0,0.0,-0.0,0.0,0.0,0.0,False,False
2009-04-09,-0.0,0.0,0.0,-0.0,0.0,0.0,0.0,False,False
2009-04-13,-0.0,0.0,0.0,-0.0,0.0,0.0,0.0,False,False
2009-04-14,-0.0,0.0,0.0,-0.0,0.0,0.0,0.0,False,False
2009-04-15,-0.0,0.0,0.0,-0.0,0.0,0.0,0.0,False,False
2009-04-16,-0.0,0.0,0.0,-0.0,0.0,0.0,0.0,False,False
2009-04-17,-0.0,0.0,0.0,-0.0,0.0,0.0,0.0,False,False
2009-04-20,0.0,0.0,0.0,0.0,0.0,0.0,0.0,False,False
2009-04-21,-0.0,0.0,0.0,-0.0,0.0,0.0,0.0,False,False
2009-04-22,0.0,0.0,0.0,0.0,0.0,0.0,0.0,False,False
2009-04-23,-0.0,0.0,0.0,-0.0,0.0,0.0,0.0,False,False
2009-04-24,0.0,0.0,0.0,0.0,0.0,0.0,0.0,False,False
2009-04-27,0.0,0.0,0.0,0.0,0.0,0.0,0.0,False,False
2009-04-28,-0.0,0.0,0.0,-0.0,0.0,0.0,0.0,False,False
2009-04-29,-0.0,0.0,0.0,-0.0,0.0,0.0,0.0,False,False
2009-04-30,0.0,0.0,0.0,0.0,0.0,0.0,0.0,False,False
2009-05-01,-0.0,0.0,0.0,-0.0,0.0,0.0,0.0,False,False
2009-05-04,-0.0,0.0,0.0,-0.0,0.0,0.0,0.0,False,False
2009-05-05,-0.0,0.0,0.0,-0.0,0.0,0.0,0.0,False,False
2009-05-06,-0.0,0.0,0.0,-0.0,0.0,0.0,0.0,False,False
2009-05-07,0.0,0.0,0.0,0.0,0.0,0.0,0.0,False,False
2009-05-08,-0.0,0.0,0.0,-0.0,0.0,0.0,0.0,False,False
2009-05-11,0.0,0.0,0.0,0.0,0.0,0.0,0.0,False,False
2009-05-12,-0.0,0.0,0.0,-0.0,0.0,0.0,0.0,False,False
2009-05-13,0.0,0.0,0.0,0.0,0.0,0.0,0.0,False,False
2009-05-14,-0.0,0.0,0.0,-0.0,0.0,0.0,0.0,False,False
2009-05-15,0.0,0.0,0.0,0.0,0.0,0.0,0.0,False,False
2009-05-18,-0.0,0.0,0.0,-0.0,0.0,0.0,0.0,False,False
2009-05-19,-0.0,0.0,0.0,-0.0,0.0,0.0,0.0,False,False
2009-05-20,0.0,0.0,0.0,0.0,0.0,0.0,0.0,False,False
2009-05-21,0.0,0.0,0.0,0.0,0.0,0.0,0.0,False,False
2009-05-22,0.0,0.0,0.0,0.0,0.0,0.0,0.0,False,False
2009-05-26,-0.0,0.0,0.0,-0.0,0.0,0.0,0.0,False,False
2009-05-27,0.0,0.0,0.0,0.0,0.0,0.0,0.0,False,False
2009-05-28,-0.0,0.0,0.0,-0.0,0.0,0.0,0.0,False,False
2009-05-29,-0.0,0.0,0.0,-0.0,0.0,0.0,0.0,False,False
2009-06-01,-0.0,0.0,0.0,-0.0,0.0,0.0,0.0,False,False
2009-06-02,0.0,0.0,0.0,0.0,0.0,0.0,0.0,False,False
2009-06-03,0.0,0.0,0.0,0.0,0.0,0.0,0.0,False,False
2009-06-04,-0.0,0.0,0.0,-0.0,0.0,0.0,0.0,False,False
2009-06-05,-0.0,0.0,0.0,-0.0,0.0,0.0,0.0,False,False
2009-06-08,-0.0,0.0,0.0,-0.0,0.0,0.0,0.0,False,False
2009-06-09,-0.0,0.0,0.0,-0.0,0.0,0.0,0.0,False,False
2009-06-10,0.0,0.0,0.0,0.0,0.0,0.0,0.0,False,False
2009-06-11,-0.0,0.0,0.0,-0.0,0.0,0.0,0.0,False,False
2009-06-12,-0.0,0.0,0.0,-0.0,0.0,0.0,0.0,False,False
2009-06-15,0.0,0.0,0.0,0.0,0.0,0.0,0.0,False,False
2009-06-16,0.0,0.0,0.0,0.0,0.0,0.0,0.0,False,False
2009-06-17,0.0,0.0,0.0,0.0,0.0,0.0,0.0,False,False
2009-06-18,-0.0,0.0,0.0,-0.0,0.0,0.0,0.0,False,False
2009-06-19,-0.0,0.0,0.0,-0.0,0.0,0.0,0.0,False,False
2009-06-22,0.0,0.0,0.0,0.0,0.0,0.0,0.0,False,False
2009-06-23,-0.0,0.0,0.0,-0.0,0.0,0.0,0.0,False,False
2009-06-24,-0.0,0.0,0.0,-0.0,0.0,0.0,0.0,False,False
2009-06-25,-0.0,0.0,0.0,-0.0,-16180.43617545796,-1.0,0.0,False,False
2009-06-26,-0.0,29.04544147083084,0.0,-29.04544147083084,-16282.768113988808,-1.0,0.0,False,False
2009-06-29,623.4143535202733,0.19105689798564474,0.0,623.2232966222876,-16283.860793043192,-1.0,-1.0,False,False
2009-06-30,-355.9074997593186,0.0019964278622872393,0.0,-355.90949618718093,-16375.4908332451,-1.0,-1.0,False,False
2009-07-01,232.21191861737384,0.169838682110227,0.0,232.04207993526362,-16492.51376006067,-1.0,-1.0,False,False
2009-07-02,-977.1992721466339,0.20469027301358061,0.0,-977.4039624196475,-16301.109275190467,-1.0,-1.0,False,False
2009-07-06,168.86532860130444,0.3382579258482009,0.0,168.52707067545623,0.0,0.0,-1.0,False,False
2009-07-07,-702.6340204823482,27.61758182986815,0.0,-730.2516023122164,0.0,0.0,-1.0,False,False
2009-07-08,0.0,0.0,0.0,0.0,0.0,0.0,0.0,False,False
2009-07-09,-0.0,0.0,0.0,-0.0,0.0,0.0,0.0,False,False
2009-07-10,0.0,0.0,0.0,0.0,0.0,0.0,0.0,False,False
2009-07-13,-0.0,0.0,0.0,-0.0,-16670.44764226198,-1.0,0.0,False,False
2009-07-14,-0.0,28.243320385650467,0.0,-28.243320385650467,-16777.600480680514,-1.0,0.0,False,False
2009-07-15,551.0891782565944,0.18774642628888275,0.0,550.9014318303056,-16808.60203960269,-1.0,-1.0,False,False
2009-07-16,172.0779536480065,0.054881861649794556,0.0,172.02307178635672,-16937.52702678797,-1.0,-1.0,False,False
2009-07-17,-29.030400759246064,0.22784157218088413,0.0,-29.25824233142695,-17077.782932248923,-1.0,-1.0,False,False
2009-07-20,350.43159365768287,0.25310264629837276,0.0,350.1784910113845,-17174.541477306997,-1.0,-1.0,False,False
2009-07-21,330.7317117160869,0.17805656855390573,0.0,330.553655147533,-17276.980636690238,-1.0,-1.0,False,False
2009-07-22,400.8420811579733,0.19301496023496628,0.0,400.64906619773836,-17361.181067030844,-1.0,-1.0,False,False
2009-07-23,603.423956060872,0.16439131637927945,0.0,603.2595647444928,-17371.642917324534,-1.0,-1.0,False,False
2009-07-24,165.34458159076937,0.020621916444292943,0.0,165.32395967432507,-17505.748854265486,-1.0,-1.0,False,False
2009-07-27,-233.8490392716756,0.2608322302931234,0.0,-234.1098715019687,-17630.478720145147,-1.0,-1.0,False,False
2009-07-28,-631.1370554668783,0.23415405224661595,0.0,-631.3712095191249,-17627.855409177253,-1.0,-1.0,False,False
2009-07-29,-226.03177846339852,0.004862375663818388,0.0,-226.03664083906233,-17755.11362464977,-1.0,-1.0,False,False
2009-07-30,382.52127470185616,0.24110844890818822,0.0,382.280166252948,-17846.91377395293,-1.0,-1.0,False,False
2009-07-31,-131.27625600480192,0.1726516569463079,0.0,-131.44890766174822,-17988.447126097253,-1.0,-1.0,False,False
2009-08-03,523.9460924463245,0.2742375915839935,0.0,523.6718548547406,-18032.428197838304,-1.0,-1.0,False,False
2009-08-04,102.01387784176033,0.0857045599516678,0.0,101.92817328180867,-18178.085757445126,-1.0,-1.0,False,False
2009-08-05,171.41091442812123,0.2865623773454741,0.0,171.12435205077577,-18317.461939329492,-1.0,-1.0,False,False
2009-08-06,-383.7983557234081,64.60783486907425,64.60783486907425,-448.4061905924824,-18411.737030139167,-1.0,-1.0,False,False
2009-08-07,569.4547753159428,0.1722494974686576,0.0,569.2825258184741,-18438.110948662816,-1.0,-1.0,False,False
2009-08-10,-32.81949559739479,0.048101897663237324,0.0,-32.86759749505803,-18590.705227857852,-1.0,-1.0,False,False
2009-08-11,-328.08026599044257,0.2734425457603364,0.0,-328.35370853620293,-18702.06066544472,-1.0,-1.0,False,False
2009-08-12,162.5061645791772,0.20130392156355878,0.0,162.30486065761366,-18846.692658022293,-1.0,-1.0,False,False
2009-08-13,362.8265737564241,0.26663272012952255,0.0,362.5599410362946,-18949.973186097923,-1.0,-1.0,False,False
2009-08-14,-338.96929241047496,0.18703629200975266,0.0,-339.1563287024847,-19060.796323047358,-1.0,-1.0,False,False
2009-08-17,-1071.3765758924612,0.1899560457745335,0.0,-1071.5665319382358,-18766.753178222094,-1.0,-1.0,False,False
2009-08-18,414.365137457551,0.5152038007622145,0.0,413.8499336567888,-18856.701879650427,-1.0,-1.0,False,False
2009-08-19,577.4385593299106,0.16260567718525834,0.0,577.2759536527253,-18880.18813557882,-1.0,-1.0,False,False
2009-08-20,365.82666785918036,0.04329750418453893,0.0,365.78337035499584,-18983.46367406773,-1.0,-1.0,False,False
2009-08-21,305.61455615145593,0.193523632451796,0.0,305.42103251900414,-19103.162892442575,-1.0,-1.0,False,False
2009-08-24,-34.70468678988526,0.2238899613763056,0.0,-34.928576751261566,-19261.20475794307,-1.0,-1.0,False,False
2009-08-25,-244.01850410054618,0.2918791209693812,0.0,-244.31038322151556,-19396.410044896304,-1.0,-1.0,False,False
2009-08-26,-381.75360781508823,0.24485056382873735,0.0,-381.99845837891695,-19496.962303110737,-1.0,-1.0,False,False
2009-08-27,342.6927569769668,0.1853706199097013,0.0,342.5073863570571,-19609.961418172963,-1.0,-1.0,False,False
2009-08-28,-210.39887377457498,0.20609269206188965,0.0,-210.60496646663688,-19754.133858199642,-1.0,-1.0,False,False
2009-08-31,-279.1453582658064,0.259257457942713,0.0,-279.40461572374915,-19885.079300477377,-1.0,-1.0,False,False
2009-09-01,-1074.3476308845409,0.22332625346868182,0.0,-1074.5709571380096,-19575.081795529833,-1.0,-1.0,False,False
2009-09-02,-297.7798896910087,61.93976282298224,61.93976282298224,-359.7196525139909,-19702.012667989515,-1.0,-1.0,False,False
2009-09-03,839.3603220135302,0.2081666308338773,0.0,839.1521553826964,-19574.31307441167,-1.0,-1.0,False,False
2009-09-04,504.3715243005329,0.21492952942083624,0.0,504.15659477111205,-19633.49893039566,-1.0,-1.0,False,False
2009-09-08,642.8345837245205,0.10299745735753658,0.0,642.7315862671629,-19625.83309891035,-1.0,-1.0,False,False
2009-09-09,566.6714462083626,0.01373684837840015,0.0,566.6577093599842,-19656.69871414732,-1.0,-1.0,False,False
2009-09-10,857.772425651677,0.057837761641487566,0.0,857.7145878900355,-19519.585453700573,-1.0,-1.0,False,False
2009-09-11,-251.54824679895802,0.2536842815124808,0.0,-251.8019310804705,-19655.837638545367,-1.0,-1.0,False,False
2009-09-14,458.04081389550083,0.25814877904974853,0.0,457.7826651164511,-19731.006161876947,-1.0,-1.0,False,False
2009-09-15,-72.66483415358387,0.1418927005798706,0.0,-72.80672685416374,-19892.529222443412,-1.0,-1.0,False,False
2009-09-16,872.0886701382076,0.3190002641245226,0.0,871.7696698740831,-19739.72284271946,-1.0,-1.0,False,False
2009-09-17,-114.9857180488069,0.30005084141197463,0.0,-115.28576889021888,-19898.101247788334,-1.0,-1.0,False,False
2009-09-18,-491.60229301791736,0.30343526204784216,0.0,-491.9057282799652,-19960.5630789188,-1.0,-1.0,False,False
2009-09-21,37.19271261268892,0.11989396424855314,0.0,37.07281864844037,-20125.62544359752,-1.0,-1.0,False,False
2009-09-22,448.5519793015449,0.32411671225227734,0.0,448.2278625892926,-20206.039640320017,-1.0,-1.0,False,False
2009-09-23,-192.77419007277481,0.15640332379612765,0.0,-192.93059339657094,-20357.719417034703,-1.0,-1.0,False,False
2009-09-24,-421.7579431565826,0.28898098723522786,0.0,-422.0469241438178,-20449.273605300743,-1.0,-1.0,False,False
2009-09-25,-75.67925433842147,0.17378341291239077,0.0,-75.85303775133386,-20616.478195732478,-1.0,-1.0,False,False
2009-09-28,870.9875794850301,0.33149846265479316,0.0,870.6560810223752,0.0,0.0,-1.0,False,False
2009-09-29,-39.877133840873796,40.795154730937824,0.0,-80.67228857181162,0.0,0.0,-1.0,False,False
2009-09-30,0.0,0.0,0.0,0.0,0.0,0.0,0.0,False,False
2009-10-01,0.0,0.0,0.0,0.0,0.0,0.0,0.0,False,False
2009-10-02,0.0,0.0,0.0,0.0,0.0,0.0,0.0,False,False
2009-10-05,-0.0,0.0,0.0,-0.0,0.0,0.0,0.0,False,False
2009-10-06,-0.0,0.0,0.0,-0.0,0.0,0.0,0.0,False,False
2009-10-07,-0.0,0.0,0.0,-0.0,0.0,0.0,0.0,False,False
2009-10-08,-0.0,0.0,0.0,-0.0,0.0,0.0,0.0,False,False
2009-10-09,-0.0,0.0,0.0,-0.0,0.0,0.0,0.0,False,False
2009-10-12,-0.0,0.0,0.0,-0.0,0.0,0.0,0.0,False,False
2009-10-13,-0.0,0.0,0.0,-0.0,0.0,0.0,0.0,False,False
2009-10-14,-0.0,0.0,0.0,-0.0,0.0,0.0,0.0,False,False
2009-10-15,-0.0,0.0,0.0,-0.0,-21184.703116061708,-1.0,0.0,False,False
2009-10-16,0.0,42.91367726079694,0.0,-42.91367726079694,-21308.750186489542,-1.0,0.0,False,False
2009-10-19,544.2710286735237,0.2579071951085801,0.0,544.0131214784151,-21351.62426065456,-1.0,-1.0,False,False
2009-10-20,86.44523402226817,0.08950290431597466,0.0,86.35573111795219,-21525.42791198099,-1.0,-1.0,False,False
2009-10-21,-0.0,0.3628283963535465,0.0,-0.3628283963535465,-21704.06523151339,-1.0,-1.0,False,False
2009-10-22,789.1195568547032,0.38711047044547064,0.0,788.7324463842577,-21598.914554605697,-1.0,-1.0,False,False
2009-10-23,-367.0877840425139,0.22407368779705544,0.0,-367.3118577303109,-21717.38447649769,-1.0,-1.0,False,False
2009-10-26,-449.0418826321327,0.24731501005965803,0.0,-449.28919764219233,0.0,0.0,-1.0,False,False
2009-10-27,-88.46185122809308,45.152777055598655,0.0,-133.61462828369173,0.0,0.0,-1.0,False,False
2009-10-28,0.0,0.0,0.0,0.0,0.0,0.0,0.0,False,False
2009-10-29,-0.0,0.0,0.0,-0.0,0.0,0.0,0.0,False,False
2009-10-30,0.0,0.0,0.0,0.0,18585.10418190195,1.0,0.0,False,False
2009-11-02,0.0,34.01737819008839,0.0,-34.01737819008839,18735.398219264862,1.0,0.0,False,False
2009-11-03,66.375372078221,0.27411279056403265,0.0,66.10125928765697,0.0,0.0,1.0,False,False
2009-11-04,-333.3700750758882,34.78946227309146,0.0,-368.1595373489797,0.0,0.0,1.0,False,False
2009-11-05,-0.0,0.0,0.0,-0.0,0.0,0.0,0.0,False,False
2009-11-06,-0.0,0.0,0.0,-0.0,0.0,0.0,0.0,False,False
2009-11-09,-0.0,0.0,0.0,-0.0,0.0,0.0,0.0,False,False
2009-11-10,0.0,0.0,0.0,0.0,0.0,0.0,0.0,False,False
2009-11-11,0.0,0.0,0.0,0.0,0.0,0.0,0.0,False,False
2009-11-12,0.0,0.0,0.0,0.0,0.0,0.0,0.0,False,False
2009-11-13,-0.0,0.0,0.0,-0.0,0.0,0.0,0.0,False,False
2009-11-16,-0.0,0.0,0.0,-0.0,0.0,0.0,0.0,False,False
2009-11-17,-0.0,0.0,0.0,-0.0,-18971.800675543895,-1.0,0.0,False,False
2009-11-18,-0.0,39.8485567467879,0.0,-39.8485567467879,-18929.36229577894,-1.0,0.0,False,False
2009-11-19,-233.25984437144263,0.08805534262971107,0.0,-233.34789971407233,-19064.78112905794,-1.0,-1.0,False,False
2009-11-20,383.18547157447193,0.2867857522954028,0.0,382.8986858221765,-19163.154091929067,-1.0,-1.0,False,False
2009-11-23,1063.531178687114,0.22063957755558944,0.0,1063.3105391095585,-18874.52919044928,-1.0,-1.0,False,False
2009-11-24,125.79751045030258,0.6516311101691222,0.0,125.14587934013346,-19025.03447939299,-1.0,-1.0,False,False
2009-11-25,291.01696989679317,0.34511839187316096,0.0,290.67185150492,-19148.35170891488,-1.0,-1.0,False,False
2009-11-27,-1447.0943451887292,0.26278619596660574,0.0,-1447.3571313846958,0.0,0.0,-1.0,False,False
2009-11-30,-39.809463012295986,40.720042534518164,0.0,-80.52950554681415,0.0,0.0,-1.0,False,False
2009-12-01,-0.0,0.0,0.0,-0.0,0.0,0.0,0.0,False,False
2009-12-02,-0.0,0.0,0.0,-0.0,-18666.245833275123,-1.0,0.0,False,False
2009-12-03,0.0,35.896626602452166,35.896626602452166,-35.896626602452166,-18725.255576206888,-1.0,0.0,False,False
2009-12-04,350.2109912434352,0.1156500697993478,0.0,350.09534117363586,-18831.906985086476,-1.0,-1.0,False,False
2009-12-07,71.60709589371595,0.20982282936963173,0.0,71.39727306434632,-18986.123399932596,-1.0,-1.0,False,False
2009-12-08,-361.4569478903371,0.2976870531398733,0.0,-361.754634943477,-19090.521788380975,-1.0,-1.0,False,False
2009-12-09,71.51082259861693,0.20228421202190577,0.0,71.30853838659502,-19246.862476179773,-1.0,-1.0,False,False
2009-12-10,252.6156002243211,0.30699081416430674,0.0,252.3086094101568,-19380.20947926581,-1.0,-1.0,False,False
2009-12-11,73.7427681079691,0.26284745800613096,0.0,73.47992064996296,-19538.78166888649,-1.0,-1.0,False,False
2009-12-14,335.4267025257532,0.3180753314309168,0.0,335.1086271943223,-19653.788895173755,-1.0,-1.0,False,False
2009-12-15,229.41818006520342,0.23343050880088162,0.0,229.18474955640252,-19794.768822958515,-1.0,-1.0,False,False
2009-12-16,895.1230585920706,0.29980171365016317,0.0,894.8232568784205,-19626.855524797935,-1.0,-1.0,False,False
2009-12-17,-287.47589576910605,0.3519655022793341,0.0,-287.82786127138536,-19756.058264220326,-1.0,-1.0,False,False
2009-12-18,280.95703205231985,0.2747568628795669,0.0,280.6822751894403,-19886.638756145385,-1.0,-1.0,False,False
2009-12-21,696.7904367048682,0.28783871875953776,0.0,696.5025979861086,-19847.67633102979,-1.0,-1.0,False,False
2009-12-22,513.2035808037532,0.08816001267877381,0.0,513.1154207910744,-19903.039050807456,-1.0,-1.0,False,False
2009-12-23,175.2554201415421,0.12638482800023956,0.0,175.12903531354186,-20055.208597645975,-1.0,-1.0,False,False
2009-12-24,310.2923682753935,0.3528818676685106,0.0,309.93948640772504,-20180.258220449807,-1.0,-1.0,False,False
2009-12-28,226.8688755389808,0.29330861183965146,0.0,226.57556692714115,-20325.500448905826,-1.0,-1.0,False,False
2009-12-29,-138.53724178798225,0.33834837310777344,0.0,-138.87559016109003,-20485.80544747993,-1.0,-1.0,False,False
2009-12-30,-369.55455361646744,0.3667692489697641,0.0,-369.9213228654372,-20595.89812685011,-1.0,-1.0,False,False
2009-12-31,-502.99968732651547,0.24584966526020618,0.0,-503.2455369917757,-20656.184802253647,-1.0,-1.0,False,False
2010-01-04,762.811041735188,0.1398050730511923,0.0,762.6712366621368,-20576.238470245535,-1.0,-1.0,False,False
2010-01-05,514.067947567399,0.19012758772230867,0.0,513.8778199796767,-20633.686003031216,-1.0,-1.0,False,False
2010-01-06,716.1103875955531,89.68189508515641,89.68189508515641,626.4284925103967,-20583.214813859442,-1.0,-1.0,False,False
2010-01-07,350.4660042977723,0.11173427408438161,0.0,350.35427002368795,-20700.966577939405,-1.0,-1.0,False,False
2010-01-08,533.4742500352324,0.26761764563628027,0.0,533.2066323895962,-20747.71727094226,-1.0,-1.0,False,False
2010-01-11,275.4008857375531,0.1076841805121917,0.0,275.2932015570409,-20886.509542896252,-1.0,-1.0,False,False
2010-01-12,-512.8649213041891,0.3119782428790411,0.0,-513.1768995470682,-20942.93674401218,-1.0,-1.0,False,False
2010-01-13,274.8224939854779,0.12852862476405466,0.0,274.69396536071383,-21083.146406774027,-1.0,-1.0,False,False
2010-01-14,465.3985943113824,0.32662478257021516,0.0,465.0719695288122,-21160.79384905384,-1.0,-1.0,False,False
2010-01-15,-527.0786601693535,0.1764714597268473,0.0,-527.2551316290803,-21212.10361153539,-1.0,-1.0,False,False
2010-01-19,938.3944057230077,0.12202437713129431,0.0,938.2723813458764,-21001.450601583845,-1.0,-1.0,False,False
2010-01-20,147.6480529805268,0.5044844280381603,0.0,147.14356855248866,-21166.243235363538,-1.0,-1.0,False,False
2010-01-21,-1226.7202454196156,0.37287516473329996,0.0,-1227.093120584349,0.0,0.0,-1.0,False,False
2010-01-22,-1962.4331476496002,43.829089527772986,0.0,-2006.2622371773732,19413.753529583282,1.0,-1.0,False,False
2010-01-25,-0.0,40.860569543784116,0.0,-40.860569543784116,19534.523808058144,1.0,0.0,False,False
2010-01-26,159.45588114647265,0.25211718011554635,0.0,159.20376396635712,0.0,0.0,1.0,False,False
2010-01-27,-636.5628939489429,42.15344611212547,0.0,-678.7163400610684,0.0,0.0,1.0,False,False
2010-01-28,0.0,0.0,0.0,0.0,0.0,0.0,0.0,False,False
2010-01-29,0.0,0.0,0.0,0.0,0.0,0.0,0.0,False,False
2010-02-01,-0.0,0.0,0.0,-0.0,0.0,0.0,0.0,False,False
2010-02-02,-0.0,0.0,0.0,-0.0,0.0,0.0,0.0,False,False
2010-02-03,0.0,0.0,0.0,0.0,0.0,0.0,0.0,False,False
2010-02-04,0.0,0.0,0.0,0.0,0.0,0.0,0.0,False,False
2010-02-05,0.0,0.0,0.0,0.0,0.0,0.0,0.0,False,False
2010-02-08,0.0,0.0,0.0,0.0,0.0,0.0,0.0,False,False
2010-02-09,-0.0,0.0,0.0,-0.0,0.0,0.0,0.0,False,False
2010-02-10,-0.0,0.0,0.0,-0.0,0.0,0.0,0.0,False,False
2010-02-11,-0.0,0.0,0.0,-0.0,0.0,0.0,0.0,False,False
2010-02-12,-0.0,0.0,0.0,-0.0,0.0,0.0,0.0,False,False
2010-02-16,-0.0,0.0,0.0,-0.0,0.0,0.0,0.0,False,False
2010-02-17,-0.0,0.0,0.0,-0.0,0.0,0.0,0.0,False,False
2010-02-18,-0.0,0.0,0.0,-0.0,0.0,0.0,0.0,False,False
2010-02-19,-0.0,0.0,0.0,-0.0,0.0,0.0,0.0,False,False
2010-02-22,-0.0,0.0,0.0,-0.0,0.0,0.0,0.0,False,False
2010-02-23,0.0,0.0,0.0,0.0,0.0,0.0,0.0,False,False
2010-02-24,-0.0,0.0,0.0,-0.0,0.0,0.0,0.0,False,False
2010-02-25,-0.0,0.0,0.0,-0.0,0.0,0.0,0.0,False,False
2010-02-26,-0.0,0.0,0.0,-0.0,0.0,0.0,0.0,False,False
2010-03-01,-0.0,0.0,0.0,-0.0,0.0,0.0,0.0,False,False
2010-03-02,-0.0,0.0,0.0,-0.0,0.0,0.0,0.0,False,False
2010-03-03,-0.0,0.0,0.0,-0.0,0.0,0.0,0.0,False,False
2010-03-04,0.0,0.0,0.0,0.0,-19897.785902761752,-1.0,0.0,False,False
2010-03-05,-0.0,47.21118182946943,0.0,-47.21118182946943,-19801.229496989294,-1.0,0.0,False,False
2010-03-08,322.4178271280843,0.23287133156887097,0.0,322.18495579651545,-19922.534137824106,-1.0,-1.0,False,False
2010-03-09,-0.0,0.29255825142513664,0.0,-0.29255825142513664,-20087.869206247662,-1.0,-1.0,False,False
2010-03-10,-140.62965273758232,0.3959543110610854,0.0,-141.0256070486434,-20246.02964513711,-1.0,-1.0,False,False
2010-03-11,-187.73709538549443,0.37526493023538104,0.0,-188.1123603157298,-20398.718344768015,-1.0,-1.0,False,False
2010-03-12,140.59742809123168,0.3648156576262858,0.0,140.2326124336054,-20559.34322403226,-1.0,-1.0,False,False
2010-03-15,-47.54946001111491,0.3828848866182639,0.0,-47.932344897733174,-20728.963358351775,-1.0,-1.0,False,False
2010-03-16,573.7491132288079,0.4159345398983285,0.0,573.3331786889096,-20755.639857659287,-1.0,-1.0,False,False
2010-03-17,793.4531429034145,0.06801843728905456,0.0,793.3851244661254,-20655.88640520324,-1.0,-1.0,False,False
2010-03-18,309.7856695173037,0.25820022416022254,0.0,309.52746929314344,-20785.86053709741,-1.0,-1.0,False,False
2010-03-19,-417.2906344485484,0.32976110195921987,0.0,-417.6203955505076,-20881.181444255097,-1.0,-1.0,False,False
2010-03-22,308.7008990658034,0.24548726089604997,0.0,308.4554118049074,-21012.078625724826,-1.0,-1.0,False,False
2010-03-23,472.1875200962194,0.3449090257235785,0.0,471.8426110704958,-21086.718017410516,-1.0,-1.0,False,False
2010-03-24,-486.14063658489096,0.1922245640146552,0.0,-486.33286114890564,-21156.23210671769,-1.0,-1.0,False,False
2010-03-25,-211.92681424533274,0.17724363567127438,0.0,-212.104057881004,-21311.581862199517,-1.0,-1.0,False,False
2010-03-26,210.5097722061499,0.4000841692685263,0.0,210.10968803688138,-21468.18125536016,-1.0,-1.0,False,False
2010-03-29,428.373504767829,0.41157532817861214,0.0,427.96192943965036,-21562.190442671217,-1.0,-1.0,False,False
2010-03-30,440.37294882789917,0.25224978270637227,0.0,440.1206990451928,-21652.36172506279,-1.0,-1.0,False,False
2010-03-31,169.33657415710698,0.24386692467377974,0.0,169.0927072324332,-21818.80767239501,-1.0,-1.0,False,False
2010-04-01,171.3907260559036,0.453742276637037,0.0,170.93698377926657,-21986.11213138139,-1.0,-1.0,False,False
2010-04-05,928.4599009529805,0.4763529735028831,0.0,927.9835479794776,-21771.98342084531,-1.0,-1.0,False,False
2010-04-06,671.7978706810981,0.6288880467033836,0.0,671.1689826343946,-21751.443000242092,-1.0,-1.0,False,False
2010-04-07,-561.455159849878,0.05880986345893446,0.0,-561.5139697133369,-21788.463727962237,-1.0,-1.0,False,False
2010-04-08,546.8239860396056,112.41411686753005,112.41411686753005,434.40986917207556,-21832.155893377054,-1.0,-1.0,False,False
2010-04-09,219.53112068476008,0.11395539325747511,0.0,219.4171652915026,-21991.00422438951,-1.0,-1.0,False,False
2010-04-12,-0.0,0.4142990821571729,0.0,-0.4142990821571729,-22173.505314009388,-1.0,-1.0,False,False
2010-04-13,-111.91350750325795,0.4735787768617047,0.0,-112.38708628011965,-22351.544936718277,-1.0,-1.0,False,False
2010-04-14,505.2191084204673,0.47277360952490094,0.0,504.7463348109424,-22415.281798236592,-1.0,-1.0,False,False
2010-04-15,-0.0,0.1692494379696188,0.0,-0.1692494379696188,-22601.303923946423,-1.0,-1.0,False,False
2010-04-16,-754.9188170390539,0.47787638810169625,0.0,-755.3966934271556,-22516.54836826446,-1.0,-1.0,False,False
2010-04-19,509.80384790856465,0.22275498608721397,0.0,509.5810929224774,-22581.41596495984,-1.0,-1.0,False,False
2010-04-20,1039.2253093045124,0.17873464143216677,0.0,1039.0465746630803,-22266.566668136376,-1.0,-1.0,False,False
2010-04-21,-121.40546217720333,0.8628891156258041,0.0,-122.26835129282914,-22444.600849051498,-1.0,-1.0,False,False
2010-04-22,59.536274513733865,0.4892360199410173,0.0,59.04703849379285,-22629.154889579582,-1.0,-1.0,False,False
2010-04-23,180.51957787440645,0.5112645717332069,0.0,180.00831330267326,-22801.09622097774,-1.0,-1.0,False,False
2010-04-26,-305.799390399726,0.4699729724882952,0.0,-306.2693633722143,-22944.62021308728,-1.0,-1.0,False,False
2010-04-27,-2796.93446977327,0.34943489765387237,0.0,-2797.2839046709237,20040.222932054465,1.0,-1.0,False,False
2010-04-28,272.50142770887595,105.91217361483241,0.0,166.58925409404355,0.0,0.0,-1.0,False,False
2010-04-29,-1107.993094801091,52.26775701108353,0.0,-1160.2608518121747,0.0,0.0,1.0,False,False
2010-04-30,0.0,0.0,0.0,0.0,0.0,0.0,0.0,False,False
2010-05-03,-0.0,0.0,0.0,-0.0,0.0,0.0,0.0,False,False
2010-05-04,0.0,0.0,0.0,0.0,0.0,0.0,0.0,False,False
2010-05-05,0.0,0.0,0.0,0.0,0.0,0.0,0.0,False,False
2010-05-06,0.0,0.0,0.0,0.0,0.0,0.0,0.0,False,False
2010-05-07,0.0,0.0,0.0,0.0,13646.848279325704,1.0,0.0,False,False
2010-05-10,-0.0,25.855858569886966,0.0,-25.855858569886966,12977.763243168989,1.0,0.0,False,False
2010-05-11,0.0,1.2676749760825017,0.0,-1.2676749760825017,0.0,0.0,1.0,False,False
2010-05-12,-599.7117949708409,25.779471558620568,0.0,-625.4912665294614,0.0,0.0,1.0,False,False
2010-05-13,0.0,0.0,0.0,0.0,0.0,0.0,0.0,False,False
2010-05-14,0.0,0.0,0.0,0.0,0.0,0.0,0.0,False,False
2010-05-17,0.0,0.0,0.0,0.0,0.0,0.0,0.0,False,False
2010-05-18,0.0,0.0,0.0,0.0,0.0,0.0,0.0,False,False
2010-05-19,0.0,0.0,0.0,0.0,13007.618599439804,1.0,0.0,False,False
2010-05-20,0.0,18.543545291273713,0.0,-18.543545291273713,12331.705838149186,1.0,0.0,False,False
2010-05-21,-72.36505479521546,0.9689658466054311,0.0,-73.33402064182089,12432.816615768199,1.0,1.0,False,False
2010-05-24,-224.21283342089436,0.14763325791949888,0.0,-224.36046667881385,12522.564747743545,1.0,1.0,False,False
2010-05-25,-478.1852544526241,0.13628420040700695,0.0,-478.32153865303115,0.0,0.0,1.0,False,False
2010-05-26,-352.4870077142641,19.566507418349293,0.0,-372.0535151326134,0.0,0.0,1.0,False,False
2010-05-27,-0.0,0.0,0.0,-0.0,0.0,0.0,0.0,False,False
2010-05-28,0.0,0.0,0.0,0.0,0.0,0.0,0.0,False,False
2010-06-01,0.0,0.0,0.0,0.0,12345.938942129693,1.0,0.0,False,False
2010-06-02,-0.0,21.19696384536505,0.0,-21.19696384536505,0.0,0.0,0.0,False,False
2010-06-03,-103.39982363592706,20.610077224239312,20.610077224239312,-124.00990086016637,0.0,0.0,1.0,False,False
2010-06-04,0.0,0.0,0.0,0.0,0.0,0.0,0.0,False,False
2010-06-07,0.0,0.0,0.0,0.0,0.0,0.0,0.0,False,False
2010-06-08,-0.0,0.0,0.0,-0.0,0.0,0.0,0.0,False,False
2010-06-09,0.0,0.0,0.0,0.0,0.0,0.0,0.0,False,False
2010-06-10,-0.0,0.0,0.0,-0.0,0.0,0.0,0.0,False,False
2010-06-11,-0.0,0.0,0.0,-0.0,0.0,0.0,0.0,False,False
2010-06-14,-0.0,0.0,0.0,-0.0,0.0,0.0,0.0,False,False
2010-06-15,-0.0,0.0,0.0,-0.0,0.0,0.0,0.0,False,False
2010-06-16,-0.0,0.0,0.0,-0.0,0.0,0.0,0.0,False,False
2010-06-17,-0.0,0.0,0.0,-0.0,0.0,0.0,0.0,False,False
2010-06-18,-0.0,0.0,0.0,-0.0,0.0,0.0,0.0,False,False
2010-06-21,0.0,0.0,0.0,0.0,0.0,0.0,0.0,False,False
2010-06-22,0.0,0.0,0.0,0.0,0.0,0.0,0.0,False,False
2010-06-23,0.0,0.0,0.0,0.0,0.0,0.0,0.0,False,False
2010-06-24,0.0,0.0,0.0,0.0,0.0,0.0,0.0,False,False
2010-06-25,-0.0,0.0,0.0,-0.0,0.0,0.0,0.0,False,False
2010-06-28,0.0,0.0,0.0,0.0,0.0,0.0,0.0,False,False
2010-06-29,0.0,0.0,0.0,0.0,0.0,0.0,0.0,False,False
2010-06-30,0.0,0.0,0.0,0.0,0.0,0.0,0.0,False,False
2010-07-01,-0.0,0.0,0.0,-0.0,0.0,0.0,0.0,False,True
2010-07-02,-0.0,0.0,0.0,-0.0,-12862.301414646316,-1.0,0.0,False,True
2010-07-06,-0.0,22.12056870807462,0.0,-22.12056870807462,0.0,0.0,0.0,False,True
2010-07-07,949.5658762490569,23.88380244567477,0.0,925.6820738033822,0.0,0.0,-1.0,False,True
2010-07-08,-0.0,0.0,0.0,-0.0,0.0,0.0,0.0,False,True
2010-07-09,-0.0,0.0,0.0,-0.0,-12808.787861232704,-1.0,0.0,False,True
2010-07-12,-0.0,23.155216151258415,0.0,-23.155216151258415,-12889.327283198381,-1.0,0.0,False,True
2010-07-13,90.36181912686352,0.14663038634959016,0.0,90.21518874051394,-12994.038483673994,-1.0,-1.0,False,True
2010-07-14,-366.30415014418264,0.18536956906304497,0.0,-366.48951971324567,-13064.514963160793,-1.0,-1.0,False,True
2010-07-15,-157.0954566247303,0.1232737055869774,0.0,-157.21873033031727,-13166.040207620852,-1.0,-1.0,False,True
2010-07-16,-579.6542475122535,0.17003819537836712,0.0,-579.8242857076318,-13181.182574109445,-1.0,-1.0,False,True
2010-07-19,129.0788255649113,0.02561208853268673,0.0,129.05321347637863,-13285.913390392792,-1.0,-1.0,False,True
2010-07-20,783.0405489569974,0.1883317310358432,0.0,782.8522172259616,-13224.293467167789,-1.0,-1.0,False,True
2010-07-21,-163.16033988201727,0.10946346846729434,0.0,-163.26980335048455,-13326.661280871938,-1.0,-1.0,False,True
2010-07-22,710.4906368842312,0.19217400924313824,0.0,710.2984628749881,-13294.894063379006,-1.0,-1.0,False,True
2010-07-23,341.70926361210127,0.061205635207247006,0.0,341.648057976894,-13372.632266263416,-1.0,-1.0,False,True
2010-07-26,524.7984498702241,0.15593279443545932,0.0,524.6425170757886,-13405.396641554307,-1.0,-1.0,False,True
2010-07-27,52.33906953527904,0.06597934120464423,0.0,52.27309019407439,-13515.865335476132,-1.0,-1.0,False,True
2010-07-28,-158.02039263128955,0.21986487625217502,0.0,-158.24025750754174,-13620.773396950195,-1.0,-1.0,False,True
2010-07-29,-0.0,0.20879759807944634,0.0,-0.20879759807944634,-13733.81079901899,-1.0,-1.0,False,True
2010-07-30,158.68862210039026,0.22762934601279758,0.0,158.46099275437746,-13840.347198094072,-1.0,-1.0,False,True
2010-08-02,863.4222899186777,0.2289304172997066,0.0,863.193359501378,-13738.48410083585,-1.0,-1.0,False,True
2010-08-03,-145.07701465507512,0.21661758234372808,0.0,-145.29363223741885,-13846.469380260998,-1.0,-1.0,False,True
2010-08-04,199.5215533316418,0.23302086612794964,0.0,199.28853246551384,-13949.539175564258,-1.0,-1.0,False,True
2010-08-05,-29.15046185318237,51.52063068665622,51.52063068665622,-80.67109253983858,-14065.050235813838,-1.0,-1.0,False,True
2010-08-06,-50.450412931517455,0.21333123739787416,0.0,-50.66374416891533,-14181.004085253291,-1.0,-1.0,False,True
2010-08-09,177.39703000125692,0.2168844811595605,0.0,177.18014552009737,-14289.094518441283,-1.0,-1.0,False,True
2010-08-10,-77.63323404335773,0.20107566972357852,0.0,-77.83430971308131,-14405.827189373169,-1.0,-1.0,False,True
2010-08-11,-1063.2538570890981,0.20211315490740378,0.0,-1063.4559702440056,-14187.076790948999,-1.0,-1.0,False,True
2010-08-12,-219.0075079465505,0.3730768026368961,0.0,-219.3805847491874,-14290.860066342506,-1.0,-1.0,False,True
2010-08-13,-306.87520512868025,0.17325383921554546,0.0,-307.0484589678958,-14380.630308873478,-1.0,-1.0,False,True
2010-08-16,162.92511476286094,0.15158895979282855,0.0,162.7735258030681,-14491.795929218108,-1.0,-1.0,False,True
2010-08-17,426.44373238834106,0.19345460246730878,0.0,426.2502777858738,-14555.720753836973,-1.0,-1.0,False,True
2010-08-18,221.43661012387489,0.11297059523161557,0.0,221.32363952864327,-14661.29461488749,-1.0,-1.0,False,True
2010-08-19,-451.72926477425017,0.18095854109829548,0.0,-451.91022331534845,-14719.112393080546,-1.0,-1.0,False,True
2010-08-20,147.10329045037443,0.10010679501331374,0.0,147.0031836553611,-14834.471896062894,-1.0,-1.0,False,True
2010-08-23,298.36038634622753,0.2038680871670809,0.0,298.1565182590604,-14929.26062279836,-1.0,-1.0,False,True
2010-08-24,-409.2268109258738,0.16301752500646313,0.0,-409.38982845088026,-14999.82419418455,-1.0,-1.0,False,True
2010-08-25,325.63823506103967,0.12406116753146655,0.0,325.5141738935082,-15090.421791012817,-1.0,-1.0,False,True
2010-08-26,-205.82949151539717,0.15712781175799329,0.0,-205.98661932715515,-15201.973027881999,-1.0,-1.0,False,True
2010-08-27,1021.3483445693946,0.20751364390364999,0.0,1021.140830925491,-14998.326951017369,-1.0,-1.0,False,True
2010-08-30,-496.6161787692841,0.3668492597297821,0.0,-496.9830280290139,-15047.128959250374,-1.0,-1.0,False,True
2010-08-31,289.9500816541139,0.08964526601941036,0.0,289.86043638809446,-15145.114541636223,-1.0,-1.0,False,True
2010-09-01,1132.5795990833606,52.01184804774582,52.01184804774582,1080.5677510356147,-14870.388685463624,-1.0,-1.0,False,True
2010-09-02,305.44768823468075,0.4830085807494243,0.0,304.96467965393134,-14965.555796212377,-1.0,-1.0,False,True
2010-09-03,663.173423365443,0.17512798656637624,0.0,662.9982953788766,-14950.548504879682,-1.0,-1.0,False,True
2010-09-07,-403.02214891056656,0.026892436391629807,0.0,-403.0490413469582,-15023.566208243932,-1.0,-1.0,False,True
2010-09-08,392.0598384146774,0.13436830511374614,0.0,391.92547010956366,-15099.109099839117,-1.0,-1.0,False,True
2010-09-09,161.83374730603904,0.14052897256817576,0.0,161.69321833347087,-15215.96435318196,-1.0,-1.0,False,True
2010-09-10,301.4341199604904,0.22180858273409987,0.0,301.2123113777563,-15312.596607091655,-1.0,-1.0,False,True
2010-09-13,732.6205058939464,0.19270050633742594,0.0,732.4278053876089,-15266.391748331418,-1.0,-1.0,False,True
2010-09-14,-0.0,0.09214003935650311,0.0,-0.09214003935650311,-15393.085968395473,-1.0,-1.0,False,True
2010-09-15,297.01151261345234,0.25766185628106447,0.0,296.7538507571713,-15491.681875453281,-1.0,-1.0,False,True
2010-09-16,61.08367447775789,0.20131634409213844,0.0,60.88235813366575,-15619.00624094926,-1.0,-1.0,False,True
2010-09-17,30.859924054687784,0.2604939613440684,0.0,30.599430093343717,-15748.306626520287,-1.0,-1.0,False,True
2010-09-20,436.45925623411046,0.27214146860431704,0.0,436.1871147655061,-15814.812592802116,-1.0,-1.0,False,True
2010-09-21,-64.67477054012359,0.13940412155189189,0.0,-64.81417466167548,-15944.645742226174,-1.0,-1.0,False,True
2010-09-22,-323.41130046630025,0.26669133899731234,0.0,-323.67799180529755,-16041.193365042562,-1.0,-1.0,False,True
2010-09-23,-543.2043639636195,0.19178549105968537,0.0,-543.3961494546792,-16073.820611978861,-1.0,-1.0,False,True
2010-09-24,994.802689304965,0.06909695890435295,0.0,994.7335923460607,-15879.251556962598,-1.0,-1.0,False,True
2010-09-27,-99.63111949573731,0.40951392482889143,0.0,-100.0406334205662,-16007.775586131176,-1.0,-1.0,False,True
2010-09-28,32.606266030723624,0.27106405328764016,0.0,32.335201977435986,-16140.256265802349,-1.0,-1.0,False,True
2010-09-29,-263.5024787840511,0.2748840013420083,0.0,-263.7773627853931,-16250.132217589033,-1.0,-1.0,False,True
2010-09-30,-490.08875301019293,0.221262967743322,0.0,-490.31001597793625,-16301.853714616343,-1.0,-1.0,False,True
2010-10-01,446.9584499926256,0.10710006960200714,0.0,446.85134992302363,-16368.18064396456,-1.0,-1.0,False,True
2010-10-04,-263.464302458444,0.1351592496658501,0.0,-263.59946170810986,-16479.81805274866,-1.0,-1.0,False,True
2010-10-05,976.2334380098144,0.24192038901416527,0.0,975.9915176208003,-16289.39556016086,-1.0,-1.0,False,True
2010-10-06,278.72842372513537,0.4197485051666534,0.0,278.30867521996873,-16398.461319972666,-1.0,-1.0,False,True
2010-10-07,210.18574916336647,62.74354550961961,62.74354550961961,147.44220365374684,-16519.026509160467,-1.0,-1.0,False,True
2010-10-08,614.1745812723842,0.2404266905009642,0.0,613.9341545818833,-16523.82192425503,-1.0,-1.0,False,True
2010-10-11,385.6582064395426,0.009791435203040932,0.0,385.64841500433954,-16609.12559577138,-1.0,-1.0,False,True
2010-10-12,559.5716587895142,0.18028095526651444,0.0,559.3913778342477,-16636.79957765601,-1.0,-1.0,False,True
2010-10-13,479.4386769913389,0.06022469518417145,0.0,479.37845229615476,-16694.20830925759,-1.0,-1.0,False,True
2010-10-14,-459.18979726014453,0.12157840886698107,0.0,-459.3113756690115,-16758.200009878914,-1.0,-1.0,False,True
2010-10-15,103.4764977846532,0.13636485059637957,0.0,103.34013293405683,-16893.44727260566,-1.0,-1.0,False,True
2010-10-18,522.6049899130629,0.2974859319633345,0.0,522.3075039810996,-16935.22523033675,-1.0,-1.0,False,True
2010-10-19,-398.7723605121494,0.08977443747246865,0.0,-398.86213494962186,-17018.750459740048,-1.0,-1.0,False,True
2010-10-20,887.5904208771885,0.18941008880172666,0.0,887.4010107883868,-16880.27347676701,-1.0,-1.0,False,True
2010-10-21,451.8252334444267,0.3225884262440038,0.0,451.5026450181827,-16949.027280124767,-1.0,-1.0,False,True
2010-10-22,690.5566422313775,0.16699679725521013,0.0,690.3896454341223,-16919.718079724535,-1.0,-1.0,False,True
2010-10-25,120.49071526155265,0.07169911792419506,0.0,120.41901614362845,-17054.952155897292,-1.0,-1.0,False,True
2010-10-26,-363.43069860983303,0.3238666543856923,0.0,-363.75456526421874,-17148.22961450538,-1.0,-1.0,False,True
2010-10-27,-358.6321715025156,0.21878580108304543,0.0,-358.85095730359865,-17243.52026328515,-1.0,-1.0,False,True
2010-10-28,78.48160006638783,0.22453543677991777,0.0,78.25706462960791,-17384.348952667337,-1.0,-1.0,False,True
2010-10-29,-0.0,0.33183771636032333,0.0,-0.33183771636032333,0.0,0.0,-1.0,False,True
2010-11-01,159.85608232337685,41.343289272584734,0.0,118.51279305079211,0.0,0.0,-1.0,False,True
2010-11-02,-0.0,0.0,0.0,-0.0,0.0,0.0,0.0,False,True
2010-11-03,-0.0,0.0,0.0,-0.0,0.0,0.0,0.0,False,True
2010-11-04,-0.0,0.0,0.0,-0.0,0.0,0.0,0.0,False,True
2010-11-05,-0.0,0.0,0.0,-0.0,0.0,0.0,0.0,False,True
2010-11-08,0.0,0.0,0.0,0.0,0.0,0.0,0.0,False,True
2010-11-09,0.0,0.0,0.0,0.0,0.0,0.0,0.0,False,True
2010-11-10,-0.0,0.0,0.0,-0.0,0.0,0.0,0.0,False,True
2010-11-11,0.0,0.0,0.0,0.0,0.0,0.0,0.0,False,True
2010-11-12,0.0,0.0,0.0,0.0,0.0,0.0,0.0,False,True
2010-11-15,-0.0,0.0,0.0,-0.0,0.0,0.0,0.0,False,True
2010-11-16,0.0,0.0,0.0,0.0,0.0,0.0,0.0,False,True
2010-11-17,-0.0,0.0,0.0,-0.0,0.0,0.0,0.0,False,True
2010-11-18,-0.0,0.0,0.0,-0.0,0.0,0.0,0.0,False,True
2010-11-19,-0.0,0.0,0.0,-0.0,-17565.23347970319,-1.0,0.0,False,True
2010-11-22,-0.0,45.465566456302454,0.0,-45.465566456302454,-17578.70213623775,-1.0,0.0,False,True
2010-11-23,-842.7763538241436,0.033265958910655924,0.0,-842.8096197830542,0.0,0.0,-1.0,False,True
2010-11-24,804.8080496108844,45.50042850920125,0.0,759.3076211016831,0.0,0.0,-1.0,False,True
2010-11-26,0.0,0.0,0.0,0.0,0.0,0.0,0.0,False,True
2010-11-29,0.0,0.0,0.0,0.0,0.0,0.0,0.0,False,True
2010-11-30,0.0,0.0,0.0,0.0,0.0,0.0,0.0,False,True
2010-12-01,-0.0,0.0,0.0,-0.0,0.0,0.0,0.0,False,True
2010-12-02,-0.0,0.0,0.0,-0.0,0.0,0.0,0.0,False,True
2010-12-03,-0.0,0.0,0.0,-0.0,0.0,0.0,0.0,False,True
2010-12-06,-0.0,0.0,0.0,-0.0,0.0,0.0,0.0,False,True
2010-12-07,0.0,0.0,0.0,0.0,0.0,0.0,0.0,False,True
2010-12-08,-0.0,0.0,0.0,-0.0,0.0,0.0,0.0,False,True
2010-12-09,-0.0,0.0,0.0,-0.0,-16211.672465902366,-1.0,0.0,False,True
2010-12-10,-0.0,41.438813659725504,0.0,-41.438813659725504,-16341.238987079298,-1.0,0.0,False,True
2010-12-13,-202.14055443768538,0.3271075965673774,0.0,-202.46766203425275,-16462.506710322534,-1.0,-1.0,False,True
2010-12-14,-120.7480713330972,0.30391055336018835,0.0,-121.05198188645738,-16593.971702491584,-1.0,-1.0,False,True
2010-12-15,-281.7543935752027,0.32392215618576187,0.0,-282.07831573138844,-16703.41457299829,-1.0,-1.0,False,True
2010-12-16,239.33613032439885,0.2736071762667598,0.0,239.0625231481321,-16821.544255969005,-1.0,-1.0,False,True
2010-12-17,203.7001777194915,0.2989701852962594,0.0,203.40120753419524,-16946.17516729186,-1.0,-1.0,False,True
2010-12-20,498.41612610278605,0.3250551758420552,0.0,498.091070926944,-16997.057816701286,-1.0,-1.0,False,True
2010-12-21,344.9603087489431,0.1354667938822344,0.0,344.82484195506083,-17095.191588040714,-1.0,-1.0,False,True
2010-12-22,-0.0,0.26126523538419083,0.0,-0.26126523538419083,-17237.06283049256,-1.0,-1.0,False,True
2010-12-23,-532.837140406464,0.3662922506628248,0.0,-533.2034326571268,-17275.708583908763,-1.0,-1.0,False,True
2010-12-27,-521.019531400276,0.09685060452716078,0.0,-521.1163820048032,-17320.180085234915,-1.0,-1.0,False,True
2010-12-28,-84.47779258635323,0.11090824539977098,0.0,-84.588700831753,-17461.28833091581,-1.0,-1.0,False,True
2010-12-29,252.84934430999846,0.35712580697016505,0.0,252.49221850302828,-17582.222228274895,-1.0,-1.0,False,True
2010-12-30,129.34287652530054,0.30835135520662393,0.0,129.03452517009393,-17721.823820231923,-1.0,-1.0,False,True
2010-12-31,349.8949697169156,0.36317673034505826,0.0,349.53179298657057,-17822.40491797411,-1.0,-1.0,False,True
2011-01-03,359.8339861976016,0.2670871118801574,0.0,359.56689908572145,-17921.095033164376,-1.0,-1.0,False,True
2011-01-04,184.68813386501535,0.264809864057655,0.0,184.42332400095768,-18056.747338705638,-1.0,-1.0,False,True
2011-01-05,375.3108907469003,88.01262155409731,88.01262155409731,287.298269192803,-18152.169540865765,-1.0,-1.0,False,True
2011-01-06,43.09486238354657,0.23398984979457033,0.0,42.860872533752,-18302.091194212673,-1.0,-1.0,False,True
2011-01-07,-86.85248584146547,0.3658802254299541,0.0,-87.21836606689541,-18451.007300139976,-1.0,-1.0,False,True
2011-01-10,-0.0,0.36342621089401295,0.0,-0.36342621089401295,-18604.13031819321,-1.0,-1.0,False,True
2011-01-11,527.1716371468586,0.3846840527072642,0.0,526.7869530941514,-18648.203585467378,-1.0,-1.0,False,True
2011-01-12,866.3688138374279,0.11613135978412077,0.0,866.2526824776437,-18512.068126415033,-1.0,-1.0,False,True
2011-01-13,143.8164800935781,0.3614995998151628,0.0,143.45498049376292,-18657.71356103601,-1.0,-1.0,False,True
2011-01-14,863.2570628898212,0.40567002849592426,0.0,862.8513928613253,-18520.4420241009,-1.0,-1.0,False,True
2011-01-18,557.7033944874867,0.3941269617884808,0.0,557.3092675256981,-18555.10364699623,-1.0,-1.0,False,True
2011-01-19,-933.8037995344959,0.09474176924723993,0.0,-933.8985413037431,-18374.409815425373,-1.0,-1.0,False,True
2011-01-20,98.96055278398136,0.4965447114212575,0.0,98.4640080725601,0.0,0.0,-1.0,False,True
2011-01-21,-197.04460928070526,49.956949763424426,0.0,-247.0015590441297,0.0,0.0,-1.0,False,True
2011-01-24,-0.0,0.0,0.0,-0.0,0.0,0.0,0.0,False,True
2011-01-25,-0.0,0.0,0.0,-0.0,0.0,0.0,0.0,False,True
2011-01-26,-0.0,0.0,0.0,-0.0,0.0,0.0,0.0,False,True
2011-01-27,-0.0,0.0,0.0,-0.0,0.0,0.0,0.0,False,True
2011-01-28,0.0,0.0,0.0,0.0,0.0,0.0,0.0,False,True
2011-01-31,-0.0,0.0,0.0,-0.0,0.0,0.0,0.0,False,True
2011-02-01,-0.0,0.0,0.0,-0.0,0.0,0.0,0.0,False,True
2011-02-02,0.0,0.0,0.0,0.0,0.0,0.0,0.0,False,True
2011-02-03,-0.0,0.0,0.0,-0.0,0.0,0.0,0.0,False,True
2011-02-04,-0.0,0.0,0.0,-0.0,-17399.413427300093,-1.0,0.0,False,True
2011-02-07,-0.0,48.33170396472248,0.0,-48.33170396472248,-17493.800207019856,-1.0,0.0,False,True
2011-02-08,235.76440958401145,0.2657869483866969,0.0,235.49862263562474,-17618.20257387244,-1.0,-1.0,False,True
2011-02-09,-48.059890678625806,0.34934911239424343,0.0,-48.40923979102005,-17763.540337256527,-1.0,-1.0,False,True
2011-02-10,-48.26904814759749,0.40702515701827485,0.0,-48.67607330461576,-17910.06733986316,-1.0,-1.0,False,True
2011-02-11,242.6713160827397,0.4160392733290794,0.0,242.25527680941062,-18036.041144838986,-1.0,-1.0,False,True
2011-02-14,198.4494996106722,0.3616894960790553,0.0,198.08781011459314,-18170.487175756298,-1.0,-1.0,False,True
2011-02-15,-202.08449462004396,0.38173734540233983,0.0,-202.4662319654463,-18305.355505599546,-1.0,-1.0,False,True
2011-02-16,-251.6687974481498,0.37770502210199214,0.0,-252.0465024702518,-18432.40466343029,-1.0,-1.0,False,True
2011-02-17,-150.04389758687967,0.35291432730762406,0.0,-150.39681191418728,-18576.47057886267,-1.0,-1.0,False,True
2011-02-18,-149.85694848317596,0.3969558153714779,0.0,-150.25390429854744,-18721.6692716435,-1.0,-1.0,False,True
2011-02-22,-2546.774192263428,0.351840804019738,0.0,-2547.126033067448,0.0,0.0,-1.0,False,True
2011-02-23,-973.7038391871338,43.1229460751339,0.0,-1016.8267852622677,0.0,0.0,-1.0,False,True
2011-02-24,-0.0,0.0,0.0,-0.0,0.0,0.0,0.0,False,True
2011-02-25,-0.0,0.0,0.0,-0.0,0.0,0.0,0.0,False,True
2011-02-28,-0.0,0.0,0.0,-0.0,0.0,0.0,0.0,False,True
2011-03-01,0.0,0.0,0.0,0.0,0.0,0.0,0.0,False,True
2011-03-02,-0.0,0.0,0.0,-0.0,0.0,0.0,0.0,False,True
2011-03-03,-0.0,0.0,0.0,-0.0,0.0,0.0,0.0,False,True
2011-03-04,0.0,0.0,0.0,0.0,0.0,0.0,0.0,False,True
2011-03-07,0.0,0.0,0.0,0.0,0.0,0.0,0.0,False,True
2011-03-08,-0.0,0.0,0.0,-0.0,0.0,0.0,0.0,False,True
2011-03-09,0.0,0.0,0.0,0.0,0.0,0.0,0.0,False,True
2011-03-10,0.0,0.0,0.0,0.0,0.0,0.0,0.0,False,True
2011-03-11,-0.0,0.0,0.0,-0.0,0.0,0.0,0.0,False,True
2011-03-14,0.0,0.0,0.0,0.0,0.0,0.0,0.0,False,True
2011-03-15,0.0,0.0,0.0,0.0,0.0,0.0,0.0,False,True
2011-03-16,0.0,0.0,0.0,0.0,15611.132933642435,1.0,0.0,False,True
2011-03-17,-0.0,33.1292158529679,0.0,-33.1292158529679,15668.106991807537,1.0,0.0,False,True
2011-03-18,-517.1389791682775,0.1250501276643035,0.0,-517.2640292959418,0.0,0.0,1.0,False,True
2011-03-21,-1174.269260627974,37.17548533935816,0.0,-1211.4447459673322,0.0,0.0,1.0,False,True
2011-03-22,-0.0,0.0,0.0,-0.0,0.0,0.0,0.0,False,True
2011-03-23,-0.0,0.0,0.0,-0.0,0.0,0.0,0.0,False,True
2011-03-24,-0.0,0.0,0.0,-0.0,-15556.559236685127,-1.0,0.0,False,True
2011-03-25,-0.0,40.368286626841154,0.0,-40.368286626841154,-15677.65598311548,-1.0,0.0,False,True
2011-03-28,-433.22063697097707,0.3057245445593866,0.0,-433.52636151553645,0.0,0.0,-1.0,False,True
2011-03-29,540.6088270039813,40.99387087421777,0.0,499.6149561297636,0.0,0.0,-1.0,False,True
2011-03-30,-0.0,0.0,0.0,-0.0,-15882.646091091343,-1.0,0.0,False,True
2011-03-31,0.0,42.175420319607845,0.0,-42.175420319607845,-16013.882231335194,-1.0,0.0,False,True
2011-04-01,205.73375765662433,0.3530631069552421,0.0,205.3806945496691,-16132.20925588061,-1.0,-1.0,False,True
2011-04-04,294.21830871219584,0.3242919790348992,0.0,293.8940167331609,-16236.163645844397,-1.0,-1.0,False,True
2011-04-05,129.4027480418218,0.2872055248325639,0.0,129.11554251698925,-16365.077814287424,-1.0,-1.0,False,True
2011-04-06,175.05297731368566,0.3600463832536856,0.0,174.69293093043197,-16490.112633218636,-1.0,-1.0,False,True
2011-04-07,-44.591492681980924,82.7434157461762,82.7434157461762,-127.33490842815712,-16626.257500121374,-1.0,-1.0,False,True
2011-04-08,-243.09748353638918,0.33788980284577763,0.0,-243.43537333923496,-16743.12727032785,-1.0,-1.0,False,True
2011-04-11,161.02912833047318,0.29288878841475924,0.0,160.73623954205843,-16872.761857499663,-1.0,-1.0,False,True
2011-04-12,-204.6837074612188,0.3209551977079959,0.0,-205.0046626589268,-16997.606927991,-1.0,-1.0,False,True
2011-04-13,285.28824396738315,0.3144132610654078,0.0,284.97383070631776,-17109.01733823977,-1.0,-1.0,False,True
2011-04-14,167.05264794094677,0.2833639466625019,0.0,166.76928399428428,-17240.76972077014,-1.0,-1.0,False,True
2011-04-15,424.5413731573146,0.3436289875155929,0.0,424.19774416979897,-17317.41769653912,-1.0,-1.0,False,True
2011-04-18,-482.56607360934373,0.19446578010694507,0.0,-482.7605393894507,-17375.614964158158,-1.0,-1.0,False,True
2011-04-19,943.0276963461886,0.1561575898154816,0.0,942.8715387563731,-17199.429910356448,-1.0,-1.0,False,True
2011-04-20,864.2321579031577,0.4974922318092356,0.0,863.7346656713485,-17081.636082402256,-1.0,-1.0,False,True
2011-04-21,236.9067480765356,0.33725886495264545,0.0,236.56948921158295,-17203.406926478805,-1.0,-1.0,False,True
2011-04-25,429.4266054235204,0.3576364331761113,0.0,429.0689689903443,-17278.439968307823,-1.0,-1.0,False,True
2011-04-26,147.88028876629124,0.22227996495590518,0.0,147.65800880133534,-17413.76682541913,-1.0,-1.0,False,True
2011-04-27,299.62612661805554,0.40797067217379507,0.0,299.21815594588173,-17524.755116269593,-1.0,-1.0,False,True
2011-04-28,256.0848062561628,0.33959103916932515,0.0,255.74521521699344,-17645.59669556444,-1.0,-1.0,False,True
2011-04-29,52.312701839611265,0.37084616400364784,0.0,51.94185567560762,-17790.999144032045,-1.0,-1.0,False,True
2011-05-02,-581.1424061413454,0.4319927816791155,0.0,-581.5743989230245,-17810.69604186247,-1.0,-1.0,False,True
2011-05-03,-464.11302114865936,0.057031978181314925,0.0,-464.1700531268407,-17877.64084693213,-1.0,-1.0,False,True
2011-05-04,-251.56350341613722,0.19113767464178463,0.0,-251.75464109077902,-18001.917513576664,-1.0,-1.0,False,True
2011-05-05,-348.5890972939439,92.87006898869069,92.87006898869069,-441.45916628263456,-18104.530317951547,-1.0,-1.0,False,True
2011-05-06,227.29693830273612,0.2689977608292972,0.0,227.02794054190682,0.0,0.0,-1.0,False,True
2011-05-09,648.2440523051696,49.22319250901946,0.0,599.0208597961501,0.0,0.0,-1.0,False,True
2011-05-10,-0.0,0.0,0.0,-0.0,-18224.42021701111,-1.0,0.0,False,True
2011-05-11,0.0,50.0805113202048,0.0,-50.0805113202048,-18297.808063920966,-1.0,0.0,False,True
2011-05-12,293.154212606075,0.20496605744578397,0.0,292.9492465486292,-18416.185710694797,-1.0,-1.0,False,True
2011-05-13,-299.146725840666,0.32530050386910847,0.0,-299.47202634453515,-18533.771295624058,-1.0,-1.0,False,True
2011-05-16,-394.9852163151702,0.31633917205378403,0.0,-395.301555487224,0.0,0.0,-1.0,False,True
2011-05-17,340.51548312170263,50.79442667918359,0.0,289.72105644251906,0.0,0.0,-1.0,False,True
2011-05-18,-0.0,0.0,0.0,-0.0,-18723.907301850748,-1.0,0.0,False,True
2011-05-19,-0.0,54.36828607477909,0.0,-54.36828607477909,-18811.403490270084,-1.0,0.0,False,True
2011-05-20,-424.3378425348645,0.24843100589977743,0.0,-424.58627354076424,0.0,0.0,-1.0,False,True
2011-05-23,-521.0915094257633,51.972206408428136,0.0,-573.0637158341915,0.0,0.0,-1.0,False,True
2011-05-24,-0.0,0.0,0.0,-0.0,0.0,0.0,0.0,False,True
2011-05-25,-0.0,0.0,0.0,-0.0,0.0,0.0,0.0,False,True
2011-05-26,-0.0,0.0,0.0,-0.0,-19223.844586255273,-1.0,0.0,False,True
2011-05-27,-0.0,57.61532368687618,0.0,-57.61532368687618,-19323.146637535036,-1.0,0.0,False,True
2011-05-31,618.3107907859888,0.30750635215032335,0.0,618.0032844338385,-19327.361785886183,-1.0,-1.0,False,True
2011-06-01,-1634.5864225105158,0.012034894317344414,0.0,-1634.5984574048332,0.0,0.0,-1.0,False,True
2011-06-02,161.50998706868432,51.19004090577089,51.19004090577089,110.31994616291342,0.0,0.0,-1.0,False,True
2011-06-03,0.0,0.0,0.0,0.0,0.0,0.0,0.0,False,True
2011-06-06,0.0,0.0,0.0,0.0,0.0,0.0,0.0,False,True
2011-06-07,-0.0,0.0,0.0,-0.0,0.0,0.0,0.0,False,True
2011-06-08,0.0,0.0,0.0,0.0,0.0,0.0,0.0,False,True
2011-06-09,-0.0,0.0,0.0,-0.0,0.0,0.0,0.0,False,True
2011-06-10,0.0,0.0,0.0,0.0,0.0,0.0,0.0,False,True
2011-06-13,0.0,0.0,0.0,0.0,0.0,0.0,0.0,False,True
2011-06-14,-0.0,0.0,0.0,-0.0,0.0,0.0,0.0,False,True
2011-06-15,0.0,0.0,0.0,0.0,0.0,0.0,0.0,False,True
2011-06-16,0.0,0.0,0.0,0.0,0.0,0.0,0.0,False,True
2011-06-17,-0.0,0.0,0.0,-0.0,0.0,0.0,0.0,False,True
2011-06-20,-0.0,0.0,0.0,-0.0,0.0,0.0,0.0,False,True
2011-06-21,-0.0,0.0,0.0,-0.0,0.0,0.0,0.0,False,True
2011-06-22,0.0,0.0,0.0,0.0,0.0,0.0,0.0,False,True
2011-06-23,-0.0,0.0,0.0,-0.0,0.0,0.0,0.0,False,True
2011-06-24,0.0,0.0,0.0,0.0,0.0,0.0,0.0,False,True
2011-06-27,-0.0,0.0,0.0,-0.0,0.0,0.0,0.0,False,True
2011-06-28,-0.0,0.0,0.0,-0.0,0.0,0.0,0.0,False,True
2011-06-29,-0.0,0.0,0.0,-0.0,0.0,0.0,0.0,False,True
2011-06-30,-0.0,0.0,0.0,-0.0,-17717.777251994947,-1.0,0.0,False,True
2011-07-01,-0.0,53.57145039320007,0.0,-53.57145039320007,-17657.04466939665,-1.0,0.0,False,True
2011-07-05,-0.0,0.18363096508334117,0.0,-0.18363096508334117,-17803.578672971522,-1.0,-1.0,False,True
2011-07-06,-312.514064945074,0.43535464830215137,0.0,-312.94941959337615,-17914.01422784336,-1.0,-1.0,False,True
2011-07-07,516.045758636856,102.55051183007073,102.55051183007073,413.4952468067853,-17961.27104596247,-1.0,-1.0,False,True
2011-07-08,-401.4344925006901,0.13270750293722416,0.0,-401.56720000362736,-18049.030708033428,-1.0,-1.0,False,True
2011-07-11,-1328.6419677835256,0.2294736061804417,0.0,-1328.871441389706,0.0,0.0,-1.0,False,True
2011-07-12,-368.3475654700704,46.25064118933566,0.0,-414.59820665940606,0.0,0.0,-1.0,False,True
2011-07-13,0.0,0.0,0.0,0.0,0.0,0.0,0.0,False,True
2011-07-14,0.0,0.0,0.0,0.0,0.0,0.0,0.0,False,True
2011-07-15,-0.0,0.0,0.0,-0.0,0.0,0.0,0.0,False,True
2011-07-18,0.0,0.0,0.0,0.0,0.0,0.0,0.0,False,True
2011-07-19,-0.0,0.0,0.0,-0.0,0.0,0.0,0.0,False,True
2011-07-20,-0.0,0.0,0.0,-0.0,0.0,0.0,0.0,False,True
2011-07-21,-0.0,0.0,0.0,-0.0,0.0,0.0,0.0,False,True
2011-07-22,-0.0,0.0,0.0,-0.0,0.0,0.0,0.0,False,True
2011-07-25,0.0,0.0,0.0,0.0,0.0,0.0,0.0,False,True
2011-07-26,0.0,0.0,0.0,0.0,0.0,0.0,0.0,False,True
2011-07-27,0.0,0.0,0.0,0.0,16947.467807535086,1.0,0.0,False,True
2011-07-28,0.0,40.68186066211584,0.0,-40.68186066211584,17087.545191978617,1.0,0.0,False,True
2011-07-29,-198.44810079080918,0.3402353532099998,0.0,-198.78833614401918,17214.885773914233,1.0,1.0,False,True
2011-08-01,-323.93450600907477,0.31527559537199557,0.0,-324.24978160444675,17319.058266032145,1.0,1.0,False,True
2011-08-02,1330.6191902542423,0.23940987538309383,0.0,1330.3797803788593,16840.526658392042,1.0,1.0,False,True
2011-08-03,-232.99181523810128,1.1147611314343313,0.0,-234.10657636953562,16962.011586743316,1.0,1.0,False,True
2011-08-04,4171.857740374393,66.88726197155164,66.88726197155164,4104.970478402842,12959.739991653105,1.0,1.0,False,True
2011-08-05,196.47117668042412,7.828870963678371,0.0,188.64230571674574,13061.112344605466,1.0,1.0,False,True
2011-08-08,1978.58625826765,0.17203089698041452,0.0,1978.4142273706696,12190.829982879808,1.0,1.0,False,True
2011-08-09,-2075.938385897558,1.7559831117496059,0.0,-2077.6943690093076,11424.251864664117,1.0,1.0,False,True
2011-08-10,1607.8456867183997,1.366508819427972,0.0,1606.4791778989718,11006.27425754554,1.0,1.0,False,True
2011-08-11,-437.1018104741061,0.7747324544241256,0.0,-437.8765429285302,11056.516120112634,1.0,1.0,False,True
2011-08-12,79.61138703468927,0.09245585122310901,0.0,79.51893118346617,11146.775931433698,1.0,1.0,False,True
2011-08-15,-456.55273027395174,0.1732515104945522,0.0,-456.7259817844463,11189.609479581137,1.0,1.0,False,True
2011-08-16,83.49644892459719,0.08160666700952542,0.0,83.41484225758767,11280.806742796762,1.0,1.0,False,True
2011-08-17,436.76914325502656,0.16722217315924057,0.0,436.6019210818673,11328.392933141975,1.0,1.0,False,True
2011-08-18,2199.65641317504,0.07301773219138262,0.0,2199.5833954428485,10405.809231945603,1.0,1.0,False,True
2011-08-19,661.3882101684691,1.337550627618503,0.0,660.0506595408506,10411.776578038047,1.0,1.0,False,True
2011-08-22,323.80170170127724,0.008390301433134753,0.0,323.79331139984413,10475.117680515266,1.0,1.0,False,True
2011-08-23,-614.1377131078698,0.09464231784132647,0.0,-614.2323554257111,10478.37716039654,1.0,1.0,False,True
2011-08-24,-229.0477626934821,0.0049790862567886725,0.0,-229.05274177973888,10553.708071272647,1.0,1.0,False,True
2011-08-25,374.78547220494306,0.11109954481728121,0.0,374.67437266012575,10609.592358012927,1.0,1.0,False,True
2011-08-26,-227.77787204185546,0.08423734398351031,0.0,-227.86210938583898,10685.880448379281,1.0,1.0,False,True
2011-08-29,-733.3100600391298,0.12353126797079371,0.0,-733.4335913071005,0.0,0.0,1.0,False,True
2011-08-30,286.98257128348797,16.850811476290406,0.0,270.13175980719757,0.0,0.0,1.0,False,True
2011-08-31,-0.0,0.0,0.0,-0.0,0.0,0.0,0.0,False,True
2011-09-01,0.0,0.0,0.0,0.0,0.0,0.0,0.0,False,True
2011-09-02,0.0,0.0,0.0,0.0,0.0,0.0,0.0,False,True
2011-09-06,0.0,0.0,0.0,0.0,0.0,0.0,0.0,False,True
2011-09-07,-0.0,0.0,0.0,-0.0,0.0,0.0,0.0,False,True
2011-09-08,0.0,0.0,0.0,0.0,0.0,0.0,0.0,False,True
2011-09-09,0.0,0.0,0.0,0.0,0.0,0.0,0.0,False,True
2011-09-12,0.0,0.0,0.0,0.0,0.0,0.0,0.0,False,True
2011-09-13,0.0,0.0,0.0,0.0,0.0,0.0,0.0,False,True
2011-09-14,-0.0,0.0,0.0,-0.0,0.0,0.0,0.0,False,True
2011-09-15,-0.0,0.0,0.0,-0.0,0.0,0.0,0.0,False,True
2011-09-16,-0.0,0.0,0.0,-0.0,0.0,0.0,0.0,False,True
2011-09-19,0.0,0.0,0.0,0.0,0.0,0.0,0.0,False,True
2011-09-20,-0.0,0.0,0.0,-0.0,0.0,0.0,0.0,False,True
2011-09-21,0.0,0.0,0.0,0.0,0.0,0.0,0.0,False,True
2011-09-22,0.0,0.0,0.0,0.0,0.0,0.0,0.0,False,True
2011-09-23,0.0,0.0,0.0,0.0,0.0,0.0,0.0,False,True
2011-09-26,-0.0,0.0,0.0,-0.0,0.0,0.0,0.0,False,True
2011-09-27,-0.0,0.0,0.0,-0.0,0.0,0.0,0.0,False,True
2011-09-28,0.0,0.0,0.0,0.0,0.0,0.0,0.0,False,True
2011-09-29,-0.0,0.0,0.0,-0.0,0.0,0.0,0.0,False,True
2011-09-30,0.0,0.0,0.0,0.0,0.0,0.0,0.0,False,True
2011-10-03,0.0,0.0,0.0,0.0,0.0,0.0,0.0,False,True
2011-10-04,-0.0,0.0,0.0,-0.0,0.0,0.0,0.0,False,True
2011-10-05,-0.0,0.0,0.0,-0.0,0.0,0.0,0.0,False,True
2011-10-06,-0.0,0.0,0.0,-0.0,0.0,0.0,0.0,False,True
2011-10-07,0.0,0.0,0.0,0.0,0.0,0.0,0.0,False,True
2011-10-10,-0.0,0.0,0.0,-0.0,0.0,0.0,0.0,False,True
2011-10-11,-0.0,0.0,0.0,-0.0,0.0,0.0,0.0,False,True
2011-10-12,-0.0,0.0,0.0,-0.0,0.0,0.0,0.0,False,True
2011-10-13,-0.0,0.0,0.0,-0.0,0.0,0.0,0.0,False,True
2011-10-14,-0.0,0.0,0.0,-0.0,0.0,0.0,0.0,False,True
2011-10-17,0.0,0.0,0.0,0.0,0.0,0.0,0.0,False,True
2011-10-18,-0.0,0.0,0.0,-0.0,0.0,0.0,0.0,False,True
2011-10-19,0.0,0.0,0.0,0.0,0.0,0.0,0.0,False,True
2011-10-20,0.0,0.0,0.0,0.0,0.0,0.0,0.0,False,True
2011-10-21,-0.0,0.0,0.0,-0.0,0.0,0.0,0.0,False,True
2011-10-24,-0.0,0.0,0.0,-0.0,0.0,0.0,0.0,False,True
2011-10-25,0.0,0.0,0.0,0.0,0.0,0.0,0.0,False,True
2011-10-26,-0.0,0.0,0.0,-0.0,0.0,0.0,0.0,False,True
2011-10-27,-0.0,0.0,0.0,-0.0,0.0,0.0,0.0,False,True
2011-10-28,0.0,0.0,0.0,0.0,-10427.740078553537,-1.0,0.0,False,True
2011-10-31,0.0,17.84379562690714,0.0,-17.84379562690714,0.0,0.0,0.0,False,True
2011-11-01,-1392.6864879537293,15.74143384465004,0.0,-1408.4279217983794,0.0,0.0,-1.0,False,True
2011-11-02,-0.0,0.0,0.0,-0.0,0.0,0.0,0.0,False,True
2011-11-03,-0.0,0.0,0.0,-0.0,0.0,0.0,0.0,False,True
2011-11-04,0.0,0.0,0.0,0.0,0.0,0.0,0.0,False,True
2011-11-07,-0.0,0.0,0.0,-0.0,0.0,0.0,0.0,False,True
2011-11-08,-0.0,0.0,0.0,-0.0,0.0,0.0,0.0,False,True
2011-11-09,0.0,0.0,0.0,0.0,0.0,0.0,0.0,False,True
2011-11-10,-0.0,0.0,0.0,-0.0,0.0,0.0,0.0,False,True
2011-11-11,-0.0,0.0,0.0,-0.0,0.0,0.0,0.0,False,True
2011-11-14,0.0,0.0,0.0,0.0,0.0,0.0,0.0,False,True
2011-11-15,-0.0,0.0,0.0,-0.0,0.0,0.0,0.0,False,True
2011-11-16,0.0,0.0,0.0,0.0,0.0,0.0,0.0,False,True
2011-11-17,0.0,0.0,0.0,0.0,0.0,0.0,0.0,False,True
2011-11-18,-0.0,0.0,0.0,-0.0,0.0,0.0,0.0,False,True
2011-11-21,0.0,0.0,0.0,0.0,0.0,0.0,0.0,False,True
2011-11-22,-0.0,0.0,0.0,-0.0,0.0,0.0,0.0,False,True
2011-11-23,0.0,0.0,0.0,0.0,0.0,0.0,0.0,False,True
2011-11-25,0.0,0.0,0.0,0.0,0.0,0.0,0.0,False,True
2011-11-28,-0.0,0.0,0.0,-0.0,0.0,0.0,0.0,False,True
2011-11-29,-0.0,0.0,0.0,-0.0,0.0,0.0,0.0,False,True
2011-11-30,-0.0,0.0,0.0,-0.0,0.0,0.0,0.0,False,True
2011-12-01,-0.0,0.0,0.0,-0.0,0.0,0.0,0.0,False,True
2011-12-02,-0.0,0.0,0.0,-0.0,0.0,0.0,0.0,False,True
2011-12-05,0.0,0.0,0.0,0.0,0.0,0.0,0.0,False,True
2011-12-06,0.0,0.0,0.0,0.0,0.0,0.0,0.0,False,True
2011-12-07,0.0,0.0,0.0,0.0,0.0,0.0,0.0,False,True
2011-12-08,0.0,0.0,0.0,0.0,0.0,0.0,0.0,False,True
2011-12-09,-0.0,0.0,0.0,-0.0,0.0,0.0,0.0,False,True
2011-12-12,0.0,0.0,0.0,0.0,-10473.98108539952,-1.0,0.0,False,True
2011-12-13,-0.0,17.952894000893828,0.0,-17.952894000893828,-10559.829579661628,-1.0,0.0,False,True
2011-12-14,-70.06007414982952,0.14617060900109602,0.0,-70.20624475883061,-10646.349127815032,-1.0,-1.0,False,True
2011-12-15,420.98988357455033,0.15342999456269865,0.0,420.8364535799876,-10694.32042269836,-1.0,-1.0,False,True
2011-12-16,18.419289148468014,0.08521763822428209,0.0,18.33407151024373,-10782.993972607099,-1.0,-1.0,False,True
2011-12-19,185.34350819234555,0.16030050909428126,0.0,185.18320768325128,-10864.515717452634,-1.0,-1.0,False,True
2011-12-20,684.6345379433078,0.15736306679222872,0.0,684.4771748765156,-10846.827303463508,-1.0,-1.0,False,True
2011-12-21,838.8797446620681,0.03700127416092742,0.0,838.8427433879071,-10779.218367782008,-1.0,-1.0,False,True
2011-12-22,-265.63658702359686,0.13804613361262275,0.0,-265.7746331572095,-10852.803566351547,-1.0,-1.0,False,True
2011-12-23,-257.6705585923984,0.14674091154431415,0.0,-257.8172995039427,-10927.43617498224,-1.0,-1.0,False,True
2011-12-27,105.57201912793296,0.150291598912495,0.0,105.42172752902047,-11015.508346682054,-1.0,-1.0,False,True
2011-12-28,-536.7110105590499,0.16905238949870693,0.0,-536.8800629485486,-11039.272310528993,-1.0,-1.0,False,True
2011-12-29,309.4243917607314,0.046932683898097405,0.0,309.3774590768333,-11108.477387227436,-1.0,-1.0,False,True
2011-12-30,-319.0541130210696,0.13283745995487659,0.0,-319.1869504810245,-11176.499062193525,-1.0,-1.0,False,True
2012-01-03,790.4909002146859,0.14056898556500153,0.0,790.3503312291209,-11122.473751512925,-1.0,-1.0,False,True
2012-01-04,270.39917085952175,45.17084413843698,45.17084413843698,225.22832672108476,-11197.76338439986,-1.0,-1.0,False,True
2012-01-05,175.84938737569988,0.1549636018255163,0.0,175.69442377387435,-11283.268220064669,-1.0,-1.0,False,True
2012-01-06,224.8546864337324,0.17959519786153624,0.0,224.67509123587087,-11364.662067907688,-1.0,-1.0,False,True
2012-01-09,115.60725635312141,0.17273021540185216,0.0,115.43452613771956,-11455.714915743454,-1.0,-1.0,False,True
2012-01-10,235.29321051568672,0.19731325376672434,0.0,235.09589726192,-11537.163619308672,-1.0,-1.0,False,True
2012-01-11,-242.1927043497561,0.17284662764875508,0.0,-242.36555097740487,-11618.402595225827,-1.0,-1.0,False,True
2012-01-12,191.09173696577506,0.17530515855807063,0.0,190.91643180721698,-11705.722822255908,-1.0,-1.0,False,True
2012-01-13,-171.21856456122273,0.18569135416147886,0.0,-171.40425591538423,-11795.49847134377,-1.0,-1.0,False,True
2012-01-17,72.8571959891457,0.19210864366400512,0.0,72.6650873454817,-11892.042143817742,-1.0,-1.0,False,True
2012-01-18,369.37886653477324,0.21326996613323565,0.0,369.16559656864,-11955.963580809055,-1.0,-1.0,False,True
2012-01-19,333.1822152362721,0.14527599316207587,0.0,333.03693924311,-12026.87871036589,-1.0,-1.0,False,True
2012-01-20,371.13855904950464,0.166334113949099,0.0,370.9722249355555,-12091.348370792397,-1.0,-1.0,False,True
2012-01-23,302.7360773776315,0.15512066182434048,0.0,302.58095671580713,-12168.045456795026,-1.0,-1.0,False,True
2012-01-24,56.766893759589536,0.18541158762427898,0.0,56.581482171965256,-12268.18606797433,-1.0,-1.0,False,True
2012-01-25,344.3786450036314,0.24913622926889942,0.0,344.1295087743625,-12338.799894496036,-1.0,-1.0,False,True
2012-01-26,29.777150650423117,0.1761050418120427,0.0,29.601045608611074,-12440.964003799909,-1.0,-1.0,False,True
2012-01-27,240.17128748410883,0.25984667999123895,0.0,239.9114408041176,-12528.790951984634,-1.0,-1.0,False,True
2012-01-30,-339.5796626347388,0.21744594659261762,0.0,-339.7971085813314,-12601.854960958919,-1.0,-1.0,False,True
2012-01-31,-121.05112030903082,0.17916413683885596,0.0,-121.23028444586967,-12702.482537093349,-1.0,-1.0,False,True
2012-02-01,633.1075458854943,0.25980671420098306,0.0,632.8477391712934,-12699.74769406696,-1.0,-1.0,False,True
2012-02-02,447.9464874541748,60.97725055489301,60.97725055489301,386.9692368992818,-12751.545199109592,-1.0,-1.0,False,True
2012-02-03,475.8687660540318,0.12917869262456916,0.0,475.73958736140725,-12796.16611440741,-1.0,-1.0,False,True
2012-02-06,217.17960193130807,0.11320900539668965,0.0,217.06639292591137,-12889.509939122165,-1.0,-1.0,False,True
2012-02-07,-126.69471400403387,0.23450348120741174,0.0,-126.92921748524128,-12992.035906158839,-1.0,-1.0,False,True
2012-02-08,-379.1032335035946,0.2502121814585498,0.0,-379.35344568505315,-13059.871091542283,-1.0,-1.0,False,True
2012-02-09,-587.7349576595673,0.1583851139362889,0.0,-587.8933427735036,-13072.778422037185,-1.0,-1.0,False,True
2012-02-10,-951.9723802490978,0.02808920118317215,0.0,-952.000469450281,-12936.883980637995,-1.0,-1.0,False,True
2012-02-13,915.9271505885938,0.31801781377664406,0.0,915.6091327748171,-12824.855100428213,-1.0,-1.0,False,True
2012-02-14,-324.89891275574905,0.2557452165145359,0.0,-325.1546579722636,-12903.207925274806,-1.0,-1.0,False,True
2012-02-15,-1028.2734601679654,0.1655910215830072,0.0,-1028.4390511895483,-12727.36928932845,-1.0,-1.0,False,True
2012-02-16,771.5320202741638,0.39525131983556033,0.0,771.1367689543282,-12679.706906735075,-1.0,-1.0,False,True
2012-02-17,111.64359025726604,0.10808394282789636,0.0,111.53550631443814,-12781.614347350143,-1.0,-1.0,False,True
2012-02-21,28.052448908706666,0.23160781957970109,0.0,27.820841089126965,-12887.471244203696,-1.0,-1.0,False,True
2012-02-22,425.10912463470476,0.24886082402498086,0.0,424.8602638106798,-12944.576324644939,-1.0,-1.0,False,True
2012-02-23,916.3110288309977,0.14452520358586074,0.0,916.1665036274118,-12825.840379118064,-1.0,-1.0,False,True
2012-02-24,-607.2764201685284,0.2870385475590711,0.0,-607.5634587160874,-12835.063207322592,-1.0,-1.0,False,True
2012-02-27,-211.7473647495917,0.021933640161578383,0.0,-211.7692983897533,-12929.394303266155,-1.0,-1.0,False,True
2012-02-28,416.91620627033905,0.23186900082051082,0.0,416.68433726951855,-12988.672065880739,-1.0,-1.0,False,True
2012-02-29,-93.01722520335306,0.14466596828559067,0.0,-93.16189117163866,-13094.062935811555,-1.0,-1.0,False,True
2012-03-01,587.5827839326995,0.26939062762864396,0.0,587.3133933050708,-13106.507642910565,-1.0,-1.0,False,True
2012-03-02,-228.57466471491378,0.031264276412953984,0.0,-228.60592899132672,-13200.774084430423,-1.0,-1.0,False,True
2012-03-05,160.6189662121387,0.23975955969690893,0.0,160.37920665244178,-13303.016775873177,-1.0,-1.0,False,True
2012-03-06,-1539.544372129604,0.23288613050849574,0.0,-1539.7772582601124,-12782.823212266336,-1.0,-1.0,False,True
2012-03-07,1093.8036015717958,1.291037294665889,0.0,1092.51256427713,-12599.926832800087,-1.0,-1.0,False,True
2012-03-08,588.0717700558353,55.951223217619535,55.951223217619535,532.1205468382158,-12615.78641308933,-1.0,-1.0,False,True
2012-03-09,270.96616844731346,0.035727625926317196,0.0,270.93044082138715,-12700.866191352286,-1.0,-1.0,False,True
2012-03-12,554.5400621138161,0.20047533958512645,0.0,554.339586774231,-12723.2637843961,-1.0,-1.0,False,True
2012-03-13,437.9609031500783,0.054660792547402456,0.0,437.9062423575309,-12777.308074653982,-1.0,-1.0,False,True
2012-03-14,-666.4566744207485,0.1253289536523272,0.0,-666.5820033744009,-12763.837456576573,-1.0,-1.0,False,True
2012-03-15,202.35555774338954,0.03174111156170919,0.0,202.32381663182784,-12858.734000740324,-1.0,-1.0,False,True
2012-03-16,88.02646521776823,0.22515962446260163,0.0,87.80130559330563,-12963.306597046825,-1.0,-1.0,False,True
2012-03-19,952.498814869655,0.26796727803541015,0.0,952.2308475916196,-12824.911721561766,-1.0,-1.0,False,True
2012-03-20,583.3487968671062,0.3713475062099095,0.0,582.9774493608963,-12841.83482407849,-1.0,-1.0,False,True
2012-03-21,671.4613466786258,0.047917624529399794,0.0,671.4134290540964,-12827.21083552264,-1.0,-1.0,False,True
2012-03-22,-177.3734091723537,0.040843564767705454,0.0,-177.4142527371214,-12925.145301123444,-1.0,-1.0,False,True
2012-03-23,943.6912603790508,0.2952436095318392,0.0,943.396016769519,-12791.779199986786,-1.0,-1.0,False,True
2012-03-26,1064.4237306807547,0.438141838670112,0.0,1063.9855888420846,-12607.472286577171,-1.0,-1.0,False,True
2012-03-27,-1639.971692306001,0.536689165468339,0.0,-1640.5083814714692,-12067.272179349327,-1.0,-1.0,False,True
2012-03-28,-35.816682632319726,1.568569716454787,0.0,-37.385252348774515,-12167.116948471541,-1.0,-1.0,False,True
2012-03-29,376.03397726017596,0.2992423635972776,0.0,375.7347348965787,-12231.222869496218,-1.0,-1.0,False,True
2012-03-30,213.45819207844875,0.1955612174115882,0.0,213.26263086103717,-12320.820525219702,-1.0,-1.0,False,True
2012-04-02,-145.60979606543066,0.27011057975462216,0.0,-145.8799066451853,-12417.46089020405,-1.0,-1.0,False,True
2012-04-03,-181.1885371355832,0.2871199249534998,0.0,-181.4756570605367,-12511.753553834196,-1.0,-1.0,False,True
2012-04-04,-503.8969636604532,64.2021226259779,64.2021226259779,-568.0990862864311,-12547.843155745059,-1.0,-1.0,False,True
2012-04-05,-345.8022338999395,0.09044460136585286,0.0,-345.89267850130534,-12620.142249988989,-1.0,-1.0,False,True
2012-04-09,-613.5864623836214,0.1727425911422572,0.0,-613.7592049747637,-12624.311517634354,-1.0,-1.0,False,True
2012-04-10,-735.4395250576323,0.009412994133259871,0.0,-735.4489380517656,-12586.823902179938,-1.0,-1.0,False,True
2012-04-11,194.64797494149758,0.08596153431941098,0.0,194.56201340717817,-12681.254689695617,-1.0,-1.0,False,True
2012-04-12,1323.4468085066158,0.24197889300892791,0.0,1323.2048296136068,-12334.276152844697,-1.0,-1.0,False,True
2012-04-13,-1077.906648624127,0.8194769591525188,0.0,-1078.7261255832796,-12159.139207598557,-1.0,-1.0,False,True
2012-04-16,198.93993794910648,0.4204106999468241,0.0,198.51952724915967,-12250.156392332456,-1.0,-1.0,False,True
2012-04-17,797.3206037769554,0.23381607607079274,0.0,797.0867877008847,-12187.769997891393,-1.0,-1.0,False,True
2012-04-18,-368.4257561603746,0.15558650681773445,0.0,-368.5813426671923,-12254.387585157388,-1.0,-1.0,False,True
2012-04-19,88.9618248021282,0.16736036016579653,0.0,88.7944644419624,-12354.00994311968,-1.0,-1.0,False,True
2012-04-20,420.49369164755734,0.25916983987651865,0.0,420.23452180768084,-12409.791423548722,-1.0,-1.0,False,True
2012-04-23,-564.3963933404933,0.13877674135866244,0.0,-564.535170081852,-12429.163975645655,-1.0,-1.0,False,True
2012-04-24,512.0545004862348,0.050270546580648535,0.0,512.0042299396541,-12463.659626025239,-1.0,-1.0,False,True
2012-04-25,755.1897099126473,0.09530469444494183,0.0,755.0944052182024,-12418.427615308836,-1.0,-1.0,False,True
2012-04-26,369.542468696167,0.128785586067537,0.0,369.4136831100995,-12485.989507200484,-1.0,-1.0,False,True
2012-04-27,-34.49563226474665,0.19183085647905587,0.0,-34.687463121225704,-12589.291432935612,-1.0,-1.0,False,True
2012-04-30,-276.69782841441526,0.2869497937086888,0.0,-276.98477820812394,-12673.071318135575,-1.0,-1.0,False,True
2012-05-01,307.05588860818455,0.23853995091656202,0.0,306.817348657268,-12752.682601109309,-1.0,-1.0,False,True
2012-05-02,-35.202975883709804,0.2260431164766685,0.0,-35.42901900018647,-12858.176969467106,-1.0,-1.0,False,True
2012-05-03,-529.8898587718555,63.871365109101774,63.871365109101774,-593.7612238809573,-12887.860754335881,-1.0,-1.0,False,True
2012-05-04,-563.1318380788507,0.07092279601513972,0.0,-563.2027608748658,-12908.740071525652,-1.0,-1.0,False,True
2012-05-07,360.49960151988404,0.05132206263672609,0.0,360.44827945724734,-12980.376512974912,-1.0,-1.0,False,True
2012-05-08,-92.86863360809764,0.17482702972736078,0.0,-93.043460637825,-13085.703135160906,-1.0,-1.0,False,True
2012-05-09,-525.3961921918427,0.24704756920055798,0.0,-525.6432397610432,-13117.248426620949,-1.0,-1.0,False,True
2012-05-10,598.8880153391714,0.07753938548331861,0.0,598.8104759536881,-13127.129401453152,-1.0,-1.0,False,True
2012-05-11,-471.8434685834873,0.023444442599557434,0.0,-471.8669130260869,-13174.525355210526,-1.0,-1.0,False,True
2012-05-14,-850.8324612052949,0.10561054913327841,0.0,-850.9380717544282,0.0,0.0,-1.0,False,True
2012-05-15,-515.5249052038901,28.250812738683663,0.0,-543.7757179425737,0.0,0.0,-1.0,False,True
2012-05-16,0.0,0.0,0.0,0.0,0.0,0.0,0.0,False,True
2012-05-17,0.0,0.0,0.0,0.0,0.0,0.0,0.0,False,True
2012-05-18,0.0,0.0,0.0,0.0,0.0,0.0,0.0,False,True
2012-05-21,-0.0,0.0,0.0,-0.0,0.0,0.0,0.0,False,True
2012-05-22,0.0,0.0,0.0,0.0,0.0,0.0,0.0,False,True
2012-05-23,-0.0,0.0,0.0,-0.0,-12369.886071937322,-1.0,0.0,False,True
2012-05-24,-0.0,26.142542729352076,0.0,-26.142542729352076,-12452.877230711547,-1.0,0.0,False,True
2012-05-25,-153.0295184157189,0.17325038236981685,0.0,-153.20276879808873,-12549.969039952968,-1.0,-1.0,False,True
2012-05-29,786.2305379878981,0.21634587928794963,0.0,786.0141921086101,-12490.509854225396,-1.0,-1.0,False,True
2012-05-30,-1473.2572351249134,0.11857133340615005,0.0,-1473.3758064583196,-12061.372000123363,-1.0,-1.0,False,True
2012-05-31,-145.80361697539323,0.8458967316434307,0.0,-146.64951370703665,-12156.408632903482,-1.0,-1.0,False,True
2012-06-01,-811.8231153929185,0.17551810558490347,0.0,-811.9986334985034,-12088.517261827721,-1.0,-1.0,False,True
2012-06-04,350.45502365127203,0.1291069672590995,0.0,350.32591668401295,-12157.869848258282,-1.0,-1.0,False,True
2012-06-05,605.5472468819066,0.13884062713149445,0.0,605.4084062547752,-12164.38397206878,-1.0,-1.0,False,True
2012-06-06,1044.8169400846975,0.014267044670426212,0.0,1044.802673040027,-11993.190167153703,-1.0,-1.0,False,True
2012-06-07,181.9459141121392,48.93579741640917,48.93579741640917,133.01011669573003,-12084.556908238119,-1.0,-1.0,False,True
2012-06-08,687.3567487103901,0.1963331438396769,0.0,687.1604155665505,-12063.926741858335,-1.0,-1.0,False,True
2012-06-11,-1292.0595436481005,0.04004909193045188,0.0,-1292.099592740031,-11760.104694905594,-1.0,-1.0,False,True
2012-06-12,388.4218837340742,0.6094277849834815,0.0,387.8124559490907,-11822.16069609754,-1.0,-1.0,False,True
2012-06-13,-552.3336843008498,0.11889233873223311,0.0,-552.452576639582,-11843.837517257658,-1.0,-1.0,False,True
2012-06-14,729.2173887312497,0.04426044161179364,0.0,729.1731282896379,-11810.491034455208,-1.0,-1.0,False,True
2012-06-15,684.2057529889889,0.07226246273258155,0.0,684.1334905262563,-11793.771880419736,-1.0,-1.0,False,True
2012-06-18,923.8650492068542,0.039305350656787315,0.0,923.8257438561974,-11684.637332491819,-1.0,-1.0,False,True
2012-06-19,-54.099871011098074,0.2553947754020891,0.0,-54.35526578650016,-11780.896214160024,-1.0,-1.0,False,True
2012-06-20,773.6403713293666,0.24123558364281333,0.0,773.3991357457238,-11729.740933175726,-1.0,-1.0,False,True
2012-06-21,-1670.6405389273395,0.11227872164647817,0.0,-1670.7528176489861,-11194.512212633186,-1.0,-1.0,False,True
2012-06-22,753.5165481697474,1.255399172897262,0.0,752.2611489968501,-11166.792041454866,-1.0,-1.0,False,True
2012-06-25,-307.40079302425124,0.0632810143825791,0.0,-307.46407403863384,-11237.296972924685,-1.0,-1.0,False,True
2012-06-26,348.1850525175237,0.16613230978520566,0.0,348.01892020773846,-11301.45488481173,-1.0,-1.0,False,True
2012-06-27,25.832866604425032,0.15152502231387352,0.0,25.68134158211116,-11395.082981208869,-1.0,-1.0,False,True
2012-06-28,182.2815304001878,0.22475128526245192,0.0,182.05677911492535,-11481.507892105998,-1.0,-1.0,False,True
2012-06-29,960.7095721862277,0.2265614671855682,0.0,960.4830107190421,-11355.501859926562,-1.0,-1.0,False,True
2012-07-02,822.2051687441649,0.35580215698049933,0.0,821.8493665871844,-11293.97962130754,-1.0,-1.0,False,True
2012-07-03,281.54136842793037,0.17813642537993563,0.0,281.36323200255043,-11369.002519000807,-1.0,-1.0,False,True
2012-07-05,-701.8857391773046,55.57310213831594,55.57310213831594,-757.4588413156205,-11345.034944131154,-1.0,-1.0,False,True
2012-07-06,163.19142371771326,0.05962806854707514,0.0,163.13179564916618,-11432.82100588441,-1.0,-1.0,False,True
2012-07-09,55.07298516568645,0.21946515438314237,0.0,54.8535200113033,-11526.955238838404,-1.0,-1.0,False,True
2012-07-10,-390.389009957029,0.2275650678722708,0.0,-390.61657502490124,-11584.98682672906,-1.0,-1.0,False,True
2012-07-11,407.79322778909403,0.14543368603404197,0.0,407.64779410306,-11640.141561341581,-1.0,-1.0,False,True
2012-07-12,-84.9754534967925,0.13721748295590724,0.0,-85.1126709797484,-11734.945600021234,-1.0,-1.0,False,True
2012-07-13,706.319269498882,0.25109596807918394,0.0,706.0681735308028,-11708.319577261236,-1.0,-1.0,False,True
2012-07-16,30.32285684760101,0.07070381691450192,0.0,30.252153030686507,-11805.258808941993,-1.0,-1.0,False,True
2012-07-17,454.9865120697375,0.2678240228376712,0.0,454.71868804689984,-11850.968701919606,-1.0,-1.0,False,True
2012-07-18,-63.64020921262379,0.1256102957159606,0.0,-63.765819508339746,-11948.294613716102,-1.0,-1.0,False,True
2012-07-19,285.94830648063413,0.27406335052584546,0.0,285.67424313010827,-12026.479385642346,-1.0,-1.0,False,True
2012-07-20,-623.6747188478189,0.20924123035091452,0.0,-623.8839600781698,-12027.162105878066,-1.0,-1.0,False,True
2012-07-23,-1036.2240723921616,0.0016821832731079229,0.0,-1036.2257545754346,-11862.409125032418,-1.0,-1.0,False,True
2012-07-24,-607.1403947678823,0.3864343372237727,0.0,-607.5268291051061,-11871.7890269363,-1.0,-1.0,False,True
2012-07-25,407.17651458921347,0.02278293708881181,0.0,407.15373165212463,-11928.786533475115,-1.0,-1.0,False,True
2012-07-26,1097.1558579396121,0.15253901880492346,0.0,1097.0033189208073,-11732.081619570696,-1.0,-1.0,False,True
2012-07-27,342.6022241990219,0.5419960665377145,0.0,342.0602281324842,-11801.340725055456,-1.0,-1.0,False,True
2012-07-30,-567.6813686889042,0.18202713620994582,0.0,-567.8633958251141,-11818.624326859825,-1.0,-1.0,False,True
2012-07-31,-242.0787841037008,0.04451178856652828,0.0,-242.12329589226732,-11902.024832651327,-1.0,-1.0,False,True
2012-08-01,118.78014398854015,0.21696832090428803,0.0,118.56317566763586,-11997.194147212107,-1.0,-1.0,False,True
2012-08-02,604.1636970889003,0.2608249931144387,0.0,603.9028720957859,-12003.630248673737,-1.0,-1.0,False,True
2012-08-03,962.34177651434,0.019177337203983943,0.0,962.3225991771361,-11874.274454395676,-1.0,-1.0,False,True
2012-08-06,244.25991785091816,0.3934412140504816,0.0,243.86647663686767,-11958.165358061682,-1.0,-1.0,False,True
2012-08-07,-563.7637723155201,0.2435925673021425,0.0,-564.0073648828222,-11976.607080094162,-1.0,-1.0,False,True
2012-08-08,575.8889832494277,0.05625822941455784,0.0,575.8327250200132,-11992.509366738828,-1.0,-1.0,False,True
2012-08-09,178.2233196442577,65.86687495443383,65.86687495443383,112.35644468982389,-12083.954838421407,-1.0,-1.0,False,True
2012-08-10,64.3029992854616,0.2526458449451293,0.0,64.05035344051646,-12183.164300050885,-1.0,-1.0,False,True
2012-08-13,195.42784105263803,0.27860191279510954,0.0,195.14923913984293,-12274.268532192586,-1.0,-1.0,False,True
2012-08-14,-500.6779849335973,0.24574167880327186,0.0,-500.92372661240057,-12310.52772738757,-1.0,-1.0,False,True
2012-08-15,-0.0,0.09780440809173667,0.0,-0.09780440809173667,-12412.69153496632,-1.0,-1.0,False,True
2012-08-16,161.9806279919422,0.27924774071524644,0.0,161.70138025122696,-12508.698085999922,-1.0,-1.0,False,True
2012-08-17,364.1056183590119,0.270348117608359,0.0,363.8352702414035,-12576.998121117678,-1.0,-1.0,False,True
2012-08-20,-34.364555181318345,0.19180146848136995,0.0,-34.55635664979972,-12681.05541725391,-1.0,-1.0,False,True
2012-08-21,-344.5752909895268,0.2844232761057015,0.0,-344.85971426563253,-12754.00616176448,-1.0,-1.0,False,True
2012-08-22,-169.0807388967199,0.19677503453509035,0.0,-169.277513931255,-12852.04790958122,-1.0,-1.0,False,True
2012-08-23,-201.37904465943978,0.2603440194615508,0.0,-201.63938867890133,-12947.513987578754,-1.0,-1.0,False,True
2012-08-24,499.4319135847628,0.2637539890767419,0.0,499.16815959568606,-12986.11006825291,-1.0,-1.0,False,True
2012-08-27,-174.49479767626227,0.10521537949736905,0.0,-174.60001305575963,-13085.466140398592,-1.0,-1.0,False,True
2012-08-28,-138.15010710907444,0.26799993144558837,0.0,-138.41810704052003,-13188.695023119992,-1.0,-1.0,False,True
2012-08-29,-172.1771860578753,0.27483014231022,0.0,-172.4520162001855,-13289.744796821795,-1.0,-1.0,False,True
2012-08-30,-308.3071563846218,0.2628832945288026,0.0,-308.5700396791506,-13372.957801118235,-1.0,-1.0,False,True
2012-08-31,505.9547511480372,0.22504836254314242,0.0,505.72970278549406,-13411.135041886204,-1.0,-1.0,False,True
2012-09-04,211.70909447680583,0.10491064822297147,0.0,211.60418382858285,-13509.650254977023,-1.0,-1.0,False,True
2012-09-05,359.5478563508368,0.27817656589005396,0.0,359.26967978494673,0.0,0.0,-1.0,False,True
2012-09-06,1525.8833621323884,37.32450542143248,37.32450542143248,1488.558856710956,-13066.387435493773,-1.0,-1.0,False,True
2012-09-07,-0.0,38.15682940564421,0.0,-38.15682940564421,-13039.659213922796,-1.0,0.0,False,True
2012-09-10,-744.523500597935,0.07384481700876265,0.0,-744.5973454149438,-12998.050498518649,-1.0,-1.0,False,True
2012-09-11,140.5893176703262,0.11620962749114627,0.0,140.47310804283507,-13100.518083376226,-1.0,-1.0,False,True
2012-09-12,531.2554699667029,0.2983786206790242,0.0,530.9570913460238,-13130.420243230854,-1.0,-1.0,False,True
2012-09-13,855.9997611296976,0.09316022447110493,0.0,855.9066009052265,-13039.36296273467,-1.0,-1.0,False,True
2012-09-14,-718.3816546448514,0.2689732348950651,0.0,-718.6506278797465,-13009.270964200909,-1.0,-1.0,False,True
2012-09-17,375.77414878197834,0.09152610830001888,0.0,375.68262267367834,-13078.686545320326,-1.0,-1.0,False,True
2012-09-18,463.23813522377276,0.21892606353047145,0.0,463.01920916024227,-13127.56993835404,-1.0,-1.0,False,True
2012-09-19,160.968449788557,0.15609183133818086,0.0,160.8123579572188,-13229.263962926516,-1.0,-1.0,False,True
2012-09-20,-286.27099554042934,0.3177938267889886,0.0,-286.58878936721834,-13315.800021859437,-1.0,-1.0,False,True
2012-09-21,282.33185286733294,0.27632230656150836,0.0,282.05553056077144,-13403.594464333202,-1.0,-1.0,False,True
2012-09-24,124.44672917625644,0.2829852312440546,0.0,124.16374394501238,-13510.37818584987,-1.0,-1.0,False,True
2012-09-25,-1053.7417031708476,0.31910587333697976,0.0,-1054.0608090441845,-13310.804971110121,-1.0,-1.0,False,True
2012-09-26,-472.6662922163229,0.576232521431668,0.0,-473.2425247377546,-13360.562611657542,-1.0,-1.0,False,True
2012-09-27,1237.3424339341786,0.15839000484815702,0.0,1237.1840439293305,-13055.190511684941,-1.0,-1.0,False,True
2012-09-28,-248.95458282591594,0.9542878124143785,0.0,-249.9088706383303,-13147.205923062864,-1.0,-1.0,False,True
2012-10-01,-437.8265110626066,0.27821768926953017,0.0,-438.1047287518761,-13202.52379136387,-1.0,-1.0,False,True
2012-10-02,271.47622849982116,0.17078558737509522,0.0,271.30544291244604,-13291.362017257472,-1.0,-1.0,False,True
2012-10-03,79.53327585159057,0.27593691376042956,0.0,79.25733893783014,-13399.861765062531,-1.0,-1.0,False,True
2012-10-04,563.875964368498,78.61639188758049,78.61639188758049,485.2595724809175,-13420.295502787283,-1.0,-1.0,False,True
2012-10-05,115.51604969881441,0.06070893092136483,0.0,115.45534076789305,-13527.86730229416,-1.0,-1.0,False,True
2012-10-08,-116.698221763367,0.3168422255590491,0.0,-117.01506398892604,-13636.171711879739,-1.0,-1.0,False,True
2012-10-09,-505.3513647408766,0.3075125202914624,0.0,-505.6588772611681,-13675.020964935542,-1.0,-1.0,False,True
2012-10-10,-75.54665768354354,0.10969830408319109,0.0,-75.65635598762674,-13786.846835061997,-1.0,-1.0,False,True
2012-10-11,452.06680875819825,0.32655702814705495,0.0,451.74025173005117,-13841.017283163565,-1.0,-1.0,False,True
2012-10-12,-353.5088932067166,0.15423530362251908,0.0,-353.6631285103391,-13919.11493251321,-1.0,-1.0,False,True
2012-10-15,653.6035939271691,0.23338218828975701,0.0,653.3702117388793,-13909.003677035696,-1.0,-1.0,False,True
2012-10-16,324.6440800586157,0.030937423475974522,0.0,324.61314263513975,-13993.540678073885,-1.0,-1.0,False,True
2012-10-17,249.11648376780454,0.26337515521016164,0.0,248.85310861259438,-14091.095902076078,-1.0,-1.0,False,True
2012-10-18,-212.6677914600891,0.2993835467133182,0.0,-212.96717500680242,-14194.372889375782,-1.0,-1.0,False,True
2012-10-19,-759.4003779561971,0.30073554540396547,0.0,-759.7011135016011,0.0,0.0,-1.0,False,True
2012-10-22,201.62461490590542,41.92862308821376,0.0,159.69599181769166,0.0,0.0,-1.0,False,True
2012-10-23,0.0,0.0,0.0,0.0,0.0,0.0,0.0,False,True
2012-10-24,-0.0,0.0,0.0,-0.0,0.0,0.0,0.0,False,True
2012-10-25,-0.0,0.0,0.0,-0.0,0.0,0.0,0.0,False,True
2012-10-26,-0.0,0.0,0.0,-0.0,0.0,0.0,0.0,False,True
2012-10-31,0.0,0.0,0.0,0.0,0.0,0.0,0.0,False,True
2012-11-01,-0.0,0.0,0.0,-0.0,0.0,0.0,0.0,False,True
2012-11-02,0.0,0.0,0.0,0.0,0.0,0.0,0.0,False,True
2012-11-05,0.0,0.0,0.0,0.0,0.0,0.0,0.0,False,True
2012-11-06,-0.0,0.0,0.0,-0.0,0.0,0.0,0.0,False,True
2012-11-07,0.0,0.0,0.0,0.0,0.0,0.0,0.0,False,True
2012-11-08,-0.0,0.0,0.0,-0.0,0.0,0.0,0.0,False,True
2012-11-09,0.0,0.0,0.0,0.0,0.0,0.0,0.0,False,True
2012-11-12,-0.0,0.0,0.0,-0.0,0.0,0.0,0.0,False,True
2012-11-13,-0.0,0.0,0.0,-0.0,0.0,0.0,0.0,False,True
2012-11-14,0.0,0.0,0.0,0.0,0.0,0.0,0.0,False,True
2012-11-15,0.0,0.0,0.0,0.0,0.0,0.0,0.0,False,True
2012-11-16,-0.0,0.0,0.0,-0.0,0.0,0.0,0.0,False,True
2012-11-19,-0.0,0.0,0.0,-0.0,0.0,0.0,0.0,False,True
2012-11-20,-0.0,0.0,0.0,-0.0,0.0,0.0,0.0,False,True
2012-11-21,0.0,0.0,0.0,0.0,0.0,0.0,0.0,False,True
2012-11-23,-0.0,0.0,0.0,-0.0,0.0,0.0,0.0,False,True
2012-11-26,-0.0,0.0,0.0,-0.0,0.0,0.0,0.0,False,True
2012-11-27,0.0,0.0,0.0,0.0,0.0,0.0,0.0,False,True
2012-11-28,-0.0,0.0,0.0,-0.0,0.0,0.0,0.0,False,True
2012-11-29,-0.0,0.0,0.0,-0.0,0.0,0.0,0.0,False,True
2012-11-30,0.0,0.0,0.0,0.0,0.0,0.0,0.0,False,True
2012-12-03,0.0,0.0,0.0,0.0,0.0,0.0,0.0,False,True
2012-12-04,0.0,0.0,0.0,0.0,0.0,0.0,0.0,False,True
2012-12-05,-0.0,0.0,0.0,-0.0,0.0,0.0,0.0,False,True
2012-12-06,0.0,0.0,0.0,0.0,0.0,0.0,0.0,False,True
2012-12-07,-0.0,0.0,0.0,-0.0,0.0,0.0,0.0,False,True
2012-12-10,-0.0,0.0,0.0,-0.0,0.0,0.0,0.0,False,True
2012-12-11,-0.0,0.0,0.0,-0.0,0.0,0.0,0.0,False,True
2012-12-12,0.0,0.0,0.0,0.0,0.0,0.0,0.0,False,True
2012-12-13,0.0,0.0,0.0,0.0,0.0,0.0,0.0,False,True
2012-12-14,-0.0,0.0,0.0,-0.0,0.0,0.0,0.0,False,True
2012-12-17,-0.0,0.0,0.0,-0.0,0.0,0.0,0.0,False,True
2012-12-18,-0.0,0.0,0.0,-0.0,0.0,0.0,0.0,False,True
2012-12-19,0.0,0.0,0.0,0.0,0.0,0.0,0.0,False,True
2012-12-20,0.0,0.0,0.0,0.0,0.0,0.0,0.0,False,True
2012-12-21,0.0,0.0,0.0,0.0,0.0,0.0,0.0,False,True
2012-12-24,0.0,0.0,0.0,0.0,0.0,0.0,0.0,False,True
2012-12-26,0.0,0.0,0.0,0.0,0.0,0.0,0.0,False,True
2012-12-27,-0.0,0.0,0.0,-0.0,0.0,0.0,0.0,False,True
2012-12-28,0.0,0.0,0.0,0.0,0.0,0.0,0.0,False,True
2012-12-31,-0.0,0.0,0.0,-0.0,0.0,0.0,0.0,False,True
2013-01-02,-0.0,0.0,0.0,-0.0,-11273.394057171572,-1.0,0.0,False,True
2013-01-03,0.0,34.08622096932408,34.08622096932408,-34.08622096932408,-11355.74807660677,-1.0,0.0,False,True
2013-01-04,166.27424863084897,0.25273314347627884,0.0,166.02151548737268,-11443.248995252781,-1.0,-1.0,False,True
2013-01-07,169.99622869171756,0.2726092450217699,0.0,169.72361944669578,-11531.11135337574,-1.0,-1.0,False,True
2013-01-08,-0.0,0.273735310261497,0.0,-0.273735310261497,-11626.806864369513,-1.0,-1.0,False,True
2013-01-09,35.04897067895458,0.29904847185554223,0.0,34.74992220709904,-11722.989087937698,-1.0,-1.0,False,True
2013-01-10,212.68549142139113,0.3061701216067994,0.0,212.37932129978432,-11808.878414168517,-1.0,-1.0,False,True
2013-01-11,72.81359681949024,0.27511424808309304,0.0,72.53848257140714,-11905.534126049242,-1.0,-1.0,False,True
2013-01-14,36.90274504427714,0.3105708610587559,0.0,36.59217418321838,-12003.988004826155,-1.0,-1.0,False,True
2013-01-15,111.96427077789183,0.3193519802099217,0.0,111.64491879768191,-12100.369906139613,-1.0,-1.0,False,True
2013-01-16,227.92382287644585,0.3186820930525628,0.0,227.6051407833933,-12187.287220339073,-1.0,-1.0,False,True
2013-01-17,-156.13380524051152,0.283726901447281,0.0,-156.41753214195882,-12282.0516822012,-1.0,-1.0,False,True
2013-01-18,815.0733491309569,0.3315139024187039,0.0,814.7418352285382,-12212.153476430902,-1.0,-1.0,False,True
2013-01-22,503.0191815235979,0.25496676482048153,0.0,502.7642147587774,-12249.319844733287,-1.0,-1.0,False,True
2013-01-23,304.21734638796016,0.13903477193410563,0.0,304.07831161602604,-12326.895697502201,-1.0,-1.0,False,True
2013-01-24,-223.52773439294225,0.2850008927890212,0.0,-223.81273528573126,-12416.0092191159,-1.0,-1.0,False,True
2013-01-25,-132.54726556453969,0.3239055306880906,0.0,-132.87117109522777,-12514.365181824394,-1.0,-1.0,False,True
2013-01-28,-440.2840148622652,0.34525637594591285,0.0,-440.6292712382111,-12566.35818113622,-1.0,-1.0,False,True
2013-01-29,471.4315650687263,0.18965417898441783,0.0,471.24191088974186,-12611.433883776524,-1.0,-1.0,False,True
2013-01-30,-983.842989270451,0.15248381256208576,0.0,-983.995473083013,-12463.490009713836,-1.0,-1.0,False,True
2013-01-31,208.1094700293153,81.5930063200877,81.5930063200877,126.51646370922761,-12555.775050984632,-1.0,-1.0,False,True
2013-02-01,276.96644466030784,0.3071174263070314,0.0,276.6593272340008,-12639.32743783223,-1.0,-1.0,False,True
2013-02-04,-407.6550341228785,0.2693119387383253,0.0,-407.9243460616168,0.0,0.0,-1.0,False,True
2013-02-05,238.4778761855137,41.52343148646807,0.0,196.95444469904564,0.0,0.0,-1.0,False,True
2013-02-06,-0.0,0.0,0.0,-0.0,0.0,0.0,0.0,False,True
2013-02-07,0.0,0.0,0.0,0.0,0.0,0.0,0.0,False,True
2013-02-08,-0.0,0.0,0.0,-0.0,0.0,0.0,0.0,False,True
2013-02-11,-0.0,0.0,0.0,-0.0,-13187.652102955091,-1.0,0.0,False,True
2013-02-12,-0.0,45.666700694354624,0.0,-45.666700694354624,-13292.20887026257,-1.0,0.0,False,True
2013-02-13,44.55287872619991,0.36329046267852655,0.0,44.18958826352138,-13401.95201871163,-1.0,-1.0,False,True
2013-02-14,180.2333406137284,0.3865523270112965,0.0,179.8467882867171,-13503.812121346173,-1.0,-1.0,False,True
2013-02-15,46.05481793371827,0.3600227765531236,0.0,45.694795157165146,-13615.263183478448,-1.0,-1.0,False,True
2013-02-19,558.7784326074275,0.4109256787251154,0.0,558.3675069287024,-13637.65296257894,-1.0,-1.0,False,True
2013-02-20,-1469.2730054113433,0.07451144018832861,0.0,-1469.3475168515317,0.0,0.0,-1.0,False,True
2013-02-21,-88.5561880686952,45.0922396343336,0.0,-133.6484277030288,0.0,0.0,-1.0,False,True
2013-02-22,-0.0,0.0,0.0,-0.0,0.0,0.0,0.0,False,True
2013-02-25,0.0,0.0,0.0,0.0,0.0,0.0,0.0,False,True
2013-02-26,-0.0,0.0,0.0,-0.0,0.0,0.0,0.0,False,True
2013-02-27,-0.0,0.0,0.0,-0.0,0.0,0.0,0.0,False,True
2013-02-28,0.0,0.0,0.0,0.0,0.0,0.0,0.0,False,True
2013-03-01,0.0,0.0,0.0,0.0,0.0,0.0,0.0,False,True
2013-03-04,-0.0,0.0,0.0,-0.0,-11709.705981535975,-1.0,0.0,False,True
2013-03-05,-0.0,41.24552794183634,0.0,-41.24552794183634,-11776.40434117843,-1.0,0.0,False,True
2013-03-06,-120.71861836634983,0.23253679807318256,0.0,-120.95115516442301,-11870.46183067397,-1.0,-1.0,False,True
2013-03-07,400.5579707883824,79.4689764791761,79.4689764791761,321.0889943092063,-11928.208000303151,-1.0,-1.0,False,True
2013-03-08,116.75864095744875,0.19599279427122748,0.0,116.56264816317751,-12023.723703974538,-1.0,-1.0,False,True
2013-03-11,513.4659072978178,0.33876676907671616,0.0,513.127140528741,-12055.875332200118,-1.0,-1.0,False,True
2013-03-12,-291.2320620339871,0.11133587476763265,0.0,-291.34339790875475,-12134.216765821471,-1.0,-1.0,False,True
2013-03-13,81.45861710946076,0.2731291478295493,0.0,81.18548796163121,-12233.190640816352,-1.0,-1.0,False,True
2013-03-14,82.54569228449989,0.3474254173621681,0.0,82.19826686713772,-12332.919148069272,-1.0,-1.0,False,True
2013-03-15,-83.78897699189316,0.3476929249464026,0.0,-84.13666991683957,-12433.405822344377,-1.0,-1.0,False,True
2013-03-18,-587.2818641937755,0.3344118218570883,0.0,-587.6162760156326,-12445.309125193495,-1.0,-1.0,False,True
2013-03-19,-0.0,0.03961326435177127,0.0,-0.03961326435177127,-12548.591469775332,-1.0,-1.0,False,True
2013-03-20,727.3232605632571,0.365049666194426,0.0,726.9582108970627,-12512.205575621352,-1.0,-1.0,False,True
2013-03-21,-389.4390456137166,0.1247342525345475,0.0,-389.56377986625114,-12576.283449747509,-1.0,-1.0,False,True
2013-03-22,125.54052417011243,0.22189128709226502,0.0,125.31863288302017,-12676.414864023705,-1.0,-1.0,False,True
2013-03-25,212.43722043492406,0.35269656231306384,0.0,212.084523872611,-12769.325812844143,-1.0,-1.0,False,True
2013-03-26,304.9309417462764,0.33533000894700205,0.0,304.5956117373294,-12849.861995564941,-1.0,-1.0,False,True
2013-03-27,-179.84965933583277,0.2866305114195069,0.0,-180.13628984725227,-12947.598619624407,-1.0,-1.0,False,True
2013-03-28,178.4703054939583,0.3527466185244798,0.0,178.11755887543382,-13046.19276981914,-1.0,-1.0,False,True
2013-04-01,-182.36054393837168,0.35089931926944806,0.0,-182.71144325764112,-13145.144666662667,-1.0,-1.0,False,True
2013-04-02,543.5913654091303,0.367484399509478,0.0,543.2238810096208,-13171.516543294223,-1.0,-1.0,False,True
2013-04-03,-809.6647077292229,0.0922565650080031,0.0,-809.7569642942309,-13100.978480351432,-1.0,-1.0,False,True
2013-04-04,359.63185101144734,86.58941285928232,86.58941285928232,273.042438152165,-13174.349800418495,-1.0,-1.0,False,True
2013-04-05,42.12533273425001,0.2425987195765783,0.0,41.88273401467343,-13283.181824945117,-1.0,-1.0,False,True
2013-04-08,339.98322065596204,0.3693802156946617,0.0,339.6138404402674,-13360.489416291817,-1.0,-1.0,False,True
2013-04-09,43.98404577796271,0.2632567479414205,0.0,43.720789030021294,-13470.813098638899,-1.0,-1.0,False,True
2013-04-10,488.25708830302347,0.3899371531233055,0.0,487.86715114990017,-13514.003111554795,-1.0,-1.0,False,True
2013-04-11,-0.0,0.15265435599584165,0.0,-0.15265435599584165,-13626.154437970798,-1.0,-1.0,False,True
2013-04-12,326.20007510649424,0.4062018006233293,0.0,325.79387330587093,-13708.129954833617,-1.0,-1.0,False,True
2013-04-15,-2407.4477805602105,0.2523270413945657,0.0,-2407.700107601605,0.0,0.0,-1.0,False,True
2013-04-16,1564.2911059569876,47.629943063404944,0.0,1516.6611628935827,0.0,0.0,-1.0,False,True
2013-04-17,0.0,0.0,0.0,0.0,0.0,0.0,0.0,False,True
2013-04-18,0.0,0.0,0.0,0.0,0.0,0.0,0.0,False,True
2013-04-19,-0.0,0.0,0.0,-0.0,0.0,0.0,0.0,False,True
2013-04-22,-0.0,0.0,0.0,-0.0,0.0,0.0,0.0,False,True
2013-04-23,-0.0,0.0,0.0,-0.0,0.0,0.0,0.0,False,True
2013-04-24,0.0,0.0,0.0,0.0,0.0,0.0,0.0,False,True
2013-04-25,0.0,0.0,0.0,0.0,0.0,0.0,0.0,False,True
2013-04-26,0.0,0.0,0.0,0.0,0.0,0.0,0.0,False,True
2013-04-29,-0.0,0.0,0.0,-0.0,0.0,0.0,0.0,False,True
2013-04-30,-0.0,0.0,0.0,-0.0,0.0,0.0,0.0,False,True
2013-05-01,0.0,0.0,0.0,0.0,0.0,0.0,0.0,False,True
2013-05-02,-0.0,0.0,0.0,-0.0,0.0,0.0,0.0,False,True
2013-05-03,-0.0,0.0,0.0,-0.0,-12253.358268796408,-1.0,0.0,False,True
2013-05-06,-0.0,45.17874901264863,0.0,-45.17874901264863,-12331.613797069254,-1.0,0.0,False,True
2013-05-07,44.07682830502414,0.2895737057027706,0.0,43.787254599321365,-12433.438845792642,-1.0,-1.0,False,True
2013-05-08,-133.5553840837817,0.3727524105052568,0.0,-133.92813649428695,-12531.851592761006,-1.0,-1.0,False,True
2013-05-09,-177.62055493989425,83.3531684023371,83.3531684023371,-260.9737233422313,-12627.356035957773,-1.0,-1.0,False,True
2013-05-10,204.10181747167772,0.3241458750883654,0.0,203.77767159658936,-12720.85560598371,-1.0,-1.0,False,True
2013-05-13,-0.0,0.31734125588273293,0.0,-0.31734125588273293,-12826.424682561596,-1.0,-1.0,False,True
2013-05-14,42.12203843040844,0.3594960248914703,0.0,41.76254240551697,-12932.379989284978,-1.0,-1.0,False,True
2013-05-15,-85.22541317316731,0.3584296679586383,0.0,-85.58384284112594,-13037.68300266122,-1.0,-1.0,False,True
2013-05-16,-170.72448830739165,0.35158172218452216,0.0,-171.0760700295762,-13137.711068435508,-1.0,-1.0,False,True
2013-05-17,212.3401140498571,0.339499229863063,0.0,212.00061481999404,-13234.02198481753,-1.0,-1.0,False,True
2013-05-20,-0.0,0.3268830771244086,0.0,-0.3268830771244086,-13343.849776565392,-1.0,-1.0,False,True
2013-05-21,-262.92758910233636,0.36549833292714035,0.0,-263.2930874352635,-13434.774640054247,-1.0,-1.0,False,True
2013-05-22,86.64837517250183,0.30456857867998954,0.0,86.34380659382184,-13544.103974389549,-1.0,-1.0,False,True
2013-05-23,-175.61796915103528,0.3614921538505941,0.0,-175.9794613048859,-13647.524450151557,-1.0,-1.0,False,True
2013-05-24,-0.0,0.34195479889051106,0.0,-0.34195479889051106,-13760.78385646845,-1.0,-1.0,False,True
2013-05-28,264.1456345190631,0.381877932482944,0.0,263.76375658658014,-13854.360367648267,-1.0,-1.0,False,True
2013-05-29,-181.06294547985013,0.3114153375302362,0.0,-181.37436081738036,0.0,0.0,-1.0,False,True
2013-05-30,-0.0,46.10623174298531,0.0,-46.10623174298531,0.0,0.0,-1.0,False,True
2013-05-31,0.0,0.0,0.0,0.0,0.0,0.0,0.0,False,True
2013-06-03,-0.0,0.0,0.0,-0.0,0.0,0.0,0.0,False,True
2013-06-04,0.0,0.0,0.0,0.0,0.0,0.0,0.0,False,True
2013-06-05,0.0,0.0,0.0,0.0,0.0,0.0,0.0,False,True
2013-06-06,-0.0,0.0,0.0,-0.0,0.0,0.0,0.0,False,True
2013-06-07,-0.0,0.0,0.0,-0.0,0.0,0.0,0.0,False,True
2013-06-10,-0.0,0.0,0.0,-0.0,0.0,0.0,0.0,False,True
2013-06-11,0.0,0.0,0.0,0.0,0.0,0.0,0.0,False,True
2013-06-12,0.0,0.0,0.0,0.0,0.0,0.0,0.0,False,True
2013-06-13,-0.0,0.0,0.0,-0.0,0.0,0.0,0.0,False,True
2013-06-14,0.0,0.0,0.0,0.0,0.0,0.0,0.0,False,True
2013-06-17,-0.0,0.0,0.0,-0.0,0.0,0.0,0.0,False,True
2013-06-18,-0.0,0.0,0.0,-0.0,0.0,0.0,0.0,False,True
2013-06-19,-0.0,0.0,0.0,-0.0,0.0,0.0,0.0,False,True
2013-06-20,0.0,0.0,0.0,0.0,0.0,0.0,0.0,False,True
2013-06-21,-0.0,0.0,0.0,-0.0,0.0,0.0,0.0,False,True
2013-06-24,0.0,0.0,0.0,0.0,0.0,0.0,0.0,False,True
2013-06-25,-0.0,0.0,0.0,-0.0,0.0,0.0,0.0,False,True
2013-06-26,-0.0,0.0,0.0,-0.0,-14025.680653144487,-1.0,0.0,False,True
2013-06-27,-0.0,39.49539194910193,0.0,-39.49539194910193,-14073.118097576165,-1.0,0.0,False,True
2013-06-28,115.59626911932229,0.13469080482678703,0.0,115.4615783144955,-14185.902314412799,-1.0,-1.0,False,True
2013-07-01,311.86965313188347,0.3274895814661449,0.0,311.54216355041734,-14274.036211630279,-1.0,-1.0,False,True
2013-07-02,40.186692108815684,0.25663989956794575,0.0,39.93005220924774,-14392.000803901594,-1.0,-1.0,False,True
2013-07-03,283.85867466310384,80.06182000250728,80.06182000250728,203.79685466059658,-14486.540567736445,-1.0,-1.0,False,True
2013-07-05,705.8746988289619,0.27765976484447746,0.0,705.5970390641174,-14454.331080854166,-1.0,-1.0,False,True
2013-07-08,581.1219711985955,0.09855141508756923,0.0,581.023419783508,-14472.464952788141,-1.0,-1.0,False,True
2013-07-09,86.29451391554815,0.05581747367064273,0.0,86.23869644187751,-14590.28325457129,-1.0,-1.0,False,True
2013-07-10,260.76513428446833,0.36930813250069594,0.0,260.39582615196764,-14690.06210515913,-1.0,-1.0,False,True
2013-07-11,267.71161934993194,0.3186084792913887,0.0,267.3930108706405,-14789.42615536365,-1.0,-1.0,False,True
2013-07-12,-137.29030004821456,0.3143461464803489,0.0,-137.6046461946949,-14906.183015421715,-1.0,-1.0,False,True
2013-07-15,410.817393204546,0.3799231160619585,0.0,410.4374700884841,-14976.065234031086,-1.0,-1.0,False,True
2013-07-16,-425.8909432977618,0.22107800640310335,0.0,-426.1120213041649,-15042.624290608554,-1.0,-1.0,False,True
2013-07-17,554.6690827418912,0.21866356728174371,0.0,554.4504191746095,-15069.550662345318,-1.0,-1.0,False,True
2013-07-18,144.64061817892954,0.08931887064784458,0.0,144.5512993082817,-15187.916239448692,-1.0,-1.0,False,True
2013-07-19,536.456496070544,0.4071299212448255,0.0,536.0493661492991,-15220.806631274334,-1.0,-1.0,False,True
2013-07-22,203.8646475093798,0.11466888306558837,0.0,203.74997862631423,-15333.687520172614,-1.0,-1.0,False,True
2013-07-23,51.77145112678182,0.39489048164074175,0.0,51.376560645141076,-15460.057107412662,-1.0,-1.0,False,True
2013-07-24,-157.00021351712468,0.43759738824678657,0.0,-157.43781090537146,-15580.162450272934,-1.0,-1.0,False,True
2013-07-25,313.3795359610677,0.42451026355785715,0.0,312.9550256975098,-15676.66002240351,-1.0,-1.0,False,True
2013-07-26,53.72469810438953,0.34224917451155984,0.0,53.382448929877974,-15805.789102795514,-1.0,-1.0,False,True
2013-07-29,-216.9779933896678,0.4517314245795353,0.0,-217.42972481424735,-15920.96682254174,-1.0,-1.0,False,True
2013-07-30,377.6127089405075,0.4127872823072821,0.0,377.1999216582002,-16004.541642557504,-1.0,-1.0,False,True
2013-07-31,445.3417293018677,0.30814457020200453,0.0,445.0335847316657,0.0,0.0,-1.0,False,True
2013-08-01,345.4217620695878,60.3112322927259,0.0,285.11052977686194,0.0,0.0,-1.0,False,True
2013-08-02,-0.0,0.0,0.0,-0.0,-16199.581574436243,-1.0,0.0,False,True
2013-08-05,-0.0,63.61904641301589,0.0,-63.61904641301589,-16328.817156184234,-1.0,0.0,False,True
2013-08-06,-434.471536479133,0.4942778779540704,0.0,-434.9658143570871,-16398.41493246899,-1.0,-1.0,False,True
2013-08-07,-182.78526667370372,0.2632388217412359,0.0,-183.04850549544494,-16522.816066950956,-1.0,-1.0,False,True
2013-08-08,363.06453725023647,113.61704301146615,113.61704301146615,249.44749423877033,-16613.31438958825,-1.0,-1.0,False,True
2013-08-09,-389.42664130860845,0.3051341470500844,0.0,-389.7317754556585,-16697.51191793989,-1.0,-1.0,False,True
2013-08-12,218.59624196826528,0.28767488853477124,0.0,218.3085670797305,-16819.042568573546,-1.0,-1.0,False,True
2013-08-13,111.31674611959812,0.4180164996627446,0.0,110.89872961993538,-16954.146409987574,-1.0,-1.0,False,True
2013-08-14,-282.1987008149929,0.457034447027651,0.0,-282.6557352620205,-17065.87112454136,-1.0,-1.0,False,True
2013-08-15,-671.4513429698055,0.36354867434168997,0.0,-671.8148916441472,-17044.765813975904,-1.0,-1.0,False,True
2013-08-16,162.53210594801428,0.06933635682562105,0.0,162.46276959118865,-17176.7159705557,-1.0,-1.0,False,True
2013-08-19,-382.4146176212529,0.42397777584416757,0.0,-382.83859539709704,-17265.499975593444,-1.0,-1.0,False,True
2013-08-20,323.07302765935464,0.2907463423760033,0.0,322.78228131697864,0.0,0.0,-1.0,False,True
2013-08-21,-496.45207597553105,54.960054270134414,0.0,-551.4121302456655,0.0,0.0,-1.0,False,True
2013-08-22,-0.0,0.0,0.0,-0.0,0.0,0.0,0.0,False,True
2013-08-23,-0.0,0.0,0.0,-0.0,0.0,0.0,0.0,False,True
2013-08-26,0.0,0.0,0.0,0.0,0.0,0.0,0.0,False,True
2013-08-27,0.0,0.0,0.0,0.0,0.0,0.0,0.0,False,True
2013-08-28,0.0,0.0,0.0,0.0,0.0,0.0,0.0,False,True
2013-08-29,0.0,0.0,0.0,0.0,0.0,0.0,0.0,False,True
2013-08-30,0.0,0.0,0.0,0.0,0.0,0.0,0.0,False,True
2013-09-03,-0.0,0.0,0.0,-0.0,0.0,0.0,0.0,False,True
2013-09-04,-0.0,0.0,0.0,-0.0,0.0,0.0,0.0,False,True
2013-09-05,-0.0,0.0,0.0,-0.0,0.0,0.0,0.0,False,True
2013-09-06,0.0,0.0,0.0,0.0,0.0,0.0,0.0,False,True
2013-09-09,-0.0,0.0,0.0,-0.0,0.0,0.0,0.0,False,True
2013-09-10,-0.0,0.0,0.0,-0.0,0.0,0.0,0.0,False,True
2013-09-11,-0.0,0.0,0.0,-0.0,0.0,0.0,0.0,False,True
2013-09-12,0.0,0.0,0.0,0.0,0.0,0.0,0.0,False,True
2013-09-13,0.0,0.0,0.0,0.0,0.0,0.0,0.0,False,True
2013-09-16,-0.0,0.0,0.0,-0.0,0.0,0.0,0.0,False,True
2013-09-17,-0.0,0.0,0.0,-0.0,0.0,0.0,0.0,False,True
2013-09-18,-0.0,0.0,0.0,-0.0,0.0,0.0,0.0,False,True
2013-09-19,0.0,0.0,0.0,0.0,-18194.49358328127,-1.0,0.0,False,True
2013-09-20,0.0,62.16451974287767,0.0,-62.16451974287767,-18308.959821878394,-1.0,0.0,False,True
2013-09-23,-424.53818360989396,0.3821755523193886,0.0,-424.92035916221334,-18390.55383305516,-1.0,-1.0,False,True
2013-09-24,357.8298336523446,0.2778533603195547,0.0,357.551980292025,-18493.07306411049,-1.0,-1.0,False,True
2013-09-25,-0.0,0.3491103383113343,0.0,-0.3491103383113343,-18646.545181626487,-1.0,-1.0,False,True
2013-09-26,307.1939047194433,0.5314490555874914,0.0,306.66245566385584,-18763.524977290097,-1.0,-1.0,False,True
2013-09-27,-881.9311910228715,0.386788034049034,0.0,-882.3179790569205,0.0,0.0,-1.0,False,True
2013-09-30,-847.3849989743916,59.35991698062455,0.0,-906.7449159550162,0.0,0.0,-1.0,False,True
2013-10-01,-0.0,0.0,0.0,-0.0,0.0,0.0,0.0,False,True
2013-10-02,0.0,0.0,0.0,0.0,0.0,0.0,0.0,False,True
2013-10-03,0.0,0.0,0.0,0.0,0.0,0.0,0.0,False,True
2013-10-04,-0.0,0.0,0.0,-0.0,0.0,0.0,0.0,False,True
2013-10-07,0.0,0.0,0.0,0.0,0.0,0.0,0.0,False,True
2013-10-08,0.0,0.0,0.0,0.0,0.0,0.0,0.0,False,True
2013-10-09,-0.0,0.0,0.0,-0.0,0.0,0.0,0.0,False,True
2013-10-10,-0.0,0.0,0.0,-0.0,0.0,0.0,0.0,False,True
2013-10-11,-0.0,0.0,0.0,-0.0,0.0,0.0,0.0,False,True
2013-10-14,0.0,0.0,0.0,0.0,0.0,0.0,0.0,False,True
2013-10-15,0.0,0.0,0.0,0.0,0.0,0.0,0.0,False,True
2013-10-16,-0.0,0.0,0.0,-0.0,0.0,0.0,0.0,False,True
2013-10-17,-0.0,0.0,0.0,-0.0,0.0,0.0,0.0,False,True
2013-10-18,-0.0,0.0,0.0,-0.0,0.0,0.0,0.0,False,True
2013-10-21,0.0,0.0,0.0,0.0,0.0,0.0,0.0,False,True
2013-10-22,0.0,0.0,0.0,0.0,0.0,0.0,0.0,False,True
2013-10-23,0.0,0.0,0.0,0.0,0.0,0.0,0.0,False,True
2013-10-24,-0.0,0.0,0.0,-0.0,0.0,0.0,0.0,False,True
2013-10-25,0.0,0.0,0.0,0.0,-16458.917539568905,-1.0,0.0,False,True
2013-10-28,0.0,57.97385044006229,0.0,-57.97385044006229,-16594.38594513991,-1.0,0.0,False,True
2013-10-29,113.11970817573274,0.4804675284092769,0.0,112.63924064732346,-16727.532399022486,-1.0,-1.0,False,True
2013-10-30,-114.84004114283852,0.46898665027367437,0.0,-115.3090277931122,-16861.608032332682,-1.0,-1.0,False,True
2013-10-31,57.482929206264494,0.4738880142860386,0.0,57.009041191978454,-17000.342190524596,-1.0,-1.0,False,True
2013-11-01,58.14347597356109,0.49205021504052404,0.0,57.65142575852057,-17140.189376209964,-1.0,-1.0,False,True
2013-11-04,588.2471346202278,0.5137755029659594,0.0,587.7333591172619,-17156.169924737365,-1.0,-1.0,False,True
2013-11-05,-61.43437052405253,0.05850022228780712,0.0,-61.49287074634034,-17297.173780844343,-1.0,-1.0,False,True
2013-11-06,367.63221267294415,0.5274779288673439,0.0,367.1047347440768,-17390.62030176292,-1.0,-1.0,False,True
2013-11-07,-694.4120860922912,115.43827576192352,115.43827576192352,-809.8503618542147,-17358.16389694323,-1.0,-1.0,False,True
2013-11-08,621.0935822058202,0.11201284491643176,0.0,620.9815693609038,-17362.649860633646,-1.0,-1.0,False,True
2013-11-11,116.88999257200776,0.015586822992119194,0.0,116.87440574901564,-17501.71709238028,-1.0,-1.0,False,True
2013-11-12,-58.856440205536856,0.48156727209560835,0.0,-59.338007477632466,-17645.657805706807,-1.0,-1.0,False,True
2013-11-13,177.38226782817964,0.5035468640262455,0.0,176.8787209641534,-17780.158970676428,-1.0,-1.0,False,True
2013-11-14,60.224088074085564,0.47213593867760706,0.0,59.751952135407954,-17926.32847445703,-1.0,-1.0,False,True
2013-11-15,304.45477689514354,0.522033942073579,0.0,303.93274295307,-18039.4381449204,-1.0,-1.0,False,True
2013-11-18,62.46107482389158,0.40537556722012336,0.0,62.05569925667145,-18187.636695136713,-1.0,-1.0,False,True
2013-11-19,-252.2998341946904,0.5238052205921357,0.0,-252.8236394152825,-18313.706006404518,-1.0,-1.0,False,True
2013-11-20,439.01192022743675,0.4566114630724403,0.0,438.5553087643643,-18390.37585652962,-1.0,-1.0,False,True
2013-11-21,582.414678648909,0.28681239554098087,0.0,582.127866253368,-18411.217459983032,-1.0,-1.0,False,True
2013-11-22,134.236320120654,0.07853913066083934,0.0,134.15778098999317,-18556.973583143288,-1.0,-1.0,False,True
2013-11-25,-67.6882994852315,0.5472528433672609,0.0,-68.23555232859876,-18709.147363073844,-1.0,-1.0,False,True
2013-11-26,-135.94852441863168,0.5671931797411619,0.0,-136.51571759837285,-18856.974792842157,-1.0,-1.0,False,True
2013-11-27,-136.06652627690156,0.5470148574459232,0.0,-136.61354113434749,-19005.961697314408,-1.0,-1.0,False,True
2013-11-29,-136.15144254759454,0.5473533228819254,0.0,-136.69879587047646,0.0,0.0,-1.0,False,True
2013-12-02,-476.85208559570435,68.11577181729814,0.0,-544.9678574130025,0.0,0.0,-1.0,False,True
2013-12-03,0.0,0.0,0.0,0.0,0.0,0.0,0.0,False,True
2013-12-04,-0.0,0.0,0.0,-0.0,0.0,0.0,0.0,False,True
2013-12-05,0.0,0.0,0.0,0.0,0.0,0.0,0.0,False,True
2013-12-06,-0.0,0.0,0.0,-0.0,0.0,0.0,0.0,False,True
2013-12-09,-0.0,0.0,0.0,-0.0,0.0,0.0,0.0,False,True
2013-12-10,0.0,0.0,0.0,0.0,0.0,0.0,0.0,False,True
2013-12-11,0.0,0.0,0.0,0.0,0.0,0.0,0.0,False,True
2013-12-12,0.0,0.0,0.0,0.0,0.0,0.0,0.0,False,True
2013-12-13,0.0,0.0,0.0,0.0,0.0,0.0,0.0,False,True
2013-12-16,0.0,0.0,0.0,0.0,0.0,0.0,0.0,False,True
2013-12-17,-0.0,0.0,0.0,-0.0,0.0,0.0,0.0,False,True
2013-12-18,-0.0,0.0,0.0,-0.0,0.0,0.0,0.0,False,True
2013-12-19,-0.0,0.0,0.0,-0.0,0.0,0.0,0.0,False,True
2013-12-20,0.0,0.0,0.0,0.0,0.0,0.0,0.0,False,True
2013-12-23,-0.0,0.0,0.0,-0.0,0.0,0.0,0.0,False,True
2013-12-24,-0.0,0.0,0.0,-0.0,0.0,0.0,0.0,False,True
2013-12-26,0.0,0.0,0.0,0.0,0.0,0.0,0.0,False,True
2013-12-27,0.0,0.0,0.0,0.0,-20116.231073538616,-1.0,0.0,False,True
2013-12-30,0.0,74.1695570157449,0.0,-74.1695570157449,0.0,0.0,0.0,False,True
2013-12-31,-72.36054342999458,73.90371630959528,0.0,-146.26425973958987,0.0,0.0,-1.0,False,True
2014-01-02,0.0,0.0,0.0,0.0,0.0,0.0,0.0,False,True
2014-01-03,-0.0,0.0,0.0,-0.0,0.0,0.0,0.0,False,True
2014-01-06,-0.0,0.0,0.0,-0.0,0.0,0.0,0.0,False,True
2014-01-07,-0.0,0.0,0.0,-0.0,-20935.5384045427,-1.0,0.0,False,True
2014-01-08,0.0,74.25234209223623,74.25234209223623,-74.25234209223623,-21106.673806390423,-1.0,0.0,False,True
2014-01-09,-144.8826187165607,0.6027965185357883,0.0,-145.4854152350965,-21272.307077628608,-1.0,-1.0,False,True
2014-01-10,362.6576255393554,0.5936157448221648,0.0,362.06400979453326,-21388.922160384955,-1.0,-1.0,False,True
2014-01-13,-371.8934803781229,0.41075759390122213,0.0,-372.3042379720241,-21503.378023562007,-1.0,-1.0,False,True
2014-01-14,661.5130565067536,0.4160186516187188,0.0,661.0970378551349,-21483.210106593346,-1.0,-1.0,False,True
2014-01-15,-76.25311355872944,0.0730463423776602,0.0,-76.3261599011071,-21658.857523283317,-1.0,-1.0,False,True
2014-01-16,-227.73720961053178,0.6295056017734996,0.0,-228.36671521230528,-21814.4662100677,-1.0,-1.0,False,True
2014-01-17,75.73027106043222,0.5596452770315572,0.0,75.17062578340065,-21992.81545743197,-1.0,-1.0,False,True
2014-01-21,229.62596010597653,0.648255243079347,0.0,228.97770486289718,-22150.415972887837,-1.0,-1.0,False,True
2014-01-22,389.9435364792896,0.583178802679649,0.0,389.36035767660996,-22262.24668609964,-1.0,-1.0,False,True
2014-01-23,-559.7578043690048,0.40361436986654076,0.0,-560.1614187388714,0.0,0.0,-1.0,False,True
2014-01-24,-3135.5277022675555,70.42840386806215,0.0,-3205.9561061356176,18906.424265903777,1.0,-1.0,False,True
2014-01-27,-0.0,60.18349339301668,0.0,-60.18349339301668,19057.876441829878,1.0,0.0,False,True
2014-01-28,-1056.8808595846851,0.5106528958034643,0.0,-1057.3915124804887,18773.78561540263,1.0,1.0,False,True
2014-01-29,1504.5691927760433,0.8877838325851487,0.0,1503.681408943458,18112.462693321762,1.0,1.0,False,True
2014-01-30,286.18575633235537,2.035603588987657,0.0,284.1501527433677,18233.609145114908,1.0,1.0,False,True
2014-01-31,1033.44381733668,0.35277020763628986,0.0,1033.0910471290438,17980.781905653406,1.0,1.0,False,True
2014-02-03,1657.600831374081,0.6748643761667683,0.0,1656.9259669979142,17191.03286388201,1.0,1.0,False,True
2014-02-04,-515.0744816723638,2.170221897629172,0.0,-517.244703569993,0.0,0.0,1.0,False,True
2014-02-05,460.8855995678826,46.9888231612775,46.9888231612775,413.8967764066051,0.0,0.0,1.0,False,True
2014-02-06,-0.0,0.0,0.0,-0.0,0.0,0.0,0.0,False,True
2014-02-07,-0.0,0.0,0.0,-0.0,0.0,0.0,0.0,False,True
2014-02-10,-0.0,0.0,0.0,-0.0,0.0,0.0,0.0,False,True
2014-02-11,-0.0,0.0,0.0,-0.0,0.0,0.0,0.0,False,True
2014-02-12,-0.0,0.0,0.0,-0.0,0.0,0.0,0.0,False,True
2014-02-13,-0.0,0.0,0.0,-0.0,0.0,0.0,0.0,False,True
2014-02-14,-0.0,0.0,0.0,-0.0,0.0,0.0,0.0,False,True
2014-02-18,-0.0,0.0,0.0,-0.0,0.0,0.0,0.0,False,True
2014-02-19,0.0,0.0,0.0,0.0,0.0,0.0,0.0,False,True
2014-02-20,-0.0,0.0,0.0,-0.0,0.0,0.0,0.0,False,True
2014-02-21,0.0,0.0,0.0,0.0,0.0,0.0,0.0,False,True
2014-02-24,-0.0,0.0,0.0,-0.0,0.0,0.0,0.0,False,True
2014-02-25,-0.0,0.0,0.0,-0.0,-17090.785917355566,-1.0,0.0,False,True
2014-02-26,0.0,57.248547598985155,0.0,-57.248547598985155,-17156.941854040186,-1.0,0.0,False,True
2014-02-27,223.40896623994314,0.22453587782031462,0.0,223.18443036212284,-17281.081645665014,-1.0,-1.0,False,True
2014-02-28,-170.43319722556373,0.4171911030014709,0.0,-170.8503883285652,-17413.722312748407,-1.0,-1.0,False,True
2014-03-03,-1529.800670271985,0.4095080836158972,0.0,-1530.2101783556009,-16742.592073540003,-1.0,-1.0,False,True
2014-03-04,1573.5291246459426,2.277842699300045,0.0,1571.2512819466426,-16124.299818316656,-1.0,-1.0,False,True
2014-03-05,-55.43904660112798,107.97616727292656,107.97616727292656,-163.41521387405453,-16257.140538019816,-1.0,-1.0,False,True
2014-03-06,51.68044813562833,0.4378190922692548,0.0,51.242629043359074,-16391.12234751322,-1.0,-1.0,False,True
2014-03-07,-313.6425827270709,0.4332219392136923,0.0,-314.07580466628457,-16492.55259207399,-1.0,-1.0,False,True
2014-03-10,-51.70701055997829,0.32693710904021195,0.0,-52.0339476690185,-16628.47741061205,-1.0,-1.0,False,True
2014-03-11,-207.4534917242011,0.43267993478730343,0.0,-207.8861716589884,-16751.092696906257,-1.0,-1.0,False,True
2014-03-12,154.92370258334515,0.3939832866820137,0.0,154.52971929666313,-16881.475814977617,-1.0,-1.0,False,True
2014-03-13,-682.6464108457112,0.40253824103356783,0.0,-683.0489490867448,0.0,0.0,-1.0,False,True
2014-03-14,-508.4781871981198,50.59506640453818,0.0,-559.073253602658,0.0,0.0,-1.0,False,True
2014-03-17,-0.0,0.0,0.0,-0.0,0.0,0.0,0.0,False,True
2014-03-18,-0.0,0.0,0.0,-0.0,0.0,0.0,0.0,False,True
2014-03-19,0.0,0.0,0.0,0.0,0.0,0.0,0.0,False,True
2014-03-20,-0.0,0.0,0.0,-0.0,0.0,0.0,0.0,False,True
2014-03-21,0.0,0.0,0.0,0.0,0.0,0.0,0.0,False,True
2014-03-24,-0.0,0.0,0.0,-0.0,0.0,0.0,0.0,False,True
2014-03-25,-0.0,0.0,0.0,-0.0,-17322.3073274037,-1.0,0.0,False,True
2014-03-26,0.0,55.31266358438877,0.0,-55.31266358438877,-17411.622095845913,-1.0,0.0,False,True
2014-03-27,323.78144537203184,0.2906274211214805,0.0,323.49081795091035,-17517.19937662238,-1.0,-1.0,False,True
2014-03-28,165.82497234139097,0.3468484384483261,0.0,165.47812390294266,-17652.258430627615,-1.0,-1.0,False,True
2014-03-31,505.3038281717995,0.4568829384665583,0.0,504.846945233333,-17702.62342051186,-1.0,-1.0,False,True
2014-04-01,757.3576224361697,0.17801418838396943,0.0,757.1796082477857,-17637.153770204673,-1.0,-1.0,False,True
2014-04-02,-122.08705807249584,0.22981640946871934,0.0,-122.31687448196456,-17777.99994670149,-1.0,-1.0,False,True
2014-04-03,181.2036346253912,117.85887194749617,117.85887194749617,63.344762677895034,-17912.99253395717,-1.0,-1.0,False,True
2014-04-04,-404.04545333412443,0.4392615934510269,0.0,-404.48471492757545,-17999.112119331156,-1.0,-1.0,False,True
2014-04-07,-284.333214824716,0.2758517969010444,0.0,-284.60906662161705,0.0,0.0,-1.0,False,True
2014-04-08,281.2361268645493,58.568539435918844,0.0,222.66758742863047,0.0,0.0,-1.0,False,True
2014-04-09,-0.0,0.0,0.0,-0.0,0.0,0.0,0.0,False,True
2014-04-10,0.0,0.0,0.0,0.0,0.0,0.0,0.0,False,True
2014-04-11,0.0,0.0,0.0,0.0,0.0,0.0,0.0,False,True
2014-04-14,0.0,0.0,0.0,0.0,0.0,0.0,0.0,False,True
2014-04-15,-0.0,0.0,0.0,-0.0,0.0,0.0,0.0,False,True
2014-04-16,-0.0,0.0,0.0,-0.0,0.0,0.0,0.0,False,True
2014-04-17,-0.0,0.0,0.0,-0.0,-18624.088212603514,-1.0,0.0,False,True
2014-04-21,-0.0,61.979514343891566,0.0,-61.979514343891566,-18756.205414620035,-1.0,0.0,False,True
2014-04-22,181.40345661626753,0.4440004330063422,0.0,180.95945618326118,-18898.620011177747,-1.0,-1.0,False,True
2014-04-23,-184.4872663733137,0.47394468010277463,0.0,-184.96121105341646,-19041.645316448445,-1.0,-1.0,False,True
2014-04-24,-122.71831176089555,0.4729062512982743,0.0,-123.19121801219381,-19193.50869142676,-1.0,-1.0,False,True
2014-04-25,-122.84932462224623,0.4989101261306818,0.0,-123.34823474837691,-19346.564935322567,-1.0,-1.0,False,True
2014-04-28,492.1412484981224,0.5160613486618517,0.0,491.62518714946054,-19407.08777174626,-1.0,-1.0,False,True
2014-04-29,254.56006493845348,0.20678635778095336,0.0,254.35327858067254,-19541.404576877445,-1.0,-1.0,False,True
2014-04-30,-0.0,0.45891575086487896,0.0,-0.45891575086487896,-19703.57669014673,-1.0,-1.0,False,True
2014-05-01,130.27603051251498,0.5578067654396505,0.0,129.71822374707534,-19859.899744184062,-1.0,-1.0,False,True
2014-05-02,-0.0,0.5376883570076063,0.0,-0.5376883570076063,-20024.71501619585,-1.0,-1.0,False,True
2014-05-05,399.8637532386069,0.5785467596304164,0.0,399.2852064789765,-20122.32387931005,-1.0,-1.0,False,True
2014-05-06,-205.73337345406554,0.33914943963408856,0.0,-206.07252289369964,-20271.131049356733,-1.0,-1.0,False,True
2014-05-07,477.47887171244105,0.5296088517286447,0.0,476.9492628607124,-20340.766701712575,-1.0,-1.0,False,True
2014-05-08,-70.38587169915282,134.71584205451796,134.71584205451796,-205.10171375367077,-20507.424525269853,-1.0,-1.0,False,True
2014-05-09,329.1386197688125,0.5619219379809535,0.0,328.5766978308315,-20629.963661748283,-1.0,-1.0,False,True
2014-05-12,539.6690664544669,0.42433315841348235,0.0,539.2447332960535,-20673.605816834955,-1.0,-1.0,False,True
2014-05-13,-69.69582318158018,0.15061686519811243,0.0,-69.8464400467783,-20843.038906640326,-1.0,-1.0,False,True
2014-05-14,139.21620078676673,0.5887081933915412,0.0,138.6274925933752,-21007.324157796123,-1.0,-1.0,False,True
2014-05-15,-211.96310752515714,0.5650751088412501,0.0,-212.5281826339984,-21161.389840314438,-1.0,-1.0,False,True
2014-05-16,352.4718818422175,0.5389669780930785,0.0,351.9329148641244,-21280.74235757745,-1.0,-1.0,False,True
2014-05-19,433.33904109859094,0.42625899022503816,0.0,432.9127821083659,-21372.28469677305,-1.0,-1.0,False,True
2014-05-20,-74.14892807518214,0.325801728039906,0.0,-74.47472980322205,-21547.14197439303,-1.0,-1.0,False,True
2014-05-21,445.2559311827727,0.635562799859856,0.0,444.62036838291283,-21634.60097698103,-1.0,-1.0,False,True
2014-05-22,76.40830487373307,0.3190230521448356,0.0,76.08928182158823,-21811.448581729772,-1.0,-1.0,False,True
2014-05-23,230.9743876546034,0.6520460247030956,0.0,230.3223416299003,-21967.4589278021,-1.0,-1.0,False,True
2014-05-27,706.1260332214679,0.5944632145878723,0.0,705.53157000688,-21918.190057983324,-1.0,-1.0,False,True
2014-05-28,-0.0,0.18773454113102991,0.0,-0.18773454113102991,-22100.08687030084,-1.0,-1.0,False,True
2014-05-29,244.4407813157975,0.7009181677648587,0.0,243.73986314803264,-22255.12067291944,-1.0,-1.0,False,True
2014-05-30,-0.0,0.5974046905415978,0.0,-0.5974046905415978,-22439.8136378694,-1.0,-1.0,False,True
2014-06-02,167.33173438285414,0.7170844283095101,0.0,166.61464995454463,-22612.525664752786,-1.0,-1.0,False,True
2014-06-03,-169.9985881656821,0.6655256675017693,0.0,-170.66411383318388,-22786.14664961065,-1.0,-1.0,False,True
2014-06-04,170.0189899605485,0.6740966268155766,0.0,169.34489333373293,-22961.09784099371,-1.0,-1.0,False,True
2014-06-05,949.4227770671097,166.8716213625248,166.8716213625248,782.5511557045849,-22719.078154897703,-1.0,-1.0,False,True
2014-06-06,1225.6813794124766,0.9325946550691957,0.0,1224.7487847574075,-22231.261351308192,-1.0,-1.0,False,True
2014-06-09,-256.2302047544847,1.8587815006663506,0.0,-258.08898625515104,-22386.222385211575,-1.0,-1.0,False,True
2014-06-10,330.57637697112415,0.5993775839659135,0.0,329.97699938715823,-22519.66093318036,-1.0,-1.0,False,True
2014-06-11,-422.38155443795415,0.5065722654370519,0.0,-422.8881267033912,-22620.94784413212,-1.0,-1.0,False,True
2014-06-12,-1084.279970856835,0.3668518859560199,0.0,-1084.646822742791,-22260.86544674283,-1.0,-1.0,False,True
2014-06-13,559.5287452612174,1.3372625265363032,0.0,558.1914827346811,-22304.048128123777,-1.0,-1.0,False,True
2014-06-16,-0.0,0.16037046527343973,0.0,-0.16037046527343973,-22489.14713700862,-1.0,-1.0,False,True
2014-06-17,565.6823800611128,0.7053029148957703,0.0,564.977077146217,-22522.43271886662,-1.0,-1.0,False,True
2014-06-18,1254.0416619149778,0.13432173781280676,0.0,1253.907340177165,-21992.567797645654,-1.0,-1.0,False,True
2014-06-19,-177.3419899123403,2.121529469732389,0.0,-179.4635193820727,-22161.130425665397,-1.0,-1.0,False,True
2014-06-20,-171.81693591910667,0.6696771074427774,0.0,-172.48661302654943,-22330.99084449296,-1.0,-1.0,False,True
2014-06-23,515.375126178266,0.6909005130883059,0.0,514.6842256651777,-22389.86161789004,-1.0,-1.0,False,True
2014-06-24,-886.1504303370241,0.23031504859544846,0.0,-886.3807453856195,-22210.479202906736,-1.0,-1.0,False,True
2014-06-25,769.1173838206503,0.7267469381734704,0.0,768.3906368824768,-22125.96448486127,-1.0,-1.0,False,True
2014-06-26,-175.5769106949139,0.3397160235160888,0.0,-175.91662671842997,-22295.266490204292,-1.0,-1.0,False,True
2014-06-27,173.53697635185247,0.6859073338995981,0.0,172.85106901795288,-22465.871196856675,-1.0,-1.0,False,True
2014-06-30,352.49433186094035,0.7022884510790844,0.0,351.79204340986126,-22592.535957224423,-1.0,-1.0,False,True
2014-07-01,631.5706762168547,0.5364933032105046,0.0,631.0341829136443,-22589.4721435121,-1.0,-1.0,False,True
2014-07-02,280.07275980030437,179.5021639661044,179.5021639661044,100.57059583419996,-22739.522989311823,-1.0,-1.0,False,True
2014-07-03,175.11218715900884,0.6007895193153008,0.0,174.51139763969354,-22913.289153906713,-1.0,-1.0,False,True
2014-07-07,-444.13130838499654,0.6824150142136489,0.0,-444.8137233992102,-23006.88322375674,-1.0,-1.0,False,True
2014-07-08,-87.79037990002138,0.3661600060926635,0.0,-88.15653990611405,-23194.030609788693,-1.0,-1.0,False,True
2014-07-09,439.062656941922,0.7464049442908629,0.0,438.3162519976311,-23290.883227681195,-1.0,-1.0,False,True
2014-07-10,-902.4914634159044,0.3718124844187818,0.0,-902.8632759003232,0.0,0.0,-1.0,False,True
2014-07-11,261.6953171649579,90.42861859232283,0.0,171.26669857263505,0.0,0.0,-1.0,False,True
2014-07-14,-0.0,0.0,0.0,-0.0,0.0,0.0,0.0,False,True
2014-07-15,0.0,0.0,0.0,0.0,0.0,0.0,0.0,False,True
2014-07-16,-0.0,0.0,0.0,-0.0,-23282.33623583422,-1.0,0.0,False,True
2014-07-17,0.0,87.09633080923386,0.0,-87.09633080923386,0.0,0.0,0.0,False,True
2014-07-18,1189.6084208090463,91.78613323742339,0.0,1097.8222875716228,0.0,0.0,-1.0,False,True
2014-07-21,0.0,0.0,0.0,0.0,0.0,0.0,0.0,False,True
2014-07-22,-0.0,0.0,0.0,-0.0,0.0,0.0,0.0,False,True
2014-07-23,0.0,0.0,0.0,0.0,-21741.742573579668,-1.0,0.0,False,True
2014-07-24,0.0,84.4139626436332,0.0,-84.4139626436332,-21893.48049195644,-1.0,0.0,False,True
2014-07-25,-494.1305130359011,0.5760420975414549,0.0,-494.7065551334426,-21961.28458320488,-1.0,-1.0,False,True
2014-07-28,243.26089435507313,0.2602966049799639,0.0,243.00059775009316,-22115.902525314053,-1.0,-1.0,False,True
2014-07-29,-164.5040043685763,0.5891575861037257,0.0,-165.09316195468003,0.0,0.0,-1.0,False,True
2014-07-30,-164.43050204694518,83.64870881345722,0.0,-248.07921086040238,0.0,0.0,-1.0,False,True
2014-07-31,0.0,0.0,0.0,0.0,19753.933241684517,1.0,0.0,False,True
2014-08-01,0.0,63.077201161142156,0.0,-63.077201161142156,19426.275629689793,1.0,0.0,False,True
2014-08-04,-1353.8521224830533,1.1232409775738867,0.0,-1354.9753634606272,0.0,0.0,1.0,False,True
2014-08-05,1559.2997160955008,61.646849908458336,0.0,1497.6528661870425,0.0,0.0,1.0,False,True
2014-08-06,0.0,0.0,0.0,0.0,0.0,0.0,0.0,False,True
2014-08-07,0.0,0.0,0.0,0.0,0.0,0.0,0.0,False,True
2014-08-08,-0.0,0.0,0.0,-0.0,0.0,0.0,0.0,False,True
2014-08-11,-0.0,0.0,0.0,-0.0,0.0,0.0,0.0,False,True
2014-08-12,-0.0,0.0,0.0,-0.0,0.0,0.0,0.0,False,True
2014-08-13,-0.0,0.0,0.0,-0.0,0.0,0.0,0.0,False,True
2014-08-14,-0.0,0.0,0.0,-0.0,0.0,0.0,0.0,False,True
2014-08-15,0.0,0.0,0.0,0.0,0.0,0.0,0.0,False,True
2014-08-18,-0.0,0.0,0.0,-0.0,0.0,0.0,0.0,False,True
2014-08-19,0.0,0.0,0.0,0.0,0.0,0.0,0.0,False,True
2014-08-20,0.0,0.0,0.0,0.0,-18639.398051513494,-1.0,0.0,False,True
2014-08-21,-0.0,71.28874254776616,0.0,-71.28874254776616,-18786.5652294749,-1.0,0.0,False,True
2014-08-22,-139.09998545905427,0.5586902126312713,0.0,-139.65867567168553,-18934.659027345762,-1.0,-1.0,False,True
2014-08-25,208.73961366083358,0.5685248794667875,0.0,208.1710887813668,-19074.074706862888,-1.0,-1.0,False,True
2014-08-26,-141.83265189023078,0.5312307490894195,0.0,-142.3638826393202,-19224.129064263227,-1.0,-1.0,False,True
2014-08-27,-141.81468183541227,0.5675487687651184,0.0,-142.38223060417738,-19375.357688045446,-1.0,-1.0,False,True
2014-08-28,-70.9377456245866,0.5698872771204947,0.0,-71.5076329017071,-19534.055032567227,-1.0,-1.0,False,True
2014-08-29,-284.93173070655394,0.5893651381696574,0.0,-285.5210958447236,-19662.122131297427,-1.0,-1.0,False,True
2014-09-02,70.77556171220041,0.4773410043580185,0.0,70.29822070784239,-19823.18349201311,-1.0,-1.0,False,True
2014-09-03,357.49312965995335,0.6114366471613958,0.0,356.88169301279197,-19933.39019703997,-1.0,-1.0,False,True
2014-09-04,-73.41919811856829,141.0051488971606,141.0051488971606,-214.4243470157289,-20096.51524136672,-1.0,-1.0,False,True
2014-09-05,344.86834250934294,0.5887435578694289,0.0,344.27959895147353,-20212.047541260865,-1.0,-1.0,False,True
2014-09-08,-70.76237761044834,0.4155109031280642,0.0,-71.1778885135764,-20377.61787925476,-1.0,-1.0,False,True
2014-09-09,-425.5167903423353,0.5831944894974029,0.0,-426.0999848318327,0.0,0.0,-1.0,False,True
2014-09-10,70.02617827922799,72.02433905598666,0.0,-1.9981607767586667,0.0,0.0,-1.0,False,True
2014-09-11,0.0,0.0,0.0,0.0,0.0,0.0,0.0,False,True
2014-09-12,0.0,0.0,0.0,0.0,0.0,0.0,0.0,False,True
2014-09-15,0.0,0.0,0.0,0.0,0.0,0.0,0.0,False,True
2014-09-16,-0.0,0.0,0.0,-0.0,0.0,0.0,0.0,False,True
2014-09-17,-0.0,0.0,0.0,-0.0,0.0,0.0,0.0,False,True
2014-09-18,-0.0,0.0,0.0,-0.0,-20873.258650411288,-1.0,0.0,False,True
2014-09-19,0.0,75.60102514724937,0.0,-75.60102514724937,-21036.735473807214,-1.0,0.0,False,True
2014-09-22,-1106.3564655695016,0.5622944428886708,0.0,-1106.9187600123903,-20678.302728967803,-1.0,-1.0,False,True
2014-09-23,-705.9307205975588,1.1928362450012853,0.0,-707.1235568425601,0.0,0.0,-1.0,False,True
2014-09-24,1007.0601978393408,72.33877234536519,0.0,934.7214254939756,0.0,0.0,-1.0,False,True
2014-09-25,0.0,0.0,0.0,0.0,0.0,0.0,0.0,False,True
2014-09-26,-0.0,0.0,0.0,-0.0,0.0,0.0,0.0,False,True
2014-09-29,0.0,0.0,0.0,0.0,0.0,0.0,0.0,False,True
2014-09-30,0.0,0.0,0.0,0.0,0.0,0.0,0.0,False,True
2014-10-01,0.0,0.0,0.0,0.0,0.0,0.0,0.0,False,True
2014-10-02,-0.0,0.0,0.0,-0.0,0.0,0.0,0.0,False,True
2014-10-03,-0.0,0.0,0.0,-0.0,0.0,0.0,0.0,False,True
2014-10-06,0.0,0.0,0.0,0.0,0.0,0.0,0.0,False,True
2014-10-07,0.0,0.0,0.0,0.0,0.0,0.0,0.0,False,True
2014-10-08,-0.0,0.0,0.0,-0.0,0.0,0.0,0.0,False,True
2014-10-09,0.0,0.0,0.0,0.0,0.0,0.0,0.0,False,True
2014-10-10,0.0,0.0,0.0,0.0,0.0,0.0,0.0,False,True
2014-10-13,0.0,0.0,0.0,0.0,14117.58407432202,1.0,0.0,False,True
2014-10-14,-0.0,36.63423715488626,0.0,-36.63423715488626,14071.75715463545,1.0,0.0,False,True
2014-10-15,1679.8138012484424,0.10627283411478211,0.0,1679.7075284143275,13420.416443003887,1.0,1.0,False,True
2014-10-16,-668.5676476184271,1.5858057705994109,0.0,-670.1534533890266,13417.71838093877,1.0,1.0,False,True
2014-10-17,-701.304422199729,0.006931111821417093,0.0,-701.3113533115504,13391.519899677742,1.0,1.0,False,True
2014-10-20,-1109.7361066941833,0.07337006364085728,0.0,-1109.809476757824,0.0,0.0,1.0,False,True
2014-10-21,-987.8990089926214,40.490583767462205,0.0,-1028.3895927600836,0.0,0.0,1.0,False,True
2014-10-22,0.0,0.0,0.0,0.0,0.0,0.0,0.0,False,True
2014-10-23,-0.0,0.0,0.0,-0.0,0.0,0.0,0.0,False,True
2014-10-24,-0.0,0.0,0.0,-0.0,0.0,0.0,0.0,False,True
2014-10-27,0.0,0.0,0.0,0.0,0.0,0.0,0.0,False,True
2014-10-28,-0.0,0.0,0.0,-0.0,-12990.654495340128,-1.0,0.0,False,True
2014-10-29,0.0,40.84484925682096,0.0,-40.84484925682096,-13031.18833648528,-1.0,0.0,False,True
2014-10-30,119.5459002638684,0.12862906245752606,0.0,119.41727120141088,-13135.366662940338,-1.0,-1.0,False,True
2014-10-31,282.40965435107313,0.33792020448238647,0.0,282.07173414659076,-13221.894530952519,-1.0,-1.0,False,True
2014-11-03,-124.70284806588703,0.2780284160266004,0.0,-124.98087648191363,-13327.212653715898,-1.0,-1.0,False,True
2014-11-04,82.89589047619177,0.3405396713957855,0.0,82.55535080479598,-13435.844081676369,-1.0,-1.0,False,True
2014-11-05,462.4584832519698,0.36387978320092185,0.0,462.0946034687689,-13485.92688805034,-1.0,-1.0,False,True
2014-11-06,351.26389756016675,89.30360920378602,89.30360920378602,261.9602883563807,-13562.486894536025,-1.0,-1.0,False,True
2014-11-07,-43.643776336733474,0.25314195692847274,0.0,-43.89691829366195,-13674.487381498326,-1.0,-1.0,False,True
2014-11-10,481.24953496740784,0.38394815764668333,0.0,480.86558680976117,-13720.30037095719,-1.0,-1.0,False,True
2014-11-11,91.46814302005563,0.1581088020044961,0.0,91.31003421805114,-13831.717481455453,-1.0,-1.0,False,True
2014-11-12,-323.37408281717285,0.37566624427868406,0.0,-323.74974906145155,-13915.483530834466,-1.0,-1.0,False,True
2014-11-13,-318.4934946387767,0.2760778154774563,0.0,-318.76957245425416,-14000.812307544074,-1.0,-1.0,False,True
2014-11-14,223.72160017418688,0.2858235167560401,0.0,223.43577665743084,-14102.006936003785,-1.0,-1.0,False,True
2014-11-17,-45.754288586745176,0.33786480186059753,0.0,-46.09215338860577,-14218.40391419545,-1.0,-1.0,False,True
2014-11-18,45.9348760130401,0.38989183871391314,0.0,45.54498417432619,-14335.755254605765,-1.0,-1.0,False,True
2014-11-19,-185.86148907444968,0.38801652877603876,0.0,-186.2495056032257,-14444.078234453504,-1.0,-1.0,False,True
2014-11-20,323.710602523356,0.3664391232473008,0.0,323.3441634001087,-14531.52177917585,-1.0,-1.0,False,True
2014-11-21,190.68090078486543,0.29976466000135304,0.0,190.38113612486407,-14640.8071045575,-1.0,-1.0,False,True
2014-11-24,388.8032583057065,0.3849397199869122,0.0,388.4183185857196,-14714.96749029468,-1.0,-1.0,False,True
2014-11-25,100.62410381139301,0.26302558955228583,0.0,100.36107822184073,-14833.899681431652,-1.0,-1.0,False,True
2014-11-26,254.5842126348567,0.42924470392745034,0.0,254.15496793092925,-14936.35949811066,-1.0,-1.0,False,True
2014-11-28,-679.0165347134215,0.35360711143428486,0.0,-679.3701418248558,-14914.616404598377,-1.0,-1.0,False,True
2014-12-01,-754.3615908136712,0.0714316373400321,0.0,-754.4330224510113,-14862.341401709917,-1.0,-1.0,False,True
2014-12-02,1290.6879580902446,0.18800658933569028,0.0,1290.499951500909,-14490.746773548983,-1.0,-1.0,False,True
2014-12-03,-0.0,1.336436820578798,0.0,-1.336436820578798,-14611.00399548364,-1.0,-1.0,False,True
2014-12-04,305.06835312734796,96.53493378077167,96.53493378077167,208.5334193465763,-14703.073561025862,-1.0,-1.0,False,True
2014-12-05,94.5696051487603,0.3073983865823385,0.0,94.26220676217797,-14822.274139909974,-1.0,-1.0,False,True
2014-12-08,-766.2839640925533,0.3782680908861155,0.0,-766.6622321834394,-14761.440594300953,-1.0,-1.0,False,True
2014-12-09,-0.0,0.19304762925463262,0.0,-0.19304762925463262,-14883.944276503478,-1.0,-1.0,False,True
2014-12-10,-1462.4337430886399,0.35370781481010727,0.0,-1462.78745090345,0.0,0.0,-1.0,False,True
2014-12-11,-1173.944900681963,39.83301013946754,0.0,-1213.7779108214304,0.0,0.0,-1.0,False,True
2014-12-12,0.0,0.0,0.0,0.0,0.0,0.0,0.0,False,True
2014-12-15,-0.0,0.0,0.0,-0.0,0.0,0.0,0.0,False,True
2014-12-16,0.0,0.0,0.0,0.0,14125.275255649485,1.0,0.0,False,True
2014-12-17,-0.0,41.01531766867061,0.0,-41.01531766867061,13430.918577118036,1.0,0.0,False,True
2014-12-18,-360.13449660296146,2.068940684577718,0.0,-362.2034372875392,0.0,0.0,1.0,False,True
2014-12-19,-507.5637834375996,41.59121311645313,0.0,-549.1549965540528,0.0,0.0,1.0,False,True
2014-12-22,-0.0,0.0,0.0,-0.0,0.0,0.0,0.0,False,True
2014-12-23,-0.0,0.0,0.0,-0.0,0.0,0.0,0.0,False,True
2014-12-24,0.0,0.0,0.0,0.0,-13814.870890791475,-1.0,0.0,False,True
2014-12-26,-0.0,44.74010320082547,0.0,-44.74010320082547,-13895.711333963462,-1.0,0.0,False,True
2014-12-29,-218.24440585768647,0.25773391680026775,0.0,-218.50213977448675,-13996.87297287741,-1.0,-1.0,False,True
2014-12-30,-302.5504800551947,0.3156489494270859,0.0,-302.8661290046218,0.0,0.0,-1.0,False,True
2014-12-31,-1363.4701221676594,39.796934250206235,0.0,-1403.2670564178657,13672.212616775698,1.0,-1.0,False,True
2015-01-02,-0.0,39.31000822495117,0.0,-39.31000822495117,0.0,0.0,0.0,False,True
2015-01-05,997.1319159499823,36.63795537828782,0.0,960.4939605716944,0.0,0.0,1.0,False,True
2015-01-06,0.0,0.0,0.0,0.0,13639.389753950198,1.0,0.0,False,True
2015-01-07,-0.0,37.330773024830314,37.330773024830314,-37.330773024830314,0.0,0.0,0.0,False,True
2015-01-08,-691.9850609480764,39.32594795442744,0.0,-731.3110089025038,0.0,0.0,1.0,False,True
2015-01-09,0.0,0.0,0.0,0.0,0.0,0.0,0.0,False,True
2015-01-12,0.0,0.0,0.0,0.0,0.0,0.0,0.0,False,True
2015-01-13,0.0,0.0,0.0,0.0,0.0,0.0,0.0,False,True
2015-01-14,0.0,0.0,0.0,0.0,0.0,0.0,0.0,False,True
2015-01-15,0.0,0.0,0.0,0.0,0.0,0.0,0.0,False,True
2015-01-16,-0.0,0.0,0.0,-0.0,0.0,0.0,0.0,False,True
2015-01-20,0.0,0.0,0.0,0.0,0.0,0.0,0.0,False,True
2015-01-21,-0.0,0.0,0.0,-0.0,0.0,0.0,0.0,False,True
2015-01-22,-0.0,0.0,0.0,-0.0,0.0,0.0,0.0,False,True
2015-01-23,0.0,0.0,0.0,0.0,-13917.492334559964,-1.0,0.0,False,True
2015-01-26,-0.0,41.40908459484459,0.0,-41.40908459484459,-13814.617603928167,-1.0,0.0,False,True
2015-01-27,-525.1883899833947,0.2949555213918639,0.0,-525.4833455047866,0.0,0.0,-1.0,False,True
2015-01-28,-2009.3989242077341,34.57871317222558,0.0,-2043.9776373799598,0.0,0.0,-1.0,False,True
2015-01-29,-0.0,0.0,0.0,-0.0,0.0,0.0,0.0,False,True
2015-01-30,0.0,0.0,0.0,0.0,0.0,0.0,0.0,False,True
2015-02-02,-0.0,0.0,0.0,-0.0,0.0,0.0,0.0,False,True
2015-02-03,-0.0,0.0,0.0,-0.0,-12455.761939981385,-1.0,0.0,False,True
2015-02-04,0.0,32.1996367931423,32.1996367931423,-32.1996367931423,-12467.120508967279,-1.0,0.0,False,True
2015-02-05,471.2141969728135,0.030517780368390746,0.0,471.18367919244514,-12512.269841671154,-1.0,-1.0,False,True
2015-02-06,-310.4525421630123,0.1183582251188544,0.0,-310.5709003881312,-12590.466033071862,-1.0,-1.0,False,True
2015-02-09,-240.00517599113394,0.2011319854096,0.0,-240.20630797654354,-12679.432509077402,-1.0,-1.0,False,True
2015-02-10,489.71699752224487,0.238095660328143,0.0,489.4789018619167,-12719.85365922327,-1.0,-1.0,False,True
2015-02-11,49.65835186322697,0.10860204167631779,0.0,49.54974982155065,-12824.746067668932,-1.0,-1.0,False,True
2015-02-12,566.8086820623728,0.2949649345865644,0.0,566.5137171277862,-12843.39164829287,-1.0,-1.0,False,True
2015-02-13,52.776732788763645,0.052649366775585814,0.0,52.72408342198806,-12949.218017849875,-1.0,-1.0,False,True
2015-02-17,-70.76248842034711,0.2971836405367921,0.0,-71.0596720608839,-13055.286794090629,-1.0,-1.0,False,True
2015-02-18,266.0798222845861,0.3041132745364282,0.0,265.7757090100497,-13143.783062799477,-1.0,-1.0,False,True
2015-02-19,182.59142369357485,0.2573295756782112,0.0,182.33409411789665,-13243.466995487877,-1.0,-1.0,False,True
2015-02-20,522.0225897282055,0.30184942689988215,0.0,521.7207403013056,-13276.462470333308,-1.0,-1.0,False,True
2015-02-23,-78.24795861440359,0.09932558507068098,0.0,-78.34728419947427,-13384.912996751753,-1.0,-1.0,False,True
2015-02-24,701.8394257444917,0.3446877196245135,0.0,701.4947380248672,-13356.297647852345,-1.0,-1.0,False,True
2015-02-25,-249.02163714886908,0.0892868572964778,0.0,-249.11092400616556,-13449.71144425378,-1.0,-1.0,False,True
2015-02-26,325.2675226265426,0.2987492708626247,0.0,324.96877335567996,-13530.878886693648,-1.0,-1.0,False,True
2015-02-27,167.85911318881398,0.26286454502642864,0.0,167.59624864378756,-13635.007060279759,-1.0,-1.0,False,True
2015-03-02,427.51592059063603,0.34822635538585006,0.0,427.16769423525017,-13694.890793287093,-1.0,-1.0,False,True
2015-03-03,-400.375411231707,0.19455095509514456,0.0,-400.5699621868022,-13761.887775359768,-1.0,-1.0,False,True
2015-03-04,43.40694387729694,0.2183526442750128,0.0,43.188591233021924,-13875.541878022494,-1.0,-1.0,False,True
2015-03-05,350.0639179741761,82.95275371805805,82.95275371805805,267.11116425611806,-13954.235233302268,-1.0,-1.0,False,True
2015-03-06,-568.836270255679,0.2268936403987874,0.0,-569.0631638960778,-13974.331089367304,-1.0,-1.0,False,True
2015-03-09,157.00967913701584,0.05860100275010516,0.0,156.95107813426574,-14082.992849112421,-1.0,-1.0,False,True
2015-03-10,-636.1004194306591,0.3030702142550877,0.0,-636.4034896449142,-14078.888559805107,-1.0,-1.0,False,True
2015-03-11,-114.96320693152822,0.011354646531704272,0.0,-114.97456157805992,-14191.791760268443,-1.0,-1.0,False,True
2015-03-12,835.993382768453,0.33206823665686896,0.0,835.6613145317962,-14100.828478421316,-1.0,-1.0,False,True
2015-03-13,-366.5025131776649,0.2608038150861692,0.0,-366.7633169927511,-14178.421110468025,-1.0,-1.0,False,True
2015-03-16,315.54301490173475,0.22756065192525735,0.0,315.3154542498095,-14265.960087215419,-1.0,-1.0,False,True
2015-03-17,81.135456998387,0.2582084925642541,0.0,80.87724850582275,-14382.339094927524,-1.0,-1.0,False,True
2015-03-18,697.9030834033459,0.3609333824656806,0.0,697.5421500208803,-14353.247853578441,-1.0,-1.0,False,True
2015-03-19,-0.0,0.09022245804178336,0.0,-0.09022245804178336,-14472.363986072156,-1.0,-1.0,False,True
2015-03-20,304.0022238276808,0.377415875752883,0.0,303.6248079519279,-14563.761035560005,-1.0,-1.0,False,True
2015-03-23,89.47365679179208,0.29139028219298535,0.0,89.18226650959909,-14682.12482997121,-1.0,-1.0,False,True
2015-03-24,181.19764896497628,0.38211933628814265,0.0,180.81552962868813,-14793.607477849007,-1.0,-1.0,False,True
2015-03-25,-647.4007799042431,0.3447050198333112,0.0,-647.7454849240764,-14784.847924488315,-1.0,-1.0,False,True
2015-03-26,89.25253380300865,0.027248989968771023,0.0,89.22528481303988,-14905.055609901889,-1.0,-1.0,False,True
2015-03-27,224.3527757888968,0.3797007012293167,0.0,223.97307508766747,-15012.632089217681,-1.0,-1.0,False,True
2015-03-30,413.39137284781964,0.3494956934982159,0.0,413.0418771543214,-15082.408985392934,-1.0,-1.0,False,True
2015-03-31,-475.8361993412892,0.21972755324004584,0.0,-476.05592689452925,-15135.114517685366,-1.0,-1.0,False,True
2015-04-01,231.6806295759279,87.61799601316906,87.61799601316906,144.06263356275883,-15243.426491377862,-1.0,-1.0,False,True
2015-04-02,171.26013598512355,0.3176531417304973,0.0,170.94248284339307,-15360.336322880094,-1.0,-1.0,False,True
2015-04-06,305.30467936951425,0.34987613807237045,0.0,304.9548032314419,-15457.11854264942,-1.0,-1.0,False,True
2015-04-07,44.84769729308187,0.29048836094746405,0.0,44.55720893213441,-15584.7290157134,-1.0,-1.0,False,True
2015-04-08,316.83698330467075,0.3910335871168294,0.0,316.4459497175539,-15680.496913102621,-1.0,-1.0,False,True
2015-04-09,512.5022994703967,0.3034376965191721,0.0,512.1988617738775,-15723.076544881646,-1.0,-1.0,False,True
2015-04-10,727.0709542396891,0.1414720342739066,0.0,726.9294822054152,-15679.517443576255,-1.0,-1.0,False,True
2015-04-13,-662.5607620209415,0.13887427321314352,0.0,-662.6996362941546,-15666.665050232012,-1.0,-1.0,False,True
2015-04-14,438.9289486537661,0.042155850169116896,0.0,438.88679280359696,-15733.259129217215,-1.0,-1.0,False,True
2015-04-15,300.79996896445454,0.2227045055785743,0.0,300.57726445887596,-15833.51538842206,-1.0,-1.0,False,True
2015-04-16,205.32801473692805,0.33971129152055013,0.0,204.9883034454075,-15950.620061086682,-1.0,-1.0,False,True
2015-04-17,-575.7641959426205,0.38287811636758334,0.0,-576.1470740589881,-15970.557227111702,-1.0,-1.0,False,True
2015-04-20,508.79170848761373,0.06733309777807382,0.0,508.72437538983564,-16016.04679063592,-1.0,-1.0,False,True
2015-04-21,52.62127587186809,0.15413819045396587,0.0,52.46713768141413,-16148.018001260603,-1.0,-1.0,False,True
2015-04-22,211.7824369009698,0.4531674736693453,0.0,211.32926942730046,-16266.461483068986,-1.0,-1.0,False,True
2015-04-23,216.3888509381659,0.4122396225928433,0.0,215.97661131557305,-16385.11451302411,-1.0,-1.0,False,True
2015-04-24,110.46832925683445,0.4157926690735087,0.0,110.05253658776094,-16516.79874996679,-1.0,-1.0,False,True
2015-04-27,-560.1748551461251,0.44620278633470534,0.0,-560.6210579324597,-16543.462378613112,-1.0,-1.0,False,True
2015-04-28,709.8128388415486,0.09440490280649322,0.0,709.7184339387421,-16506.46374841598,-1.0,-1.0,False,True
2015-04-29,-685.7393732067599,0.1257830711511156,0.0,-685.865156277911,-16482.2032468447,-1.0,-1.0,False,True
2015-04-30,-492.73026114674707,0.08008700196638242,0.0,-492.81034814871344,-16535.144032238746,-1.0,-1.0,False,True
2015-05-01,1114.7383838445703,0.18744146814817864,0.0,1114.5509423764222,-16251.02284540045,-1.0,-1.0,False,True
2015-05-04,-0.0,1.0059558428644337,0.0,-1.0059558428644337,-16385.888417998256,-1.0,-1.0,False,True
2015-05-05,-842.0219090881056,0.45398099150328797,0.0,-842.4758900796089,-16277.317850282525,-1.0,-1.0,False,True
2015-05-06,-484.31197294576066,0.35497554037838736,0.0,-484.66694848613906,-16333.203475801643,-1.0,-1.0,False,True
2015-05-07,259.60634529956195,101.44395860162753,101.44395860162753,158.16238669793444,-16445.3324799872,-1.0,-1.0,False,True
2015-05-08,520.4814461181113,0.36028912003195723,0.0,520.1211569980793,-16486.99780636307,-1.0,-1.0,False,True
2015-05-11,-438.198514357027,0.1304029298786796,0.0,-438.3289172869057,-16556.8549358837,-1.0,-1.0,False,True
2015-05-12,251.7098901734824,0.22202653568572686,0.0,251.48786363779666,-16671.90297006119,-1.0,-1.0,False,True
2015-05-13,205.3563402900304,0.37024877561044395,0.0,204.98609151441997,-16795.18697879728,-1.0,-1.0,False,True
2015-05-14,314.0703856212471,0.4043715486543725,0.0,313.66601407259276,-16899.08064489705,-1.0,-1.0,False,True
2015-05-15,107.48919666430194,0.34296620854191884,0.0,107.14623045576002,-17035.14032389002,-1.0,-1.0,False,True
2015-05-18,598.679185487497,0.4656466476387106,0.0,598.2135388398583,-17046.627914291286,-1.0,-1.0,False,True
2015-05-19,113.75719748841371,0.03957909297915198,0.0,113.71761839543456,-17183.4207923975,-1.0,-1.0,False,True
2015-05-20,-0.0,0.4713031934751933,0.0,-0.4713031934751933,-17326.024239971368,-1.0,-1.0,False,True
2015-05-21,635.3533738365478,0.5101868543218628,0.0,634.8431869822259,-17321.16753214765,-1.0,-1.0,False,True
2015-05-22,-120.94955839421817,0.017255201106795074,0.0,-120.96681359532496,-17459.55429777024,-1.0,-1.0,False,True
2015-05-26,-600.387089502517,0.47519743639247286,0.0,-600.8622869389095,-17470.59236777292,-1.0,-1.0,False,True
2015-05-27,467.9277533740775,0.03894671859809599,0.0,467.8888066554794,-17535.034466541925,-1.0,-1.0,False,True
2015-05-28,60.13973276341899,0.22816287128922824,0.0,59.91156989212976,-17679.203267124925,-1.0,-1.0,False,True
2015-05-29,-181.7102017258237,0.5052069080258978,0.0,-182.21540863384962,-17813.370022957697,-1.0,-1.0,False,True
2015-06-01,60.44172057136901,0.471769896152971,0.0,59.96995067521604,-17959.802590831605,-1.0,-1.0,False,True
2015-06-02,-366.65598675041815,0.5045155699857329,0.0,-367.1605023204039,-18057.103476553693,-1.0,-1.0,False,True
2015-06-03,603.6908433892975,0.3468988099657066,0.0,603.3439445793317,-18067.71417932731,-1.0,-1.0,False,True
2015-06-04,-753.6877972822392,115.17243576136248,115.17243576136248,-868.8602330436017,-18003.904986209025,-1.0,-1.0,False,True
2015-06-05,112.39635570343455,0.2047086790179761,0.0,112.19164702441658,-18148.537467624345,-1.0,-1.0,False,True
2015-06-08,-338.1015020884293,0.4554479061465515,0.0,-338.55694999457586,0.0,0.0,-1.0,False,True
2015-06-09,250.9014396445731,57.9509373966198,0.0,192.9505022479533,0.0,0.0,-1.0,False,True
2015-06-10,-0.0,0.0,0.0,-0.0,0.0,0.0,0.0,False,True
2015-06-11,-0.0,0.0,0.0,-0.0,-18440.880092372015,-1.0,0.0,False,True
2015-06-12,0.0,61.469600307906724,0.0,-61.469600307906724,-18557.7469400385,-1.0,0.0,False,True
2015-06-15,-779.614442929548,0.37375512904258446,0.0,-779.9881980585906,0.0,0.0,-1.0,False,True
2015-06-16,434.26864914286523,60.77217448415165,0.0,373.49647465871357,0.0,0.0,-1.0,False,True
2015-06-17,-0.0,0.0,0.0,-0.0,0.0,0.0,0.0,False,True
2015-06-18,-0.0,0.0,0.0,-0.0,-18628.54256864034,-1.0,0.0,False,True
2015-06-19,0.0,61.893861046535974,0.0,-61.893861046535974,-18660.74065026449,-1.0,0.0,False,True
2015-06-22,1086.9165842318512,0.11360768903530435,0.0,1086.802976542816,-18363.986434572245,-1.0,-1.0,False,True
2015-06-23,578.1296587001063,1.0805437693945028,0.0,577.0491149307119,-18391.792039766035,-1.0,-1.0,False,True
2015-06-24,-652.361862684626,0.0977727112303052,0.0,-652.4596353958563,-18380.390444775745,-1.0,-1.0,False,True
2015-06-25,-63.09362620846091,0.03995430723092935,0.0,-63.13358051569184,0.0,0.0,-1.0,False,True
2015-06-26,125.67788338308156,64.85335699103318,0.0,60.824526392048384,0.0,0.0,-1.0,False,True
2015-06-29,0.0,0.0,0.0,0.0,15059.076478476918,1.0,0.0,False,True
2015-06-30,-0.0,44.54705163185813,0.0,-44.54705163185813,15183.451428977402,1.0,0.0,False,True
2015-07-01,-1216.8950689678313,0.4002647543579138,0.0,-1217.2953337221893,0.0,0.0,1.0,False,True
2015-07-02,953.4349405951267,45.976477739148706,0.0,907.458462855978,0.0,0.0,1.0,False,True
2015-07-06,0.0,0.0,0.0,0.0,0.0,0.0,0.0,False,True
2015-07-07,-0.0,0.0,0.0,-0.0,0.0,0.0,0.0,False,True
2015-07-08,0.0,0.0,0.0,0.0,13856.55253764217,1.0,0.0,False,True
2015-07-09,0.0,38.026683670905555,38.026683670905555,-38.026683670905555,0.0,0.0,0.0,False,True
2015-07-10,-1112.976107441138,41.347791415089446,0.0,-1154.3238988562275,0.0,0.0,1.0,False,True
2015-07-13,-0.0,0.0,0.0,-0.0,0.0,0.0,0.0,False,True
2015-07-14,0.0,0.0,0.0,0.0,-13479.05242002217,-1.0,0.0,False,True
2015-07-15,-0.0,45.00335091375481,0.0,-45.00335091375481,-13580.104899477943,-1.0,0.0,False,True
2015-07-16,768.3498936494725,0.35778511724410206,0.0,767.9921085322284,-13523.677960721681,-1.0,-1.0,False,True
2015-07-17,46.90882521408532,0.20047699211496806,0.0,46.708348221970354,-13635.284741694928,-1.0,-1.0,False,True
2015-07-20,187.50333394414952,0.4020982442797114,0.0,187.10123569986982,-13738.135365591064,-1.0,-1.0,False,True
2015-07-21,-0.0,0.3705514569192961,0.0,-0.3705514569192961,-13852.146742606086,-1.0,-1.0,False,True
2015-07-22,48.28870075778898,0.4122104459978747,0.0,47.87649031179111,-13966.409003340546,-1.0,-1.0,False,True
2015-07-23,-97.72237560921401,0.41022352803089895,0.0,-98.13259913724491,-14079.444786377917,-1.0,-1.0,False,True
2015-07-24,-611.48901065414,0.388797575883573,0.0,-611.8778082300236,-14084.34172964505,-1.0,-1.0,False,True
2015-07-27,-826.8130327570924,0.015909245162634564,0.0,-826.8289420022551,0.0,0.0,-1.0,False,True
2015-07-28,1249.9574276705596,50.213740079604094,0.0,1199.7436875909555,0.0,0.0,-1.0,False,True
2015-07-29,-0.0,0.0,0.0,-0.0,-13771.038453516827,-1.0,0.0,False,True
2015-07-30,-0.0,50.683355170035,0.0,-50.683355170035,-13879.046645612469,-1.0,0.0,False,True
2015-07-31,-49.44717577564347,0.396094443284554,0.0,-49.843270218928026,-13993.497632135823,-1.0,-1.0,False,True
2015-08-03,99.31339281296847,0.42274688715833464,0.0,98.89064592581013,-14106.658301427646,-1.0,-1.0,False,True
2015-08-04,-252.13509247091625,0.4105829593774112,0.0,-252.54567543029367,-14204.469960648885,-1.0,-1.0,False,True
2015-08-05,199.7402945334888,0.3599890509937884,0.0,199.380305482495,-14310.200350657446,-1.0,-1.0,False,True
2015-08-06,-561.0383108335269,94.74080087224957,94.74080087224957,-655.7791117057765,-14333.121411201402,-1.0,-1.0,False,True
2015-08-07,185.54554749636932,0.07715627933515778,0.0,185.46839121703417,-14441.599992743595,-1.0,-1.0,False,True
2015-08-10,329.497043935664,0.37374973472520223,0.0,329.1232942009388,-14527.862337263681,-1.0,-1.0,False,True
2015-08-11,-582.5183190350369,0.2856830472797683,0.0,-582.8040020823167,-14543.92299336827,-1.0,-1.0,False,True
2015-08-12,187.75912552198554,0.05388599838692134,0.0,187.7052395235986,-14653.753035903766,-1.0,-1.0,False,True
2015-08-13,190.4277969671798,0.37338571674588034,0.0,190.05441125043393,-14763.953979772785,-1.0,-1.0,False,True
2015-08-14,-48.60282930647993,0.3734081569115499,0.0,-48.976237463391485,-14885.728955475259,-1.0,-1.0,False,True
2015-08-17,97.61291887453113,0.41537221329462837,0.0,97.1975466612365,-15006.212015842877,-1.0,-1.0,False,True
2015-08-18,-148.60960687662475,0.40690325165340596,0.0,-149.01651012827816,-15123.620659229025,-1.0,-1.0,False,True
2015-08-19,-543.8824783336765,0.3826513814651898,0.0,-544.2651297151417,0.0,0.0,-1.0,False,True
2015-08-20,-1538.81036914254,44.73798319108153,0.0,-1583.5483523336216,14569.491477259173,1.0,-1.0,False,True
2015-08-21,0.0,37.52193156831823,0.0,-37.52193156831823,13427.541342959603,1.0,0.0,False,True
2015-08-24,3825.4066818431747,2.3293510202130534,0.0,3823.077330822962,10974.175719532781,1.0,1.0,False,True
2015-08-25,106.88590123748949,4.964856394891397,0.0,101.92104484259809,11063.47644596513,1.0,1.0,False,True
2015-08-26,-693.3339052814382,0.19290462506461192,0.0,-693.5268099065028,11042.570628295818,1.0,1.0,False,True
2015-08-27,209.8446533481267,0.044319468688821646,0.0,209.8003338794379,11123.968673630516,1.0,1.0,False,True
2015-08-28,114.19411197824026,0.17079426093769715,0.0,114.02331771730256,11213.169661548449,1.0,1.0,False,True
2015-08-31,910.8674451283944,0.1730009699449035,0.0,910.6944441584494,11111.226585199634,1.0,1.0,False,True
2015-09-01,1400.32014694834,0.17576392473933522,0.0,1400.1443830236005,10776.188336572151,1.0,1.0,False,True
2015-09-02,-1401.7527231118129,46.98345611479808,46.98345611479808,-1448.736179226611,10466.9644794037,1.0,1.0,False,True
2015-09-03,0.0,0.6637789604139547,0.0,-0.6637789604139547,0.0,0.0,1.0,False,True
2015-09-04,832.973089460399,20.812102020152846,0.0,812.1609874402462,0.0,0.0,1.0,False,True
2015-09-08,-0.0,0.0,0.0,-0.0,0.0,0.0,0.0,False,True
2015-09-09,0.0,0.0,0.0,0.0,0.0,0.0,0.0,False,True
2015-09-10,-0.0,0.0,0.0,-0.0,0.0,0.0,0.0,False,True
2015-09-11,-0.0,0.0,0.0,-0.0,0.0,0.0,0.0,False,True
2015-09-14,-0.0,0.0,0.0,-0.0,0.0,0.0,0.0,False,True
2015-09-15,-0.0,0.0,0.0,-0.0,0.0,0.0,0.0,False,True
2015-09-16,-0.0,0.0,0.0,-0.0,10461.514264428817,1.0,0.0,False,True
2015-09-17,0.0,26.24982159373204,0.0,-26.24982159373204,0.0,0.0,0.0,False,True
2015-09-18,563.4108049386389,24.90836729625909,0.0,538.5024376423797,0.0,0.0,1.0,False,True
2015-09-21,-0.0,0.0,0.0,-0.0,0.0,0.0,0.0,False,True
2015-09-22,0.0,0.0,0.0,0.0,0.0,0.0,0.0,False,True
2015-09-23,-0.0,0.0,0.0,-0.0,0.0,0.0,0.0,False,True
2015-09-24,0.0,0.0,0.0,0.0,0.0,0.0,0.0,False,True
2015-09-25,0.0,0.0,0.0,0.0,0.0,0.0,0.0,False,True
2015-09-28,0.0,0.0,0.0,0.0,10310.543335583241,1.0,0.0,False,True
2015-09-29,-0.0,22.132579935021617,0.0,-22.132579935021617,10394.508149749561,1.0,0.0,False,True
2015-09-30,-367.0769355076757,0.18689236595109263,0.0,-367.26382787362684,10450.75855492384,1.0,1.0,False,True
2015-10-01,-361.1555491769653,0.12971128302280094,0.0,-361.2852604599881,0.0,0.0,1.0,False,True
2015-10-02,-540.7591603222696,25.414062915295222,0.0,-566.1732232375648,0.0,0.0,1.0,False,True
2015-10-05,-0.0,0.0,0.0,-0.0,0.0,0.0,0.0,False,True
2015-10-06,0.0,0.0,0.0,0.0,0.0,0.0,0.0,False,True
2015-10-07,-0.0,0.0,0.0,-0.0,-10657.440311381337,-1.0,0.0,False,True
2015-10-08,-0.0,29.484146610434202,29.484146610434202,-29.484146610434202,0.0,0.0,0.0,False,True
2015-10-09,86.29506325005094,29.724833521539786,0.0,56.57022972851116,0.0,0.0,-1.0,False,True
2015-10-12,-0.0,0.0,0.0,-0.0,0.0,0.0,0.0,False,True
2015-10-13,0.0,0.0,0.0,0.0,0.0,0.0,0.0,False,True
2015-10-14,0.0,0.0,0.0,0.0,0.0,0.0,0.0,False,True
2015-10-15,-0.0,0.0,0.0,-0.0,0.0,0.0,0.0,False,True
2015-10-16,-0.0,0.0,0.0,-0.0,-10722.081623485203,-1.0,0.0,False,True
2015-10-19,-0.0,34.451829667938355,0.0,-34.451829667938355,-10699.51370207721,-1.0,0.0,False,True
2015-10-20,-722.6481344982186,0.06793573992126782,0.0,-722.7160702381399,-10672.38945729219,-1.0,-1.0,False,True
2015-10-21,-754.1507455208617,0.07627531112385591,0.0,-754.2270208319856,-10635.319735911675,-1.0,-1.0,False,True
2015-10-22,1288.2994132259455,0.1185537111233353,0.0,1288.1808595148223,-10370.635371008835,-1.0,-1.0,False,True
2015-10-23,-381.61053654597373,0.8171731145343694,0.0,-382.42770966050807,-10426.425845928832,-1.0,-1.0,False,True
2015-10-26,-203.03954792637802,0.1689371840265788,0.0,-203.2084851104046,-10503.766215616059,-1.0,-1.0,False,True
2015-10-27,277.21663992129805,0.2405884034276393,0.0,276.9760515178704,-10573.631913675194,-1.0,-1.0,False,True
2015-10-28,318.7789443282575,0.2241387809408868,0.0,318.5548055473166,-10638.400642797593,-1.0,-1.0,False,True
2015-10-29,-132.37723835587053,0.20521776615288786,0.0,-132.58245612202342,-10722.693958990525,-1.0,-1.0,False,True
2015-10-30,-295.9678695059593,0.2598515762338513,0.0,-296.22772108219317,-10791.532056621912,-1.0,-1.0,False,True
2015-11-02,483.73055454092594,0.22223322857377045,0.0,483.50832131235217,-10827.333562550855,-1.0,-1.0,False,True
2015-11-03,-169.945386718455,0.11378773202222127,0.0,-170.05917445047723,-10910.529199998493,-1.0,-1.0,False,True
2015-11-04,-402.8775279088702,0.25493431504881486,0.0,-403.13246222391905,-10963.19530149798,-1.0,-1.0,False,True
2015-11-05,456.64397249620214,66.6287299079759,66.6287299079759,390.0152425882262,-11005.624831882751,-1.0,-1.0,False,True
2015-11-06,228.06052633130935,0.1319886757037618,0.0,227.9285376556056,-11084.764931400881,-1.0,-1.0,False,True
2015-11-09,-668.0197166544909,0.23209900430925176,0.0,-668.2518156588002,0.0,0.0,-1.0,False,True
2015-11-10,348.87672173221665,33.56538864013561,0.0,315.31133309208104,0.0,0.0,-1.0,False,True
2015-11-11,0.0,0.0,0.0,0.0,0.0,0.0,0.0,False,True
2015-11-12,0.0,0.0,0.0,0.0,0.0,0.0,0.0,False,True
2015-11-13,0.0,0.0,0.0,0.0,0.0,0.0,0.0,False,True
2015-11-16,-0.0,0.0,0.0,-0.0,0.0,0.0,0.0,False,True
2015-11-17,0.0,0.0,0.0,0.0,0.0,0.0,0.0,False,True
2015-11-18,-0.0,0.0,0.0,-0.0,0.0,0.0,0.0,False,True
2015-11-19,0.0,0.0,0.0,0.0,0.0,0.0,0.0,False,True
2015-11-20,-0.0,0.0,0.0,-0.0,-11138.008947989087,-1.0,0.0,False,True
2015-11-23,-0.0,33.52851445429902,0.0,-33.52851445429902,-11215.05661089109,-1.0,0.0,False,True
2015-11-24,-261.6859664725797,0.2266107732411857,0.0,-261.9125772458209,-11291.677538717502,-1.0,-1.0,False,True
2015-11-25,418.3521834765704,0.23408778248009723,0.0,418.1180956940903,-11343.202159576884,-1.0,-1.0,False,True
2015-11-27,-269.2501350513884,0.15374886864881,0.0,-269.4038839200372,-11419.807053268994,-1.0,-1.0,False,True
2015-11-30,132.0896903589738,0.23128134325305863,0.0,131.85840901572075,-11510.30510705404,-1.0,-1.0,False,True
2015-12-01,571.8312810178883,0.2876294732703015,0.0,571.543651544618,-11525.702278440527,-1.0,-1.0,False,True
2015-12-02,-463.9812911370598,0.04704053851311127,0.0,-464.02833167557293,-11569.029339568919,-1.0,-1.0,False,True
2015-12-03,-1064.9680197664868,63.89230744523532,63.89230744523532,-1128.860327211722,0.0,0.0,-1.0,False,True
2015-12-04,749.4108074214678,34.22295836380416,0.0,715.1878490576636,0.0,0.0,-1.0,False,True
2015-12-07,0.0,0.0,0.0,0.0,0.0,0.0,0.0,False,True
2015-12-08,0.0,0.0,0.0,0.0,0.0,0.0,0.0,False,True
2015-12-09,0.0,0.0,0.0,0.0,0.0,0.0,0.0,False,True
2015-12-10,0.0,0.0,0.0,0.0,0.0,0.0,0.0,False,True
2015-12-11,0.0,0.0,0.0,0.0,0.0,0.0,0.0,False,True
2015-12-14,-0.0,0.0,0.0,-0.0,0.0,0.0,0.0,False,True
2015-12-15,-0.0,0.0,0.0,-0.0,0.0,0.0,0.0,False,True
2015-12-16,-0.0,0.0,0.0,-0.0,0.0,0.0,0.0,False,True
2015-12-17,0.0,0.0,0.0,0.0,0.0,0.0,0.0,False,True
2015-12-18,0.0,0.0,0.0,0.0,0.0,0.0,0.0,False,True
2015-12-21,-0.0,0.0,0.0,-0.0,0.0,0.0,0.0,False,True
2015-12-22,-0.0,0.0,0.0,-0.0,0.0,0.0,0.0,False,True
2015-12-23,0.0,0.0,0.0,0.0,-11004.152433037061,-1.0,0.0,False,True
2015-12-24,0.0,30.944461574384054,0.0,-30.944461574384054,-11084.67317269425,-1.0,0.0,False,True
2015-12-28,241.51774887324234,0.23151124305363058,0.0,241.2862376301887,-11162.797668873998,-1.0,-1.0,False,True
2015-12-29,217.65136664476606,0.2291204823583437,0.0,217.4222461624077,-11244.098277396202,-1.0,-1.0,False,True
2015-12-30,-558.938366824878,0.22706573224866275,0.0,-559.1654325571267,-11262.688931482033,-1.0,-1.0,False,True
2015-12-31,-107.23254487979875,0.05143163411059711,0.0,-107.28397651390935,0.0,0.0,-1.0,False,True
2016-01-04,-790.3641355425988,29.11540013813136,0.0,-819.4795356807301,0.0,0.0,-1.0,False,True
2016-01-05,-0.0,0.0,0.0,-0.0,0.0,0.0,0.0,False,True
2016-01-06,0.0,0.0,0.0,0.0,0.0,0.0,0.0,False,True
2016-01-07,0.0,0.0,0.0,0.0,11209.525719357174,1.0,0.0,False,True
2016-01-08,0.0,24.896563081995897,0.0,-24.896563081995897,11197.727153814127,1.0,0.0,False,True
2016-01-11,-534.3652563940567,0.02751656355318249,0.0,-534.3927729576098,11223.694737069343,1.0,1.0,False,True
2016-01-12,-458.6099858217396,0.06314774101209256,0.0,-458.6731335627517,11266.954666162444,1.0,1.0,False,True
2016-01-13,1091.7472935227609,0.09587335636849448,0.0,1091.6514201663924,11084.312883650678,1.0,1.0,False,True
2016-01-14,-414.13671205353927,0.4202195893929522,0.0,-414.5569316429322,11137.54386022066,1.0,1.0,False,True
2016-01-15,1032.5454201380558,0.11203644965961108,0.0,1032.4333836883961,10984.418283320552,1.0,1.0,False,True
2016-01-19,-148.65304946906613,0.3266466520761914,0.0,-148.97969612114233,11070.580934193964,1.0,1.0,False,True
2016-01-20,320.04548588239044,0.17859801242719295,0.0,319.86688786996325,11138.14546484092,1.0,1.0,False,True
2016-01-21,156.7119646903081,0.13809300879986017,0.0,156.57387168150822,11224.721502947186,1.0,1.0,False,True
2016-01-22,-1043.8541113609626,0.19524849077870868,0.0,-1044.0493598517414,0.0,0.0,1.0,False,True
2016-01-25,642.1182817967574,23.944515172780164,0.0,618.1737666239773,0.0,0.0,1.0,False,True
2016-01-26,-0.0,0.0,0.0,-0.0,0.0,0.0,0.0,False,True
2016-01-27,0.0,0.0,0.0,0.0,0.0,0.0,0.0,False,True
2016-01-28,-0.0,0.0,0.0,-0.0,0.0,0.0,0.0,False,True
2016-01-29,-0.0,0.0,0.0,-0.0,-11172.630413002451,-1.0,0.0,False,True
2016-02-01,-0.0,26.60150098333917,0.0,-26.60150098333917,-11264.719496076006,-1.0,0.0,False,True
2016-02-02,-856.4385682440907,0.20364899708822892,0.0,-856.6422172411789,-11184.426383179432,-1.0,-1.0,False,True
2016-02-03,194.42881546625316,51.88359532409657,51.88359532409657,142.54522014215658,0.0,0.0,-1.0,False,True
2016-02-04,-151.3112926698459,25.503975623490366,0.0,-176.81526829333626,0.0,0.0,-1.0,False,True
2016-02-05,0.0,0.0,0.0,0.0,0.0,0.0,0.0,False,True
2016-02-08,0.0,0.0,0.0,0.0,0.0,0.0,0.0,False,True
2016-02-09,0.0,0.0,0.0,0.0,0.0,0.0,0.0,False,True
2016-02-10,0.0,0.0,0.0,0.0,0.0,0.0,0.0,False,True
2016-02-11,0.0,0.0,0.0,0.0,0.0,0.0,0.0,False,True
2016-02-12,-0.0,0.0,0.0,-0.0,0.0,0.0,0.0,False,True
2016-02-16,-0.0,0.0,0.0,-0.0,0.0,0.0,0.0,False,True
2016-02-17,-0.0,0.0,0.0,-0.0,0.0,0.0,0.0,False,True
2016-02-18,-0.0,0.0,0.0,-0.0,0.0,0.0,0.0,False,True
2016-02-19,-0.0,0.0,0.0,-0.0,0.0,0.0,0.0,False,True
2016-02-22,-0.0,0.0,0.0,-0.0,0.0,0.0,0.0,False,True
2016-02-23,0.0,0.0,0.0,0.0,0.0,0.0,0.0,False,True
2016-02-24,-0.0,0.0,0.0,-0.0,0.0,0.0,0.0,False,True
2016-02-25,-0.0,0.0,0.0,-0.0,-12068.92794299258,-1.0,0.0,False,True
2016-02-26,0.0,28.80244736104166,0.0,-28.80244736104166,-12132.984397832726,-1.0,0.0,False,True
2016-02-29,-168.59969186951005,0.15076433113926707,0.0,-168.75045620064932,-12226.300931762577,-1.0,-1.0,False,True
2016-03-01,1309.4150785261484,0.24620192349574396,0.0,1309.1688766026525,-11900.34238419334,-1.0,-1.0,False,True
2016-03-02,94.411590206662,0.8666861511244294,0.0,93.54490405553757,-11996.974790111084,-1.0,-1.0,False,True
2016-03-03,586.5278996100471,62.726632787866926,62.726632787866926,523.8012668221802,-12008.688592187013,-1.0,-1.0,False,True
2016-03-04,-307.2208653037398,0.02997914388970458,0.0,-307.2508444476295,-12084.37228765887,-1.0,-1.0,False,True
2016-03-07,119.93696471597411,0.19565141956785564,0.0,119.74131329640626,-12180.933651243216,-1.0,-1.0,False,True
2016-03-08,-518.1193666839881,0.23936009110992562,0.0,-518.358726775098,-12212.271062703008,-1.0,-1.0,False,True
2016-03-09,324.03934743331394,0.07980334595350717,0.0,323.9595440873604,-12286.41804492151,-1.0,-1.0,False,True
2016-03-10,121.36418447406685,0.19071683004758688,0.0,121.17346764401925,-12384.505010032977,-1.0,-1.0,False,True
2016-03-11,508.7224535538385,0.2631914639771068,0.0,508.4592620898614,-12418.895255910737,-1.0,-1.0,False,True
2016-03-14,178.31093600832995,0.0936255033856661,0.0,178.2173105049443,-12513.559560046295,-1.0,-1.0,False,True
2016-03-15,-164.92556780757937,0.2543405288045799,0.0,-165.17990833638396,-12610.097192801515,-1.0,-1.0,False,True
2016-03-16,524.8150798446675,0.27072797147496813,0.0,524.5443518731926,-12640.716902781305,-1.0,-1.0,False,True
2016-03-17,345.0094991190572,0.08828467715691932,0.0,344.92121444190025,-12713.726372781606,-1.0,-1.0,False,True
2016-03-18,35.557572159721005,0.21109931382315525,0.0,35.34647284589785,-12818.891989785867,-1.0,-1.0,False,True
2016-03-21,537.9573923602942,0.31751033116161165,0.0,537.6398820291325,-12846.15072244306,-1.0,-1.0,False,True
2016-03-22,113.2744505724829,0.08303180081314615,0.0,113.19141877166976,-12949.25601176202,-1.0,-1.0,False,True
2016-03-23,-687.1640802495549,0.2981182554356359,0.0,-687.4621985049905,-12927.117901528853,-1.0,-1.0,False,True
2016-03-24,255.69757992195912,0.065299461838838,0.0,255.63228046012028,-13016.60007805551,-1.0,-1.0,False,True
2016-03-28,186.00169642487586,0.2677933750067837,0.0,185.73390304986907,-13114.966287790878,-1.0,-1.0,False,True
2016-03-29,798.0981069756665,0.3136092223289341,0.0,797.7844977533375,-13047.815311263386,-1.0,-1.0,False,True
2016-03-30,183.56873497685456,0.2171285518633396,0.0,183.35160642499122,-13146.892681006084,-1.0,-1.0,False,True
2016-03-31,-61.74045099966864,0.3188518178532653,0.0,-62.0593028175219,-13254.920213822526,-1.0,-1.0,False,True
2016-04-01,412.7752804083541,0.3589245417726211,0.0,412.41635586658145,-13316.575546116193,-1.0,-1.0,False,True
2016-04-04,-429.6570571741489,0.19841982920253906,0.0,-429.85547700335144,-13374.856517783648,-1.0,-1.0,False,True
2016-04-05,-710.7748329167187,0.17805661984840843,0.0,-710.9528895365671,-13343.800046047963,-1.0,-1.0,False,True
2016-04-06,916.9052158242131,0.10186522729304577,0.0,916.80335059692,-13224.155938468015,-1.0,-1.0,False,True
2016-04-07,-1409.105284862664,72.13815863345398,72.13815863345398,-1481.2434434961178,-12819.24920832484,-1.0,-1.0,False,True
2016-04-08,245.21613660735457,1.1201873101126978,0.0,244.09594929724187,-12910.324449535388,-1.0,-1.0,False,True
2016-04-11,-345.9986291045845,0.24534066291934878,0.0,-346.24396976750387,-12984.399546770039,-1.0,-1.0,False,True
2016-04-12,508.94840142715054,0.2077345408085273,0.0,508.740666886342,-13020.709242861958,-1.0,-1.0,False,True
2016-04-13,568.400527355185,0.1064876637888905,0.0,568.294039691396,-13040.100041437505,-1.0,-1.0,False,True
2016-04-14,149.02099276523236,0.05752697117202741,0.0,148.96346579406034,-13142.172780050005,-1.0,-1.0,False,True
2016-04-15,150.97076748407994,0.306367663478221,0.0,150.66439982060172,-13244.800822005898,-1.0,-1.0,False,True
2016-04-18,654.2223638677872,0.3241717812166125,0.0,653.8981920865706,-13234.44636687616,-1.0,-1.0,False,True
2016-04-19,-0.0,0.03270667644986642,0.0,-0.03270667644986642,-13344.277680527219,-1.0,-1.0,False,True
2016-04-20,-163.13647293529732,0.3427004459431817,0.0,-163.4791733812405,-13447.38186146647,-1.0,-1.0,False,True
2016-04-21,-284.3529490523289,0.3149978702316934,0.0,-284.6679469225606,-13535.660462941174,-1.0,-1.0,False,True
2016-04-22,480.9793810360568,0.27970808813468645,0.0,480.6996729479221,-13581.305890767604,-1.0,-1.0,False,True
2016-04-25,-41.84129973088373,0.14418047310351548,0.0,-41.98548020398725,-13693.508928166431,-1.0,-1.0,False,True
2016-04-26,251.118136655179,0.3610929775001506,0.0,250.75704367767884,-13788.599694222708,-1.0,-1.0,False,True
2016-04-27,386.94373737362076,0.31492095382127305,0.0,386.6288164197995,-13858.917088715521,-1.0,-1.0,False,True
2016-04-28,-891.0242128738438,0.2187415154935762,0.0,-891.2429543893373,-13744.35356569032,-1.0,-1.0,False,True
2016-04-29,-336.48357119794855,0.34793366252098085,0.0,-336.8315048604695,-13826.121900081414,-1.0,-1.0,False,True
2016-05-02,895.928232430183,0.26564989778406123,0.0,895.6625825323989,-13708.982248317845,-1.0,-1.0,False,True
2016-05-03,-744.9891356620734,0.3611071971658907,0.0,-745.3502428592393,-13667.034674476952,-1.0,-1.0,False,True
2016-05-04,-206.15010899726235,0.1273963353686374,0.0,-206.277505332631,-13768.248941307154,-1.0,-1.0,False,True
2016-05-05,121.48475266201662,73.71209883664145,73.71209883664145,47.77265382537517,-13878.145724480843,-1.0,-1.0,False,True
2016-05-06,541.3466163030342,0.30735116712968724,0.0,541.0392651359045,-13906.633590879957,-1.0,-1.0,False,True
2016-05-09,227.20020285643938,0.08099878795864837,0.0,227.11920406848074,-14006.805569089667,-1.0,-1.0,False,True
2016-05-10,694.367280543243,0.2997847523064307,0.0,694.0674957909366,-13980.179819798857,-1.0,-1.0,False,True
2016-05-11,-695.2283056190508,0.07591486237296267,0.0,-695.3042204814238,-13955.790335187512,-1.0,-1.0,False,True
2016-05-12,388.8784372683972,0.07152853140666368,0.0,388.8069087369905,-14027.286099703737,-1.0,-1.0,False,True
2016-05-13,-479.1687668733883,0.20271966425762245,0.0,-479.3714865376459,-14075.29988556873,-1.0,-1.0,False,True
2016-05-16,504.43905752738016,0.1412170172499774,0.0,504.2978405101302,-14116.362626309108,-1.0,-1.0,False,True
2016-05-17,-464.4647021062847,0.11691474794135692,0.0,-464.581616854226,-14169.09431542128,-1.0,-1.0,False,True
2016-05-18,-58.818177609621074,0.14951585432911788,0.0,-58.96769346395019,-14285.636578690888,-1.0,-1.0,False,True
2016-05-19,78.39056329416844,0.3322832262902597,0.0,78.05828006787819,-14402.302467014475,-1.0,-1.0,False,True
2016-05-20,516.5876926925788,0.3451155426599611,0.0,516.2425771499188,-14439.809074498877,-1.0,-1.0,False,True
2016-05-23,-207.82543242445172,0.10937204173972043,0.0,-207.93480446619145,-14546.386943367539,-1.0,-1.0,False,True
2016-05-24,903.7718339657893,0.3315396527780846,0.0,903.4402943130111,-14418.274007238182,-1.0,-1.0,False,True
2016-05-25,264.8810976030521,0.40592197691681886,0.0,264.4751756261353,-14516.930799310738,-1.0,-1.0,False,True
2016-05-26,311.98738191860195,0.319504618876365,0.0,311.6678772997256,-14607.168702432962,-1.0,-1.0,False,True
2016-05-27,412.8037194116792,0.30079301040741485,0.0,412.5029264012718,-14675.316874715245,-1.0,-1.0,False,True
2016-05-31,95.00597530037653,0.2286477138767261,0.0,94.77732758649981,-14794.275631117993,-1.0,-1.0,False,True
2016-06-01,-0.0,0.3991251237735404,0.0,-0.3991251237735404,-14917.051807924932,-1.0,-1.0,False,True
2016-06-02,435.8379072997131,88.65825509466957,88.65825509466957,347.1796522050435,-14980.21683148079,-1.0,-1.0,False,True
2016-06-03,43.42664281783216,0.18903401210147064,0.0,43.23760880573069,-15103.93288461695,-1.0,-1.0,False,True
2016-06-06,218.68929680993827,0.3757302354505617,0.0,218.3135665744877,-15213.753822040824,-1.0,-1.0,False,True
2016-06-07,-0.0,0.33353025439843237,0.0,-0.33353025439843237,-15340.011205350846,-1.0,-1.0,False,True
2016-06-08,-0.0,0.38344834931191685,0.0,-0.38344834931191685,-15467.316385741504,-1.0,-1.0,False,True
2016-06-09,-272.7113103173501,0.37987717583820885,0.0,-273.09118749318833,-15570.97358745283,-1.0,-1.0,False,True
2016-06-10,-1125.7144385546949,0.2883273588985343,0.0,-1126.0027659135935,-15293.159154441599,-1.0,-1.0,False,True
2016-06-13,-2366.280925094595,0.6708122351861311,0.0,-2366.9517373297813,0.0,0.0,-1.0,False,True
2016-06-14,252.18401432530496,37.54607936120393,0.0,214.63793496410102,0.0,0.0,-1.0,False,True
2016-06-15,-0.0,0.0,0.0,-0.0,0.0,0.0,0.0,False,True
2016-06-16,-0.0,0.0,0.0,-0.0,0.0,0.0,0.0,False,True
2016-06-17,0.0,0.0,0.0,0.0,0.0,0.0,0.0,False,True
2016-06-20,-0.0,0.0,0.0,-0.0,0.0,0.0,0.0,False,True
2016-06-21,0.0,0.0,0.0,0.0,0.0,0.0,0.0,False,True
2016-06-22,0.0,0.0,0.0,0.0,0.0,0.0,0.0,False,True
2016-06-23,-0.0,0.0,0.0,-0.0,0.0,0.0,0.0,False,True
2016-06-24,0.0,0.0,0.0,0.0,9567.697054635,1.0,0.0,False,True
2016-06-27,0.0,20.733381566598048,0.0,-20.733381566598048,0.0,0.0,0.0,False,True
2016-06-28,-1931.7443313269393,25.978515181459276,0.0,-1957.7228465083986,0.0,0.0,1.0,False,True
2016-06-29,-0.0,0.0,0.0,-0.0,0.0,0.0,0.0,False,True
2016-06-30,-0.0,0.0,0.0,-0.0,-9057.857541466177,-1.0,0.0,False,True
2016-07-01,-0.0,27.673037198220072,0.0,-27.673037198220072,-9130.844189657577,-1.0,0.0,False,True
2016-07-05,-26.998085071433692,0.22232188527840885,0.0,-27.2204069567121,-9206.476928476755,-1.0,-1.0,False,True
2016-07-06,352.75178147265405,0.23964005344561964,0.0,352.51214141920843,-9258.31766410151,-1.0,-1.0,False,True
2016-07-07,142.29485206301018,53.54006918640092,53.54006918640092,88.75478287660926,-9331.139905986423,-1.0,-1.0,False,True
2016-07-08,471.4277735610396,0.22248225911187947,0.0,471.20529130192773,-9364.288268457356,-1.0,-1.0,False,True
2016-07-11,27.812637573728455,0.10157569964934511,0.0,27.71106187407911,-9441.847069273575,-1.0,-1.0,False,True
2016-07-12,279.9488271586655,0.24498542630701056,0.0,279.7038417323585,-9504.314903943961,-1.0,-1.0,False,True
2016-07-13,-0.0,0.1973175055073821,0.0,-0.1973175055073821,-9583.190238983754,-1.0,-1.0,False,True
2016-07-14,58.578212042798235,0.2506890493512796,0.0,58.327522993446955,-9662.012334049126,-1.0,-1.0,False,True
2016-07-15,-118.86127428196798,0.24745068129251613,0.0,-119.1087249632605,-9739.259576390268,-1.0,-1.0,False,True
2016-07-18,355.1122450492784,0.25175969284473887,0.0,354.8604853564336,-9793.767837593226,-1.0,-1.0,False,True
2016-07-19,30.967439034626228,0.17821680297617926,0.0,30.789222231650047,-9874.844216854033,-1.0,-1.0,False,True
2016-07-20,124.96035518460286,0.26850820272157344,0.0,124.69184698188128,-9953.47691290184,-1.0,-1.0,False,True
2016-07-21,-223.34058002577785,0.25465565070774865,0.0,-223.5952356764856,-10025.415919129438,-1.0,-1.0,False,True
2016-07-22,283.0372581867818,0.23979668742532645,0.0,282.7974614993565,-10091.407307506406,-1.0,-1.0,False,True
2016-07-25,32.602978598795325,0.22068898233733095,0.0,32.382289616457996,-10174.924739856437,-1.0,-1.0,False,True
2016-07-26,98.77397038342203,0.282060521116248,0.0,98.49190986230577,-10257.229166760235,-1.0,-1.0,False,True
2016-07-27,268.20229956787966,0.2854891288541225,0.0,267.91681043902554,-10326.51258533244,-1.0,-1.0,False,True
2016-07-28,277.6914833640677,0.24701044882264694,0.0,277.44447291524506,-10395.163506855406,-1.0,-1.0,False,True
2016-07-29,395.10135109098104,0.25449256622437405,0.0,394.84685852475667,-10446.78577187684,-1.0,-1.0,False,True
2016-08-01,150.38211221490639,0.19417549228245487,0.0,150.18793672262393,-10528.433940195471,-1.0,-1.0,False,True
2016-08-02,-460.04194224778746,0.2941629965785515,0.0,-460.336105244366,-10568.209009941454,-1.0,-1.0,False,True
2016-08-03,296.05438144662156,0.14744826940192715,0.0,295.9069331772196,-10636.206420265806,-1.0,-1.0,False,True
2016-08-04,305.7709659295888,68.45519942035415,68.45519942035415,237.31576650923463,-10703.210208497507,-1.0,-1.0,False,True
2016-08-05,368.49849015094156,0.22407465884989747,0.0,368.2744154920917,-10761.005716550619,-1.0,-1.0,False,True
2016-08-08,139.68300435233198,0.19583601902294123,0.0,139.48716833330903,-10845.819060884147,-1.0,-1.0,False,True
2016-08-09,177.8678630834807,0.29221404350207203,0.0,177.57564903997863,-10928.45437952131,-1.0,-1.0,False,True
2016-08-10,-218.73920795060627,0.27908138913704295,0.0,-219.01828933974332,-11007.924456300345,-1.0,-1.0,False,True
2016-08-11,72.01617383539698,0.27017190281429665,0.0,71.74600193258269,-11098.051796253314,-1.0,-1.0,False,True
2016-08-12,73.02105775323578,0.3084491601061548,0.0,72.71260859312963,-11188.880004434053,-1.0,-1.0,False,True
2016-08-15,111.16579428634451,0.31399296251351677,0.0,110.85180132383098,-11278.760656637172,-1.0,-1.0,False,True
2016-08-16,-377.36526153234666,0.300579668868506,0.0,-377.6658412012152,-11337.961077537597,-1.0,-1.0,False,True
2016-08-17,367.9856657956664,0.20465575522069157,0.0,367.7810100404457,-11399.343285715786,-1.0,-1.0,False,True
2016-08-18,191.19664548967322,0.21583795328522756,0.0,190.980807536388,-11485.036173276416,-1.0,-1.0,False,True
2016-08-19,-78.21161774076147,0.2992681763190655,0.0,-78.51088591708053,-11578.839565981501,-1.0,-1.0,False,True
2016-08-22,-39.13129871644438,0.3264803990584472,0.0,-39.457779115502824,-11674.54960557183,-1.0,-1.0,False,True
2016-08-23,39.316942499087375,0.3342514159457826,0.0,38.982691083141596,-11771.047044332765,-1.0,-1.0,False,True
2016-08-24,-357.9930032372966,0.3269747924957286,0.0,-358.3199780297923,-11836.393402085685,-1.0,-1.0,False,True
2016-08-25,116.73765663801129,0.2236394547470554,0.0,116.51401718326423,-11931.170423315474,-1.0,-1.0,False,True
2016-08-26,-118.56153658182609,0.3211452785472195,0.0,-118.88268186037331,-12026.57927329496,-1.0,-1.0,False,True
2016-08-29,354.9769712721958,0.3331995612571461,0.0,354.6437717109386,-12093.913653214637,-1.0,-1.0,False,True
2016-08-30,122.92926003367941,0.23758257975101288,0.0,122.6916774539284,-12190.36845455056,-1.0,-1.0,False,True
2016-08-31,-41.63137230022187,0.33916353814518574,0.0,-41.970535838367056,-12291.080563397174,-1.0,-1.0,False,True
2016-09-01,-0.0,0.35413348736802447,0.0,-0.35413348736802447,-12393.082980955618,-1.0,-1.0,False,True
2016-09-02,548.144244679804,0.37541284738745095,0.0,547.7688318324166,-12416.535341887446,-1.0,-1.0,False,True
2016-09-06,489.49340319753014,0.08986418674812434,0.0,489.403539010782,-12456.820805738696,-1.0,-1.0,False,True
2016-09-07,139.25086364733613,0.15611569167308922,0.0,139.09474795566305,-12555.054005610184,-1.0,-1.0,False,True
2016-09-08,-141.28719250365387,80.49347466760629,80.49347466760629,-221.78066717126018,-12653.85972442077,-1.0,-1.0,False,True
2016-09-09,-1537.3535517073683,0.28328912386252153,0.0,-1537.6368408312308,0.0,0.0,-1.0,False,True
2016-09-12,672.5128245146694,38.3167096529728,0.0,634.1961148616966,0.0,0.0,-1.0,False,True
2016-09-13,0.0,0.0,0.0,0.0,0.0,0.0,0.0,False,True
2016-09-14,0.0,0.0,0.0,0.0,0.0,0.0,0.0,False,True
2016-09-15,-0.0,0.0,0.0,-0.0,0.0,0.0,0.0,False,True
2016-09-16,-0.0,0.0,0.0,-0.0,-12172.264534712587,-1.0,0.0,False,True
2016-09-19,-0.0,36.42794495789899,0.0,-36.42794495789899,-12253.434942404227,-1.0,0.0,False,True
2016-09-20,-213.23675097306804,0.23873649321070414,0.0,-213.47548746627874,-12343.18688499901,-1.0,-1.0,False,True
2016-09-21,949.3335536439434,0.28614538463344513,0.0,949.04740825931,-12213.285436775997,-1.0,-1.0,False,True
2016-09-22,575.8874129859572,0.4344175674668437,0.0,575.4529954184903,-12231.520968852576,-1.0,-1.0,False,True
2016-09-23,-199.2379353470793,0.060004559802544766,0.0,-199.29793990688182,-12322.730351277676,-1.0,-1.0,False,True
2016-09-26,-549.7312794989908,0.2872184853632199,0.0,-550.0184979843541,-12345.727438425667,-1.0,-1.0,False,True
2016-09-27,567.8677581233941,0.07591631023088782,0.0,567.7918418131632,-12364.423008653275,-1.0,-1.0,False,True
2016-09-28,238.56478141885452,0.06293254345910802,0.0,238.5018488753954,-12452.115443598866,-1.0,-1.0,False,True
2016-09-29,-568.4792187886584,0.2822127027291398,0.0,-568.7614314913875,-12469.91539364931,-1.0,-1.0,False,True
2016-09-30,117.28837152526482,0.05782868082948971,0.0,117.23054284443533,-12569.760830930083,-1.0,-1.0,False,True
2016-10-03,237.14577610743555,0.33066744172146384,0.0,236.8151086657141,-12658.894562420122,-1.0,-1.0,False,True
2016-10-04,121.83936185069611,0.29808181004009876,0.0,121.541280040656,-12759.915659778704,-1.0,-1.0,False,True
2016-10-05,165.20580179341,0.3423028918761862,0.0,164.8634989015338,-12858.323201229467,-1.0,-1.0,False,True
2016-10-06,126.54461811350824,79.45142158103896,79.45142158103896,47.09319653246928,-12960.607927094967,-1.0,-1.0,False,True
2016-10-07,-155.6226711192689,0.3134285321738046,0.0,-155.9360996514427,-13061.419456732101,-1.0,-1.0,False,True
2016-10-10,309.9696963131849,0.3164833625668076,0.0,309.65321295061807,-13142.909713477306,-1.0,-1.0,False,True
2016-10-11,-520.0565174196574,0.24603096660923313,0.0,-520.3025483862667,-13176.42400321811,-1.0,-1.0,False,True
2016-10-12,-193.56273510275787,0.09971595641313263,0.0,-193.662451059171,-13275.279653468591,-1.0,-1.0,False,True
2016-10-13,-229.48779105749722,0.2890928431005526,0.0,-229.77688390059777,0.0,0.0,-1.0,False,True
2016-10-14,151.50105168009813,39.27030777721589,0.0,112.23074390288224,0.0,0.0,-1.0,False,True
2016-10-17,-0.0,0.0,0.0,-0.0,0.0,0.0,0.0,False,True
2016-10-18,-0.0,0.0,0.0,-0.0,0.0,0.0,0.0,False,True
2016-10-19,-0.0,0.0,0.0,-0.0,-13702.19374143318,-1.0,0.0,False,True
2016-10-20,-0.0,44.51584337549607,0.0,-44.51584337549607,-13796.973556540484,-1.0,0.0,False,True
2016-10-21,173.72036439218093,0.3118757960994751,0.0,173.40848859608144,-13902.542988367466,-1.0,-1.0,False,True
2016-10-24,575.7966492296177,0.362508099238379,0.0,575.4341411303793,-13919.860040833293,-1.0,-1.0,False,True
2016-10-25,-279.4481002686909,0.0582922127339009,0.0,-279.50639248142477,-14012.362058335031,-1.0,-1.0,False,True
2016-10-26,-365.7106086261616,0.3034066174057007,0.0,-366.0140152435673,-14088.608780096027,-1.0,-1.0,False,True
2016-10-27,-403.556027280048,0.24308830421468264,0.0,-403.79911558426267,-14156.668780146203,-1.0,-1.0,False,True
2016-10-28,-482.03638127855845,0.20980902271106985,0.0,-482.2461903012695,0.0,0.0,-1.0,False,True
2016-10-31,-510.9173695090384,42.12071262597927,0.0,-553.0380821350177,0.0,0.0,-1.0,False,True
2016-11-01,0.0,0.0,0.0,0.0,0.0,0.0,0.0,False,True
2016-11-02,0.0,0.0,0.0,0.0,0.0,0.0,0.0,False,True
2016-11-03,0.0,0.0,0.0,0.0,0.0,0.0,0.0,False,True
2016-11-04,-0.0,0.0,0.0,-0.0,14273.84873553942,1.0,0.0,False,True
2016-11-07,-0.0,44.134826407022345,0.0,-44.134826407022345,13498.019016613642,1.0,0.0,False,True
2016-11-08,0.0,2.3988701716407954,0.0,-2.3988701716407954,13610.037692664357,1.0,1.0,False,True
2016-11-09,-692.2061034160832,0.3650847152686258,0.0,-692.5711881313518,0.0,0.0,1.0,False,True
2016-11-10,476.02675554628706,42.85802960055597,0.0,433.16872594573107,0.0,0.0,1.0,False,True
2016-11-11,-0.0,0.0,0.0,-0.0,0.0,0.0,0.0,False,True
2016-11-14,-0.0,0.0,0.0,-0.0,0.0,0.0,0.0,False,True
2016-11-15,-0.0,0.0,0.0,-0.0,0.0,0.0,0.0,False,True
2016-11-16,0.0,0.0,0.0,0.0,0.0,0.0,0.0,False,True
2016-11-17,-0.0,0.0,0.0,-0.0,0.0,0.0,0.0,False,True
2016-11-18,-0.0,0.0,0.0,-0.0,-14112.457848022219,-1.0,0.0,False,True
2016-11-21,-0.0,49.96638789023412,0.0,-49.96638789023412,-14163.688894157034,-1.0,0.0,False,True
2016-11-22,48.74769550266655,0.18201671503703837,0.0,48.565678787629516,-14280.514089024071,-1.0,-1.0,False,True
2016-11-23,-0.0,0.41506351729189844,0.0,-0.41506351729189844,-14399.026611462154,-1.0,-1.0,False,True
2016-11-25,98.99836456862516,0.4239976806249031,0.0,98.57436688800026,-14515.485690250252,-1.0,-1.0,False,True
2016-11-28,-100.5167651760033,0.4137627582592767,0.0,-100.93052793426259,-14632.793405045782,-1.0,-1.0,False,True
2016-11-29,150.94092572184005,0.42115729480006414,0.0,150.51976842704,-14747.061018518953,-1.0,-1.0,False,True
2016-11-30,-256.266084151415,0.4031817687091198,0.0,-256.66926592012413,-14848.660775699054,-1.0,-1.0,False,True
2016-12-01,-507.64409702302646,0.34655491217838363,0.0,-507.9906519352048,-14890.413764475263,-1.0,-1.0,False,True
2016-12-02,-49.41318061796686,0.14194631341828742,0.0,-49.555126931385146,-15013.213665262709,-1.0,-1.0,False,True
2016-12-05,1531.0209840753998,0.46532309910215197,0.0,1530.5556609762978,-14432.81053766436,-1.0,-1.0,False,True
2016-12-06,444.01371283586633,2.266336022050696,0.0,441.7473768138156,-14497.223532254286,-1.0,-1.0,False,True
2016-12-07,-219.92854152631455,0.24774228688433006,0.0,-220.17628381319886,-14602.577057172606,-1.0,-1.0,False,True
2016-12-08,-108.79717472611404,96.06214365269747,96.06214365269747,-204.8593183788115,-14720.05042880049,-1.0,-1.0,False,True
2016-12-09,282.1754020709695,0.3954358158245694,0.0,281.7799662551449,-14817.056411155369,-1.0,-1.0,False,True
2016-12-12,-338.39196388047066,0.3192010655337082,0.0,-338.7111649460044,-14903.75292748227,-1.0,-1.0,False,True
2016-12-13,95.13358851464051,0.28712093452366405,0.0,94.84646758011684,-15024.548867200421,-1.0,-1.0,False,True
2016-12-14,144.46287167188058,0.40396684571323,0.0,144.05890482616735,-15142.493198923252,-1.0,-1.0,False,True
2016-12-15,245.0986764633014,0.40097160867628984,0.0,244.6977048546251,-15248.631726460146,-1.0,-1.0,False,True
2016-12-16,100.44771607909243,0.3632453780478005,0.0,100.08447070104462,-15371.876029013134,-1.0,-1.0,False,True
2016-12-19,509.1362846898209,0.4363572024760381,0.0,508.6999274873449,-15414.40825727561,-1.0,-1.0,False,True
2016-12-20,265.4900868568766,0.1532356202778154,0.0,265.33685123659876,-15519.249365765378,-1.0,-1.0,False,True
2016-12-21,216.72278744851317,0.3831092199715196,0.0,216.33967822854166,-15632.42042780414,-1.0,-1.0,False,True
2016-12-22,-276.6354610653365,0.40630591449993403,0.0,-277.0417669798364,-15736.513293610566,-1.0,-1.0,False,True
2016-12-23,-0.0,0.3737134411614238,0.0,-0.3737134411614238,-15867.10900418373,-1.0,-1.0,False,True
2016-12-27,330.71481527728116,0.478928813372072,0.0,330.2358864639091,-15961.56011749524,-1.0,-1.0,False,True
2016-12-28,-738.0050699620352,0.3309825338266597,0.0,-738.3360524958618,-15910.920002089373,-1.0,-1.0,False,True
2016-12-29,-218.27774519651533,0.1750627935615997,0.0,-218.45280799007693,-16027.036769181452,-1.0,-1.0,False,True
2016-12-30,-321.9747723862956,0.3934535083285308,0.0,-322.3682258946242,-16124.465193968052,-1.0,-1.0,False,True
2017-01-03,1430.5123727864432,0.3624832501134841,0.0,1430.1498895363297,-15594.115334487422,-1.0,-1.0,False,True
2017-01-04,702.336052005868,108.55273803561558,108.55273803561558,593.7833139702525,-15573.369414071825,-1.0,-1.0,False,True
2017-01-05,156.20148916014222,0.07171861189202883,0.0,156.12977054825018,-15694.593092018053,-1.0,-1.0,False,True
2017-01-06,157.57203454372737,0.42335356011885183,0.0,157.14868098360853,-15816.467410180116,-1.0,-1.0,False,True
2017-01-09,160.42173518246744,0.43002126029643567,0.0,159.99171392217102,-15938.980722017259,-1.0,-1.0,False,True
2017-01-10,54.44567094726467,0.433769066090058,0.0,54.01190188117461,-16070.240775435965,-1.0,-1.0,False,True
2017-01-11,275.2846411401948,0.4729052891183604,0.0,274.81173585107643,-16177.456380223593,-1.0,-1.0,False,True
2017-01-12,-112.97181564454024,0.3835811340569616,0.0,-113.35539677859721,-16307.28291992392,-1.0,-1.0,False,True
2017-01-13,112.93163267171686,0.4677406087621622,0.0,112.4638920629547,-16438.14251264252,-1.0,-1.0,False,True
2017-01-17,57.31909637934553,0.47312551159282096,0.0,56.84597086775271,-16573.399104680702,-1.0,-1.0,False,True
2017-01-18,-0.0,0.4890229518135333,0.0,-0.4890229518135333,-16710.94004480543,-1.0,-1.0,False,True
2017-01-19,-58.45996156853679,0.49553414280437696,0.0,-58.955495711341165,-16848.393123961476,-1.0,-1.0,False,True
2017-01-20,469.9034107502409,0.5095457726399552,0.0,469.3938649776009,-16908.70249683648,-1.0,-1.0,False,True
2017-01-23,304.6725700535524,0.2276873193255168,0.0,304.4448827342269,-17015.651760874585,-1.0,-1.0,False,True
2017-01-24,685.0671361517525,0.4208176416086735,0.0,684.6463185101438,-16988.146652401603,-1.0,-1.0,False,True
2017-01-25,391.91520370536614,0.11077695946878843,0.0,391.80442674589733,-17074.321368130055,-1.0,-1.0,False,True
2017-01-26,66.75106739646914,0.3484381996909783,0.0,66.40262919677816,-17214.39235739998,-1.0,-1.0,False,True
2017-01-27,202.06297477077092,0.5731447664737381,0.0,201.48983000429718,-17342.14497472802,-1.0,-1.0,False,True
2017-01-30,-481.04090419880305,0.5085298359659929,0.0,-481.54943403476904,-17400.46062541035,-1.0,-1.0,False,True
2017-01-31,-67.34813582418569,0.23123227059724208,0.0,-67.57936809478294,-17543.183078780043,-1.0,-1.0,False,True
2017-02-01,336.56596954372026,0.5770828982403783,0.0,335.98888664547985,-17646.155341899204,-1.0,-1.0,False,True
2017-02-02,-346.01939011400657,127.22776677670628,127.22776677670628,-473.24715689071286,-17747.508003926883,-1.0,-1.0,False,True
2017-02-03,311.21967093296655,0.3730214670677589,0.0,310.8466494658988,-17858.088463407454,-1.0,-1.0,False,True
2017-02-06,-63.72534292253763,0.40552762421318317,0.0,-64.13087054675081,-18004.736351092513,-1.0,-1.0,False,True
2017-02-07,-0.0,0.5377963680758003,0.0,-0.5377963680758003,-18154.155812289686,-1.0,-1.0,False,True
2017-02-08,-0.0,0.5479604569842641,0.0,-0.5479604569842641,-18304.815290277387,-1.0,-1.0,False,True
2017-02-09,389.71354158761255,0.5646287566266689,0.0,389.14891283098586,-18397.167443299488,-1.0,-1.0,False,True
2017-02-10,401.5681599329609,0.35387273587907686,0.0,401.21428719708183,-18486.714795161424,-1.0,-1.0,False,True
2017-02-13,412.6467463917651,0.3509982243154298,0.0,412.29574816744963,-18573.19220281549,-1.0,-1.0,False,True
2017-02-14,1095.7708578393945,0.3603225318919461,0.0,1095.4105353075024,-18268.149327507523,-1.0,-1.0,False,True
2017-02-15,-868.2589850909661,1.2142483386045353,0.0,-869.4732334295707,-18143.965218253412,-1.0,-1.0,False,True
2017-02-16,-141.88853846607617,0.490515267766719,0.0,-142.37905373384288,-18286.91513788896,-1.0,-1.0,False,True
2017-02-17,-209.7568233324113,0.5581854004816574,0.0,-210.31500873289295,-18421.394657632318,-1.0,-1.0,False,True
2017-02-21,-69.66443862053156,0.5231176764210381,0.0,-70.1875562969526,-18572.351265016867,-1.0,-1.0,False,True
2017-02-22,-69.91041615799519,0.5849925238909743,0.0,-70.49540868188616,-18724.527954228754,-1.0,-1.0,False,True
2017-02-23,-421.3009738756188,0.5766399498786835,0.0,-421.8776138254975,-18808.794173897935,-1.0,-1.0,False,True
2017-02-24,276.88765921225655,0.3241008448814683,0.0,276.5635583673751,-18934.15235108422,-1.0,-1.0,False,True
2017-02-27,70.57708883263547,0.4839628309451665,0.0,70.09312600169031,-19089.261535871705,-1.0,-1.0,False,True
2017-02-28,-356.5753738433935,0.5877519941115421,0.0,-357.16312583750505,-19195.655016750927,-1.0,-1.0,False,True
2017-03-01,352.8514147111223,0.41074696007985856,0.0,352.44066775104244,-19303.988951492043,-1.0,-1.0,False,True
2017-03-02,-0.0,0.4182383544619377,0.0,-0.4182383544619377,-19464.190776825246,-1.0,-1.0,False,True
2017-03-03,654.3725068302413,0.6401827328129929,0.0,653.7323240974283,-19448.724501086166,-1.0,-1.0,False,True
2017-03-06,227.65135411491298,0.06253622340259059,0.0,227.5888178915104,-19588.853794028844,-1.0,-1.0,False,True
2017-03-07,76.72080671039947,0.5688416842227529,0.0,76.15196502617673,-19748.943413147703,-1.0,-1.0,False,True
2017-03-08,-77.57961898625292,0.6473051660624458,0.0,-78.22692415231538,-19910.28026336111,-1.0,-1.0,False,True
2017-03-09,-155.8102044429807,140.90365430995334,140.90365430995334,-296.713858752934,-20065.119048009547,-1.0,-1.0,False,True
2017-03-10,310.5589642465356,0.5588371629036883,0.0,310.0001270836319,-20190.148726046,-1.0,-1.0,False,True
2017-03-13,459.23687961993505,0.4618213332878074,0.0,458.77505828664727,-20267.025455308296,-1.0,-1.0,False,True
2017-03-14,-291.02917082588533,0.27992414740267,0.0,-291.309094973288,-20398.693009715178,-1.0,-1.0,False,True
2017-03-15,503.97576620659953,0.49165480243006987,0.0,503.4841114041695,-20457.73636243703,-1.0,-1.0,False,True
2017-03-16,668.809606875906,0.2279451470429314,0.0,668.581661728863,-20435.34568595037,-1.0,-1.0,False,True
2017-03-17,-0.0,0.08644234801817419,0.0,-0.08644234801817419,-20604.936524840236,-1.0,-1.0,False,True
2017-03-20,153.93857390546353,0.6596987091541209,0.0,153.2788751963094,-20765.431525037966,-1.0,-1.0,False,True
2017-03-21,-938.3652307327598,0.5971229589933709,0.0,-938.9623536917532,-20555.28573062526,-1.0,-1.0,False,True
2017-03-22,-226.12085145232024,0.7734270709982929,0.0,-226.89427852331852,-20704.100171082508,-1.0,-1.0,False,True
2017-03-23,-516.649910644082,0.5342725095225211,0.0,-517.1841831536045,-20758.204745828243,-1.0,-1.0,False,True
2017-03-24,507.63117757470104,0.1991281476279317,0.0,507.4320494270731,-20817.538113248145,-1.0,-1.0,False,True
2017-03-27,521.7502090513407,0.22400258418195074,0.0,521.5262064671588,-20870.64966519221,-1.0,-1.0,False,True
2017-03-28,996.7881969511056,0.21059706283429855,0.0,996.5775998882714,-20615.93817520761,-1.0,-1.0,False,True
2017-03-29,-0.0,1.0099778616410573,0.0,-1.0099778616410573,-20787.02773265214,-1.0,-1.0,False,True
2017-03-30,159.50435725499247,0.6836912139596133,0.0,158.82066604103287,-20948.16163165306,-1.0,-1.0,False,True
2017-03-31,-729.3693941281475,0.6220800243915021,0.0,-729.991474152539,-20886.372357289416,-1.0,-1.0,False,True
2017-04-03,-315.6031884241502,0.23500558895263463,0.0,-315.8381940131028,-21016.050964176862,-1.0,-1.0,False,True
2017-04-04,387.5022700795808,0.502535244081786,0.0,386.999734835499,-21123.130698405064,-1.0,-1.0,False,True
2017-04-05,-1032.9250001296762,155.64922956449183,155.64922956449183,-1188.574229694168,0.0,0.0,-1.0,False,True
2017-04-06,532.835729329136,80.04143795144249,0.0,452.7942913776935,0.0,0.0,-1.0,False,True
2017-04-07,0.0,0.0,0.0,0.0,0.0,0.0,0.0,False,True
2017-04-10,0.0,0.0,0.0,0.0,0.0,0.0,0.0,False,True
2017-04-11,0.0,0.0,0.0,0.0,0.0,0.0,0.0,False,True
2017-04-12,0.0,0.0,0.0,0.0,0.0,0.0,0.0,False,True
2017-04-13,0.0,0.0,0.0,0.0,0.0,0.0,0.0,False,True
2017-04-17,-0.0,0.0,0.0,-0.0,0.0,0.0,0.0,False,True
2017-04-18,0.0,0.0,0.0,0.0,0.0,0.0,0.0,False,True
2017-04-19,0.0,0.0,0.0,0.0,0.0,0.0,0.0,False,True
2017-04-20,-0.0,0.0,0.0,-0.0,0.0,0.0,0.0,False,True
2017-04-21,0.0,0.0,0.0,0.0,0.0,0.0,0.0,False,True
2017-04-24,-0.0,0.0,0.0,-0.0,-19148.42753219887,-1.0,0.0,False,True
2017-04-25,-0.0,78.66588465131801,0.0,-78.66588465131801,-19270.429963574767,-1.0,0.0,False,True
2017-04-26,153.49440907574262,0.5052625945870398,0.0,152.9891464811556,-19420.624124915037,-1.0,-1.0,False,True
2017-04-27,-0.0,0.6220162237324335,0.0,-0.6220162237324335,-19581.793893595466,-1.0,-1.0,False,True
2017-04-28,156.93433636294864,0.6729084028408956,0.0,156.26142796010774,-19733.927504666764,-1.0,-1.0,False,True
2017-05-01,717.866171251975,0.6593528598227513,0.0,717.2068183921522,-19682.54678174951,-1.0,-1.0,False,True
2017-05-02,-0.0,0.22268600841516964,0.0,-0.22268600841516964,-19845.89021970764,-1.0,-1.0,False,True
2017-05-03,-416.12149644290747,0.6932796020997253,0.0,-416.8147760450072,-19937.01971782474,-1.0,-1.0,False,True
2017-05-04,575.2431947741348,160.85791986576209,160.85791986576209,414.38527490837276,-19962.962962069432,-1.0,-1.0,False,True
2017-05-05,-0.0,0.10489871933258238,0.0,-0.10489871933258238,-20128.63354516078,-1.0,-1.0,False,True
2017-05-08,314.99744318847394,0.6806106118983268,0.0,314.3168325765756,-20252.820392908503,-1.0,-1.0,False,True
2017-05-09,-0.0,0.5101864486629858,0.0,-0.5101864486629858,-20420.896473103247,-1.0,-1.0,False,True
2017-05-10,-0.0,0.690492914627704,0.0,-0.690492914627704,-20590.367399456976,-1.0,-1.0,False,True
2017-05-11,-245.5418413599591,0.6879512851983088,0.0,-246.2297926451574,-20734.572185807934,-1.0,-1.0,False,True
2017-05-12,326.18403801119763,0.5948084748882568,0.0,325.58922953630935,-20859.438001801274,-1.0,-1.0,False,True
2017-05-15,417.19461138446593,0.5256158578775102,0.0,416.66899552658845,-20955.173115521717,-1.0,-1.0,False,True
2017-05-16,171.3300862570972,0.40632915761264343,0.0,170.92375709948456,-21115.94569200344,-1.0,-1.0,False,True
2017-05-17,-3731.148836304073,0.5792333599077871,0.0,-3731.728069663981,0.0,0.0,-1.0,False,True
2017-05-18,-74.22125023551243,75.8103129047409,0.0,-150.03156314025333,0.0,0.0,-1.0,False,True
2017-05-19,-0.0,0.0,0.0,-0.0,0.0,0.0,0.0,False,True
2017-05-22,-0.0,0.0,0.0,-0.0,-16035.55839120277,-1.0,0.0,False,True
2017-05-23,0.0,66.67929959830768,0.0,-66.67929959830768,-16162.796989715616,-1.0,0.0,False,True
2017-05-24,455.3708265250275,0.5445493255768975,0.0,454.8262771994506,-16225.307795026394,-1.0,-1.0,False,True
2017-05-25,-67.48558242052395,0.26641819311246284,0.0,-67.75200061363641,-16358.383389807657,-1.0,-1.0,False,True
2017-05-26,134.92979455323405,0.5719181746364559,0.0,134.35787637859758,-16487.733648119352,-1.0,-1.0,False,True
2017-05-30,137.17721920174375,0.5606089419428648,0.0,136.6166102598009,-16617.893852209396,-1.0,-1.0,False,True
2017-05-31,-0.0,0.5641192777686871,0.0,-0.5641192777686871,-16755.804049682418,-1.0,-1.0,False,True
2017-06-01,281.0637438005812,0.6079911931606345,0.0,280.4557526074206,-16866.436065978076,-1.0,-1.0,False,True
2017-06-02,-0.0,0.487732544959353,0.0,-0.487732544959353,-17006.40888980352,-1.0,-1.0,False,True
2017-06-05,-217.6314331093951,0.609223543189295,0.0,-218.2406566525844,-17130.229832678524,-1.0,-1.0,False,True
2017-06-06,-288.8562019499536,0.5299226156445941,0.0,-289.38612456559815,-17241.76657422877,-1.0,-1.0,False,True
2017-06-07,143.0499359722621,0.481369095111596,0.0,142.5685668771505,-17377.290787940634,-1.0,-1.0,False,True
2017-06-08,362.98455945744706,141.65482553382694,141.65482553382694,221.32973392362013,-17472.464172296815,-1.0,-1.0,False,True
2017-06-09,-69.37042230714621,0.38788357441386095,0.0,-69.75830588156008,-17615.66670709706,-1.0,-1.0,False,True
2017-06-12,-138.94603715544363,0.5790240558984314,0.0,-139.52506121134206,-17754.542198499006,-1.0,-1.0,False,True
2017-06-13,555.9184759636163,0.5798263897637199,0.0,555.3386495738525,-17785.01828039523,-1.0,-1.0,False,True
2017-06-14,-0.0,0.12724229712272775,0.0,-0.12724229712272775,-17932.61432384839,-1.0,-1.0,False,True
2017-06-15,-217.33219894576607,0.6087965575029695,0.0,-217.94099550326902,-18063.228913742703,-1.0,-1.0,False,True
2017-06-16,144.32687584586523,0.5431235482420771,0.0,143.78375229762315,-18205.05562967245,-1.0,-1.0,False,True
2017-06-19,293.1152764907518,0.5994737477442896,0.0,292.5158027430075,-18322.58857541268,-1.0,-1.0,False,True
2017-06-20,75.0723943491665,0.49884583595749576,0.0,74.573548513209,-18472.43140136616,-1.0,-1.0,False,True
2017-06-21,-151.73986397857593,0.630755222186112,0.0,-152.37061920076204,-18616.585051568538,-1.0,-1.0,False,True
2017-06-22,303.448565114847,0.616941509216855,0.0,302.8316236056301,-18734.32403954041,-1.0,-1.0,False,True
2017-06-23,155.46208811330595,0.5081366849312376,0.0,154.95395142837472,-18880.096817299134,-1.0,-1.0,False,True
2017-06-26,394.4068218850604,0.6426541815169564,0.0,393.7641677035435,-18973.934571105696,-1.0,-1.0,False,True
2017-06-27,-649.637739950078,0.39993221476808966,0.0,-650.0376721648461,-18962.41893026417,-1.0,-1.0,False,True
2017-06-28,552.2558918824943,0.050550457655512845,0.0,552.2053414248388,-18998.63908586703,-1.0,-1.0,False,True
2017-06-29,-568.4665203933586,0.15436864654025337,0.0,-568.6208890398988,-19027.12897803748,-1.0,-1.0,False,True
2017-06-30,-473.9785218927326,0.1184670972604836,0.0,-474.09698898999306,-19094.89029107258,-1.0,-1.0,False,True
2017-07-03,-385.94582105552746,0.2761643970615486,0.0,-386.221985452589,-19192.987008212403,-1.0,-1.0,False,True
2017-07-05,379.6200853095947,0.4079072416564625,0.0,379.2121780679382,-19293.36780271858,-1.0,-1.0,False,True
2017-07-06,-1090.0682276469552,146.921838663703,146.921838663703,-1236.9900663106582,0.0,0.0,-1.0,False,True
2017-07-07,502.99282912115643,75.62409941792178,0.0,427.36872970323464,-19040.627266883334,-1.0,-1.0,False,True
2017-07-10,-0.0,76.08827660255524,0.0,-76.08827660255524,-19145.42771196173,-1.0,0.0,False,True
2017-07-11,222.69739493430586,0.42374933414341404,0.0,222.27364560016244,-19284.01878319068,-1.0,-1.0,False,True
2017-07-12,377.6218483621641,0.571653311910162,0.0,377.05019505025393,-19385.250228390756,-1.0,-1.0,False,True
2017-07-13,77.6016852442286,0.4192413387073836,0.0,77.18244390552123,-19543.629040279833,-1.0,-1.0,False,True
2017-07-14,548.2697034292328,0.6750032523339042,0.0,547.5947001768989,-19580.587843673286,-1.0,-1.0,False,True
2017-07-17,162.52498162394872,0.15883762464691284,0.0,162.3661439993018,-19732.101323740568,-1.0,-1.0,False,True
2017-07-18,246.2967024361419,0.6594535756643918,0.0,245.6372488604775,-19870.166691947772,-1.0,-1.0,False,True
2017-07-19,418.9405801218803,0.6139566265179367,0.0,418.32662349536236,-19960.603428047725,-1.0,-1.0,False,True
2017-07-20,86.20462773079362,0.4039113485945619,0.0,85.80071638219906,-20123.085700215117,-1.0,-1.0,False,True
2017-07-21,173.94861375205002,0.7320629844904466,0.0,173.21655076755957,-20276.994316932545,-1.0,-1.0,False,True
2017-07-24,88.45312395699145,0.6964959476175009,0.0,87.75662800937394,-20441.861065209592,-1.0,-1.0,False,True
2017-07-25,268.5694611514213,0.756100299704578,0.0,267.8133608517167,-20579.84862662731,-1.0,-1.0,False,True
2017-07-26,-182.92493123229883,0.6272161882623549,0.0,-183.5521474205612,-20735.875620422503,-1.0,-1.0,False,True
2017-07-27,-273.7895604429377,0.6999022697596163,0.0,-274.48946271269733,-20874.626669135603,-1.0,-1.0,False,True
2017-07-28,90.74781453139045,0.625142087608474,0.0,90.12267244378197,-21044.175164027678,-1.0,-1.0,False,True
2017-07-31,183.51320148690576,0.7706749767821582,0.0,182.7425265101236,-21203.583927713364,-1.0,-1.0,False,True
2017-08-01,93.32228454114427,0.7278128408811931,0.0,92.59447170026307,-21375.58183359022,-1.0,-1.0,False,True
2017-08-02,-94.44803531275744,0.7818086630766132,0.0,-95.22984397583406,-21548.873500720638,-1.0,-1.0,False,True
2017-08-03,-94.7919371777829,172.87845468632074,172.87845468632074,-267.67039186410364,-21723.53991995872,-1.0,-1.0,False,True
2017-08-04,-84.67140864723133,0.7007165546733203,0.0,-85.37212520190465,-21900.470730993547,-1.0,-1.0,False,True
2017-08-07,340.0945584337984,0.7210897865236544,0.0,339.37346864727476,-22027.9076492152,-1.0,-1.0,False,True
2017-08-08,-609.5558453954495,0.5053107975906985,0.0,-610.0611561930402,-22037.437197978285,-1.0,-1.0,False,True
2017-08-09,-255.64302881100406,0.03735291580175881,0.0,-255.68038172680582,-22189.864354965273,-1.0,-1.0,False,True
2017-08-10,-3539.47366086076,0.514786938753422,0.0,-3539.9884477995133,0.0,0.0,-1.0,False,True
2017-08-11,-146.2264537394721,74.45044505348415,0.0,-220.67689879295625,0.0,0.0,-1.0,False,True
2017-08-14,-0.0,0.0,0.0,-0.0,0.0,0.0,0.0,False,True
2017-08-15,0.0,0.0,0.0,0.0,0.0,0.0,0.0,False,True
2017-08-16,-0.0,0.0,0.0,-0.0,0.0,0.0,0.0,False,True
2017-08-17,0.0,0.0,0.0,0.0,0.0,0.0,0.0,False,True
2017-08-18,0.0,0.0,0.0,0.0,0.0,0.0,0.0,False,True
2017-08-21,-0.0,0.0,0.0,-0.0,0.0,0.0,0.0,False,True
2017-08-22,-0.0,0.0,0.0,-0.0,-14765.049010242152,-1.0,0.0,False,True
2017-08-23,0.0,55.53825774494754,0.0,-55.53825774494754,-14719.42437897199,-1.0,0.0,False,True
2017-08-24,216.734664370527,0.17417224227901829,0.0,216.560492128248,-14827.0505657651,-1.0,-1.0,False,True
2017-08-25,383.7466318540196,0.4218617264357077,0.0,383.3247701275839,-14903.40677854136,-1.0,-1.0,False,True
2017-08-28,56.700002163537164,0.3004419120755015,0.0,56.399560251461665,-15026.063733130182,-1.0,-1.0,False,True
2017-08-29,-171.63232374519947,0.47712857098118405,0.0,-172.10945231618066,-15141.24514043514,-1.0,-1.0,False,True
2017-08-30,-0.0,0.4480491175999286,0.0,-0.4480491175999286,-15266.900781629844,-1.0,-1.0,False,True
2017-08-31,632.0823398284119,0.510087256334937,0.0,631.572252572077,-15263.949500546742,-1.0,-1.0,False,True
2017-09-01,-0.0,0.011980447961107142,0.0,-0.011980447961107142,-15390.623452646803,-1.0,-1.0,False,True
2017-09-05,-664.9641366574824,0.4927544626283239,0.0,-665.4568911201108,-15373.890360721016,-1.0,-1.0,False,True
2017-09-06,-0.0,0.06509077504338572,0.0,-0.06509077504338572,-15501.476700748926,-1.0,-1.0,False,True
2017-09-07,408.41454468708815,112.42362784371828,112.42362784371828,295.99091684336986,-15574.754961679815,-1.0,-1.0,False,True
2017-09-08,-275.33706395646544,0.2621648078679268,0.0,-275.59922876433336,-15678.830903529568,-1.0,-1.0,False,True
2017-09-11,706.707904020374,0.39004694843143184,0.0,706.3178570719426,-15643.550167058207,-1.0,-1.0,False,True
2017-09-12,343.95972731692075,0.13518786872203672,0.0,343.8245394481987,-15734.50615194119,-1.0,-1.0,False,True
2017-09-13,526.3250523496213,0.3606571934431632,0.0,525.964395156178,-15772.531879064225,-1.0,-1.0,False,True
2017-09-14,-121.7369915043798,0.14962138311366865,0.0,-121.88661288749347,-15898.455454978608,-1.0,-1.0,False,True
2017-09-15,121.0942946569229,0.4993101172620604,0.0,120.59498453966084,-16025.381916960629,-1.0,-1.0,False,True
2017-09-18,615.0272903279922,0.5235397325214127,0.0,614.5037505954708,-16029.522218631997,-1.0,-1.0,False,True
2017-09-19,-0.0,0.017077703071036798,0.0,-0.017077703071036798,-16162.549580235696,-1.0,-1.0,False,True
2017-09-20,193.5153587762427,0.5554095545571968,0.0,192.9599492216855,-16283.667022370964,-1.0,-1.0,False,True
2017-09-21,-65.83523250604917,0.5036323658768751,0.0,-66.33886487192603,-16417.28679738526,-1.0,-1.0,False,True
2017-09-22,-132.1190022099073,0.5511479653507123,0.0,-132.67015017525802,-16547.367700441442,-1.0,-1.0,False,True
2017-09-25,66.06554043213427,0.538718891444799,0.0,65.52682154068947,-16683.139213625316,-1.0,-1.0,False,True
2017-09-26,133.71610262982887,0.5668668065721829,0.0,133.14923582325667,-16815.1743055154,-1.0,-1.0,False,True
2017-09-27,135.9115210885976,0.555794534650251,0.0,135.35572655394733,-16948.044225774956,-1.0,-1.0,False,True
2017-09-28,345.2807865608907,0.5710342484949482,0.0,344.7097523123958,-17045.397441736433,-1.0,-1.0,False,True
2017-09-29,355.3049103936055,0.4273535176039139,0.0,354.87755687600156,-17140.951441733905,-1.0,-1.0,False,True
2017-10-02,437.9973646698883,0.43051802196663075,0.0,437.5668466479217,-17213.21856360292,-1.0,-1.0,False,True
2017-10-03,-0.0,0.325599120508752,0.0,-0.325599120508752,-17356.06929982526,-1.0,-1.0,False,True
2017-10-04,75.66249918067382,0.646454766569084,0.0,75.01604441410474,-17497.966985282514,-1.0,-1.0,False,True
2017-10-05,766.2723752682234,143.18792461817824,143.18792461817824,623.0844506500451,-17426.12936156966,-1.0,-1.0,False,True
2017-10-06,-70.13213220554121,0.2939463644937145,0.0,-70.42607857003493,-17568.94730841215,-1.0,-1.0,False,True
2017-10-09,-139.13077334586535,0.579756021835849,0.0,-139.7105293677012,-17707.43508416275,-1.0,-1.0,False,True
2017-10-10,417.4799360414772,0.5758619478473231,0.0,416.90407409362984,-17788.372451900315,-1.0,-1.0,False,True
2017-10-11,215.50630934072066,0.34070144530186963,0.0,215.1656078954188,-17918.369051597605,-1.0,-1.0,False,True
2017-10-12,146.10572855770496,0.5517454024419126,0.0,145.55398315526304,-18058.85936334755,-1.0,-1.0,False,True
2017-10-13,296.78458056476353,0.606326608605027,0.0,296.1782539561585,-18174.61314051563,-1.0,-1.0,False,True
2017-10-16,304.14921033006374,0.508126859089002,0.0,303.64108347097476,-18289.490861501283,-1.0,-1.0,False,True
2017-10-17,-77.83560231483865,0.5021307633701232,0.0,-78.33773307820877,-18438.897967312438,-1.0,-1.0,False,True
2017-10-18,233.98069332411004,0.6615217427923706,0.0,233.31917158131768,-18570.232972884784,-1.0,-1.0,False,True
2017-10-19,159.2993344908191,0.5865724649745294,0.0,158.71276202584457,-18714.232742413973,-1.0,-1.0,False,True
2017-10-20,242.7481434364036,0.6516545861696215,0.0,242.09648885023398,-18845.87101556736,-1.0,-1.0,False,True
2017-10-23,-743.6118970495656,0.5729478980136871,0.0,-744.1848449475793,-18782.375637892525,-1.0,-1.0,False,True
2017-10-24,-240.07479000722748,0.2728836986025493,0.0,-240.34767370583003,-18915.52183524454,-1.0,-1.0,False,True
2017-10-25,-157.50419822131954,0.5674630032674293,0.0,-158.07166122458696,-19062.430431215136,-1.0,-1.0,False,True
2017-10-26,-78.65081844176315,0.6235250967696077,0.0,-79.27434353853276,-19218.092299121672,-1.0,-1.0,False,True
2017-10-27,1026.1349714525716,0.6982643965172837,0.0,1025.4367070560543,-18956.230095217095,-1.0,-1.0,False,True
2017-10-30,-252.31631027292843,1.1594330842427267,0.0,-253.47574335717115,-19088.73239273555,-1.0,-1.0,False,True
2017-10-31,491.3061795736599,0.6022831705384305,0.0,490.70389640312146,-19148.971325701234,-1.0,-1.0,False,True
2017-11-01,-169.30139594443807,0.27140618149373885,0.0,-169.57280212593182,-19296.201978640915,-1.0,-1.0,False,True
2017-11-02,420.856512652775,160.5144710262758,160.5144710262758,260.34204162649917,-19383.267461733703,-1.0,-1.0,False,True
2017-11-03,-78.59960072765853,0.36203699866169786,0.0,-78.96163772632022,-19541.569206879492,-1.0,-1.0,False,True
2017-11-06,235.9018352340789,0.6663625822358676,0.0,235.23547265184303,-19680.380009275937,-1.0,-1.0,False,True
2017-11-07,-160.50570190455238,0.5795563032845467,0.0,-161.08525820783692,-19832.825843329265,-1.0,-1.0,False,True
2017-11-08,-0.0,0.6364846431961736,0.0,-0.6364846431961736,-19997.416431813377,-1.0,-1.0,False,True
2017-11-09,-80.78544131702036,0.6844030555627386,0.0,-81.4698443725831,-20160.564039231245,-1.0,-1.0,False,True
2017-11-10,-405.6271081503733,0.6649156962358443,0.0,-406.29202384660914,-20256.860754853587,-1.0,-1.0,False,True
2017-11-13,-320.6451537054667,0.3863175479956975,0.0,-321.0314712534624,-20380.59398622585,-1.0,-1.0,False,True
2017-11-14,158.5664246955271,0.5003020203414925,0.0,158.06612267518562,-20538.755831989933,-1.0,-1.0,False,True
2017-11-15,-803.9682045848457,0.6152405765016528,0.0,-804.5834451613473,0.0,0.0,-1.0,False,True
2017-11-16,779.4594243639445,83.04625139167527,0.0,696.4131729722693,0.0,0.0,-1.0,False,True
2017-11-17,-0.0,0.0,0.0,-0.0,0.0,0.0,0.0,False,True
2017-11-20,-0.0,0.0,0.0,-0.0,-20341.875840744768,-1.0,0.0,False,True
2017-11-21,-0.0,89.67923757747694,0.0,-89.67923757747694,-20267.551161720334,-1.0,0.0,False,True
2017-11-22,262.47581729993317,0.33195118082808156,0.0,262.1438661191051,-20406.46250790738,-1.0,-1.0,False,True
2017-11-24,88.31176976784353,0.6231252947121384,0.0,87.68864447313139,-20572.39827447548,-1.0,-1.0,False,True
2017-11-27,178.61236330772508,0.7509234469417247,0.0,177.86143986078335,-20729.017127630173,-1.0,-1.0,False,True
2017-11-28,90.82736545022105,0.7119038779758822,0.0,90.11546157224517,-20897.369807689796,-1.0,-1.0,False,True
2017-11-29,-367.69875170962314,0.7519019479787076,0.0,-368.45065365760183,-21010.255895337472,-1.0,-1.0,False,True
2017-11-30,-364.22431037367863,0.49553850038058883,0.0,-364.7198488740592,0.0,0.0,-1.0,False,True
2017-12-01,-359.9187305411111,90.6758412325091,0.0,-450.59457177362015,0.0,0.0,-1.0,False,True
2017-12-04,0.0,0.0,0.0,0.0,0.0,0.0,0.0,False,True
2017-12-05,-0.0,0.0,0.0,-0.0,0.0,0.0,0.0,False,True
2017-12-06,-0.0,0.0,0.0,-0.0,-21734.19075435378,-1.0,0.0,False,True
2017-12-07,-0.0,87.87986399689399,87.87986399689399,-87.87986399689399,-21451.3311604378,-1.0,0.0,False,True
2017-12-08,600.155168759279,1.176191009184105,0.0,598.9789777500949,-21471.7218522325,-1.0,-1.0,False,True
2017-12-11,609.1655907629389,0.0872670525660387,0.0,609.0783237103728,-21482.834684405032,-1.0,-1.0,False,True
2017-12-12,-0.0,0.0475601376903842,0.0,-0.0475601376903842,-21661.118527108283,-1.0,-1.0,False,True
2017-12-13,-0.0,0.7630101827592168,0.0,-0.7630101827592168,-21840.881929145115,-1.0,-1.0,False,True
2017-12-14,180.8861672409863,0.7758209982642198,0.0,180.1103462427221,-22006.769313630302,-1.0,-1.0,False,True
2017-12-15,735.692864981732,0.7408913686157625,0.0,734.9519736131163,-21937.696548877142,-1.0,-1.0,False,True
2017-12-18,287.6701871062799,0.3125809442471934,0.0,287.3576061620327,-22081.654314621897,-1.0,-1.0,False,True
2017-12-19,-0.0,0.6514645028184292,0.0,-0.6514645028184292,-22264.907700047494,-1.0,-1.0,False,True
2017-12-20,-194.98149505184998,0.8220337858259785,0.0,-195.80352883767594,-22431.482091625698,-1.0,-1.0,False,True
2017-12-21,389.75768402709116,0.7605289593214218,0.0,388.9971550677697,-22544.7555501399,-1.0,-1.0,False,True
2017-12-22,-399.6700595389908,0.5081194528536436,0.0,-400.17817899184445,-22655.216322508026,-1.0,-1.0,False,True
2017-12-26,197.32827615002304,0.4998776674495751,0.0,196.82839848257348,-22824.390403873305,-1.0,-1.0,False,True
2017-12-27,-0.0,0.765578072403583,0.0,-0.765578072403583,-23013.80767996098,-1.0,-1.0,False,True
2017-12-28,201.53987111587756,0.8648227527388299,0.0,200.67504836313873,-23184.69982317957,-1.0,-1.0,False,True
2017-12-29,-512.5569639189539,0.7632437769021945,0.0,-513.3202076958561,-23247.302293387063,-1.0,-1.0,False,True
2018-01-02,1212.271886179322,0.29502313546060277,0.0,1211.9768630438616,-22745.103659185006,-1.0,-1.0,False,True
2018-01-03,427.5365939013687,199.33283763799733,199.33283763799733,228.20375626337136,-22850.054432596364,-1.0,-1.0,False,True
2018-01-04,-0.0,0.45486064586317804,0.0,-0.45486064586317804,-23039.684691827424,-1.0,-1.0,False,True
2018-01-05,193.23513262237904,0.8288742674278757,0.0,192.40625835495118,-23212.391007346883,-1.0,-1.0,False,True
2018-01-08,98.25025454936804,0.7581326484258915,0.0,97.49212190094215,-23400.213790427926,-1.0,-1.0,False,True
2018-01-09,-198.82133625136666,0.8174876970618639,0.0,-199.63882394842852,-23574.53028020046,-1.0,-1.0,False,True
2018-01-10,397.4558605592879,0.7718116717790331,0.0,396.6840488875089,-23690.540596388542,-1.0,-1.0,False,True
2018-01-11,-0.0,0.5136525878738034,0.0,-0.5136525878738034,-23887.14596412931,-1.0,-1.0,False,True
2018-01-12,-204.66989716102532,0.8630428348363521,0.0,-205.53293999586168,-24063.871115456273,-1.0,-1.0,False,True
2018-01-16,-818.4032878502503,0.7500756940378309,0.0,-819.1533635442881,0.0,0.0,-1.0,False,True
2018-01-17,-99.6433586561356,101.71326966326879,0.0,-201.3566283194044,0.0,0.0,-1.0,False,True
2018-01-18,-0.0,0.0,0.0,-0.0,0.0,0.0,0.0,False,True
2018-01-19,-0.0,0.0,0.0,-0.0,0.0,0.0,0.0,False,True
2018-01-22,-0.0,0.0,0.0,-0.0,0.0,0.0,0.0,False,True
2018-01-23,0.0,0.0,0.0,0.0,0.0,0.0,0.0,False,True
2018-01-24,0.0,0.0,0.0,0.0,0.0,0.0,0.0,False,True
2018-01-25,0.0,0.0,0.0,0.0,0.0,0.0,0.0,False,True
2018-01-26,-0.0,0.0,0.0,-0.0,-25174.94012301727,-1.0,0.0,False,True
2018-01-29,0.0,95.39487477298597,0.0,-95.39487477298597,0.0,0.0,0.0,False,True
2018-01-30,-837.6135345920712,92.32312567475029,0.0,-929.9366602668215,22602.3517772877,1.0,-1.0,False,True
2018-01-31,-0.0,85.96441770582521,0.0,-85.96441770582521,0.0,0.0,0.0,False,True
2018-02-01,-335.4708983641942,86.28458313489718,86.28458313489718,-421.7554814990914,0.0,0.0,1.0,False,True
2018-02-02,0.0,0.0,0.0,0.0,0.0,0.0,0.0,False,True
2018-02-05,0.0,0.0,0.0,0.0,5458.192406994097,1.0,0.0,False,True
2018-02-06,-0.0,13.304749624658623,0.0,-13.304749624658623,5302.54373353491,1.0,0.0,False,True
2018-02-07,-298.54560133380306,0.401358214580294,0.0,-298.94695954838335,5337.129320818596,1.0,1.0,False,True
2018-02-08,473.560509535822,0.08187119391634781,0.0,473.47863834190565,5355.928687008815,1.0,1.0,False,True
2018-02-09,-301.9853772749548,0.04717099227655978,0.0,-302.0325482672314,5389.991783123857,1.0,1.0,False,True
2018-02-12,-157.33450243355216,0.08805718415616115,0.0,-157.42255961770832,5431.863809813282,1.0,1.0,False,True
2018-02-13,0.0,0.10824420518703863,0.0,-0.10824420518703863,5476.942290715863,1.0,1.0,False,True
2018-02-14,-534.2816862111425,0.12924599419621083,0.0,-534.4109322053388,5489.043193935652,1.0,1.0,False,True
2018-02-15,-107.24082806996147,0.03538780542163677,0.0,-107.2762158753831,5533.254101763172,1.0,1.0,False,True
2018-02-16,78.30304128296258,0.12747167517076738,0.0,78.17556960779181,5578.444167770314,1.0,1.0,False,True
2018-02-20,186.77650976415788,0.12604032015597535,0.0,186.6504694440019,5620.55554018114,1.0,1.0,False,True
2018-02-21,60.717759649201014,0.11618884716311188,0.0,60.601570802037905,5666.7546054741215,1.0,1.0,False,True
2018-02-22,-151.29355424444526,0.1309932003466286,0.0,-151.4245474447919,0.0,0.0,1.0,False,True
2018-02-23,-407.56741284184596,17.312737617320344,0.0,-424.8801504591663,0.0,0.0,1.0,False,True
2018-02-26,-0.0,0.0,0.0,-0.0,0.0,0.0,0.0,False,True
2018-02-27,0.0,0.0,0.0,0.0,0.0,0.0,0.0,False,True
2018-02-28,0.0,0.0,0.0,0.0,0.0,0.0,0.0,False,True
2018-03-01,0.0,0.0,0.0,0.0,5858.328108254626,1.0,0.0,False,True
2018-03-02,-0.0,15.781304365206289,0.0,-15.781304365206289,0.0,0.0,0.0,False,True
2018-03-05,-230.94591753960415,16.428963915077954,0.0,-247.3748814546821,0.0,0.0,1.0,False,True
2018-03-06,0.0,0.0,0.0,0.0,0.0,0.0,0.0,False,True
2018-03-07,-0.0,0.0,0.0,-0.0,0.0,0.0,0.0,False,True
2018-03-08,-0.0,0.0,0.0,-0.0,0.0,0.0,0.0,False,True
2018-03-09,-0.0,0.0,0.0,-0.0,0.0,0.0,0.0,False,True
2018-03-12,0.0,0.0,0.0,0.0,0.0,0.0,0.0,False,True
2018-03-13,0.0,0.0,0.0,0.0,0.0,0.0,0.0,False,True
2018-03-14,0.0,0.0,0.0,0.0,0.0,0.0,0.0,False,True
2018-03-15,-0.0,0.0,0.0,-0.0,0.0,0.0,0.0,False,True
2018-03-16,-0.0,0.0,0.0,-0.0,0.0,0.0,0.0,False,True
2018-03-19,0.0,0.0,0.0,0.0,0.0,0.0,0.0,False,True
2018-03-20,-0.0,0.0,0.0,-0.0,0.0,0.0,0.0,False,True
2018-03-21,-0.0,0.0,0.0,-0.0,0.0,0.0,0.0,False,True
2018-03-22,0.0,0.0,0.0,0.0,6470.460665488257,1.0,0.0,False,True
2018-03-23,0.0,16.235550017442996,0.0,-16.235550017442996,6507.376838801055,1.0,0.0,False,True
2018-03-26,-348.47034183780164,0.0979018826536029,0.0,-348.56824372045526,6544.522683179009,1.0,1.0,False,True
2018-03-27,370.4069610701771,0.09320560706830522,0.0,370.3137554631088,6579.688237105229,1.0,1.0,False,True
2018-03-28,192.2503603381832,0.08571865106866977,0.0,192.16464168711454,6629.0937258756785,1.0,1.0,False,True
2018-03-29,-391.18241599912204,0.1280420379006597,0.0,-391.3104580370227,0.0,0.0,1.0,False,True
2018-04-02,553.1228646116253,15.857225365280211,0.0,537.2656392463451,6674.52625006553,1.0,1.0,False,True
2018-04-03,-0.0,16.706689636916163,0.0,-16.706689636916163,6717.572795691632,1.0,0.0,False,True
2018-04-04,-162.99209401869442,0.11044482920339,0.0,-163.10253884789782,0.0,0.0,1.0,False,True
2018-04-05,-302.66911219636995,18.43510606582041,18.43510606582041,-321.1042182621904,0.0,0.0,1.0,False,True
2018-04-06,0.0,0.0,0.0,0.0,0.0,0.0,0.0,False,True
2018-04-09,0.0,0.0,0.0,0.0,0.0,0.0,0.0,False,True
2018-04-10,-0.0,0.0,0.0,-0.0,0.0,0.0,0.0,False,True
2018-04-11,0.0,0.0,0.0,0.0,0.0,0.0,0.0,False,True
2018-04-12,-0.0,0.0,0.0,-0.0,0.0,0.0,0.0,False,True
2018-04-13,-0.0,0.0,0.0,-0.0,0.0,0.0,0.0,False,True
2018-04-16,-0.0,0.0,0.0,-0.0,0.0,0.0,0.0,False,True
2018-04-17,-0.0,0.0,0.0,-0.0,0.0,0.0,0.0,False,True
2018-04-18,0.0,0.0,0.0,0.0,0.0,0.0,0.0,False,True
2018-04-19,0.0,0.0,0.0,0.0,0.0,0.0,0.0,False,True
2018-04-20,0.0,0.0,0.0,0.0,0.0,0.0,0.0,False,True
2018-04-23,-0.0,0.0,0.0,-0.0,0.0,0.0,0.0,False,True
2018-04-24,0.0,0.0,0.0,0.0,0.0,0.0,0.0,False,True
2018-04-25,0.0,0.0,0.0,0.0,0.0,0.0,0.0,False,True
2018-04-26,-0.0,0.0,0.0,-0.0,0.0,0.0,0.0,False,True
2018-04-27,-0.0,0.0,0.0,-0.0,0.0,0.0,0.0,False,True
2018-04-30,0.0,0.0,0.0,0.0,0.0,0.0,0.0,False,True
2018-05-01,-0.0,0.0,0.0,-0.0,0.0,0.0,0.0,False,True
2018-05-02,0.0,0.0,0.0,0.0,0.0,0.0,0.0,False,True
2018-05-03,-0.0,0.0,0.0,-0.0,0.0,0.0,0.0,False,True
2018-05-04,-0.0,0.0,0.0,-0.0,0.0,0.0,0.0,False,True
2018-05-07,-0.0,0.0,0.0,-0.0,0.0,0.0,0.0,False,True
2018-05-08,-0.0,0.0,0.0,-0.0,0.0,0.0,0.0,False,True
2018-05-09,-0.0,0.0,0.0,-0.0,0.0,0.0,0.0,False,True
2018-05-10,-0.0,0.0,0.0,-0.0,0.0,0.0,0.0,False,True
2018-05-11,-0.0,0.0,0.0,-0.0,-8243.790901605093,-1.0,0.0,False,True
2018-05-14,-0.0,29.187860705164837,0.0,-29.187860705164837,-8309.427469887381,-1.0,0.0,False,True
2018-05-15,-484.09134828078317,0.2195023898510476,0.0,-484.31085067063424,0.0,0.0,-1.0,False,True
2018-05-16,352.4390117733628,29.019295252587963,0.0,323.41971652077484,0.0,0.0,-1.0,False,True
2018-05-17,-0.0,0.0,0.0,-0.0,0.0,0.0,0.0,False,True
2018-05-18,0.0,0.0,0.0,0.0,0.0,0.0,0.0,False,True
2018-05-21,-0.0,0.0,0.0,-0.0,0.0,0.0,0.0,False,True
2018-05-22,0.0,0.0,0.0,0.0,0.0,0.0,0.0,False,True
2018-05-23,-0.0,0.0,0.0,-0.0,0.0,0.0,0.0,False,True
2018-05-24,-0.0,0.0,0.0,-0.0,-8780.462287282393,-1.0,0.0,False,True
2018-05-25,0.0,31.85831449367948,0.0,-31.85831449367948,-8846.5886311811,-1.0,0.0,False,True
2018-05-29,-1118.92616758289,0.21280848507432917,0.0,-1119.1389760679642,0.0,0.0,-1.0,False,True
2018-05-30,416.6368272141803,29.8772762667566,0.0,386.7595509474237,0.0,0.0,-1.0,False,True
2018-05-31,0.0,0.0,0.0,0.0,0.0,0.0,0.0,False,True
2018-06-01,-0.0,0.0,0.0,-0.0,-8814.148787584478,-1.0,0.0,False,True
2018-06-04,-0.0,32.43986537620858,0.0,-32.43986537620858,-8869.927159358765,-1.0,0.0,False,True
2018-06-05,189.89189488512372,0.20980855438034837,0.0,189.68208633074337,-8936.687285482569,-1.0,-1.0,False,True
2018-06-06,358.0521055153997,0.26167927065735513,0.0,357.7904262447424,-8986.326613688463,-1.0,-1.0,False,True
2018-06-07,-68.34942474556595,64.80102027037147,64.80102027037147,-133.1504450159374,-9060.004532669102,-1.0,-1.0,False,True
2018-06-08,-31.69780110648388,0.26544768701284494,0.0,-31.963248793496724,-9134.996663759508,-1.0,-1.0,False,True
2018-06-11,159.22679319277844,0.27501586535837796,0.0,158.95177732742007,-9205.825602783998,-1.0,-1.0,False,True
2018-06-12,32.683351212018906,0.26068101436302404,0.0,32.42267019765588,-9282.012350522098,-1.0,-1.0,False,True
2018-06-13,-165.27514547188568,0.2754547316809618,0.0,-165.55060020356663,-9353.589701078177,-1.0,-1.0,False,True
2018-06-14,327.40784305192585,0.2682514965995655,0.0,327.13959155532626,-9409.728392214529,-1.0,-1.0,False,True
2018-06-15,-34.19959671326484,0.209625349416249,0.0,-34.40922206268109,-9487.582928089509,-1.0,-1.0,False,True
2018-06-18,34.27952055451528,0.2917765969720449,0.0,33.98774395754324,-9566.079426589697,-1.0,-1.0,False,True
2018-06-19,-381.58468814985076,0.2828081228917141,0.0,-381.86749627274247,-9615.623000969987,-1.0,-1.0,False,True
2018-06-20,201.74508456779637,0.18234170104056466,0.0,201.5627428667558,-9687.059944831779,-1.0,-1.0,False,True
2018-06-21,-656.00300545217,0.24612728557424243,0.0,-656.2491327377443,0.0,0.0,-1.0,False,True
2018-06-22,293.053914297432,34.41676410208864,0.0,258.6371501953434,0.0,0.0,-1.0,False,True
2018-06-25,0.0,0.0,0.0,0.0,0.0,0.0,0.0,False,True
2018-06-26,-0.0,0.0,0.0,-0.0,0.0,0.0,0.0,False,True
2018-06-27,0.0,0.0,0.0,0.0,0.0,0.0,0.0,False,True
2018-06-28,-0.0,0.0,0.0,-0.0,0.0,0.0,0.0,False,True
2018-06-29,-0.0,0.0,0.0,-0.0,0.0,0.0,0.0,False,True
2018-07-02,0.0,0.0,0.0,0.0,0.0,0.0,0.0,False,True
2018-07-03,0.0,0.0,0.0,0.0,0.0,0.0,0.0,False,True
2018-07-05,-0.0,0.0,0.0,-0.0,0.0,0.0,0.0,False,True
2018-07-06,-0.0,0.0,0.0,-0.0,0.0,0.0,0.0,False,True
2018-07-09,-0.0,0.0,0.0,-0.0,0.0,0.0,0.0,False,True
2018-07-10,-0.0,0.0,0.0,-0.0,0.0,0.0,0.0,False,True
2018-07-11,0.0,0.0,0.0,0.0,0.0,0.0,0.0,False,True
2018-07-12,-0.0,0.0,0.0,-0.0,0.0,0.0,0.0,False,True
2018-07-13,-0.0,0.0,0.0,-0.0,-10227.616926775294,-1.0,0.0,False,True
2018-07-16,0.0,36.719115061102194,0.0,-36.719115061102194,-10312.215005419532,-1.0,0.0,False,True
2018-07-17,214.941161333282,0.3102434011103534,0.0,214.63091793217166,-10387.554717813762,-1.0,-1.0,False,True
2018-07-18,36.8952236329849,0.2772826039644029,0.0,36.6179410290205,-10473.456184721486,-1.0,-1.0,False,True
2018-07-19,-186.4911080397451,0.3105784958744877,0.0,-186.80168653561958,-10552.542103515985,-1.0,-1.0,False,True
2018-07-20,-73.88681611796463,0.2839336839382184,0.0,-74.17074980190284,-10638.878462350134,-1.0,-1.0,False,True
2018-07-23,147.8464743049531,0.31436862452931696,0.0,147.53210568042377,-10722.167926358576,-1.0,-1.0,False,True
2018-07-24,-0.0,0.3032742472776287,0.0,-0.3032742472776287,-10811.150098781494,-1.0,-1.0,False,True
2018-07-25,190.44703243976133,0.32986157950629885,0.0,190.11717086025504,-10892.439253332503,-1.0,-1.0,False,True
2018-07-26,-19.550000178628828,0.3007992181039117,0.0,-19.85079939673274,-10982.745009531158,-1.0,-1.0,False,True
2018-07-27,-373.5674112153751,0.3230834209550492,0.0,-373.8904946363302,-11041.042863991719,-1.0,-1.0,False,True
2018-07-30,-421.6760736643734,0.20085815402378235,0.0,-421.87693181839717,0.0,0.0,-1.0,False,True
2018-07-31,593.8039859625802,40.202731565156355,0.0,553.6012543974239,-11100.307275412692,-1.0,-1.0,False,True
2018-08-01,0.0,39.8522415316918,0.0,-39.8522415316918,-11186.584578123513,-1.0,0.0,False,True
2018-08-02,272.16164948472374,0.3175376491152316,0.0,271.8441118356085,-11261.643943795336,-1.0,-1.0,False,True
2018-08-03,321.3381566426859,0.284420886556815,0.0,321.0537357561291,-11330.230938444589,-1.0,-1.0,False,True
2018-08-06,416.32694801461525,0.2698720518828574,0.0,416.05707596273237,-11382.399456839521,-1.0,-1.0,False,True
2018-08-07,260.9650120179185,0.21010896406603305,0.0,260.7549030538525,-11460.331385378107,-1.0,-1.0,False,True
2018-08-08,134.17366746765734,0.3176152157139206,0.0,133.85605225194342,-11551.01343886811,-1.0,-1.0,False,True
2018-08-09,-91.13583606662627,83.49249007027389,83.49249007027389,-174.62832613690017,-11644.810933630843,-1.0,-1.0,False,True
2018-08-10,-531.5510609036656,0.3253551002768191,0.0,-531.8764160039425,-11671.280439237355,-1.0,-1.0,False,True
2018-08-13,-551.7000103919858,0.08766152906841627,0.0,-551.7876719210542,0.0,0.0,-1.0,False,True
2018-08-14,565.6517175720853,40.621604245223395,0.0,525.030113326862,0.0,0.0,-1.0,False,True
2018-08-15,0.0,0.0,0.0,0.0,0.0,0.0,0.0,False,True
2018-08-16,-0.0,0.0,0.0,-0.0,0.0,0.0,0.0,False,True
2018-08-17,-0.0,0.0,0.0,-0.0,-11903.204339578278,-1.0,0.0,False,True
2018-08-20,-0.0,43.03627671276097,0.0,-43.03627671276097,-11998.074170562939,-1.0,0.0,False,True
2018-08-21,-377.8795028437535,0.33244983507445114,0.0,-378.21195267882797,-12060.95536300816,-1.0,-1.0,False,True
2018-08-22,369.17151294039815,0.22734822665379445,0.0,368.9441647137443,-12126.02865761819,-1.0,-1.0,False,True
2018-08-23,-42.543052426835196,0.23444684349835296,0.0,-42.77749927033355,-12226.191612655975,-1.0,-1.0,False,True
2018-08-24,85.24448968448579,0.3634231111990453,0.0,84.88106657328674,-12325.743573218706,-1.0,-1.0,False,True
2018-08-27,-0.0,0.3612062285904382,0.0,-0.3612062285904382,-12428.033655542135,-1.0,-1.0,False,True
2018-08-28,43.63095070165948,0.3724594471812231,0.0,43.25849125447826,-12530.66335764143,-1.0,-1.0,False,True
2018-08-29,132.4479608050659,0.3777215247819661,0.0,132.07023928028391,-12629.92501242371,-1.0,-1.0,False,True
2018-08-30,-539.9208628068129,0.35023475439530793,0.0,-540.2710975612082,-12656.271122585586,-1.0,-1.0,False,True
2018-08-31,434.76506066863067,0.09627366458439506,0.0,434.6687870040463,-12710.739638678959,-1.0,-1.0,False,True
2018-09-04,-180.48158463580043,0.19623982072304927,0.0,-180.67782445652347,-12807.391399787604,-1.0,-1.0,False,True
2018-09-05,-312.7422758198695,0.33985610681427697,0.0,-313.0821319266838,-12886.83344939192,-1.0,-1.0,False,True
2018-09-06,-527.2339512777065,82.17341800439631,82.17341800439631,-609.4073692821029,-12917.65918341871,-1.0,-1.0,False,True
2018-09-07,-160.8341148130058,0.09736942181035389,0.0,-160.93148423481617,-13017.758075027825,-1.0,-1.0,False,True
2018-09-10,437.8867519802955,0.32727707782884663,0.0,437.55947490246666,-13072.442991562071,-1.0,-1.0,False,True
2018-09-11,456.76344122904646,0.18529599817389292,0.0,456.57814523087256,-13123.077300855979,-1.0,-1.0,False,True
2018-09-12,86.4293751508239,0.17271270225043425,0.0,86.25666244857346,-13229.893047206084,-1.0,-1.0,False,True
2018-09-13,349.36645060515053,0.37431158977387136,0.0,348.99213901537667,-13305.070676947014,-1.0,-1.0,False,True
2018-09-14,226.15201790095935,0.2680245929894047,0.0,225.88399330796994,-13400.938815649435,-1.0,-1.0,False,True
2018-09-17,-555.3420804290913,0.328096301068385,0.0,-555.6701767301597,-13424.240161898231,-1.0,-1.0,False,True
2018-09-18,268.4662200130093,0.08137608144809544,0.0,268.38484393156125,-13515.13500276175,-1.0,-1.0,False,True
2018-09-19,365.90773865480725,0.32632998908969085,0.0,365.58140866571756,-13588.625040936817,-1.0,-1.0,False,True
2018-09-20,236.69238183470685,0.26854648530995867,0.0,236.42383534939688,-13685.12933923697,-1.0,-1.0,False,True
2018-09-21,-96.8885920922405,0.3501483389651573,0.0,-97.23874043120566,-13795.94266542654,-1.0,-1.0,False,True
2018-09-24,96.88587142822557,0.404932831887024,0.0,96.48093859633855,-13907.64794463647,-1.0,-1.0,False,True
2018-09-25,-49.183396311679225,0.40674213566670553,0.0,-49.59013844734593,-14022.34220297581,-1.0,-1.0,False,True
2018-09-26,-345.8384924065931,0.40749259895259193,0.0,-346.2459850055457,-14102.749663464445,-1.0,-1.0,False,True
2018-09-27,291.6258343773138,0.2917438831888544,0.0,291.33409049412495,-14194.168303771195,-1.0,-1.0,False,True
2018-09-28,149.76371324033,0.33525619432708187,0.0,149.4284570460029,-14305.140340431908,-1.0,-1.0,False,True
2018-10-01,50.78414419953792,0.40842491051070146,0.0,50.37571928902722,-14423.063845843913,-1.0,-1.0,False,True
2018-10-02,-51.36495633907283,0.4324565046415225,0.0,-51.797412843714355,-14541.940354911507,-1.0,-1.0,False,True
2018-10-03,206.41236273121854,0.44228102284676296,0.0,205.97008170837177,-14649.304396622661,-1.0,-1.0,False,True
2018-10-04,-1161.2438758912997,98.26281073997545,98.26281073997545,-1259.5066866312752,0.0,0.0,-1.0,False,True
2018-10-05,-240.54687022368873,48.51546690319299,0.0,-289.06233712688174,0.0,0.0,-1.0,False,True
2018-10-08,0.0,0.0,0.0,0.0,0.0,0.0,0.0,False,True
2018-10-09,0.0,0.0,0.0,0.0,0.0,0.0,0.0,False,True
2018-10-10,0.0,0.0,0.0,0.0,13285.566496539286,1.0,0.0,False,True
2018-10-11,0.0,36.75494104980505,0.0,-36.75494104980505,13395.82205090577,1.0,0.0,False,True
2018-10-12,-286.8678325838425,0.3117570847604028,0.0,-287.17958966860294,13483.323734577527,1.0,1.0,False,True
2018-10-15,295.63193491653936,0.2420761828975729,0.0,295.3898587336418,13570.011539341898,1.0,1.0,False,True
2018-10-16,-909.8059200119785,0.25717800255710743,0.0,-910.0630980145356,0.0,0.0,1.0,False,True
2018-10-17,-117.82933319254813,40.61098343890641,0.0,-158.44031663145455,0.0,0.0,1.0,False,True
2018-10-18,0.0,0.0,0.0,0.0,0.0,0.0,0.0,False,True
2018-10-19,0.0,0.0,0.0,0.0,0.0,0.0,0.0,False,True
2018-10-22,0.0,0.0,0.0,0.0,0.0,0.0,0.0,False,True
2018-10-23,0.0,0.0,0.0,0.0,0.0,0.0,0.0,False,True
2018-10-24,0.0,0.0,0.0,0.0,13338.931741456505,1.0,0.0,False,True
2018-10-25,0.0,32.6700239784777,0.0,-32.6700239784777,13439.010481343625,1.0,0.0,False,True
2018-10-26,95.61958237603024,0.24337060114898648,0.0,95.37621177488126,13547.89926205601,1.0,1.0,False,True
2018-10-29,286.95396045573483,0.259259001696154,0.0,286.6947014540387,13636.389286022652,1.0,1.0,False,True
2018-10-30,-377.641791276821,0.2167318388669253,0.0,-377.8585231156879,13708.027246094895,1.0,1.0,False,True
2018-10-31,-423.5915429349947,0.18108238982502858,0.0,-423.7726253248197,13769.457961498758,1.0,1.0,False,True
2018-11-01,-676.1049196594275,0.16333718103491557,0.0,-676.2682568404624,0.0,0.0,1.0,False,True
2018-11-02,214.31062975095267,36.05030500775537,0.0,178.26032474319732,0.0,0.0,1.0,False,True
2018-11-05,-0.0,0.0,0.0,-0.0,0.0,0.0,0.0,False,True
2018-11-06,-0.0,0.0,0.0,-0.0,13982.739191740155,1.0,0.0,False,True
2018-11-07,-0.0,42.592296200694385,0.0,-42.592296200694385,0.0,0.0,0.0,False,True
2018-11-08,124.6603791239862,41.724330921495365,41.724330921495365,82.93604820249084,0.0,0.0,1.0,False,True
2018-11-09,0.0,0.0,0.0,0.0,0.0,0.0,0.0,False,True
2018-11-12,0.0,0.0,0.0,0.0,0.0,0.0,0.0,False,True
2018-11-13,0.0,0.0,0.0,0.0,0.0,0.0,0.0,False,True
2018-11-14,0.0,0.0,0.0,0.0,0.0,0.0,0.0,False,True
2018-11-15,-0.0,0.0,0.0,-0.0,0.0,0.0,0.0,False,True
2018-11-16,-0.0,0.0,0.0,-0.0,0.0,0.0,0.0,False,True
2018-11-19,0.0,0.0,0.0,0.0,0.0,0.0,0.0,False,True
2018-11-20,0.0,0.0,0.0,0.0,13868.316199702685,1.0,0.0,False,True
2018-11-21,-0.0,35.31683007377703,0.0,-35.31683007377703,0.0,0.0,0.0,False,True
2018-11-23,241.18810782091796,34.713123576789386,0.0,206.47498424412856,0.0,0.0,1.0,False,True
2018-11-26,-0.0,0.0,0.0,-0.0,0.0,0.0,0.0,False,True
2018-11-27,-0.0,0.0,0.0,-0.0,0.0,0.0,0.0,False,True
2018-11-28,-0.0,0.0,0.0,-0.0,0.0,0.0,0.0,False,True
2018-11-29,0.0,0.0,0.0,0.0,0.0,0.0,0.0,False,True
2018-11-30,-0.0,0.0,0.0,-0.0,0.0,0.0,0.0,False,True
2018-12-03,-0.0,0.0,0.0,-0.0,0.0,0.0,0.0,False,True
2018-12-04,0.0,0.0,0.0,0.0,12967.810832551666,1.0,0.0,False,True
2018-12-06,0.0,34.12581798039912,34.12581798039912,-34.12581798039912,13044.94300442148,1.0,0.0,False,True
2018-12-07,799.0435429556858,0.19119824949591274,0.0,798.8523447061899,12978.292670572802,1.0,1.0,False,True
2018-12-10,-94.64287548552645,0.1664228798901222,0.0,-94.80929836541657,13083.562447800587,1.0,1.0,False,True
2018-12-11,-31.615816493476107,0.2634957793857849,0.0,-31.879312272861892,13191.860176819742,1.0,1.0,False,True
2018-12-12,-31.950091447620366,0.27173848774696346,0.0,-32.22182993536733,0.0,0.0,1.0,False,True
2018-12-13,-129.1736614621263,33.428075849790446,0.0,-162.60173731191674,0.0,0.0,1.0,False,True
2018-12-14,0.0,0.0,0.0,0.0,0.0,0.0,0.0,False,True
2018-12-17,0.0,0.0,0.0,0.0,13501.974305112011,1.0,0.0,False,True
2018-12-18,0.0,31.489246104072382,0.0,-31.489246104072382,13604.052313039183,1.0,0.0,False,True
2018-12-19,215.0485099790291,0.23433361282273465,0.0,214.81417636620637,13703.447331614061,1.0,1.0,False,True
2018-12-20,243.7456181507595,0.22415818270462065,0.0,243.52145996805487,13799.712156254847,1.0,1.0,False,True
2018-12-21,949.7438744683021,0.20302766513746057,0.0,949.5408468031646,13654.414097823495,1.0,1.0,False,True
2018-12-24,908.623022634063,0.2875106368574047,0.0,908.3355119972056,13539.81938432806,1.0,1.0,False,True
2018-12-26,-645.8168830051648,0.2380133360340847,0.0,-646.0548963411989,13536.106061312945,1.0,1.0,False,True
2018-12-27,192.0541756642281,0.0076047074735137695,0.0,192.04657095675458,13637.887047515362,1.0,1.0,False,True
2018-12-28,162.27100173402184,0.20597336793184073,0.0,162.06502836609,13743.354266358649,1.0,1.0,False,True
2018-12-31,-619.2920080806578,0.2235861412913528,0.0,-619.5155942219491,13745.44068588297,1.0,1.0,False,True
2019-01-02,-596.9192132234374,0.004623956783630707,0.0,-596.923837180221,0.0,0.0,1.0,False,True
2019-01-03,742.9967938315104,30.931013618068157,30.931013618068157,712.0657802134423,0.0,0.0,1.0,False,True
2019-01-04,-0.0,0.0,0.0,-0.0,0.0,0.0,0.0,False,True
2019-01-07,-0.0,0.0,0.0,-0.0,0.0,0.0,0.0,False,True
2019-01-08,-0.0,0.0,0.0,-0.0,0.0,0.0,0.0,False,True
2019-01-09,-0.0,0.0,0.0,-0.0,0.0,0.0,0.0,False,True
2019-01-10,-0.0,0.0,0.0,-0.0,0.0,0.0,0.0,False,True
2019-01-11,-0.0,0.0,0.0,-0.0,0.0,0.0,0.0,False,True
2019-01-14,0.0,0.0,0.0,0.0,0.0,0.0,0.0,False,True
2019-01-15,-0.0,0.0,0.0,-0.0,0.0,0.0,0.0,False,True
2019-01-16,0.0,0.0,0.0,0.0,0.0,0.0,0.0,False,True
2019-01-17,-0.0,0.0,0.0,-0.0,0.0,0.0,0.0,False,True
2019-01-18,-0.0,0.0,0.0,-0.0,0.0,0.0,0.0,False,True
2019-01-22,0.0,0.0,0.0,0.0,0.0,0.0,0.0,False,True
2019-01-23,-0.0,0.0,0.0,-0.0,0.0,0.0,0.0,False,True
2019-01-24,-0.0,0.0,0.0,-0.0,0.0,0.0,0.0,False,True
2019-01-25,-0.0,0.0,0.0,-0.0,0.0,0.0,0.0,False,True
2019-01-28,0.0,0.0,0.0,0.0,0.0,0.0,0.0,False,True
2019-01-29,-0.0,0.0,0.0,-0.0,0.0,0.0,0.0,False,True
2019-01-30,-0.0,0.0,0.0,-0.0,0.0,0.0,0.0,False,True
2019-01-31,-0.0,0.0,0.0,-0.0,0.0,0.0,0.0,False,True
2019-02-01,-0.0,0.0,0.0,-0.0,0.0,0.0,0.0,False,True
2019-02-04,-0.0,0.0,0.0,-0.0,0.0,0.0,0.0,False,True
2019-02-05,-0.0,0.0,0.0,-0.0,0.0,0.0,0.0,False,True
2019-02-06,-0.0,0.0,0.0,-0.0,0.0,0.0,0.0,False,True
2019-02-07,0.0,0.0,0.0,0.0,0.0,0.0,0.0,False,True
2019-02-08,-0.0,0.0,0.0,-0.0,0.0,0.0,0.0,False,True
2019-02-11,-0.0,0.0,0.0,-0.0,0.0,0.0,0.0,False,True
2019-02-12,-0.0,0.0,0.0,-0.0,0.0,0.0,0.0,False,True
2019-02-13,-0.0,0.0,0.0,-0.0,0.0,0.0,0.0,False,True
2019-02-14,0.0,0.0,0.0,0.0,0.0,0.0,0.0,False,True
2019-02-15,-0.0,0.0,0.0,-0.0,0.0,0.0,0.0,False,True
2019-02-19,0.0,0.0,0.0,0.0,0.0,0.0,0.0,False,True
2019-02-20,-0.0,0.0,0.0,-0.0,-15382.565846390557,-1.0,0.0,False,True
2019-02-21,0.0,49.66025194504038,0.0,-49.66025194504038,-15481.708592801417,-1.0,0.0,False,True
2019-02-22,678.286368029819,0.3348313511404667,0.0,677.9515366786785,-15459.627819445717,-1.0,-1.0,False,True
2019-02-25,-408.0845757575331,0.07265744041602538,0.0,-408.15723319794915,-15533.849782985673,-1.0,-1.0,False,True
2019-02-26,-148.88887145533485,0.2418998811715579,0.0,-149.1307713365064,0.0,0.0,-1.0,False,True
2019-02-27,49.39220916688446,50.788504075152524,0.0,-1.396294908268061,0.0,0.0,-1.0,False,True
2019-02-28,-0.0,0.0,0.0,-0.0,0.0,0.0,0.0,False,True
2019-03-01,-0.0,0.0,0.0,-0.0,-15849.937512124618,-1.0,0.0,False,True
2019-03-04,0.0,53.17900474608096,0.0,-53.17900474608096,-15904.353216862868,-1.0,0.0,False,True
2019-03-05,-207.5278233993398,0.1802135617341091,0.0,-207.70803696107393,-16021.758324687835,-1.0,-1.0,False,True
2019-03-06,-616.6469744825664,99.31491450710006,99.31491450710006,-715.9618889896665,0.0,0.0,-1.0,False,True
2019-03-07,-388.99564976480286,48.658673430533426,0.0,-437.6543231953363,0.0,0.0,-1.0,False,True
2019-03-08,0.0,0.0,0.0,0.0,0.0,0.0,0.0,False,True
2019-03-11,-0.0,0.0,0.0,-0.0,0.0,0.0,0.0,False,True
2019-03-12,-0.0,0.0,0.0,-0.0,0.0,0.0,0.0,False,True
2019-03-13,-0.0,0.0,0.0,-0.0,-16267.480541081217,-1.0,0.0,False,True
2019-03-14,-0.0,54.40185172792251,0.0,-54.40185172792251,-16393.925119665266,-1.0,0.0,False,True
2019-03-15,477.674795659807,0.4356493883988241,0.0,477.2391462714082,-16450.117349576132,-1.0,-1.0,False,True
2019-03-18,-165.3168919630105,0.19167066774921168,0.0,-165.5085626307597,-16577.058662821597,-1.0,-1.0,False,True
2019-03-19,-109.48497404044005,0.4301317225672771,0.0,-109.91510576300733,-16710.35891432816,-1.0,-1.0,False,True
2019-03-20,-219.2007757067326,0.44578387534821456,0.0,-219.6465595820808,-16831.787314445748,-1.0,-1.0,False,True
2019-03-21,272.5996560249284,0.4128162856402227,0.0,272.18683973928813,-16944.66557919781,-1.0,-1.0,False,True
2019-03-22,-1842.2851786955573,0.3458900489412906,0.0,-1842.6310687444986,0.0,0.0,-1.0,False,True
2019-03-25,-101.31339658712967,51.614508822222156,0.0,-152.92790540935184,0.0,0.0,-1.0,False,True
2019-03-26,-0.0,0.0,0.0,-0.0,0.0,0.0,0.0,False,True
2019-03-27,0.0,0.0,0.0,0.0,0.0,0.0,0.0,False,True
2019-03-28,-0.0,0.0,0.0,-0.0,-16102.871532709285,-1.0,0.0,False,True
2019-03-29,-0.0,54.20506837775704,0.0,-54.20506837775704,-16178.873276621533,-1.0,0.0,False,True
2019-04-01,370.1809547749256,0.26185474793295377,0.0,369.9191000269927,-16265.956874059559,-1.0,-1.0,False,True
2019-04-02,-0.0,0.3000359239461404,0.0,-0.3000359239461404,-16400.946382630224,-1.0,-1.0,False,True
2019-04-03,-0.0,0.4650899034787612,0.0,-0.4650899034787612,-16537.05615529388,-1.0,-1.0,False,True
2019-04-04,110.25846307650531,106.0014210404151,106.0014210404151,4.257042036090212,-16669.969352690954,-1.0,-1.0,False,True
2019-04-05,259.6084168805946,0.4345646804848463,0.0,259.1738522001097,-16784.190543494577,-1.0,-1.0,False,True
2019-04-08,-0.0,0.37345046434996176,0.0,-0.37345046434996176,-16923.480820160443,-1.0,-1.0,False,True
2019-04-09,-588.918966438408,0.4399769910092848,0.0,-589.3589434294173,-16938.95968046162,-1.0,-1.0,False,True
2019-04-10,469.37234940352704,0.05028789796737251,0.0,469.32206150555965,-17000.917140458085,-1.0,-1.0,False,True
2019-04-11,268.44627068877355,0.20452945731522373,0.0,268.2417412314583,-17115.933955748573,-1.0,-1.0,False,True
2019-04-12,821.3003449496658,0.39895849635448466,0.0,820.9013864533114,-17015.40710705213,-1.0,-1.0,False,True
2019-04-15,115.843884641276,0.351073321682632,0.0,115.49281131959337,-17151.839842098423,-1.0,-1.0,False,True
2019-04-16,57.974129836634226,0.47809761853828747,0.0,57.49603221809594,-17292.941042380797,-1.0,-1.0,False,True
2019-04-17,-0.0,0.494457197570711,0.0,-0.494457197570711,-17436.453387281657,-1.0,-1.0,False,True
2019-04-18,236.48466382742885,0.5098792149857266,0.0,235.97478461244313,-17560.20237043269,-1.0,-1.0,False,True
2019-04-22,302.19156650401425,0.44741695848256724,0.0,301.7441495455317,-17671.594239580856,-1.0,-1.0,False,True
2019-04-23,61.940749102055335,0.4041651889446758,0.0,61.53658391311066,-17816.79528281385,-1.0,-1.0,False,True
2019-04-24,-562.988843030893,0.5105697060508412,0.0,-563.4994127369439,-17844.327517867103,-1.0,-1.0,False,True
2019-04-25,-305.6054079384894,0.09517889015036353,0.0,-305.70058682863976,-17957.122425547106,-1.0,-1.0,False,True
2019-04-26,601.8322940258713,0.40354199082723674,0.0,601.4287520350441,-17968.271388502606,-1.0,-1.0,False,True
2019-04-29,-250.71026074062436,0.039337993216479794,0.0,-250.74959873384086,-18093.491510259475,-1.0,-1.0,False,True
2019-04-30,123.70582711533648,0.44488951404086924,0.0,123.26093760129561,-18237.705560789032,-1.0,-1.0,False,True
2019-05-01,-1003.4518688532114,0.4854495953786416,0.0,-1003.9373184485901,0.0,0.0,-1.0,False,True
2019-05-02,59.89394272836911,61.593569027376475,0.0,-1.6996262990073632,0.0,0.0,-1.0,False,True
2019-05-03,-0.0,0.0,0.0,-0.0,-17875.050338199446,-1.0,0.0,False,True
2019-05-06,0.0,59.007815126101235,0.0,-59.007815126101235,0.0,0.0,0.0,False,True
2019-05-07,-2705.7242057822027,51.250144326306106,0.0,-2756.974350108509,15274.619475865173,1.0,-1.0,False,True
2019-05-08,0.0,43.071485454640445,0.0,-43.071485454640445,15380.170433309415,1.0,0.0,False,True
2019-05-09,-168.0838456766458,87.89135568364742,87.89135568364742,-255.97520136029323,0.0,0.0,1.0,False,True
2019-05-10,-903.4505709076867,46.848958972190644,0.0,-950.2995298798774,0.0,0.0,1.0,False,True
2019-05-13,0.0,0.0,0.0,0.0,0.0,0.0,0.0,False,True
2019-05-14,-0.0,0.0,0.0,-0.0,0.0,0.0,0.0,False,True
2019-05-15,-0.0,0.0,0.0,-0.0,0.0,0.0,0.0,False,True
2019-05-16,-0.0,0.0,0.0,-0.0,0.0,0.0,0.0,False,True
2019-05-17,0.0,0.0,0.0,0.0,0.0,0.0,0.0,False,True
2019-05-20,0.0,0.0,0.0,0.0,0.0,0.0,0.0,False,True
2019-05-21,-0.0,0.0,0.0,-0.0,0.0,0.0,0.0,False,True
2019-05-22,-0.0,0.0,0.0,-0.0,0.0,0.0,0.0,False,True
2019-05-23,0.0,0.0,0.0,0.0,0.0,0.0,0.0,False,True
2019-05-24,-0.0,0.0,0.0,-0.0,0.0,0.0,0.0,False,True
2019-05-28,0.0,0.0,0.0,0.0,0.0,0.0,0.0,False,True
2019-05-29,0.0,0.0,0.0,0.0,0.0,0.0,0.0,False,True
2019-05-30,-0.0,0.0,0.0,-0.0,0.0,0.0,0.0,False,True
2019-05-31,0.0,0.0,0.0,0.0,0.0,0.0,0.0,False,True
2019-06-03,0.0,0.0,0.0,0.0,0.0,0.0,0.0,False,True
2019-06-04,-0.0,0.0,0.0,-0.0,0.0,0.0,0.0,False,True
2019-06-05,-0.0,0.0,0.0,-0.0,0.0,0.0,0.0,False,True
2019-06-06,-0.0,0.0,0.0,-0.0,0.0,0.0,0.0,False,True
2019-06-07,0.0,0.0,0.0,0.0,0.0,0.0,0.0,False,True
2019-06-10,-0.0,0.0,0.0,-0.0,0.0,0.0,0.0,False,True
2019-06-11,0.0,0.0,0.0,0.0,0.0,0.0,0.0,False,True
2019-06-12,-0.0,0.0,0.0,-0.0,0.0,0.0,0.0,False,True
2019-06-13,0.0,0.0,0.0,0.0,0.0,0.0,0.0,False,True
2019-06-14,-0.0,0.0,0.0,-0.0,0.0,0.0,0.0,False,True
2019-06-17,-0.0,0.0,0.0,-0.0,0.0,0.0,0.0,False,True
2019-06-18,0.0,0.0,0.0,0.0,0.0,0.0,0.0,False,True
2019-06-19,-0.0,0.0,0.0,-0.0,-15889.743540548701,-1.0,0.0,False,True
2019-06-20,0.0,50.50228567151138,0.0,-50.50228567151138,-16000.58491432361,-1.0,0.0,False,True
2019-06-21,-394.1641808508205,0.3437591773654509,0.0,-394.50794002818594,-16080.26069624893,-1.0,-1.0,False,True
2019-06-24,242.06633758432147,0.2508991596726662,0.0,241.81543842464882,-16193.596160121668,-1.0,-1.0,False,True
2019-06-25,-395.21378055296975,0.3483323852160608,0.0,-395.5621129381858,0.0,0.0,-1.0,False,True
2019-06-26,145.66953067575915,50.22219686573286,0.0,95.4473338100263,0.0,0.0,-1.0,False,True
2019-06-27,-0.0,0.0,0.0,-0.0,0.0,0.0,0.0,False,True
2019-06-28,-0.0,0.0,0.0,-0.0,0.0,0.0,0.0,False,True
2019-07-01,-0.0,0.0,0.0,-0.0,-16492.65848033901,-1.0,0.0,False,True
2019-07-02,-0.0,59.41994707327763,0.0,-59.41994707327763,-16424.434247526642,-1.0,0.0,False,True
2019-07-03,231.8827202859598,108.6635106153375,108.6635106153375,123.2192096706223,-16542.224676560214,-1.0,-1.0,False,True
2019-07-05,-158.6901859664417,0.3851202225180579,0.0,-159.07530618895976,-16670.566433493823,-1.0,-1.0,False,True
2019-07-08,-369.3638683761446,0.41045335680795353,0.0,-369.77432173295256,-16760.218099982518,-1.0,-1.0,False,True
2019-07-09,-52.01424784241697,0.28582568631698996,0.0,-52.30007352873396,-16898.33902437912,-1.0,-1.0,False,True
2019-07-10,521.3131601860811,0.45449100323118935,0.0,520.8586691828499,-16940.578146022737,-1.0,-1.0,False,True
2019-07-11,162.74483811600956,0.1403406796911166,0.0,162.60449743631844,-17071.62610609322,-1.0,-1.0,False,True
2019-07-12,219.65093220126786,0.44113024325860145,0.0,219.20980195800925,-17195.618076129853,-1.0,-1.0,False,True
2019-07-15,-0.0,0.417378552668471,0.0,-0.417378552668471,-17338.32274771099,-1.0,-1.0,False,True
2019-07-16,-112.94330427671483,0.4772342198064143,0.0,-113.42053849652125,-17477.452467939198,-1.0,-1.0,False,True
2019-07-17,-452.55002277875434,0.45344344430496913,0.0,-453.0034662230593,-17545.984601621836,-1.0,-1.0,False,True
2019-07-18,444.57748726077546,0.22918576517032366,0.0,444.34830149560514,-17618.04979630899,-1.0,-1.0,False,True
2019-07-19,-629.7090721626136,0.23265141591916141,0.0,-629.9417235785327,-17616.96830486843,-1.0,-1.0,False,True
2019-07-22,776.8588886561434,0.0036524834483494533,0.0,776.8552361726951,-17542.262490626286,-1.0,-1.0,False,True
2019-07-23,464.36819255007384,0.25913184297190633,0.0,464.10906070710195,-17608.95520353182,-1.0,-1.0,False,True
2019-07-24,474.91742783421495,0.2377740199240741,0.0,474.6796538142909,-17670.954704588108,-1.0,-1.0,False,True
2019-07-25,-367.4912390302303,0.2165229593958981,0.0,-367.7077619896262,-17766.93311608623,-1.0,-1.0,False,True
2019-07-26,361.24609276841136,0.3421839018628734,0.0,360.9039088665485,-17864.955726927223,-1.0,-1.0,False,True
2019-07-29,-123.59605645972802,0.34705760315031553,0.0,-123.94311406287834,-18007.375504105523,-1.0,-1.0,False,True
2019-07-30,-740.5162995617488,0.48418000533252953,0.0,-741.0004795670814,-17948.039271812206,-1.0,-1.0,False,True
2019-07-31,-1194.5191047499504,0.18917461306578565,0.0,-1194.7082793630161,0.0,0.0,-1.0,False,True
2019-08-01,-1563.1262818374569,52.6373111691202,0.0,-1615.7635930065771,0.0,0.0,-1.0,False,True
2019-08-02,0.0,0.0,0.0,0.0,0.0,0.0,0.0,False,True
2019-08-05,0.0,0.0,0.0,0.0,13231.719232523572,1.0,0.0,False,True
2019-08-06,-0.0,34.46635886489622,0.0,-34.46635886489622,0.0,0.0,0.0,False,True
2019-08-07,-201.7542957945147,35.00003151828816,0.0,-236.75432731280284,0.0,0.0,1.0,False,True
2019-08-08,-0.0,0.0,0.0,-0.0,0.0,0.0,0.0,False,True
2019-08-09,0.0,0.0,0.0,0.0,0.0,0.0,0.0,False,True
2019-08-12,0.0,0.0,0.0,0.0,0.0,0.0,0.0,False,True
2019-08-13,-0.0,0.0,0.0,-0.0,0.0,0.0,0.0,False,True
2019-08-14,0.0,0.0,0.0,0.0,0.0,0.0,0.0,False,True
2019-08-15,0.0,0.0,0.0,0.0,0.0,0.0,0.0,False,True
2019-08-16,-0.0,0.0,0.0,-0.0,0.0,0.0,0.0,False,True
2019-08-19,-0.0,0.0,0.0,-0.0,0.0,0.0,0.0,False,True
2019-08-20,0.0,0.0,0.0,0.0,0.0,0.0,0.0,False,True
2019-08-21,-0.0,0.0,0.0,-0.0,0.0,0.0,0.0,False,True
2019-08-22,0.0,0.0,0.0,0.0,0.0,0.0,0.0,False,True
2019-08-23,0.0,0.0,0.0,0.0,0.0,0.0,0.0,False,True
2019-08-26,-0.0,0.0,0.0,-0.0,0.0,0.0,0.0,False,True
2019-08-27,0.0,0.0,0.0,0.0,0.0,0.0,0.0,False,True
2019-08-28,-0.0,0.0,0.0,-0.0,0.0,0.0,0.0,False,True
2019-08-29,-0.0,0.0,0.0,-0.0,0.0,0.0,0.0,False,True
2019-08-30,0.0,0.0,0.0,0.0,0.0,0.0,0.0,False,True
2019-09-03,0.0,0.0,0.0,0.0,0.0,0.0,0.0,False,True
2019-09-04,-0.0,0.0,0.0,-0.0,0.0,0.0,0.0,False,True
2019-09-05,-0.0,0.0,0.0,-0.0,0.0,0.0,0.0,False,True
2019-09-06,-0.0,0.0,0.0,-0.0,-12455.140737534644,-1.0,0.0,False,True
2019-09-09,-0.0,36.11462307205944,0.0,-36.11462307205944,-12558.179133074958,-1.0,0.0,False,True
2019-09-10,-0.0,0.29876762497545084,0.0,-0.29876762497545084,-12662.398174281177,-1.0,-1.0,False,True
2019-09-11,248.67681451633743,0.30829586504004214,0.0,248.3685186512974,-12750.658683506563,-1.0,-1.0,False,True
2019-09-12,219.26230604815993,0.2656887575800878,0.0,218.99661729057985,-12843.333857113146,-1.0,-1.0,False,True
2019-09-13,112.34060514102644,0.28145793465703134,0.0,112.05914720636942,-12946.438600334157,-1.0,-1.0,False,True
2019-09-16,-304.4345803167542,0.3058823785862113,0.0,-304.7404626953404,-13028.139920594751,-1.0,-1.0,False,True
2019-09-17,149.88640926580675,0.24522358204131436,0.0,149.64118568376543,-13129.987658820291,-1.0,-1.0,False,True
2019-09-18,534.0965121180865,0.3187600967364246,0.0,533.77775202135,-13159.127901931486,-1.0,-1.0,False,True
2019-09-19,120.27469611132908,0.09204545204614642,0.0,120.18265065928293,-13264.287361437182,-1.0,-1.0,False,True
2019-09-20,-811.0402404888422,0.31288373292696153,0.0,-811.3531242217691,-13190.516414123898,-1.0,-1.0,False,True
2019-09-23,385.03011208816173,0.22605447233517398,0.0,384.80405761582654,-13259.22490200582,-1.0,-1.0,False,True
2019-09-24,-906.9712332581432,0.19699636385725985,0.0,-907.1682296220005,-13141.839297337463,-1.0,-1.0,False,True
2019-09-25,482.15363280021035,0.349260507358684,0.0,481.80437229285167,-13187.80618216106,-1.0,-1.0,False,True
2019-09-26,-152.59029663091323,0.13519672006940547,0.0,-152.72549335098265,-13290.707881922566,-1.0,-1.0,False,True
2019-09-27,-454.09949551199907,0.292577648420369,0.0,-454.39207316041944,-13342.452155791667,-1.0,-1.0,False,True
2019-09-30,663.6137083900308,0.1548551261776005,0.0,663.4588532638531,-13329.519661764485,-1.0,-1.0,False,True
2019-10-01,-1129.7258759648423,0.035681847585090964,0.0,-1129.7615578124273,0.0,0.0,-1.0,False,True
2019-10-02,-1076.4080480563516,34.029284317082436,0.0,-1110.437332373434,0.0,0.0,-1.0,False,True
2019-10-03,-0.0,0.0,0.0,-0.0,0.0,0.0,0.0,False,True
2019-10-04,-0.0,0.0,0.0,-0.0,0.0,0.0,0.0,False,True
2019-10-07,0.0,0.0,0.0,0.0,0.0,0.0,0.0,False,True
2019-10-08,0.0,0.0,0.0,0.0,0.0,0.0,0.0,False,True
2019-10-09,-0.0,0.0,0.0,-0.0,0.0,0.0,0.0,False,True
2019-10-10,-0.0,0.0,0.0,-0.0,0.0,0.0,0.0,False,True
2019-10-11,-0.0,0.0,0.0,-0.0,0.0,0.0,0.0,False,True
2019-10-14,-0.0,0.0,0.0,-0.0,-13146.455325829143,-1.0,0.0,False,True
2019-10-15,-0.0,39.92627173029592,0.0,-39.92627173029592,-13223.21778240044,-1.0,0.0,False,True
2019-10-16,116.85738067403612,0.23522127947855975,0.0,116.62215939455756,-13329.089339698017,-1.0,-1.0,False,True
2019-10-17,118.59388145650799,0.32735549390653823,0.0,118.26652596260145,-13435.674602583638,-1.0,-1.0,False,True
2019-10-18,-80.41682859546286,0.32758589042807046,0.0,-80.74441448589093,-13545.306971508888,-1.0,-1.0,False,True
2019-10-21,483.44256441080626,0.34952777029045323,0.0,483.0930366405158,-13590.092502262347,-1.0,-1.0,False,True
2019-10-22,-337.05273957098535,0.13931766015871214,0.0,-337.1920572311441,-13670.085934076102,-1.0,-1.0,False,True
2019-10-23,247.46754177109102,0.25345677777155695,0.0,247.21408499331946,-13765.631986922055,-1.0,-1.0,False,True
2019-10-24,126.7705032526396,0.30556849974134886,0.0,126.46493475289824,-13875.124021132351,-1.0,-1.0,False,True
2019-10-25,515.4058778254725,0.363790389191421,0.0,515.0420874362811,-13911.6487184574,-1.0,-1.0,False,True
2019-10-28,-179.90436332100188,0.11980100722615972,0.0,-180.02416432822804,-14017.52571684737,-1.0,-1.0,False,True
2019-10-29,133.55182769719178,0.35064272487793324,0.0,133.20118497231385,-14128.483954709252,-1.0,-1.0,False,True
2019-10-30,452.90874690944736,0.3797402130498452,0.0,452.5290066963975,-14183.800021019533,-1.0,-1.0,False,True
2019-10-31,-283.0414147854962,0.18559400316869992,0.0,-283.22700878866493,-14277.322345099474,-1.0,-1.0,False,True
2019-11-01,649.9941089828934,0.3288520829569092,0.0,649.6652568999365,-14268.113361108284,-1.0,-1.0,False,True
2019-11-04,-146.93642207649484,0.03205164207459877,0.0,-146.96847371856944,-14380.013004377579,-1.0,-1.0,False,True
2019-11-05,-290.69161346909874,0.38168763511157117,0.0,-291.0733011042103,-14473.286958886842,-1.0,-1.0,False,True
2019-11-06,239.2681032342357,0.3235390977055643,0.0,238.94456413653012,-14575.658668745873,-1.0,-1.0,False,True
2019-11-07,146.936923440476,92.04070871197383,92.04070871197383,54.89621472850216,-14689.867184599098,-1.0,-1.0,False,True
2019-11-08,135.1683956916175,0.36525344383636554,0.0,134.80314224778112,-14806.007862393153,-1.0,-1.0,False,True
2019-11-11,183.3368759388335,0.37612699759528273,0.0,182.9607489412382,-14918.18791030344,-1.0,-1.0,False,True
2019-11-12,-0.0,0.3633003131375823,0.0,-0.3633003131375823,-15041.992422412304,-1.0,-1.0,False,True
2019-11-13,-0.0,0.40094668218510293,0.0,-0.40094668218510293,-15166.824375475166,-1.0,-1.0,False,True
2019-11-14,190.1041696355423,0.40944880604618555,0.0,189.6947208294961,-15280.906393996169,-1.0,-1.0,False,True
2019-11-15,485.33838001520576,0.38655890573232493,0.0,484.9518211094734,-15330.931937964384,-1.0,-1.0,False,True
2019-11-18,101.03078607600807,0.17063621486662378,0.0,100.86014986114145,-15454.827637126697,-1.0,-1.0,False,True
2019-11-19,-204.07230533064055,0.417054488149,0.0,-204.48935981878955,-15569.254666138362,-1.0,-1.0,False,True
2019-11-20,50.75477056527473,0.3864504274693813,0.0,50.36832013780535,-15697.600524018524,-1.0,-1.0,False,True
2019-11-21,-153.89708071965168,0.42921534853887766,0.0,-154.32629606819057,-15819.876721164897,-1.0,-1.0,False,True
2019-11-22,563.3722863432413,0.42413909331652333,0.0,562.9481472499248,-15844.2687253924,-1.0,-1.0,False,True
2019-11-25,749.5034656389478,0.08881635642340939,0.0,749.4146492825244,-15790.003915040146,-1.0,-1.0,False,True
2019-11-26,225.14058579598338,0.20043758778760243,0.0,224.94014820819578,-15904.2388504403,-1.0,-1.0,False,True
2019-11-27,56.90091500915485,0.4234748961488546,0.0,56.477440113006,-16035.120444173464,-1.0,-1.0,False,True
2019-11-29,-345.1191070619965,0.474880118854842,0.0,-345.59398718085134,-16127.241333293108,-1.0,-1.0,False,True
2019-12-02,-1248.7527425551007,0.3100949469544661,0.0,-1249.0628375020551,0.0,0.0,-1.0,False,True
2019-12-03,-1059.2605145020127,50.941209142143094,0.0,-1110.201723644156,0.0,0.0,-1.0,False,True
2019-12-04,-0.0,0.0,0.0,-0.0,0.0,0.0,0.0,False,True
2019-12-05,-0.0,0.0,0.0,-0.0,0.0,0.0,0.0,False,True
2019-12-06,-0.0,0.0,0.0,-0.0,-15605.93177494706,-1.0,0.0,False,True
2019-12-09,0.0,46.70388341407514,0.0,-46.70388341407514,-15569.287769704948,-1.0,0.0,False,True
2019-12-10,227.82382153207357,0.11128920110567117,0.0,227.7125323309679,-15681.492610487348,-1.0,-1.0,False,True
2019-12-11,276.78733812808804,0.3469380446514644,0.0,276.4404000834366,-15785.888417596874,-1.0,-1.0,False,True
2019-12-12,614.9604945289134,0.33596766809188044,0.0,614.6245268608216,-15790.32384470981,-1.0,-1.0,False,True
2019-12-13,743.4484341097425,0.014979613808103259,0.0,743.4334544959344,-15739.622508629622,-1.0,-1.0,False,True
2019-12-16,364.1919832387773,0.17527443332948778,0.0,364.0167088054478,-15826.504714053046,-1.0,-1.0,False,True
2019-12-17,-53.0847302146015,0.29934205229919275,0.0,-53.384072266900695,-15956.892535891577,-1.0,-1.0,False,True
2019-12-18,53.19833517328912,0.45075048021751773,0.0,52.7475846930716,-16088.345209419413,-1.0,-1.0,False,True
2019-12-19,215.27005107442238,0.46064612090951057,0.0,214.80940495351288,-16205.836792250195,-1.0,-1.0,False,True
2019-12-20,-165.0086688145575,0.4075427154028822,0.0,-165.41621152996038,-16330.855494639307,-1.0,-1.0,False,True
2019-12-23,-0.0,0.4336520133632486,0.0,-0.4336520133632486,-16466.383590208992,-1.0,-1.0,False,True
2019-12-24,276.32581209203585,0.47819723910129935,0.0,275.84761485293456,-16576.036161577264,-1.0,-1.0,False,True
2019-12-26,-0.0,0.38689805732350463,0.0,-0.38689805732350463,-16713.59898636683,-1.0,-1.0,False,True
2019-12-27,-684.7243853319358,0.46612196829522246,0.0,-685.1905073002309,-16686.104984795515,-1.0,-1.0,False,True
2019-12-30,-442.0125351766449,0.09076119681351835,0.0,-442.1032963734584,-16756.19818003701,-1.0,-1.0,False,True
2019-12-31,967.3104339011899,0.24562572691463697,0.0,967.0648081742752,-16570.110979756173,-1.0,-1.0,False,True
2020-01-02,630.1476238646411,0.6775821679852805,0.0,629.4700416966558,-16573.02449252833,-1.0,-1.0,False,True
2020-01-03,-1118.4089115998836,0.009937938740301,0.0,-1118.4188495386238,-16288.044037732436,-1.0,-1.0,False,True
2020-01-06,165.45448744620614,0.9818654324900544,0.0,164.4726220137161,-16414.104977803963,-1.0,-1.0,False,True
2020-01-07,218.99891143169583,0.4402468946279922,0.0,218.55866453706784,-16533.421856262816,-1.0,-1.0,False,True
2020-01-08,559.2540026509021,104.71694575168513,104.71694575168513,454.53705689921696,-16560.637846536883,-1.0,-1.0,False,True
2020-01-09,358.86497052353354,0.08841961974934844,0.0,358.7765509037842,-16652.948301136454,-1.0,-1.0,False,True
2020-01-10,52.490135805188565,0.30085283295567405,0.0,52.18928297223289,-16790.167109612525,-1.0,-1.0,False,True
2020-01-13,370.6538572589979,0.45739602825357,0.0,370.1964612307443,-16880.073300282187,-1.0,-1.0,False,True
2020-01-14,163.8065083864638,0.30263988649065365,0.0,163.50386849997315,-17010.473999494534,-1.0,-1.0,False,True
2020-01-15,55.43538029649128,0.44039774857547115,0.0,54.99498254791581,-17150.5182460363,-1.0,-1.0,False,True
2020-01-16,280.23845139200307,0.4808889537866318,0.0,279.75756243821644,-17263.930356035544,-1.0,-1.0,False,True
2020-01-17,-0.0,0.3894385686741224,0.0,-0.3894385686741224,-17407.2019442245,-1.0,-1.0,False,True
2020-01-21,-173.50683774909785,0.4870758802443786,0.0,-173.99391362934225,-17540.39234813877,-1.0,-1.0,False,True
2020-01-22,-115.47065966318411,0.44981932129200974,0.0,-115.92047898447612,-17680.932217308105,-1.0,-1.0,False,True
2020-01-23,173.38114347418974,0.47937892145946964,0.0,172.90176455273027,-17816.240109366903,-1.0,-1.0,False,True
2020-01-24,-1176.7675352617698,0.43273194808195853,0.0,-1177.2002672098517,-17456.059350468055,-1.0,-1.0,False,True
2020-01-27,-1945.6112443926418,1.0384958589910545,0.0,-1946.649740251633,0.0,0.0,-1.0,False,True
2020-01-28,1080.2624633201017,53.65055722407723,0.0,1026.6119060960245,0.0,0.0,-1.0,False,True
2020-01-29,0.0,0.0,0.0,0.0,0.0,0.0,0.0,False,True
2020-01-30,-0.0,0.0,0.0,-0.0,0.0,0.0,0.0,False,True
2020-01-31,0.0,0.0,0.0,0.0,0.0,0.0,0.0,False,True
2020-02-03,-0.0,0.0,0.0,-0.0,0.0,0.0,0.0,False,True
2020-02-04,-0.0,0.0,0.0,-0.0,0.0,0.0,0.0,False,True
2020-02-05,-0.0,0.0,0.0,-0.0,0.0,0.0,0.0,False,True
2020-02-06,-0.0,0.0,0.0,-0.0,0.0,0.0,0.0,False,True
2020-02-07,0.0,0.0,0.0,0.0,0.0,0.0,0.0,False,True
2020-02-10,-0.0,0.0,0.0,-0.0,0.0,0.0,0.0,False,True
2020-02-11,-0.0,0.0,0.0,-0.0,0.0,0.0,0.0,False,True
2020-02-12,-0.0,0.0,0.0,-0.0,0.0,0.0,0.0,False,True
2020-02-13,0.0,0.0,0.0,0.0,0.0,0.0,0.0,False,True
2020-02-14,-0.0,0.0,0.0,-0.0,-15480.931744303089,-1.0,0.0,False,True
2020-02-18,0.0,50.13571891914903,0.0,-50.13571891914903,-15556.844446851448,-1.0,0.0,False,True
2020-02-19,440.21606855838104,0.25304234182786484,0.0,439.96302621655315,-15621.880749483043,-1.0,-1.0,False,True
2020-02-20,-708.2790967672187,0.20734746562172715,0.0,-708.4864442328404,0.0,0.0,-1.0,False,True
2020-02-21,-826.0403506725103,47.30407021630759,0.0,-873.3444208888179,0.0,0.0,-1.0,False,True
2020-02-24,0.0,0.0,0.0,0.0,13451.213987417124,1.0,0.0,False,True
2020-02-25,0.0,31.01798501035445,0.0,-31.01798501035445,13007.780683512201,1.0,0.0,False,True
2020-02-26,60.522897581177595,1.0179599921669575,0.0,59.50493758901064,13114.787539412937,1.0,1.0,False,True
2020-02-27,2301.4886315732656,0.20871936688535547,0.0,2301.2799122063802,11942.080596168586,1.0,1.0,False,True
2020-02-28,24.956779332850456,2.2830477052715294,0.0,22.673731627578928,12041.056112940814,1.0,1.0,False,True
2020-03-02,-22.682014427671138,0.19305405269559364,0.0,-22.875068480366732,12140.850251557964,1.0,1.0,False,True
2020-03-03,1328.9843093255329,0.1753024714354386,0.0,1328.8090068540973,11804.574547044533,1.0,1.0,False,True
2020-03-04,-728.2429456804258,0.6284094751618361,0.0,-728.8713551555876,11779.16640391186,1.0,1.0,False,True
2020-03-05,1915.418659411054,43.91159759260728,43.91159759260728,1871.5070618184468,11058.814395636526,1.0,1.0,False,True
2020-03-06,1198.2439938584266,1.2174127097810687,0.0,1197.0265811486456,10865.560279751333,1.0,1.0,False,True
2020-03-09,2151.5912591675346,0.2734098947996171,0.0,2151.317849272735,10052.838313672122,1.0,1.0,False,True
2020-03-10,-434.9223576436012,1.1977570312454222,0.0,-436.1201146748466,10101.974351638577,1.0,1.0,False,True
2020-03-11,1098.5128854623758,0.06528119107662492,0.0,1098.4476042712993,9934.754608051866,1.0,1.0,False,True
2020-03-12,1898.6212326475606,0.18701607984329385,0.0,1898.4342165677174,9355.625198820142,1.0,1.0,False,True
2020-03-13,-417.3355727332211,0.6760907112329352,0.0,-418.01166344445403,9402.817307735493,1.0,1.0,False,True
2020-03-16,3249.960917585585,0.040889189888617845,0.0,3249.920028395696,7878.578390139629,1.0,1.0,False,True
2020-03-17,361.64681952828903,1.271750012646122,0.0,360.3750695156429,7928.687948675528,1.0,1.0,False,True
2020-03-18,1160.7836293164619,0.03644008336239547,0.0,1160.7471892330996,7774.790213400996,1.0,1.0,False,True
2020-03-19,-469.7023367963153,0.11896318149049377,0.0,-469.8212999778058,7804.620580492101,1.0,1.0,False,True
2020-03-20,-559.9490689138725,0.024848538210794132,0.0,-559.9739174520832,7817.690700368597,1.0,1.0,False,True
2020-03-23,-1531.7479643956453,0.01354587752619697,0.0,-1531.7615102731716,7519.587960094194,1.0,1.0,False,True
2020-03-24,-189.71140223341393,0.31663762568006537,0.0,-190.028039859094,7576.696037402844,1.0,1.0,False,True
2020-03-25,471.43530734269234,0.05708023329240944,0.0,471.3782271093999,7603.629896143992,1.0,1.0,False,True
2020-03-26,-797.9358089122444,0.030089596958775205,0.0,-797.9658985092032,7565.531329383534,1.0,1.0,False,True
2020-03-27,1251.3875905370492,0.03654752543703203,0.0,1251.351043011612,7391.469962655326,1.0,1.0,False,True
2020-03-30,-516.8776668647613,0.17921938814305768,0.0,-517.0568862529044,7413.217313315731,1.0,1.0,False,True
2020-03-31,-445.49291588078336,0.02382793631952508,0.0,-445.5167438171029,7443.5981595592675,1.0,1.0,False,True
2020-04-01,721.1146718457858,17.062449142517508,17.062449142517508,704.0522227032683,7424.079093660842,1.0,1.0,False,True
2020-04-02,-433.6886322656381,0.02380373890051909,0.0,-433.71243600453863,7456.450845063666,1.0,1.0,False,True
2020-04-03,-198.74096324493598,0.0405636249240765,0.0,-198.78152686986007,7512.048412767648,1.0,1.0,False,True
2020-04-06,-542.3702020553648,0.07513184824862482,0.0,-542.4453339036133,7527.34119333898,1.0,1.0,False,True
2020-04-07,346.63374350279116,0.019754379439968363,0.0,346.6139891233512,7570.653524037606,1.0,1.0,False,True
2020-04-08,-260.87193801741864,0.05795710047792683,0.0,-260.9298951178966,7622.470272837319,1.0,1.0,False,True
2020-04-09,-271.79239152876556,0.07191898106933695,0.0,-271.8643105098349,7673.670222561213,1.0,1.0,False,True
2020-04-13,-165.1449212801582,0.07263660687472974,0.0,-165.21755788703294,7732.865987946571,1.0,1.0,False,True
2020-04-14,-669.1228014136422,0.092002516330541,0.0,-669.2148039299727,7723.6447639974485,1.0,1.0,False,True
2020-04-15,844.2249448554251,0.012921058848736608,0.0,844.2120237965763,7674.0021394714295,1.0,1.0,False,True
2020-04-16,-10.558639458643674,0.06965597554985564,0.0,-10.628295434193529,7737.670013359781,1.0,1.0,False,True
2020-04-17,-409.7003195611023,0.09437392731100487,0.0,-409.79469348841326,7774.074139407187,1.0,1.0,False,True
2020-04-20,1007.0720190923786,0.04774693435520414,0.0,1007.0242721580233,7675.315779032915,1.0,1.0,False,True
2020-04-21,537.1721094408031,0.1211577730504239,0.0,537.0509516677527,7693.701845648254,1.0,1.0,False,True
2020-04-22,-395.0192441632733,0.023780086158639933,0.0,-395.04302424943194,7732.134328994933,1.0,1.0,False,True
2020-04-23,19.416282260310588,0.049582498968339765,0.0,19.366699761342247,0.0,0.0,1.0,False,True
2020-04-24,-574.1924800638159,10.775578092752966,0.0,-584.9680581565689,0.0,0.0,1.0,False,True
2020-04-27,-0.0,0.0,0.0,-0.0,0.0,0.0,0.0,False,True
2020-04-28,0.0,0.0,0.0,0.0,0.0,0.0,0.0,False,True
2020-04-29,-0.0,0.0,0.0,-0.0,0.0,0.0,0.0,False,True
2020-04-30,0.0,0.0,0.0,0.0,0.0,0.0,0.0,False,True
2020-05-01,0.0,0.0,0.0,0.0,0.0,0.0,0.0,False,True
2020-05-04,-0.0,0.0,0.0,-0.0,0.0,0.0,0.0,False,True
2020-05-05,-0.0,0.0,0.0,-0.0,0.0,0.0,0.0,False,True
2020-05-06,0.0,0.0,0.0,0.0,0.0,0.0,0.0,False,True
2020-05-07,-0.0,0.0,0.0,-0.0,0.0,0.0,0.0,False,True
2020-05-08,-0.0,0.0,0.0,-0.0,0.0,0.0,0.0,False,True
2020-05-11,-0.0,0.0,0.0,-0.0,0.0,0.0,0.0,False,True
2020-05-12,0.0,0.0,0.0,0.0,0.0,0.0,0.0,False,True
2020-05-13,0.0,0.0,0.0,0.0,0.0,0.0,0.0,False,True
2020-05-14,-0.0,0.0,0.0,-0.0,0.0,0.0,0.0,False,True
2020-05-15,-0.0,0.0,0.0,-0.0,0.0,0.0,0.0,False,True
2020-05-18,-0.0,0.0,0.0,-0.0,0.0,0.0,0.0,False,True
2020-05-19,0.0,0.0,0.0,0.0,0.0,0.0,0.0,False,True
2020-05-20,-0.0,0.0,0.0,-0.0,0.0,0.0,0.0,False,True
2020-05-21,0.0,0.0,0.0,0.0,0.0,0.0,0.0,False,True
2020-05-22,-0.0,0.0,0.0,-0.0,0.0,0.0,0.0,False,True
2020-05-26,-0.0,0.0,0.0,-0.0,0.0,0.0,0.0,False,True
2020-05-27,-0.0,0.0,0.0,-0.0,0.0,0.0,0.0,False,True
2020-05-28,0.0,0.0,0.0,0.0,0.0,0.0,0.0,False,True
2020-05-29,-0.0,0.0,0.0,-0.0,0.0,0.0,0.0,False,True
2020-06-01,0.0,0.0,0.0,0.0,0.0,0.0,0.0,False,True
2020-06-02,-0.0,0.0,0.0,-0.0,0.0,0.0,0.0,False,True
2020-06-03,-0.0,0.0,0.0,-0.0,0.0,0.0,0.0,False,True
2020-06-04,-0.0,0.0,0.0,-0.0,0.0,0.0,0.0,False,True
2020-06-05,-0.0,0.0,0.0,-0.0,0.0,0.0,0.0,False,True
2020-06-08,0.0,0.0,0.0,0.0,0.0,0.0,0.0,False,True
2020-06-09,0.0,0.0,0.0,0.0,0.0,0.0,0.0,False,True
2020-06-10,-0.0,0.0,0.0,-0.0,0.0,0.0,0.0,False,True
2020-06-11,0.0,0.0,0.0,0.0,0.0,0.0,0.0,False,True
2020-06-12,-0.0,0.0,0.0,-0.0,0.0,0.0,0.0,False,True
2020-06-15,-0.0,0.0,0.0,-0.0,0.0,0.0,0.0,False,True
2020-06-16,-0.0,0.0,0.0,-0.0,0.0,0.0,0.0,False,True
2020-06-17,0.0,0.0,0.0,0.0,0.0,0.0,0.0,False,True
2020-06-18,-0.0,0.0,0.0,-0.0,0.0,0.0,0.0,False,True
2020-06-19,0.0,0.0,0.0,0.0,0.0,0.0,0.0,False,True
2020-06-22,-0.0,0.0,0.0,-0.0,0.0,0.0,0.0,False,True
2020-06-23,0.0,0.0,0.0,0.0,0.0,0.0,0.0,False,True
2020-06-24,0.0,0.0,0.0,0.0,0.0,0.0,0.0,False,True
2020-06-25,-0.0,0.0,0.0,-0.0,0.0,0.0,0.0,False,True
2020-06-26,0.0,0.0,0.0,0.0,0.0,0.0,0.0,False,True
2020-06-29,-0.0,0.0,0.0,-0.0,0.0,0.0,0.0,False,True
2020-06-30,-0.0,0.0,0.0,-0.0,0.0,0.0,0.0,False,True
2020-07-01,-0.0,0.0,0.0,-0.0,0.0,0.0,0.0,False,True
2020-07-02,-0.0,0.0,0.0,-0.0,0.0,0.0,0.0,False,True
2020-07-06,0.0,0.0,0.0,0.0,0.0,0.0,0.0,False,True
2020-07-07,0.0,0.0,0.0,0.0,0.0,0.0,0.0,False,True
2020-07-08,-0.0,0.0,0.0,-0.0,0.0,0.0,0.0,False,True
2020-07-09,0.0,0.0,0.0,0.0,0.0,0.0,0.0,False,True
2020-07-10,-0.0,0.0,0.0,-0.0,0.0,0.0,0.0,False,True
2020-07-13,0.0,0.0,0.0,0.0,0.0,0.0,0.0,False,True
2020-07-14,-0.0,0.0,0.0,-0.0,0.0,0.0,0.0,False,True
2020-07-15,-0.0,0.0,0.0,-0.0,0.0,0.0,0.0,False,True
2020-07-16,-0.0,0.0,0.0,-0.0,0.0,0.0,0.0,False,True
2020-07-17,-0.0,0.0,0.0,-0.0,0.0,0.0,0.0,False,True
2020-07-20,-0.0,0.0,0.0,-0.0,-8461.474534933826,-1.0,0.0,False,True
2020-07-21,0.0,15.584926142510644,0.0,-15.584926142510644,-8530.172029533875,-1.0,0.0,False,True
2020-07-22,174.85526891597328,0.12920171002761366,0.0,174.72606720594567,-8595.356157136495,-1.0,-1.0,False,True
2020-07-23,-477.3765998179496,0.11609683890996741,0.0,-477.4926966568596,-8624.880511500938,-1.0,-1.0,False,True
2020-07-24,14.93545813577075,0.05267617619417566,0.0,14.882781959576574,-8696.416492708375,-1.0,-1.0,False,True
2020-07-27,360.3083242402489,0.13319596864236613,0.0,360.1751282716065,-8744.384062293555,-1.0,-1.0,False,True
2020-07-28,-0.0,0.08931291339656618,0.0,-0.08931291339656618,-8816.952809183857,-1.0,-1.0,False,True
2020-07-29,238.2665957028213,0.13890376388899925,0.0,238.1276919389323,-8879.36798233103,-1.0,-1.0,False,True
2020-07-30,-131.71918295699655,0.11771030814324415,0.0,-131.8368932651398,-8949.750396651745,-1.0,-1.0,False,True
2020-07-31,114.361685145018,0.13446779996035915,0.0,114.22721734505764,-9021.506611829747,-1.0,-1.0,False,True
2020-08-03,16.681734196928037,0.13734849777301988,0.0,16.54438569915502,-9096.321156828948,-1.0,-1.0,False,True
2020-08-04,303.2439197253696,0.14818339830759567,0.0,303.095736327062,-9153.856836217836,-1.0,-1.0,False,True
2020-08-05,193.35175405820033,0.11643449432104624,0.0,193.23531956387927,-9222.494362027097,-1.0,-1.0,False,True
2020-08-06,162.65490923190552,33.78611655282701,33.78611655282701,128.86879267907852,-9293.79112142219,-1.0,-1.0,False,True
2020-08-07,16.54259078390577,0.13131927831081733,0.0,16.411271505594954,-9370.864652955986,-1.0,-1.0,False,True
2020-08-10,233.80606594772797,0.145622801515469,0.0,233.66044314621251,-9437.624360740672,-1.0,-1.0,False,True
2020-08-11,-362.7431478563617,0.12143513838385618,0.0,-362.86458299474555,-9489.387061477659,-1.0,-1.0,False,True
2020-08-12,435.45383030924137,0.09871026652169522,0.0,435.35512004271965,-9529.849957679618,-1.0,-1.0,False,True
2020-08-13,17.65467360274971,0.07730562648091083,0.0,17.5773679762688,-9608.873773931271,-1.0,-1.0,False,True
2020-08-14,-53.28900255925211,0.150137927076819,0.0,-53.43914048632893,-9688.029492263819,-1.0,-1.0,False,True
2020-08-17,409.64614791551344,0.15708540424174505,0.0,409.4890625112717,-9733.622849532247,-1.0,-1.0,False,True
2020-08-18,131.2995284527518,0.09172363336631739,0.0,131.20780481938547,-9810.816514482436,-1.0,-1.0,False,True
2020-08-19,-286.56397005492386,0.15085511262906431,0.0,-286.71482516755293,-9874.950103424591,-1.0,-1.0,False,True
2020-08-20,130.93558741921342,0.1270278814796312,0.0,130.8085595377338,-9953.271517183406,-1.0,-1.0,False,True
2020-08-21,-19.082029185361176,0.15483018149042452,0.0,-19.2368593668516,-10035.79473559767,-1.0,-1.0,False,True
2020-08-24,38.39256130061151,0.1637682456430219,0.0,38.22879305496849,-10118.76234322099,-1.0,-1.0,False,True
2020-08-25,136.012706968409,0.166912262637688,0.0,135.8457947057713,-10198.709846071732,-1.0,-1.0,False,True
2020-08-26,-238.322174913938,0.1571355521035682,0.0,-238.47931046604157,-10270.91048343659,-1.0,-1.0,False,True
2020-08-27,-371.57332133338883,0.13692072765768684,0.0,-371.71024206104653,-10325.828113522772,-1.0,-1.0,False,True
2020-08-28,28.503914385114918,0.10443519636054985,0.0,28.399479188754366,-10411.341561673225,-1.0,-1.0,False,True
2020-08-31,-354.4115400745291,0.15722203471608093,0.0,-354.5687621092452,-10469.705900295545,-1.0,-1.0,False,True
2020-09-01,-168.07546915705518,0.10560184834576757,0.0,-168.18107100540095,-10550.26564110672,-1.0,-1.0,False,True
2020-09-02,-203.2952601999134,30.496066284412343,30.496066284412343,-233.79132648432574,-10628.4583083641,-1.0,-1.0,False,True
2020-09-03,-1105.0525936898741,0.10268735930661571,0.0,-1105.1552810491808,-10448.192659001845,-1.0,-1.0,False,True
2020-09-04,776.1974677472826,0.2553867181704365,0.0,775.9420810291122,-10408.41032417815,-1.0,-1.0,False,True
2020-09-08,447.67653411065197,0.0588836002805584,0.0,447.6176505103714,-10451.227678927251,-1.0,-1.0,False,True
2020-09-09,420.8454715913178,0.06604633351065173,0.0,420.77942525780713,-10498.664972160208,-1.0,-1.0,False,True
2020-09-10,173.0075311786311,0.07440432373952709,0.0,172.93312685489158,-10579.08431330293,-1.0,-1.0,False,True
2020-09-11,257.0445899840286,0.1293016857588868,0.0,256.91528829826973,-10651.88271895071,-1.0,-1.0,False,True
2020-09-14,165.94642060083086,0.11891373034099503,0.0,165.82750687048986,-10733.990226109569,-1.0,-1.0,False,True
2020-09-15,322.5271261514948,0.13830763325855364,0.0,322.3888185182363,-10799.141224142442,-1.0,-1.0,False,True
2020-09-16,-35.280165081706116,0.10938537753267094,0.0,-35.389550459238784,-10888.474120200064,-1.0,-1.0,False,True
2020-09-17,247.64615419818833,0.15350581468409455,0.0,247.49264838350425,-10964.490065623806,-1.0,-1.0,False,True
2020-09-18,-91.26969086504727,0.12953673160321766,0.0,-91.39922759665049,-11053.52269664503,-1.0,-1.0,False,True
2020-09-21,-419.25730924247455,0.14613041921017553,0.0,-419.40343966168473,-11103.677131037224,-1.0,-1.0,False,True
2020-09-22,-53.09938845465877,0.08192557012270761,0.0,-53.18131402478148,-11195.156529924396,-1.0,-1.0,False,True
2020-09-23,-389.2922659487161,0.14436702672725304,0.0,-389.43663297544333,-11251.721411167462,-1.0,-1.0,False,True
2020-09-24,86.18288321727749,0.08995966373024515,0.0,86.09292355354725,-11343.31121129577,-1.0,-1.0,False,True
2020-09-25,349.16125403157406,0.15032753423781475,0.0,349.01092649733624,-11407.80320330992,-1.0,-1.0,False,True
2020-09-28,145.31063201019478,0.10722512865288698,0.0,145.2034068815419,-11497.320285395948,-1.0,-1.0,False,True
2020-09-29,388.5869704290492,0.1540806198793926,0.0,388.4328898091698,-11555.57510229504,-1.0,-1.0,False,True
2020-09-30,-231.6840359777517,0.0982900202824194,0.0,-231.7823259980341,-11638.228962720334,-1.0,-1.0,False,True
2020-10-01,-114.12913681279154,0.13809324683932378,0.0,-114.26723005963086,-11731.558825103939,-1.0,-1.0,False,True
2020-10-02,-531.1661140279857,0.14912409811877705,0.0,-531.3152381261045,-11758.340975711202,-1.0,-1.0,False,True
2020-10-05,457.1924717499601,0.044528312039650984,0.0,457.14794343792045,-11803.98577669952,-1.0,-1.0,False,True
2020-10-06,-152.58187803031723,0.07491740754687738,0.0,-152.6567954378641,-11896.085979631098,-1.0,-1.0,False,True
2020-10-07,453.6359625953389,0.15720684097396864,0.0,453.47875575436495,-11942.506895581038,-1.0,-1.0,False,True
2020-10-08,752.7914524995532,40.155394736388565,40.155394736388565,712.6360577631647,-11899.74093841115,-1.0,-1.0,False,True
2020-10-09,549.5319524671642,0.07551267200540046,0.0,549.4564397951588,-11923.654978657982,-1.0,-1.0,False,True
2020-10-12,184.49210757226624,0.04289044838670489,0.0,184.44921712387952,-12013.989302452484,-1.0,-1.0,False,True
2020-10-13,-0.0,0.16201694118874077,0.0,-0.16201694118874077,-12113.692168042742,-1.0,-1.0,False,True
2020-10-14,157.66390160698816,0.18119758374115988,0.0,157.482704023247,-12207.745326484102,-1.0,-1.0,False,True
2020-10-15,-289.9553976393222,0.16693417732016316,0.0,-290.1223318166424,-12287.044223270637,-1.0,-1.0,False,True
2020-10-16,-63.416858838878476,0.14001958519586266,0.0,-63.55687842407434,0.0,0.0,-1.0,False,True
2020-10-19,-507.99149243496356,20.83411137940844,0.0,-528.825603814372,0.0,0.0,-1.0,False,True
2020-10-20,-0.0,0.0,0.0,-0.0,0.0,0.0,0.0,False,True
2020-10-21,-0.0,0.0,0.0,-0.0,0.0,0.0,0.0,False,True
2020-10-22,-0.0,0.0,0.0,-0.0,0.0,0.0,0.0,False,True
2020-10-23,-0.0,0.0,0.0,-0.0,0.0,0.0,0.0,False,True
2020-10-26,0.0,0.0,0.0,0.0,0.0,0.0,0.0,False,True
2020-10-27,0.0,0.0,0.0,0.0,0.0,0.0,0.0,False,True
2020-10-28,0.0,0.0,0.0,0.0,11918.446519201601,1.0,0.0,False,True
2020-10-29,-0.0,18.439860652349648,0.0,-18.439860652349648,11795.048285678718,1.0,0.0,False,True
2020-10-30,350.8071050934826,0.1854592219368842,0.0,350.62164587154575,11862.945309765884,1.0,1.0,False,True
2020-11-02,-250.7744870122319,0.10426134784920599,0.0,-250.87874836008112,11945.447484325505,1.0,1.0,False,True
2020-11-03,-693.1159057391304,0.13455008579731262,0.0,-693.2504558249277,11923.231369783525,1.0,1.0,False,True
2020-11-04,-1159.3831289480604,0.040126021859963064,0.0,-1159.4232549699204,11697.710427700556,1.0,1.0,False,True
2020-11-05,-252.12119196018116,42.07031336650076,42.07031336650076,-294.1915053266819,0.0,0.0,1.0,False,True
2020-11-06,-650.4374173525927,22.060999426666186,0.0,-672.4984167792588,0.0,0.0,1.0,False,True
2020-11-09,-0.0,0.0,0.0,-0.0,0.0,0.0,0.0,False,True
2020-11-10,-0.0,0.0,0.0,-0.0,0.0,0.0,0.0,False,True
2020-11-11,-0.0,0.0,0.0,-0.0,0.0,0.0,0.0,False,True
2020-11-12,0.0,0.0,0.0,0.0,0.0,0.0,0.0,False,True
2020-11-13,-0.0,0.0,0.0,-0.0,0.0,0.0,0.0,False,True
2020-11-16,-0.0,0.0,0.0,-0.0,0.0,0.0,0.0,False,True
2020-11-17,-0.0,0.0,0.0,-0.0,0.0,0.0,0.0,False,True
2020-11-18,0.0,0.0,0.0,0.0,0.0,0.0,0.0,False,True
2020-11-19,-0.0,0.0,0.0,-0.0,0.0,0.0,0.0,False,True
2020-11-20,-0.0,0.0,0.0,-0.0,0.0,0.0,0.0,False,True
2020-11-23,-0.0,0.0,0.0,-0.0,0.0,0.0,0.0,False,True
2020-11-24,-0.0,0.0,0.0,-0.0,-12514.409306031841,-1.0,0.0,False,True
2020-11-25,-0.0,28.34755699156384,0.0,-28.34755699156384,-12548.02474010807,-1.0,0.0,False,True
2020-11-27,-110.62461265000438,0.07547824737817156,0.0,-110.70009089738255,-12648.891758031816,-1.0,-1.0,False,True
2020-11-30,247.3871252157115,0.231036186305785,0.0,247.15608902940573,-12737.240218620844,-1.0,-1.0,False,True
2020-12-01,-254.39111915594546,0.1983727756927793,0.0,-254.58949193163824,-12825.28338860578,-1.0,-1.0,False,True
2020-12-02,83.70585028666467,0.19899503690090267,0.0,83.50685524976377,-12929.790362484347,-1.0,-1.0,False,True
2020-12-03,-169.68401396170927,53.930440438952765,53.930440438952765,-223.61445440066203,-13029.088929209847,-1.0,-1.0,False,True
2020-12-04,132.07140308972768,0.21007436716952999,0.0,131.86132872255814,-13132.332368312507,-1.0,-1.0,False,True
2020-12-07,-53.78364883058726,0.21752214816079443,0.0,-54.00117097874806,-13240.499164909592,-1.0,-1.0,False,True
2020-12-08,377.9088451312943,0.2346475481735698,0.0,377.6741975831207,-13309.864248956346,-1.0,-1.0,False,True
2020-12-09,-420.3333068225282,0.14584453568804776,0.0,-420.47915135821626,-13370.286403641288,-1.0,-1.0,False,True
2020-12-10,-163.81371383330946,0.12549687649861338,0.0,-163.93921070980807,-13473.585305237995,-1.0,-1.0,False,True
2020-12-11,-487.67002080150456,0.2070017089670079,0.0,-487.8770225104716,-13517.019470218447,-1.0,-1.0,False,True
2020-12-14,-289.75452269328997,0.08520577819131712,0.0,-289.8397284714813,0.0,0.0,-1.0,False,True
2020-12-15,595.0075556268405,27.73762754148931,0.0,567.2699280853511,0.0,0.0,-1.0,False,True
2020-12-16,-0.0,0.0,0.0,-0.0,0.0,0.0,0.0,False,True
2020-12-17,-0.0,0.0,0.0,-0.0,0.0,0.0,0.0,False,True
2020-12-18,0.0,0.0,0.0,0.0,-13872.395307109453,-1.0,0.0,False,True
2020-12-21,0.0,27.007037397506533,0.0,-27.007037397506533,0.0,0.0,0.0,False,True
2020-12-22,289.8316208512899,27.58332723528068,0.0,262.2482936160092,0.0,0.0,-1.0,False,True
2020-12-23,-0.0,0.0,0.0,-0.0,0.0,0.0,0.0,False,True
2020-12-24,-0.0,0.0,0.0,-0.0,-13714.392957881095,-1.0,0.0,False,True
2020-12-28,-0.0,29.68796786024947,0.0,-29.68796786024947,-13826.042821582301,-1.0,0.0,False,True
2020-12-29,-550.313550580234,0.2323677366370286,0.0,-550.545918316871,-13851.538809181482,-1.0,-1.0,False,True
2020-12-30,533.3904844874388,0.05519194781237662,0.0,533.3352925396264,-13883.484787270032,-1.0,-1.0,False,True
2020-12-31,-0.0,0.0691544404239994,0.0,-0.0691544404239994,-13998.702404234868,-1.0,-1.0,False,True
2021-01-04,-1524.6910431637605,0.2247346477430189,0.0,-1524.9157778115034,0.0,0.0,-1.0,False,True
2021-01-05,506.1376701816595,28.32906212110709,0.0,477.8086080605524,0.0,0.0,-1.0,False,True
2021-01-06,-0.0,0.0,0.0,-0.0,0.0,0.0,0.0,False,True
2021-01-07,-0.0,0.0,0.0,-0.0,0.0,0.0,0.0,False,True
2021-01-08,-0.0,0.0,0.0,-0.0,-13710.97605157923,-1.0,0.0,False,True
2021-01-11,0.0,26.845750626301264,0.0,-26.845750626301264,-13666.134874540048,-1.0,0.0,False,True
2021-01-12,392.8646433117265,0.09038781999048341,0.0,392.774255491736,-13735.391341949884,-1.0,-1.0,False,True
2021-01-13,188.12771705364878,0.14155110487553668,0.0,187.98616594877325,-13838.993736361257,-1.0,-1.0,False,True
2021-01-14,-136.94308416699658,0.20965933716023186,0.0,-137.1527435041568,-13948.26693350347,-1.0,-1.0,False,True
2021-01-15,-355.196285434743,0.21560159205152646,0.0,-355.41188702679455,-14026.321582716286,-1.0,-1.0,False,True
2021-01-19,402.7411049134785,0.1585847679745023,0.0,402.582520145504,-14094.261109367548,-1.0,-1.0,False,True
2021-01-20,250.2217923576762,0.14054089771451775,0.0,250.0812514599617,-14192.39862759453,-1.0,-1.0,False,True
2021-01-21,142.2226146253035,0.20507840200337757,0.0,142.0175362233001,-14304.020349845303,-1.0,-1.0,False,True
2021-01-22,-202.5418764386602,0.2299744026272208,0.0,-202.77185084128743,-14410.123281029037,-1.0,-1.0,False,True
2021-01-25,-620.1763194897733,0.20951991920805885,0.0,-620.3858394089814,-14412.05233102538,-1.0,-1.0,False,True
2021-01-26,302.04431251583566,0.0038908208470281227,0.0,302.04042169498865,-14503.888399045636,-1.0,-1.0,False,True
2021-01-27,-3473.8777587843565,0.14925377799462683,0.0,-3474.027012562351,11887.953552810593,1.0,-1.0,False,True
2021-01-28,524.1493749501292,44.50073039397235,0.0,479.64864455615685,0.0,0.0,-1.0,False,True
2021-01-29,778.8384091158199,18.812434410701663,0.0,760.0259747051182,0.0,0.0,1.0,False,True
2021-02-01,-0.0,0.0,0.0,-0.0,0.0,0.0,0.0,False,True
2021-02-02,-0.0,0.0,0.0,-0.0,-11664.23641244126,-1.0,0.0,False,True
2021-02-03,-0.0,21.618873407408472,21.618873407408472,-21.618873407408472,-11620.64692148204,-1.0,0.0,False,True
2021-02-04,382.9387956925929,0.08353256149732902,0.0,382.85526313109557,-11681.43543824709,-1.0,-1.0,False,True
2021-02-05,40.671134471452795,0.11690099377894095,0.0,40.554233477673854,-11777.965058323123,-1.0,-1.0,False,True
2021-02-08,44.534102833991604,0.18634430055659462,0.0,44.34775853343501,-11875.206395051322,-1.0,-1.0,False,True
2021-02-09,-61.17812680021206,0.18674820066176986,0.0,-61.36487500087383,-11972.80091223773,-1.0,-1.0,False,True
2021-02-10,-266.63957431021623,0.1833105131224789,0.0,-266.8228848233387,-12053.881990810378,-1.0,-1.0,False,True
2021-02-11,260.42613627798994,0.1556798020698416,0.0,260.27045647592007,-12136.408273217066,-1.0,-1.0,False,True
2021-02-12,367.3697362327379,0.16343574679145967,0.0,367.2063004859465,-12202.119246627051,-1.0,-1.0,False,True
2021-02-16,-115.64960411829676,0.12890620082838836,0.0,-115.77851031912515,-12299.89167936574,-1.0,-1.0,False,True
2021-02-17,245.25581974437802,0.1957358272600718,0.0,245.06008391711794,-12386.080090213956,-1.0,-1.0,False,True
2021-02-18,-96.90969342687754,0.17119631869105684,0.0,-97.0808897455686,-12486.373937622207,-1.0,-1.0,False,True
2021-02-19,481.44113459483617,0.20727050017230159,0.0,481.2338640946639,-12528.177176251302,-1.0,-1.0,False,True
2021-02-22,-556.0229825360979,0.08270886418000477,0.0,-556.1056914002778,-12550.385032862114,-1.0,-1.0,False,True
2021-02-23,558.6704856286646,0.04598968204720057,0.0,558.6244959466173,-12572.114933192901,-1.0,-1.0,False,True
2021-02-24,501.2952806281001,0.04687208872042091,0.0,501.2484085393797,-12609.849714268661,-1.0,-1.0,False,True
2021-02-25,-2357.5857271761174,0.06854182279399985,0.0,-2357.6542689989114,0.0,0.0,-1.0,False,True
2021-02-26,657.240651774003,24.16411651995442,0.0,633.0765352540486,0.0,0.0,-1.0,False,True
2021-03-01,-0.0,0.0,0.0,-0.0,0.0,0.0,0.0,False,True
2021-03-02,0.0,0.0,0.0,0.0,0.0,0.0,0.0,False,True
2021-03-03,0.0,0.0,0.0,0.0,0.0,0.0,0.0,False,True
2021-03-04,0.0,0.0,0.0,0.0,0.0,0.0,0.0,False,True
2021-03-05,-0.0,0.0,0.0,-0.0,0.0,0.0,0.0,False,True
2021-03-08,0.0,0.0,0.0,0.0,0.0,0.0,0.0,False,True
2021-03-09,-0.0,0.0,0.0,-0.0,0.0,0.0,0.0,False,True
2021-03-10,-0.0,0.0,0.0,-0.0,-11669.82954726572,-1.0,0.0,False,True
2021-03-11,-0.0,23.180179459847686,0.0,-23.180179459847686,-11745.778764839557,-1.0,0.0,False,True
2021-03-12,176.5764304609664,0.15317825817500316,0.0,176.42325220279142,-11835.40778526646,-1.0,-1.0,False,True
2021-03-15,662.2886955700943,0.19157011176359917,0.0,662.0971254583308,-11823.563813818912,-1.0,-1.0,False,True
2021-03-16,-34.00851595434371,0.025242381032429678,0.0,-34.033758335376135,-11921.397391694853,-1.0,-1.0,False,True
2021-03-17,513.5656174796798,0.21797504037135004,0.0,513.3476424393084,-11953.214336434143,-1.0,-1.0,False,True
2021-03-18,-672.5010436023583,0.06710336245071513,0.0,-672.568146964809,-11938.95669439822,-1.0,-1.0,False,True
2021-03-19,484.5704932416433,0.03134051702084481,0.0,484.53915272462245,-11979.25248322747,-1.0,-1.0,False,True
2021-03-22,811.1219131000122,0.09503286445626218,0.0,811.026880235556,-11914.082386271666,-1.0,-1.0,False,True
2021-03-23,-607.4794641993769,0.14627808299325382,0.0,-607.6257422823702,-11921.915509673057,-1.0,-1.0,False,True
2021-03-24,-75.39897975808056,0.01747133388407368,0.0,-75.41645109196463,-12019.41752298057,-1.0,-1.0,False,True
2021-03-25,348.61647398321503,0.22402348208566475,0.0,348.39245050112936,-12087.848687723945,-1.0,-1.0,False,True
2021-03-26,495.5821989045446,0.16399109661496478,0.0,495.41820780792966,-12125.07776832142,-1.0,-1.0,False,True
2021-03-29,-348.9134894922352,0.08671422250493614,0.0,-349.00020371474017,-12194.374890201083,-1.0,-1.0,False,True
2021-03-30,535.134117801817,0.16885986165588424,0.0,534.9652579401611,-12221.460314794198,-1.0,-1.0,False,True
2021-03-31,172.83785997446333,0.06694935904297988,0.0,172.77091061542035,-12315.127380057686,-1.0,-1.0,False,True
2021-04-01,384.0794608430559,0.2390370222061973,0.0,383.8404238208497,-12378.453676540837,-1.0,-1.0,False,True
2021-04-05,331.2054484508395,0.16607424380761415,0.0,331.0393742070319,-12452.233634213604,-1.0,-1.0,False,True
2021-04-06,-11.844925303127718,0.19330416802460454,0.0,-12.038229471152324,-12555.53600937475,-1.0,-1.0,False,True
2021-04-07,366.03621183338316,0.27885003302479205,0.0,365.75736180035835,-12623.674474348936,-1.0,-1.0,False,True
2021-04-08,328.86695762467355,62.02521207838688,62.02521207838688,266.8417455462867,-12699.313567200621,-1.0,-1.0,False,True
2021-04-09,-12.863345294697762,0.18613590134776617,0.0,-13.049481196045528,-12804.65884053855,-1.0,-1.0,False,True
2021-04-12,159.0905162575335,0.26252693899767393,0.0,158.82798931853583,-12903.95249125127,-1.0,-1.0,False,True
2021-04-13,57.220081761290686,0.24855664418352028,0.0,56.97152511710716,-13010.132638385641,-1.0,-1.0,False,True
2021-04-14,-289.86527644291783,0.25995579008739855,0.0,-290.12523223300525,-13094.636662891493,-1.0,-1.0,False,True
2021-04-15,397.20329662271433,0.21340241329665127,0.0,396.9898942094177,-13159.214531199392,-1.0,-1.0,False,True
2021-04-16,218.86552591641077,0.16585395894662067,0.0,218.69967195746415,-13254.962741181822,-1.0,-1.0,False,True
2021-04-19,-491.6818017771146,0.23705089522040637,0.0,-491.918852672335,-13296.649852894418,-1.0,-1.0,False,True
2021-04-20,-225.5199306997982,0.10148125072534424,0.0,-225.62141195052357,-13392.611101965429,-1.0,-1.0,False,True
2021-04-21,667.7756825441403,0.245956040853659,0.0,667.5297265032866,-13377.268091136219,-1.0,-1.0,False,True
2021-04-22,-783.8450037573534,0.037150937124844643,0.0,-783.8821546944782,-13317.93078808846,-1.0,-1.0,False,True
2021-04-23,463.90473211000744,0.14883841762339042,0.0,463.75589369238406,-13368.705266564868,-1.0,-1.0,False,True
2021-04-26,147.76842518327405,0.1287888712214179,0.0,147.63963631205263,-13473.426838937447,-1.0,-1.0,False,True
2021-04-27,328.0460908960062,0.272307011618609,0.0,327.77378388438757,-13554.164245899208,-1.0,-1.0,False,True
2021-04-28,31.514309350154203,0.21043330214768144,0.0,31.303876048006522,-13666.360414139,-1.0,-1.0,False,True
2021-04-29,65.34718512303412,0.293843830987171,0.0,65.05334129204695,-13778.52006168013,-1.0,-1.0,False,True
2021-04-30,-607.3193013294518,0.2812497277856395,0.0,-607.6005510572375,-13784.75993127144,-1.0,-1.0,False,True
2021-05-03,475.6886072767149,0.016206508917039012,0.0,475.67240076779785,-13833.519291951518,-1.0,-1.0,False,True
2021-05-04,-570.6741393776567,0.12160595421031441,0.0,-570.795745331867,-13853.234217125742,-1.0,-1.0,False,True
2021-05-05,384.32239364723324,0.050574115804019514,0.0,384.27181953142923,-13924.952640842872,-1.0,-1.0,False,True
2021-05-06,200.53434387102,65.83969978175212,65.83969978175212,134.6946440892679,-14028.54948294211,-1.0,-1.0,False,True
2021-05-07,695.7098945969981,0.2584575394104841,0.0,695.4514370575876,-14001.270497705425,-1.0,-1.0,False,True
2021-05-10,-550.6279426014603,0.0654863290682833,0.0,-550.6934289305286,-14028.771637846374,-1.0,-1.0,False,True
2021-05-11,-983.7557203276152,0.0616854977405105,0.0,-983.8174058253558,0.0,0.0,-1.0,False,True
2021-05-12,-2200.9540013299616,27.19947288050825,0.0,-2228.15347421047,0.0,0.0,-1.0,False,True
2021-05-13,-0.0,0.0,0.0,-0.0,0.0,0.0,0.0,False,True
2021-05-14,-0.0,0.0,0.0,-0.0,-12144.182904634277,-1.0,0.0,False,True
2021-05-17,0.0,28.144076884858137,0.0,-28.144076884858137,-12198.801357081602,-1.0,0.0,False,True
2021-05-18,-145.52547072170643,0.1250791213314651,0.0,-145.65054984303788,0.0,0.0,-1.0,False,True
2021-05-19,-548.7427422618127,26.733340298315333,0.0,-575.476082560128,0.0,0.0,-1.0,False,True
2021-05-20,-0.0,0.0,0.0,-0.0,0.0,0.0,0.0,False,True
2021-05-21,-0.0,0.0,0.0,-0.0,0.0,0.0,0.0,False,True
2021-05-24,-0.0,0.0,0.0,-0.0,-12403.120150100767,-1.0,0.0,False,True
2021-05-25,-0.0,30.70642801831123,0.0,-30.70642801831123,-12505.761453969064,-1.0,0.0,False,True
2021-05-26,645.88350056077,0.2680687565356419,0.0,645.6154318042344,-12498.722324182205,-1.0,-1.0,False,True
2021-05-27,673.1743968276089,0.019430028791910872,0.0,673.154966798817,-12484.333979182045,-1.0,-1.0,False,True
2021-05-28,-381.9579491859702,0.03853826276676818,0.0,-381.996487448737,-12549.638412315127,-1.0,-1.0,False,True
2021-06-01,-274.5544774796986,0.17114983805096654,0.0,-274.72562731774957,-12633.594171413966,-1.0,-1.0,False,True
2021-06-02,404.49995608727136,0.22735947824101127,0.0,404.27259660903036,-12694.312249855027,-1.0,-1.0,False,True
2021-06-03,-241.45940838478595,60.693939004251945,60.693939004251945,-302.1533473890379,-12783.867990128689,-1.0,-1.0,False,True
2021-06-04,622.0461702185961,0.2256627294998816,0.0,621.8205074890963,-12785.031365265384,-1.0,-1.0,False,True
2021-06-07,211.69319575175422,0.002980835800022761,0.0,211.6902149159542,-12879.016156418174,-1.0,-1.0,False,True
2021-06-08,-146.88458750521042,0.23807554142618884,0.0,-147.1226630466366,-12979.9314768732,-1.0,-1.0,False,True
2021-06-09,-169.45487575751764,0.25231168612310745,0.0,-169.70718744364075,-13079.641754838089,-1.0,-1.0,False,True
2021-06-10,668.1168352798013,0.26282732838042155,0.0,667.8540079514208,-13064.420228172019,-1.0,-1.0,False,True
2021-06-11,398.8540655476784,0.041384567807919756,0.0,398.81268097987044,-13129.153664784191,-1.0,-1.0,False,True
2021-06-14,-156.49498344949086,0.17391518231767975,0.0,-156.66889863180853,-13231.240462774962,-1.0,-1.0,False,True
2021-06-15,-336.28318876768896,0.2674205012664264,0.0,-336.5506092689554,-13308.9839997486,-1.0,-1.0,False,True
2021-06-16,-39.56285962188455,0.203045215813022,0.0,-39.76590483769757,-13418.987625459988,-1.0,-1.0,False,True
2021-06-17,73.5205557546112,0.2888957917512341,0.0,73.23165996285996,-13528.78936507751,-1.0,-1.0,False,True
2021-06-18,-1254.5274319683297,0.2637114745488541,0.0,-1254.7911434428786,0.0,0.0,-1.0,False,True
2021-06-21,902.236287803635,34.81391526168651,0.0,867.4223725419486,0.0,0.0,-1.0,False,True
2021-06-22,-0.0,0.0,0.0,-0.0,-13071.082435960554,-1.0,0.0,False,True
2021-06-23,-0.0,36.32569150997915,0.0,-36.32569150997915,-13159.806535904967,-1.0,0.0,False,True
2021-06-24,194.42218890121302,0.25029504718176715,0.0,194.17189385403125,-13258.354869560682,-1.0,-1.0,False,True
2021-06-25,337.0538878822386,0.28531734804314923,0.0,336.7685705341955,-13336.129143968861,-1.0,-1.0,False,True
2021-06-28,-14.680158145454744,0.22492320334395138,0.0,-14.905081348798696,-13446.74274142612,-1.0,-1.0,False,True
2021-06-29,-305.91076822938163,0.31272117243595593,0.0,-306.2234894018176,-13531.327991104692,-1.0,-1.0,False,True
2021-06-30,166.52841191154806,0.24213379913350117,0.0,166.28627811241455,-13635.584347534324,-1.0,-1.0,False,True
2021-07-01,324.84317251997044,0.30578523289659554,0.0,324.53738728707384,-13717.910399685074,-1.0,-1.0,False,True
2021-07-02,2.263038006572983,0.24150344995168405,0.0,2.0215345566212988,-13831.752426184958,-1.0,-1.0,False,True
2021-07-06,-414.66397731466986,0.3241569590092094,0.0,-414.98813427367907,-13895.622475402195,-1.0,-1.0,False,True
2021-07-07,-38.27061236778466,0.18136354945748512,0.0,-38.451975917242144,-14010.505912397242,-1.0,-1.0,False,True
2021-07-08,-1152.1621760500543,68.1081337921558,68.1081337921558,-1220.27030984221,-13742.679300241043,-1.0,-1.0,False,True
2021-07-09,770.2215376722181,0.6916870186553994,0.0,769.5298506535627,-13693.565032685976,-1.0,-1.0,False,True
2021-07-12,3.3933567440266947,0.12687347020828135,0.0,3.2664832738184133,-13807.2032101484,-1.0,-1.0,False,True
2021-07-13,-121.616278573513,0.2909694187537404,0.0,-121.90724799226675,-13917.393668939865,-1.0,-1.0,False,True
2021-07-14,284.75713990263745,0.288082937374704,0.0,284.4690569652627,-14008.677113461488,-1.0,-1.0,False,True
2021-07-15,-150.51280462662433,0.23609892211079458,0.0,-150.74890354873511,-14118.130426940581,-1.0,-1.0,False,True
2021-07-16,-579.0141033224985,0.2718575894912499,0.0,-579.2859609119897,-14134.579896303598,-1.0,-1.0,False,True
2021-07-19,-2075.6502873022996,0.035619955840482054,0.0,-2075.68590725814,0.0,0.0,-1.0,False,True
2021-07-20,1303.30173054625,33.71610316336639,0.0,1269.5856273828836,0.0,0.0,-1.0,False,True
2021-07-21,-0.0,0.0,0.0,-0.0,-12759.555631328465,-1.0,0.0,False,True
2021-07-22,0.0,31.795746777798062,0.0,-31.795746777798062,-12842.65749426803,-1.0,0.0,False,True
2021-07-23,123.46055822013423,0.2091061974053146,0.0,123.25145202272891,-12945.040310009264,-1.0,-1.0,False,True
2021-07-26,137.33304540329414,0.26040682028706236,0.0,137.07263858300706,-13047.220624834255,-1.0,-1.0,False,True
2021-07-27,-362.9804798659648,0.25280313665082227,0.0,-363.2332830026156,-13118.677133555184,-1.0,-1.0,False,True
2021-07-28,381.565084433982,0.1821156836996347,0.0,381.3829687502824,-13186.849787496027,-1.0,-1.0,False,True
2021-07-29,260.7569409705148,0.17726993051306972,0.0,260.5796710400017,-13277.144212683841,-1.0,-1.0,False,True
2021-07-30,-377.8911756934734,0.22825240657371434,0.0,-378.11942810004706,-13346.81643584974,-1.0,-1.0,False,True
2021-08-02,-573.4175531530997,0.1688306841383434,0.0,-573.586383837238,-13364.649946374486,-1.0,-1.0,False,True
2021-08-03,818.5571168693824,0.04603790023388677,0.0,818.5110789691486,-13289.374555977087,-1.0,-1.0,False,True
2021-08-04,2.08691171558979,0.19435669379763099,0.0,1.892555021792159,-13399.66050128259,-1.0,-1.0,False,True
2021-08-05,359.1921896521665,64.24915199653151,64.24915199653151,294.943037655635,-13473.799554176763,-1.0,-1.0,False,True
2021-08-06,338.7490972789156,0.18310570386132752,0.0,338.5659915750543,-13552.636234857695,-1.0,-1.0,False,True
2021-08-09,41.750533050629734,0.19531292496617403,0.0,41.55522012566356,-13664.602116306152,-1.0,-1.0,False,True
2021-08-10,223.46745588759492,0.2820389383568654,0.0,223.18541694923806,-13763.338090425397,-1.0,-1.0,False,True
2021-08-11,412.24307855205774,0.2564499272043758,0.0,411.9866286248534,-13827.584879915265,-1.0,-1.0,False,True
2021-08-12,232.90214721378888,0.16974249590706722,0.0,232.73240471788182,-13926.335685498396,-1.0,-1.0,False,True
2021-08-13,-62.80113970690429,0.2597238420473919,0.0,-63.06086354895168,-14040.72939355589,-1.0,-1.0,False,True
2021-08-16,-98.41200984774228,0.29875495130615426,0.0,-98.71076479904843,-14154.326027318311,-1.0,-1.0,False,True
2021-08-17,-390.66222215390104,0.2886422445710196,0.0,-390.95086439847205,-14225.533609213611,-1.0,-1.0,False,True
2021-08-18,-1077.976380935943,0.1681296506986206,0.0,-1078.1445105866417,0.0,0.0,-1.0,False,True
2021-08-19,-419.5738750296505,32.62591056440515,0.0,-452.19978559405564,0.0,0.0,-1.0,False,True
2021-08-20,-0.0,0.0,0.0,-0.0,-13810.125724024812,-1.0,0.0,False,True
2021-08-23,-0.0,35.66161513978433,0.0,-35.66161513978433,-13863.84562800592,-1.0,0.0,False,True
2021-08-24,80.85618886327823,0.13953681484758512,0.0,80.71665204843065,-13976.966509160708,-1.0,-1.0,False,True
2021-08-25,349.78269052240216,0.3014353167080647,0.0,349.4812552056941,-14056.301020358087,-1.0,-1.0,False,True
2021-08-26,-646.8583820246627,0.202053068835292,0.0,-647.060435093498,-14048.652688058879,-1.0,-1.0,False,True
2021-08-27,817.271476468053,0.02068163871145907,0.0,817.2507948293415,-13970.843451269164,-1.0,-1.0,False,True
2021-08-30,153.36261158764043,0.21272396167037796,0.0,153.14988762597005,-14079.910172765272,-1.0,-1.0,False,True
2021-08-31,93.00977609721275,0.3001777262837822,0.0,92.70959837092897,-14194.139117904495,-1.0,-1.0,False,True
2021-09-01,408.835490216215,70.8718099455554,70.8718099455554,337.9636802706596,-14261.15199654643,-1.0,-1.0,False,True
2021-09-02,1.943832022407263,0.1679976730844091,0.0,1.7758343493228539,-14379.502683178196,-1.0,-1.0,False,True
2021-09-03,-83.15377817505617,0.29497882979992573,0.0,-83.4487570048561,-14496.696775665463,-1.0,-1.0,False,True
2021-09-07,-236.43688758036882,0.28737098346797596,0.0,-236.7242585638368,-14599.594045998307,-1.0,-1.0,False,True
2021-09-08,-21.501763117895894,0.25194014306467455,0.0,-21.75370326096057,-14720.609624838427,-1.0,-1.0,False,True
2021-09-09,-293.99368847852884,0.2904532578820862,0.0,-294.2841417364109,-14815.46076626081,-1.0,-1.0,False,True
2021-09-10,-552.4106445175374,0.21942110551437569,0.0,-552.6300656230518,0.0,0.0,-1.0,False,True
2021-09-13,549.837812163761,35.59388734680911,0.0,514.2439248169519,0.0,0.0,-1.0,False,True
2021-09-14,0.0,0.0,0.0,0.0,0.0,0.0,0.0,False,True
2021-09-15,-0.0,0.0,0.0,-0.0,-15031.482348296973,-1.0,0.0,False,True
2021-09-16,-0.0,37.47706076933877,0.0,-37.47706076933877,-15143.045694765542,-1.0,0.0,False,True
2021-09-17,-1010.6740622303041,0.26062994327181765,0.0,-1010.934692173576,0.0,0.0,-1.0,False,True
2021-09-20,-1743.0824101169221,31.724819700719625,0.0,-1774.8072298176417,0.0,0.0,-1.0,False,True
2021-09-21,-0.0,0.0,0.0,-0.0,0.0,0.0,0.0,False,True
2021-09-22,-0.0,0.0,0.0,-0.0,0.0,0.0,0.0,False,True
2021-09-23,-0.0,0.0,0.0,-0.0,-13998.401170121491,-1.0,0.0,False,True
2021-09-24,-0.0,36.199960640659924,0.0,-36.199960640659924,-14031.733125628092,-1.0,0.0,False,True
2021-09-27,-204.9094357435209,0.08495311486865116,0.0,-204.99438885838956,-14135.663099279516,-1.0,-1.0,False,True
2021-09-28,-1681.0195342041868,0.2365475056794323,0.0,-1681.2560817098663,0.0,0.0,-1.0,False,True
2021-09-29,-297.4997332161734,31.510000949844954,0.0,-329.00973416601835,0.0,0.0,-1.0,False,True
2021-09-30,-0.0,0.0,0.0,-0.0,0.0,0.0,0.0,False,True
2021-10-01,-0.0,0.0,0.0,-0.0,0.0,0.0,0.0,False,True
2021-10-04,0.0,0.0,0.0,0.0,0.0,0.0,0.0,False,True
2021-10-05,-0.0,0.0,0.0,-0.0,0.0,0.0,0.0,False,True
2021-10-06,-0.0,0.0,0.0,-0.0,0.0,0.0,0.0,False,True
2021-10-07,-0.0,0.0,0.0,-0.0,0.0,0.0,0.0,False,True
2021-10-08,-0.0,0.0,0.0,-0.0,0.0,0.0,0.0,False,True
2021-10-11,0.0,0.0,0.0,0.0,0.0,0.0,0.0,False,True
2021-10-12,-0.0,0.0,0.0,-0.0,0.0,0.0,0.0,False,True
2021-10-13,-0.0,0.0,0.0,-0.0,0.0,0.0,0.0,False,True
2021-10-14,-0.0,0.0,0.0,-0.0,-14176.096235630086,-1.0,0.0,False,True
2021-10-15,0.0,36.14857635103675,0.0,-36.14857635103675,-14292.418967894064,-1.0,0.0,False,True
2021-10-18,283.6164400146689,0.30267462904158465,0.0,283.31376538562733,-14386.349529018311,-1.0,-1.0,False,True
2021-10-19,121.54528168490609,0.24650597621027845,0.0,121.29877570869581,-14501.182934447921,-1.0,-1.0,False,True
2021-10-20,157.05959534360747,0.30468856764088526,0.0,156.7549067759666,-14613.837162177388,-1.0,-1.0,False,True
2021-10-21,463.8156308095526,0.3087828541015827,0.0,463.506847955451,-14667.971636956361,-1.0,-1.0,False,True
2021-10-22,-315.6820801383822,0.14524394984830555,0.0,-315.8273240882305,-14758.616888046698,-1.0,-1.0,False,True
2021-10-25,423.18544881720175,0.25042824281716075,0.0,422.93502057438457,-14824.759945462307,-1.0,-1.0,False,True
2021-10-26,-297.63071495745737,0.17912302994779156,0.0,-297.80983798740516,-14919.811207362158,-1.0,-1.0,False,True
2021-10-27,-332.9276696374793,0.2517559625195023,0.0,-333.1794255999988,-15008.287243182831,-1.0,-1.0,False,True
2021-10-28,539.2061839680576,0.2431272867358433,0.0,538.9630566813217,-15040.20281499831,-1.0,-1.0,False,True
2021-10-29,-103.80900330667804,0.08709978835970131,0.0,-103.89610309503773,-15161.574597429739,-1.0,-1.0,False,True
2021-11-01,303.8586607600044,0.3380618291192175,0.0,303.52059893088517,-15257.366131283054,-1.0,-1.0,False,True
2021-11-02,452.70730187815656,0.2750240110911395,0.0,452.4322778670654,-15317.371415634789,-1.0,-1.0,False,True
2021-11-03,634.8083149325738,0.1797584039459442,0.0,634.6285565286279,-15314.419644431457,-1.0,-1.0,False,True
2021-11-04,-265.29051955555667,78.16566878253312,78.16566878253312,-343.45618833808976,-15418.74972821164,-1.0,-1.0,False,True
2021-11-05,-321.55401135514603,0.2607527074781355,0.0,-321.8147640626242,-15512.602265088182,-1.0,-1.0,False,True
2021-11-08,4.060395330681548,0.23462790861220512,0.0,3.8257674220693425,-15641.334279474617,-1.0,-1.0,False,True
2021-11-09,-247.21429247398234,0.31677705561553593,0.0,-247.5310695295979,-15750.602077070782,-1.0,-1.0,False,True
2021-11-10,-133.3046926876989,0.26660832806319895,0.0,-133.5713010157621,-15875.308548654119,-1.0,-1.0,False,True
2021-11-11,156.57243513020376,0.3073330865826111,0.0,156.26510204362114,-15998.691012056337,-1.0,-1.0,False,True
2021-11-12,524.9859196328766,0.3144694275593643,0.0,524.6714502053172,-16037.467645018705,-1.0,-1.0,False,True
2021-11-15,172.65346874956552,0.09990962944655234,0.0,172.55355912011896,-16160.398735497392,-1.0,-1.0,False,True
2021-11-16,-89.25381671628189,0.3149841456992513,0.0,-89.56880086198115,-16291.745055797497,-1.0,-1.0,False,True
2021-11-17,-220.40910397834588,0.3320179987363618,0.0,-220.74112197708226,-16409.942995029625,-1.0,-1.0,False,True
2021-11-18,-180.80064305183527,0.2955020554475265,0.0,-181.09614510728278,-16534.615685756504,-1.0,-1.0,False,True
2021-11-19,-240.07131413982526,0.30719517869517987,0.0,-240.37850931852043,-16651.386442205363,-1.0,-1.0,False,True
2021-11-22,-281.0170795751287,0.2829163503824078,0.0,-281.29999592551115,-16761.407432463555,-1.0,-1.0,False,True
2021-11-23,464.36435960350366,0.27420978216857145,0.0,464.0901498213351,-16823.492725134325,-1.0,-1.0,False,True
2021-11-24,175.2517919554381,0.15637267787384398,0.0,175.09541927756428,-16952.097881194146,-1.0,-1.0,False,True
2021-11-26,-5120.466637767934,0.24833143369801716,0.0,-5120.714969201632,0.0,0.0,-1.0,False,True
2021-11-29,2770.1439166475943,39.12768436510375,0.0,2731.0162322824904,0.0,0.0,-1.0,False,True
2021-11-30,0.0,0.0,0.0,0.0,0.0,0.0,0.0,False,True
2021-12-01,0.0,0.0,0.0,0.0,10395.508039745495,1.0,0.0,False,True
2021-12-02,-0.0,20.539175727738584,0.0,-20.539175727738584,10373.631018568294,1.0,0.0,False,True
2021-12-03,1118.4933763618667,0.039025180397267586,0.0,1118.4543511814695,10196.373028325888,1.0,1.0,False,True
2021-12-06,-1039.164850503115,0.35140170430732137,0.0,-1039.5162522074224,10062.88968963825,1.0,1.0,False,True
2021-12-07,-1304.8719650207665,0.30345600357268104,0.0,-1305.1754210243391,0.0,0.0,1.0,False,True
2021-12-08,-766.4217318855776,24.76259304613599,0.0,-791.1843249317136,0.0,0.0,1.0,False,True
2021-12-09,0.0,0.0,0.0,0.0,0.0,0.0,0.0,False,True
2021-12-10,-0.0,0.0,0.0,-0.0,-9855.640072242286,-1.0,0.0,False,True
2021-12-13,0.0,21.806019569770292,0.0,-21.806019569770292,-9904.681989536526,-1.0,0.0,False,True
2021-12-14,-135.89936879189617,0.10703145541970335,0.0,-136.00640024731587,-9982.970258010153,-1.0,-1.0,False,True
2021-12-15,637.611688707581,0.18261597094698845,0.0,637.429072736634,-9979.636444460171,-1.0,-1.0,False,True
2021-12-16,-385.16796554178853,0.007487595510568442,0.0,-385.1754531372991,-10031.273911748664,-1.0,-1.0,False,True
2021-12-17,-330.2375006228144,0.11226060170507321,0.0,-330.3497612245195,-10091.198804702859,-1.0,-1.0,False,True
2021-12-20,-313.5265110217838,0.126329178670401,0.0,-313.6528402004542,-10153.75540942178,-1.0,-1.0,False,True
2021-12-21,476.15305807215213,0.13840793278439759,0.0,476.01465013936775,-10189.023336946446,-1.0,-1.0,False,True
2021-12-22,597.4267060172398,0.08290932335379853,0.0,597.343796693886,-10196.908590249195,-1.0,-1.0,False,True
2021-12-23,69.59159911706107,0.018664463544181237,0.0,69.57293465351688,-10280.484569580938,-1.0,-1.0,False,True
2021-12-27,304.4689773411972,0.20391372371505412,0.0,304.26506361748216,-10345.350392808043,-1.0,-1.0,False,True
2021-12-28,232.3782128147188,0.1619236472754735,0.0,232.21628916744334,-10419.247340078246,-1.0,-1.0,False,True
2021-12-29,263.69167144280203,0.18929278197838265,0.0,263.50237866082364,-10490.189716422858,-1.0,-1.0,False,True
2021-12-30,32.96505041320025,0.18230119423289168,0.0,32.78274921896736,-10577.002056805864,-1.0,-1.0,False,True
2021-12-31,141.70032489153743,0.22613700193799588,0.0,141.47418788959945,-10660.21081700415,-1.0,-1.0,False,True
2022-01-03,439.05754046066306,0.2261371400779595,0.0,438.8314033205851,-10704.749452178672,-1.0,-1.0,False,True
2022-01-04,-6.4443574178229,0.12096989022821573,0.0,-6.565327308051116,-10793.577578307062,-1.0,-1.0,False,True
2022-01-05,-1080.9021649691574,48.714877694858934,48.714877694858934,-1129.6170426640163,-10621.433482680122,-1.0,-1.0,False,True
2022-01-06,-110.7175543357572,0.38611520370083136,0.0,-111.10366953945802,-10706.91098250224,-1.0,-1.0,False,True
2022-01-07,385.22225939301893,0.19893925023539813,0.0,385.0233201427835,-10761.741338018146,-1.0,-1.0,False,True
2022-01-10,153.40458915276125,0.12946642095518318,0.0,153.27512273180605,-10845.63840967896,-1.0,-1.0,False,True
2022-01-11,352.82609623327875,0.20481415130621433,0.0,352.62128208197254,-10906.72481847948,-1.0,-1.0,False,True
2022-01-12,11.365723588619137,0.14928394763446493,0.0,11.216439640984671,-10997.208439734566,-1.0,-1.0,False,True
2022-01-13,-584.1003010607016,0.2098851106761499,0.0,-584.3101861713777,-11008.576527941475,-1.0,-1.0,False,True
2022-01-14,173.31215053206014,0.026791555333994074,0.0,173.28535897672614,-11092.92613044249,-1.0,-1.0,False,True
2022-01-18,-833.254406056765,0.18480164876228142,0.0,-833.4392077055272,0.0,0.0,-1.0,False,True
2022-01-19,-320.80627419585943,23.620405929077087,0.0,-344.4266801249365,0.0,0.0,-1.0,False,True
2022-01-20,0.0,0.0,0.0,0.0,0.0,0.0,0.0,False,True
2022-01-21,0.0,0.0,0.0,0.0,0.0,0.0,0.0,False,True
2022-01-24,0.0,0.0,0.0,0.0,0.0,0.0,0.0,False,True
2022-01-25,0.0,0.0,0.0,0.0,11146.91445449662,1.0,0.0,False,True
2022-01-26,0.0,19.951781713161452,0.0,-19.951781713161452,11231.315348483427,1.0,0.0,False,True
2022-01-27,75.25228107617765,0.1500555332048813,0.0,75.10222554297277,11323.155935733941,1.0,1.0,False,True
2022-01-28,-760.8897341682172,0.17514829149228694,0.0,-761.0648824597095,0.0,0.0,1.0,False,True
2022-01-31,-851.5941585996516,23.350423973087587,0.0,-874.9445825727391,0.0,0.0,1.0,False,True
2022-02-01,-0.0,0.0,0.0,-0.0,0.0,0.0,0.0,False,True
2022-02-02,-0.0,0.0,0.0,-0.0,0.0,0.0,0.0,False,True
2022-02-03,0.0,0.0,0.0,0.0,0.0,0.0,0.0,False,True
2022-02-04,-0.0,0.0,0.0,-0.0,0.0,0.0,0.0,False,True
2022-02-07,-0.0,0.0,0.0,-0.0,0.0,0.0,0.0,False,True
2022-02-08,-0.0,0.0,0.0,-0.0,0.0,0.0,0.0,False,True
2022-02-09,-0.0,0.0,0.0,-0.0,-10723.58466473745,-1.0,0.0,False,True
2022-02-10,0.0,22.359070381400834,0.0,-22.359070381400834,0.0,0.0,0.0,False,True
2022-02-11,-1356.8574593794108,19.84773254127101,0.0,-1376.7051919206817,0.0,0.0,-1.0,False,True
2022-02-14,0.0,0.0,0.0,0.0,0.0,0.0,0.0,False,True
2022-02-15,-0.0,0.0,0.0,-0.0,0.0,0.0,0.0,False,True
2022-02-16,-0.0,0.0,0.0,-0.0,0.0,0.0,0.0,False,True
2022-02-17,0.0,0.0,0.0,0.0,0.0,0.0,0.0,False,True
2022-02-18,0.0,0.0,0.0,0.0,0.0,0.0,0.0,False,True
2022-02-22,-0.0,0.0,0.0,-0.0,0.0,0.0,0.0,False,True
2022-02-23,0.0,0.0,0.0,0.0,0.0,0.0,0.0,False,True
2022-02-24,-0.0,0.0,0.0,-0.0,0.0,0.0,0.0,False,True
2022-02-25,-0.0,0.0,0.0,-0.0,0.0,0.0,0.0,False,True
2022-02-28,0.0,0.0,0.0,0.0,0.0,0.0,0.0,False,True
2022-03-01,0.0,0.0,0.0,0.0,0.0,0.0,0.0,False,True
2022-03-02,-0.0,0.0,0.0,-0.0,0.0,0.0,0.0,False,True
2022-03-03,0.0,0.0,0.0,0.0,0.0,0.0,0.0,False,True
2022-03-04,0.0,0.0,0.0,0.0,0.0,0.0,0.0,False,True
2022-03-07,0.0,0.0,0.0,0.0,0.0,0.0,0.0,False,True
2022-03-08,-0.0,0.0,0.0,-0.0,0.0,0.0,0.0,False,True
2022-03-09,-0.0,0.0,0.0,-0.0,0.0,0.0,0.0,False,True
2022-03-10,-0.0,0.0,0.0,-0.0,0.0,0.0,0.0,False,True
2022-03-11,0.0,0.0,0.0,0.0,0.0,0.0,0.0,False,True
2022-03-14,0.0,0.0,0.0,0.0,0.0,0.0,0.0,False,True
2022-03-15,-0.0,0.0,0.0,-0.0,0.0,0.0,0.0,False,True
2022-03-16,-0.0,0.0,0.0,-0.0,0.0,0.0,0.0,False,True
2022-03-17,-0.0,0.0,0.0,-0.0,0.0,0.0,0.0,False,True
2022-03-18,-0.0,0.0,0.0,-0.0,0.0,0.0,0.0,False,True
2022-03-21,-0.0,0.0,0.0,-0.0,0.0,0.0,0.0,False,True
2022-03-22,-0.0,0.0,0.0,-0.0,0.0,0.0,0.0,False,True
2022-03-23,-0.0,0.0,0.0,-0.0,0.0,0.0,0.0,False,True
2022-03-24,-0.0,0.0,0.0,-0.0,-10811.918708577985,-1.0,0.0,False,True
2022-03-25,-0.0,23.62422123088363,0.0,-23.62422123088363,-10871.932604469584,-1.0,0.0,False,True
2022-03-28,212.31836680868395,0.13375801990225863,0.0,212.1846087887817,-10951.679730482856,-1.0,-1.0,False,True
2022-03-29,586.9385479716341,0.1878822521826751,0.0,586.7506657194514,-10962.385456454609,-1.0,-1.0,False,True
2022-03-30,-159.49341423868555,0.024860374084836614,0.0,-159.51827461277037,-11047.449647368394,-1.0,-1.0,False,True
2022-03-31,-694.8970210049838,0.18575737288898006,0.0,-695.0827783778727,-11026.15714927417,-1.0,-1.0,False,True
2022-04-01,535.0262588605796,0.048863558208208625,0.0,534.9773953023714,-11051.679779683185,-1.0,-1.0,False,True
2022-04-04,676.6558172467014,0.06240058432022148,0.0,676.5934166623812,-11037.289773314173,-1.0,-1.0,False,True
2022-04-05,-1209.4587520498255,0.03171185920183237,0.0,-1209.4904639090273,-10802.823902494814,-1.0,-1.0,False,True
2022-04-06,-211.81474059615397,44.177951235389955,44.177951235389955,-255.99269183154394,-10882.657488605497,-1.0,-1.0,False,True
2022-04-07,265.846264182438,0.1655608141599689,0.0,265.68070336827805,-10956.481566057453,-1.0,-1.0,False,True
2022-04-08,-15.89718426639837,0.15287483360524154,0.0,-16.05005910000361,-11047.348855656277,-1.0,-1.0,False,True
2022-04-11,-519.293903041566,0.17965305752817975,0.0,-519.4735560990941,0.0,0.0,-1.0,False,True
2022-04-12,-120.52319684820962,21.60591912337803,0.0,-142.12911597158765,0.0,0.0,-1.0,False,True
2022-04-13,-0.0,0.0,0.0,-0.0,0.0,0.0,0.0,False,True
2022-04-14,0.0,0.0,0.0,0.0,0.0,0.0,0.0,False,True
2022-04-18,-0.0,0.0,0.0,-0.0,0.0,0.0,0.0,False,True
2022-04-19,-0.0,0.0,0.0,-0.0,0.0,0.0,0.0,False,True
2022-04-20,-0.0,0.0,0.0,-0.0,-11377.320967902708,-1.0,0.0,False,True
2022-04-21,0.0,23.615681191906823,0.0,-23.615681191906823,-11305.197689430672,-1.0,0.0,False,True
2022-04-22,-1519.3292492869298,0.1320684303463941,0.0,-1519.4613177172762,0.0,0.0,-1.0,False,True
2022-04-25,294.9912595296976,21.25614073078048,0.0,273.7351187989171,0.0,0.0,-1.0,False,True
2022-04-26,0.0,0.0,0.0,0.0,10720.240719035113,1.0,0.0,False,True
2022-04-27,0.0,17.823653502543387,0.0,-17.823653502543387,0.0,0.0,0.0,False,True
2022-04-28,-550.9508659264231,18.789301789989626,0.0,-569.7401677164128,0.0,0.0,1.0,False,True
2022-04-29,0.0,0.0,0.0,0.0,0.0,0.0,0.0,False,True
2022-05-02,-0.0,0.0,0.0,-0.0,0.0,0.0,0.0,False,True
2022-05-03,-0.0,0.0,0.0,-0.0,0.0,0.0,0.0,False,True
2022-05-04,-0.0,0.0,0.0,-0.0,0.0,0.0,0.0,False,True
2022-05-05,0.0,0.0,0.0,0.0,0.0,0.0,0.0,False,True
2022-05-06,-0.0,0.0,0.0,-0.0,0.0,0.0,0.0,False,True
2022-05-09,0.0,0.0,0.0,0.0,0.0,0.0,0.0,False,True
2022-05-10,-0.0,0.0,0.0,-0.0,0.0,0.0,0.0,False,True
2022-05-11,-0.0,0.0,0.0,-0.0,0.0,0.0,0.0,False,True
2022-05-12,-0.0,0.0,0.0,-0.0,0.0,0.0,0.0,False,True
2022-05-13,-0.0,0.0,0.0,-0.0,0.0,0.0,0.0,False,True
2022-05-16,-0.0,0.0,0.0,-0.0,0.0,0.0,0.0,False,True
2022-05-17,-0.0,0.0,0.0,-0.0,0.0,0.0,0.0,False,True
2022-05-18,0.0,0.0,0.0,0.0,0.0,0.0,0.0,False,True
2022-05-19,-0.0,0.0,0.0,-0.0,0.0,0.0,0.0,False,True
2022-05-20,0.0,0.0,0.0,0.0,0.0,0.0,0.0,False,True
2022-05-23,-0.0,0.0,0.0,-0.0,0.0,0.0,0.0,False,True
2022-05-24,0.0,0.0,0.0,0.0,0.0,0.0,0.0,False,True
2022-05-25,-0.0,0.0,0.0,-0.0,0.0,0.0,0.0,False,True
2022-05-26,-0.0,0.0,0.0,-0.0,0.0,0.0,0.0,False,True
2022-05-27,-0.0,0.0,0.0,-0.0,0.0,0.0,0.0,False,True
2022-05-30,,,0.0,,0.0,0.0,0.0,False,True
2022-05-31,,0.0,0.0,,0.0,0.0,0.0,False,True
2022-06-01,-0.0,0.0,0.0,-0.0,0.0,0.0,0.0,False,True
2022-06-02,-0.0,0.0,0.0,-0.0,0.0,0.0,0.0,False,True
2022-06-03,0.0,0.0,0.0,0.0,0.0,0.0,0.0,False,True
2022-06-06,-0.0,0.0,0.0,-0.0,0.0,0.0,0.0,False,True
2022-06-07,-0.0,0.0,0.0,-0.0,0.0,0.0,0.0,False,True
2022-06-08,-0.0,0.0,0.0,-0.0,0.0,0.0,0.0,False,True
2022-06-09,0.0,0.0,0.0,0.0,0.0,0.0,0.0,False,True
2022-06-10,0.0,0.0,0.0,0.0,0.0,0.0,0.0,False,True
2022-06-13,0.0,0.0,0.0,0.0,0.0,0.0,0.0,False,True
2022-06-14,-0.0,0.0,0.0,-0.0,0.0,0.0,0.0,False,True
2022-06-15,-0.0,0.0,0.0,-0.0,0.0,0.0,0.0,False,True
2022-06-16,0.0,0.0,0.0,0.0,0.0,0.0,0.0,False,True
2022-06-17,-0.0,0.0,0.0,-0.0,0.0,0.0,0.0,False,True
2022-06-20,,,0.0,,0.0,0.0,0.0,False,True
2022-06-21,,0.0,0.0,,0.0,0.0,0.0,False,True
2022-06-22,-0.0,0.0,0.0,-0.0,0.0,0.0,0.0,False,True
2022-06-23,-0.0,0.0,0.0,-0.0,0.0,0.0,0.0,False,True
2022-06-24,-0.0,0.0,0.0,-0.0,0.0,0.0,0.0,False,True
2022-06-27,-0.0,0.0,0.0,-0.0,0.0,0.0,0.0,False,True
2022-06-28,0.0,0.0,0.0,0.0,0.0,0.0,0.0,False,True
2022-06-29,0.0,0.0,0.0,0.0,0.0,0.0,0.0,False,True
2022-06-30,0.0,0.0,0.0,0.0,0.0,0.0,0.0,False,True
2022-07-01,-0.0,0.0,0.0,-0.0,0.0,0.0,0.0,False,True
2022-07-04,,,0.0,,0.0,0.0,0.0,False,True
2022-07-05,,0.0,0.0,,0.0,0.0,0.0,False,True
2022-07-06,-0.0,0.0,0.0,-0.0,0.0,0.0,0.0,False,True
2022-07-07,-0.0,0.0,0.0,-0.0,0.0,0.0,0.0,False,True
2022-07-08,-0.0,0.0,0.0,-0.0,0.0,0.0,0.0,False,True
2022-07-11,0.0,0.0,0.0,0.0,0.0,0.0,0.0,False,True
2022-07-12,0.0,0.0,0.0,0.0,0.0,0.0,0.0,False,True
2022-07-13,-0.0,0.0,0.0,-0.0,0.0,0.0,0.0,False,True
2022-07-14,0.0,0.0,0.0,0.0,0.0,0.0,0.0,False,True
2022-07-15,-0.0,0.0,0.0,-0.0,0.0,0.0,0.0,False,True
2022-07-18,0.0,0.0,0.0,0.0,0.0,0.0,0.0,False,True
2022-07-19,-0.0,0.0,0.0,-0.0,0.0,0.0,0.0,False,True
2022-07-20,-0.0,0.0,0.0,-0.0,0.0,0.0,0.0,False,True
2022-07-21,-0.0,0.0,0.0,-0.0,-11928.210375978255,-1.0,0.0,False,True
2022-07-22,-0.0,23.969228124123113,0.0,-23.969228124123113,-12024.097456355845,-1.0,0.0,False,True
2022-07-25,135.77106194015636,0.19489939634377124,0.0,135.5761625438126,-12119.117992242198,-1.0,-1.0,False,True
2022-07-26,-351.55586139602644,0.18765158062122517,0.0,-351.74351297664765,-12187.601672194442,-1.0,-1.0,False,True
2022-07-27,444.2053012458245,0.14039098233817007,0.0,444.06491026348635,-12237.568985035654,-1.0,-1.0,False,True
2022-07-28,649.8890720118081,0.10820234009853939,0.0,649.7808696717096,-12230.244884678,-1.0,-1.0,False,True
2022-07-29,129.88876194874615,0.016030207950602754,0.0,129.87273174079556,-12327.380927477167,-1.0,-1.0,False,True
2022-08-01,-417.11466466675773,0.205589326741825,0.0,-417.32025399349953,-12383.801607013631,-1.0,-1.0,False,True
2022-08-02,-202.16082026815369,0.11748815904125305,0.0,-202.27830842719493,-12475.772627707134,-1.0,-1.0,False,True
2022-08-03,728.6424276097127,0.20348976447939615,0.0,728.4389378452333,-12439.33750131505,-1.0,-1.0,False,True
2022-08-04,-19.76656516041758,50.56987248070856,50.56987248070856,-70.33643764112614,-12542.467976952617,-1.0,-1.0,False,True
2022-08-05,223.31512975525266,0.21314909833185963,0.0,223.1019806569208,-12633.113314967602,-1.0,-1.0,False,True
2022-08-08,-38.84604691029644,0.18676648722417602,0.0,-39.03281339752061,-12737.54473427115,-1.0,-1.0,False,True
2022-08-09,-80.85615086387786,0.21380304476536208,0.0,-81.06995390864321,-12841.460138159522,-1.0,-1.0,False,True
2022-08-10,729.1564942220257,0.22566470405718023,0.0,728.9308295179685,-12803.550965709073,-1.0,-1.0,False,True
2022-08-11,-135.8153403397708,0.08146271779641076,0.0,-135.8968030575672,-12904.837906507439,-1.0,-1.0,False,True
2022-08-12,121.38128150891185,0.21973787498481268,0.0,121.16154363392704,-13007.845897068088,-1.0,-1.0,False,True
2022-08-15,231.12832692344494,0.227547036729407,0.0,230.90077988671553,-13100.87271113129,-1.0,-1.0,False,True
2022-08-16,-133.9454397059352,0.20340387985678174,0.0,-134.14884358579198,-13204.549995875326,-1.0,-1.0,False,True
2022-08-17,88.25505141334251,0.22822870042187926,0.0,88.02682271292063,-13311.92138219659,-1.0,-1.0,False,True
2022-08-18,159.60278716563664,0.23925249887889716,0.0,159.36353466675774,-13415.104259184074,-1.0,-1.0,False,True
2022-08-19,-638.3383446199592,0.21939867756478865,0.0,-638.557743297524,-13410.398341633449,-1.0,-1.0,False,True
2022-08-22,-956.202147355422,0.009340464837246019,0.0,-956.2114878202592,-13269.481108501097,-1.0,-1.0,False,True
2022-08-23,254.80006143904598,0.2851145351411762,0.0,254.5149469039048,0.0,0.0,-1.0,False,True
2022-08-24,513.4352841446932,27.92846463918757,0.0,485.5068195055057,0.0,0.0,-1.0,False,True
2022-08-25,-0.0,0.0,0.0,-0.0,0.0,0.0,0.0,False,True
2022-08-26,0.0,0.0,0.0,0.0,0.0,0.0,0.0,False,True
2022-08-29,-0.0,0.0,0.0,-0.0,0.0,0.0,0.0,False,True
2022-08-30,0.0,0.0,0.0,0.0,0.0,0.0,0.0,False,True
2022-08-31,-0.0,0.0,0.0,-0.0,0.0,0.0,0.0,False,True
2022-09-01,-0.0,0.0,0.0,-0.0,0.0,0.0,0.0,False,True
2022-09-02,0.0,0.0,0.0,0.0,0.0,0.0,0.0,False,True
2022-09-05,,,0.0,,0.0,0.0,0.0,False,True
2022-09-06,,0.0,0.0,,0.0,0.0,0.0,False,True
2022-09-07,-0.0,0.0,0.0,-0.0,0.0,0.0,0.0,False,True
2022-09-08,-0.0,0.0,0.0,-0.0,0.0,0.0,0.0,False,True
2022-09-09,-0.0,0.0,0.0,-0.0,0.0,0.0,0.0,False,True
2022-09-12,-0.0,0.0,0.0,-0.0,0.0,0.0,0.0,False,True
2022-09-13,0.0,0.0,0.0,0.0,0.0,0.0,0.0,False,True
2022-09-14,-0.0,0.0,0.0,-0.0,0.0,0.0,0.0,False,True
2022-09-15,-0.0,0.0,0.0,-0.0,0.0,0.0,0.0,False,True
2022-09-16,-0.0,0.0,0.0,-0.0,0.0,0.0,0.0,False,True
2022-09-19,-0.0,0.0,0.0,-0.0,0.0,0.0,0.0,False,True
2022-09-20,0.0,0.0,0.0,0.0,0.0,0.0,0.0,False,True
2022-09-21,0.0,0.0,0.0,0.0,0.0,0.0,0.0,False,True
2022-09-22,-0.0,0.0,0.0,-0.0,0.0,0.0,0.0,False,True
2022-09-23,0.0,0.0,0.0,0.0,0.0,0.0,0.0,False,True
2022-09-26,0.0,0.0,0.0,0.0,0.0,0.0,0.0,False,True
2022-09-27,0.0,0.0,0.0,0.0,0.0,0.0,0.0,False,True
2022-09-28,-0.0,0.0,0.0,-0.0,0.0,0.0,0.0,False,True
2022-09-29,0.0,0.0,0.0,0.0,0.0,0.0,0.0,False,True
2022-09-30,0.0,0.0,0.0,0.0,0.0,0.0,0.0,False,True
2022-10-03,-0.0,0.0,0.0,-0.0,0.0,0.0,0.0,False,True
2022-10-04,-0.0,0.0,0.0,-0.0,0.0,0.0,0.0,False,True
2022-10-05,0.0,0.0,0.0,0.0,0.0,0.0,0.0,False,True
2022-10-06,0.0,0.0,0.0,0.0,0.0,0.0,0.0,False,True
2022-10-07,0.0,0.0,0.0,0.0,0.0,0.0,0.0,False,True
2022-10-10,0.0,0.0,0.0,0.0,0.0,0.0,0.0,False,True
2022-10-11,0.0,0.0,0.0,0.0,0.0,0.0,0.0,False,True
2022-10-12,-0.0,0.0,0.0,-0.0,0.0,0.0,0.0,False,True
2022-10-13,-0.0,0.0,0.0,-0.0,0.0,0.0,0.0,False,True
2022-10-14,0.0,0.0,0.0,0.0,0.0,0.0,0.0,False,True
2022-10-17,-0.0,0.0,0.0,-0.0,0.0,0.0,0.0,False,True
2022-10-18,-0.0,0.0,0.0,-0.0,0.0,0.0,0.0,False,True
2022-10-19,0.0,0.0,0.0,0.0,0.0,0.0,0.0,False,True
2022-10-20,-0.0,0.0,0.0,-0.0,0.0,0.0,0.0,False,True
2022-10-21,0.0,0.0,0.0,0.0,0.0,0.0,0.0,False,True
2022-10-24,-0.0,0.0,0.0,-0.0,0.0,0.0,0.0,False,True
2022-10-25,-0.0,0.0,0.0,-0.0,0.0,0.0,0.0,False,True
2022-10-26,-0.0,0.0,0.0,-0.0,0.0,0.0,0.0,False,True
2022-10-27,-0.0,0.0,0.0,-0.0,0.0,0.0,0.0,False,True
2022-10-28,-0.0,0.0,0.0,-0.0,0.0,0.0,0.0,False,True
2022-10-31,-0.0,0.0,0.0,-0.0,0.0,0.0,0.0,False,True
2022-11-01,-0.0,0.0,0.0,-0.0,0.0,0.0,0.0,False,True
2022-11-02,0.0,0.0,0.0,0.0,0.0,0.0,0.0,False,True
2022-11-03,-0.0,0.0,0.0,-0.0,0.0,0.0,0.0,False,True
2022-11-04,-0.0,0.0,0.0,-0.0,0.0,0.0,0.0,False,True
2022-11-07,-0.0,0.0,0.0,-0.0,0.0,0.0,0.0,False,True
2022-11-08,0.0,0.0,0.0,0.0,0.0,0.0,0.0,False,True
2022-11-09,0.0,0.0,0.0,0.0,0.0,0.0,0.0,False,True
2022-11-10,-0.0,0.0,0.0,-0.0,0.0,0.0,0.0,False,True
2022-11-11,-0.0,0.0,0.0,-0.0,0.0,0.0,0.0,False,True
2022-11-14,-0.0,0.0,0.0,-0.0,0.0,0.0,0.0,False,True
2022-11-15,0.0,0.0,0.0,0.0,0.0,0.0,0.0,False,True
2022-11-16,-0.0,0.0,0.0,-0.0,0.0,0.0,0.0,False,True
2022-11-17,-0.0,0.0,0.0,-0.0,0.0,0.0,0.0,False,True
2022-11-18,-0.0,0.0,0.0,-0.0,0.0,0.0,0.0,False,True
2022-11-21,-0.0,0.0,0.0,-0.0,0.0,0.0,0.0,False,True
2022-11-22,-0.0,0.0,0.0,-0.0,0.0,0.0,0.0,False,True
2022-11-23,-0.0,0.0,0.0,-0.0,0.0,0.0,0.0,False,True
2022-11-24,,,0.0,,0.0,0.0,0.0,False,True
2022-11-25,,0.0,0.0,,0.0,0.0,0.0,False,True
2022-11-28,0.0,0.0,0.0,0.0,0.0,0.0,0.0,False,True
2022-11-29,-0.0,0.0,0.0,-0.0,0.0,0.0,0.0,False,True
2022-11-30,-0.0,0.0,0.0,-0.0,0.0,0.0,0.0,False,True
2022-12-01,-0.0,0.0,0.0,-0.0,-17369.489367037262,-1.0,0.0,False,True
2022-12-02,-0.0,41.98180210717077,0.0,-41.98180210717077,-17480.987572869246,-1.0,0.0,False,True
2022-12-05,-394.0145719716878,0.26351195285653145,0.0,-394.2780839245443,-17568.1426713666,-1.0,-1.0,False,True
2022-12-06,-616.7692836095869,0.19896031206801834,0.0,-616.9682439216549,0.0,0.0,-1.0,False,True
2022-12-07,-322.32755014814927,39.382528810019124,0.0,-361.7100789581684,0.0,0.0,-1.0,False,True
2022-12-08,-0.0,0.0,0.0,-0.0,0.0,0.0,0.0,False,True
2022-12-09,0.0,0.0,0.0,0.0,0.0,0.0,0.0,False,True
2022-12-12,-0.0,0.0,0.0,-0.0,0.0,0.0,0.0,False,True
2022-12-13,-0.0,0.0,0.0,-0.0,0.0,0.0,0.0,False,True
2022-12-14,-0.0,0.0,0.0,-0.0,0.0,0.0,0.0,False,True
2022-12-15,0.0,0.0,0.0,0.0,0.0,0.0,0.0,False,True
2022-12-16,0.0,0.0,0.0,0.0,0.0,0.0,0.0,False,True
2022-12-19,-0.0,0.0,0.0,-0.0,0.0,0.0,0.0,False,True
2022-12-20,-0.0,0.0,0.0,-0.0,-18077.713238665565,-1.0,0.0,False,True
2022-12-21,-0.0,40.258930934190104,0.0,-40.258930934190104,-18044.603469946345,-1.0,0.0,False,True
2022-12-22,-975.955039856346,0.06995838662818755,0.0,-976.0249982429742,-17842.24897220385,-1.0,-1.0,False,True
2022-12-23,465.18482611191206,0.43887347586151604,0.0,464.74595263605056,-17910.91802195955,-1.0,-1.0,False,True
2022-12-27,134.24989493350893,0.15006092340142527,0.0,134.09983401010751,-18052.67486898115,-1.0,-1.0,False,True
2022-12-28,-73.08739637314376,0.30851909113079024,0.0,-73.39591546427455,-18200.41816904842,-1.0,-1.0,False,True
2022-12-29,259.8874975299352,0.3262446251016839,0.0,259.5612529048335,-18325.061666024423,-1.0,-1.0,False,True
2022-12-30,87.04544410444082,0.2765586442183664,0.0,86.76888546022245,-18474.159796983102,-1.0,-1.0,False,True
2023-01-03,37.04981707600528,0.33148872570135796,0.0,36.71832835030393,0.0,0.0,-1.0,False,True
2023-01-04,521.2522246786666,42.266001053318334,0.0,478.98622362534826,0.0,0.0,-1.0,False,True
2023-01-05,0.0,0.0,0.0,0.0,0.0,0.0,0.0,False,True
2023-01-06,-0.0,0.0,0.0,-0.0,0.0,0.0,0.0,False,True
2023-01-09,0.0,0.0,0.0,0.0,0.0,0.0,0.0,False,True
2023-01-10,-0.0,0.0,0.0,-0.0,0.0,0.0,0.0,False,True
2023-01-11,0.0,0.0,0.0,0.0,0.0,0.0,0.0,False,True
2023-01-12,-0.0,0.0,0.0,-0.0,0.0,0.0,0.0,False,True
2023-01-13,-0.0,0.0,0.0,-0.0,0.0,0.0,0.0,False,True
2023-01-16,,,0.0,,0.0,0.0,0.0,False,True
2023-01-17,,0.0,0.0,,0.0,0.0,0.0,False,True
2023-01-18,0.0,0.0,0.0,0.0,0.0,0.0,0.0,False,True
2023-01-19,0.0,0.0,0.0,0.0,0.0,0.0,0.0,False,True
2023-01-20,-0.0,0.0,0.0,-0.0,0.0,0.0,0.0,False,True
2023-01-23,-0.0,0.0,0.0,-0.0,0.0,0.0,0.0,False,True
2023-01-24,-0.0,0.0,0.0,-0.0,0.0,0.0,0.0,False,True
2023-01-25,0.0,0.0,0.0,0.0,0.0,0.0,0.0,False,True
2023-01-26,-0.0,0.0,0.0,-0.0,0.0,0.0,0.0,False,True
2023-01-27,-0.0,0.0,0.0,-0.0,0.0,0.0,0.0,False,True
2023-01-30,0.0,0.0,0.0,0.0,0.0,0.0,0.0,False,True
2023-01-31,-0.0,0.0,0.0,-0.0,0.0,0.0,0.0,False,True
2023-02-01,-0.0,0.0,0.0,-0.0,0.0,0.0,0.0,False,True
2023-02-02,0.0,0.0,0.0,0.0,0.0,0.0,0.0,False,True
2023-02-03,0.0,0.0,0.0,0.0,0.0,0.0,0.0,False,True
2023-02-06,0.0,0.0,0.0,0.0,0.0,0.0,0.0,False,True
2023-02-07,-0.0,0.0,0.0,-0.0,0.0,0.0,0.0,False,True
2023-02-08,0.0,0.0,0.0,0.0,0.0,0.0,0.0,False,True
2023-02-09,0.0,0.0,0.0,0.0,0.0,0.0,0.0,False,True
2023-02-10,0.0,0.0,0.0,0.0,0.0,0.0,0.0,False,True
2023-02-13,-0.0,0.0,0.0,-0.0,0.0,0.0,0.0,False,True
2023-02-14,-0.0,0.0,0.0,-0.0,0.0,0.0,0.0,False,True
2023-02-15,-0.0,0.0,0.0,-0.0,0.0,0.0,0.0,False,True
2023-02-16,0.0,0.0,0.0,0.0,0.0,0.0,0.0,False,True
2023-02-17,0.0,0.0,0.0,0.0,0.0,0.0,0.0,False,True
2023-02-20,,,0.0,,0.0,0.0,0.0,False,True
2023-02-21,,0.0,0.0,,0.0,0.0,0.0,False,True
2023-02-22,-0.0,0.0,0.0,-0.0,0.0,0.0,0.0,False,True
2023-02-23,-0.0,0.0,0.0,-0.0,0.0,0.0,0.0,False,True
2023-02-24,0.0,0.0,0.0,0.0,0.0,0.0,0.0,False,True
2023-02-27,-0.0,0.0,0.0,-0.0,0.0,0.0,0.0,False,True
2023-02-28,-0.0,0.0,0.0,-0.0,0.0,0.0,0.0,False,True
2023-03-01,0.0,0.0,0.0,0.0,0.0,0.0,0.0,False,True
2023-03-02,-0.0,0.0,0.0,-0.0,0.0,0.0,0.0,False,True
2023-03-03,-0.0,0.0,0.0,-0.0,0.0,0.0,0.0,False,True
2023-03-06,-0.0,0.0,0.0,-0.0,0.0,0.0,0.0,False,True
2023-03-07,0.0,0.0,0.0,0.0,0.0,0.0,0.0,False,True
2023-03-08,-0.0,0.0,0.0,-0.0,0.0,0.0,0.0,False,True
2023-03-09,0.0,0.0,0.0,0.0,0.0,0.0,0.0,False,True
2023-03-10,0.0,0.0,0.0,0.0,0.0,0.0,0.0,False,True
2023-03-13,0.0,0.0,0.0,0.0,0.0,0.0,0.0,False,True
2023-03-14,-0.0,0.0,0.0,-0.0,0.0,0.0,0.0,False,True
2023-03-15,0.0,0.0,0.0,0.0,0.0,0.0,0.0,False,True
2023-03-16,-0.0,0.0,0.0,-0.0,0.0,0.0,0.0,False,True
2023-03-17,0.0,0.0,0.0,0.0,0.0,0.0,0.0,False,True
2023-03-20,-0.0,0.0,0.0,-0.0,0.0,0.0,0.0,False,True
2023-03-21,-0.0,0.0,0.0,-0.0,0.0,0.0,0.0,False,True
2023-03-22,0.0,0.0,0.0,0.0,0.0,0.0,0.0,False,True
2023-03-23,0.0,0.0,0.0,0.0,0.0,0.0,0.0,False,True
2023-03-24,-0.0,0.0,0.0,-0.0,0.0,0.0,0.0,False,True
2023-03-27,-0.0,0.0,0.0,-0.0,0.0,0.0,0.0,False,True
2023-03-28,-0.0,0.0,0.0,-0.0,-14589.184137262035,-1.0,0.0,False,True
2023-03-29,-0.0,35.72209924249217,0.0,-35.72209924249217,-14628.45542144136,-1.0,0.0,False,True
2023-03-30,71.93211008439447,0.09663348877650577,0.0,71.83547659561796,-14748.244395820077,-1.0,-1.0,False,True
2023-03-31,44.599591854191615,0.295662001758277,0.0,44.30392985243334,-14870.007219146992,-1.0,-1.0,False,True
2023-04-03,393.98826664939605,0.3087827356196048,0.0,393.67948391377644,-14943.972184695653,-1.0,-1.0,False,True
2023-04-04,-287.1064012920228,0.1840174606605376,0.0,-287.2904187526833,-15041.716263790771,-1.0,-1.0,False,True
2023-04-05,131.52337932519976,70.34962865065346,70.34962865065346,61.1737506745463,-15160.967200618777,-1.0,-1.0,False,True
2023-04-06,238.38469608300178,0.2842807876100805,0.0,238.1004152953917,-15268.286912353704,-1.0,-1.0,False,True
2023-04-10,192.2403729975899,0.25912376984792057,0.0,191.98124922774198,-15382.89359575199,-1.0,-1.0,False,True
2023-04-11,183.35553893870036,0.2800816615403248,0.0,183.07545727716004,-15499.451058189772,-1.0,-1.0,False,True
2023-04-12,-59.196009402373384,0.28375712887492904,0.0,-59.479766531248316,-15626.912019018668,-1.0,-1.0,False,True
2023-04-13,453.3867555415126,0.31965189898565277,0.0,453.067103642527,-15687.909349615604,-1.0,-1.0,False,True
2023-04-14,264.50260900564956,0.15560543519626552,0.0,264.3470035704533,-15794.73194854797,-1.0,-1.0,False,True
2023-04-17,400.8264743234303,0.27965173881623223,0.0,400.54682258461406,-15871.622320477623,-1.0,-1.0,False,True
2023-04-18,106.9026946922931,0.2026635994998391,0.0,106.70003109279325,-15999.462539631166,-1.0,-1.0,False,True
2023-04-19,35.50753288593727,0.3377100430200482,0.0,35.16982284291723,-16131.806423183198,-1.0,-1.0,False,True
2023-04-20,-360.30479227887747,0.3419074904243274,0.0,-360.6466997693018,-16220.788870609407,-1.0,-1.0,False,True
2023-04-21,349.1039489390108,0.23496908181516357,0.0,348.86897985719565,-16313.244923120465,-1.0,-1.0,False,True
2023-04-24,68.61635312093412,0.24517870513560297,0.0,68.37117441579852,-16446.98221146805,-1.0,-1.0,False,True
2023-04-25,-1429.2300764675736,0.32608143085976554,0.0,-1429.5561578984334,-15904.485953257219,-1.0,-1.0,False,True
2023-04-26,465.2547467072749,1.3612340504340354,0.0,463.8935126568408,-15968.73984931264,-1.0,-1.0,False,True
2023-04-27,762.0990365855637,0.16934049361261813,0.0,761.9296960919511,-15906.86863009706,-1.0,-1.0,False,True
2023-04-28,829.3913559945585,0.17199407601382455,0.0,829.2193619185447,-15813.80523442173,-1.0,-1.0,False,True
2023-05-01,230.19795675386248,0.2625031799992658,0.0,229.9354535738632,-15927.534423509032,-1.0,-1.0,False,True
2023-05-02,-1019.1028024736443,0.30137335398414866,0.0,-1019.4041758276284,-15715.770577592571,-1.0,-1.0,False,True
2023-05-03,-505.5745743369877,0.5438930898020268,0.0,-506.1184674267898,-15764.026512510845,-1.0,-1.0,False,True
2023-05-04,-973.7837708608969,70.38880651593342,70.38880651593342,-1044.1725773768303,-15585.64636655696,-1.0,-1.0,False,True
2023-05-05,1082.1416430247534,0.42825607720694153,0.0,1081.7133869475465,-15350.326555764785,-1.0,-1.0,False,True
2023-05-08,293.21195394244154,0.575789447950339,0.0,292.6361644944912,-15450.681737402458,-1.0,-1.0,False,True
2023-05-09,-282.0829724576217,0.24112192791150344,0.0,-282.32409438553316,-15552.59850748112,-1.0,-1.0,False,True
2023-05-10,417.0104253677918,0.2516663518704976,0.0,416.7587590159213,-15623.962896658086,-1.0,-1.0,False,True
2023-05-11,172.8765900415274,0.17820321407332498,0.0,172.69838682745407,-15743.65591497831,-1.0,-1.0,False,True
2023-05-12,-20.553939466168455,0.2984914134617694,0.0,-20.852430879630223,-15874.167904332115,-1.0,-1.0,False,True
2023-05-15,372.31541074500046,0.33335523498160974,0.0,371.9820555100189,-15958.746447863952,-1.0,-1.0,False,True
2023-05-16,-457.9124931112241,0.2099744888758641,0.0,-458.1224676000999,-16020.04863129628,-1.0,-1.0,False,True
2023-05-17,511.9180136204018,0.15723228490888144,0.0,511.7607813354929,-16064.157292984943,-1.0,-1.0,False,True
2023-05-18,668.814882177381,0.11806201979098589,0.0,668.6968201575901,-16046.614847939489,-1.0,-1.0,False,True
2023-05-19,-420.4956121878269,0.04575668924241089,0.0,-420.5413688770693,-16120.168386130743,-1.0,-1.0,False,True
2023-05-22,-18.37538916857035,0.19163330955730637,0.0,-18.567022478127658,-16253.831700496901,-1.0,-1.0,False,True
2023-05-23,-307.1444822897555,0.3417296820912918,0.0,-307.4862119718468,-16355.81174838279,-1.0,-1.0,False,True
2023-05-24,-770.86061906546,0.24892136566341058,0.0,-771.1095404311234,0.0,0.0,-1.0,False,True
2023-05-25,444.32905585585894,41.03746442564258,0.0,403.2915914302164,0.0,0.0,-1.0,False,True
2023-05-26,-0.0,0.0,0.0,-0.0,0.0,0.0,0.0,False,True
2023-05-29,,,0.0,,0.0,0.0,0.0,False,True
2023-05-30,,0.0,0.0,,0.0,0.0,0.0,False,True
2023-05-31,-0.0,0.0,0.0,-0.0,0.0,0.0,0.0,False,True
2023-06-01,-0.0,0.0,0.0,-0.0,-16257.891755167022,-1.0,0.0,False,True
2023-06-02,-0.0,49.16807518173937,0.0,-49.16807518173937,-16228.359400588735,-1.0,0.0,False,True
2023-06-05,426.8268614313343,0.09172150072946494,0.0,426.7351399306048,-16301.01673447237,-1.0,-1.0,False,True
2023-06-06,1065.3751644501538,0.24151408808713792,0.0,1065.1336503620666,-16054.724814180196,-1.0,-1.0,False,True
2023-06-07,-34.678290378883624,0.8169401727390612,0.0,-35.49523055162268,-16187.564789361839,-1.0,-1.0,False,True
2023-06-08,455.32495929517165,96.92336319962985,96.92336319962985,358.4015960955418,-16250.137748854146,-1.0,-1.0,False,True
2023-06-09,-76.14907272148814,0.18721950469561532,0.0,-76.33629222618376,-16382.98565242287,-1.0,-1.0,False,True
2023-06-12,23.527688069381263,0.39805982529903133,0.0,23.12962824408223,-16518.75119570711,-1.0,-1.0,False,True
2023-06-13,-9.865748693002319,0.4065572905458161,0.0,-10.272305983548135,-16655.804007539806,-1.0,-1.0,False,True
2023-06-14,495.7246888068053,0.4231095252292423,0.0,495.3015792815761,-16706.604842950714,-1.0,-1.0,False,True
2023-06-15,-488.6135940238964,0.15236266896903228,0.0,-488.7659566928654,-16760.917351285094,-1.0,-1.0,False,True
2023-06-16,596.9787168099898,0.16893137499921032,0.0,596.8097854349905,-16774.130750536457,-1.0,-1.0,False,True
2023-06-19,,,0.0,,-16774.130750536457,-1.0,-1.0,False,True
2023-06-20,,0.0,0.0,,-16774.130750536457,-1.0,-1.0,False,True
2023-06-21,350.81875430481915,0.0,0.0,350.81875430481915,-16869.792921754626,-1.0,-1.0,False,True
2023-06-22,414.81733811049037,0.31071153723841266,0.0,414.50662657325194,-16947.96369633495,-1.0,-1.0,False,True
2023-06-23,-187.95414101391543,0.2511016939987377,0.0,-188.20524270791418,-17075.832310117832,-1.0,-1.0,False,True
2023-06-26,-43.55246488807244,0.40968925751124646,0.0,-43.96215414558369,-17216.846717075525,-1.0,-1.0,False,True
2023-06-27,463.41321766613123,0.4644116515385147,0.0,462.9488060145927,-17280.683657815556,-1.0,-1.0,False,True
2023-06-28,630.4081366562345,0.2182288459642345,0.0,630.1899078102703,-17279.419651095555,-1.0,-1.0,False,True
2023-06-29,-387.6448401208251,0.004226247506217111,0.0,-387.6490663683313,-17368.10650660784,-1.0,-1.0,False,True
2023-06-30,357.46791652992937,0.3027913759912488,0.0,357.1651251539381,-17464.95799898523,-1.0,-1.0,False,True
2023-07-03,134.67774281321175,0.3332509086743586,0.0,134.3444919045374,-17603.119184054096,-1.0,-1.0,False,True
2023-07-04,,,0.0,,-17603.119184054096,-1.0,-1.0,False,True
2023-07-05,,0.0,0.0,,-17603.119184054096,-1.0,-1.0,False,True
2023-07-06,-1016.7363522829708,104.72695233362423,104.72695233362423,-1121.463304616595,-17376.001244089777,-1.0,-1.0,False,True
2023-07-07,409.71227205642157,0.6917003068239068,0.0,409.02057174959765,-17460.333311485003,-1.0,-1.0,False,True
2023-07-10,133.20244835852657,0.2588220982349223,0.0,132.94362626029164,-17598.615011806305,-1.0,-1.0,False,True
2023-07-11,128.50474069882122,0.4275446365788125,0.0,128.07719606224242,-17738.416015086543,-1.0,-1.0,False,True
2023-07-12,859.0205904990067,0.4544233083512304,0.0,858.5661671906555,-17610.52413415875,-1.0,-1.0,False,True
2023-07-13,-190.8082398558166,0.411288553095391,0.0,-191.219528408912,-17743.306130726327,-1.0,-1.0,False,True
2023-07-14,203.10825129002723,0.4319970877244601,0.0,202.67625420230277,-17874.843325876845,-1.0,-1.0,False,True
2023-07-17,5.744503210052365,0.4280858073639673,0.0,5.316417402688398,-18023.17214250981,-1.0,-1.0,False,True
2023-07-18,239.50417156755182,0.4892898563022235,0.0,239.0148817112496,-18150.529563447824,-1.0,-1.0,False,True
2023-07-19,-427.47973703954153,0.4103783604572884,0.0,-427.8901153999988,-18230.345013710226,-1.0,-1.0,False,True
2023-07-20,67.32984874211981,0.25814349526366925,0.0,67.07170524685614,-18379.871685978775,-1.0,-1.0,False,True
2023-07-21,270.36041134809375,0.4908873200796297,0.0,269.8695240280141,-18503.55624073472,-1.0,-1.0,False,True
2023-07-24,271.5007629739739,0.4121370985957604,0.0,271.08862587537817,-18627.91347795387,-1.0,-1.0,False,True
2023-07-25,41.14467916524511,0.4153020557194194,0.0,40.729377109525686,-18781.82792453541,-1.0,-1.0,False,True
2023-07-26,556.4267074776839,0.5298375439825872,0.0,555.8968699337013,-18813.751193070937,-1.0,-1.0,False,True
2023-07-27,-1009.3728101143769,0.10428849702291414,0.0,-1009.4770986113998,-18575.295698487367,-1.0,-1.0,False,True
2023-07-28,838.6371795660689,0.8153426002033515,0.0,837.8218369658655,-18465.479528853637,-1.0,-1.0,False,True
2023-07-31,155.1597228193836,0.37865351761566474,0.0,154.78106930176793,-18609.427604063174,-1.0,-1.0,False,True
2023-08-01,-259.6502295255743,0.4894601294079753,0.0,-260.13968965498225,-18736.94203103667,-1.0,-1.0,False,True
2023-08-02,-2012.2638139315673,0.39127266961188634,0.0,-2012.6550866011792,-17448.139533389985,-1.0,-1.0,False,True
2023-08-03,-51.71612288385992,105.06880546265006,105.06880546265006,-156.78492834651,-17592.083056096795,-1.0,-1.0,False,True
2023-08-04,-479.6454035422144,0.40677931221390207,0.0,-480.05218285442834,0.0,0.0,-1.0,False,True
2023-08-07,713.3682124162477,51.815761874997754,0.0,661.55245054125,0.0,0.0,-1.0,False,True
2023-08-08,0.0,0.0,0.0,0.0,0.0,0.0,0.0,False,True
2023-08-09,-0.0,0.0,0.0,-0.0,0.0,0.0,0.0,False,True
2023-08-10,0.0,0.0,0.0,0.0,0.0,0.0,0.0,False,True
2023-08-11,-0.0,0.0,0.0,-0.0,0.0,0.0,0.0,False,True
2023-08-14,-0.0,0.0,0.0,-0.0,0.0,0.0,0.0,False,True
2023-08-15,0.0,0.0,0.0,0.0,0.0,0.0,0.0,False,True
2023-08-16,0.0,0.0,0.0,0.0,0.0,0.0,0.0,False,True
2023-08-17,0.0,0.0,0.0,0.0,0.0,0.0,0.0,False,True
2023-08-18,-0.0,0.0,0.0,-0.0,0.0,0.0,0.0,False,True
2023-08-21,-0.0,0.0,0.0,-0.0,0.0,0.0,0.0,False,True
2023-08-22,0.0,0.0,0.0,0.0,0.0,0.0,0.0,False,True
2023-08-23,-0.0,0.0,0.0,-0.0,0.0,0.0,0.0,False,True
2023-08-24,0.0,0.0,0.0,0.0,0.0,0.0,0.0,False,True
2023-08-25,-0.0,0.0,0.0,-0.0,0.0,0.0,0.0,False,True
2023-08-28,-0.0,0.0,0.0,-0.0,0.0,0.0,0.0,False,True
2023-08-29,-0.0,0.0,0.0,-0.0,-17921.076852829166,-1.0,0.0,False,True
2023-08-30,-0.0,60.01837486407772,0.0,-60.01837486407772,-17898.888603518793,-1.0,0.0,False,True
2023-08-31,303.42948150795127,0.07558913154632604,0.0,303.35389237640493,-18012.722417394707,-1.0,-1.0,False,True
2023-09-01,293.51997623526336,0.3942652926006159,0.0,293.12571094266275,-18129.020374018783,-1.0,-1.0,False,True
2023-09-04,,,0.0,,-18129.020374018783,-1.0,-1.0,False,True
2023-09-05,,0.0,0.0,,-18129.020374018783,-1.0,-1.0,False,True
2023-09-06,-428.0532000508681,0.0,0.0,-428.0532000508681,-18209.538508597365,-1.0,-1.0,False,True
2023-09-07,52.567744638512025,113.28859071318679,113.28859071318679,-60.72084607467477,-18359.582728586665,-1.0,-1.0,False,True
2023-09-08,321.8986489809861,0.47619369562629427,0.0,321.4224552853598,-18471.13394454718,-1.0,-1.0,False,True
2023-09-11,384.8504343233098,0.3616088538179434,0.0,384.48882546949187,-18566.06569271095,-1.0,-1.0,False,True
2023-09-12,-57.94902204628538,0.3067720983254964,0.0,-58.255794144610874,-18718.80996443652,-1.0,-1.0,False,True
2023-09-13,227.69316669707837,0.4997219231366484,0.0,227.1934447739417,-18853.301741185267,-1.0,-1.0,False,True
2023-09-14,510.48040962701947,0.4523424351529242,0.0,510.02806719186657,-18905.104873671047,-1.0,-1.0,False,True
2023-09-15,-661.0743755867176,0.16832955281137177,0.0,-661.242705139529,-18888.49200353063,-1.0,-1.0,False,True
2023-09-18,108.47712042576734,0.05429354113714897,0.0,108.42282688463018,-19040.54933991532,-1.0,-1.0,False,True
2023-09-19,131.04963332721843,0.500419866030213,0.0,130.54921346118823,-19191.532801164743,-1.0,-1.0,False,True
2023-09-20,-729.6953563945741,0.47854630844504153,0.0,-730.1739027030192,-19134.66012429699,-1.0,-1.0,False,True
2023-09-21,-1562.3030023113242,0.16669000105642004,0.0,-1562.4696923123806,0.0,0.0,-1.0,False,True
2023-09-22,-6.237457763595736,56.06412971770569,0.0,-62.301587481301425,0.0,0.0,-1.0,False,True
2023-09-25,0.0,0.0,0.0,0.0,0.0,0.0,0.0,False,True
2023-09-26,0.0,0.0,0.0,0.0,0.0,0.0,0.0,False,True
2023-09-27,-0.0,0.0,0.0,-0.0,0.0,0.0,0.0,False,True
2023-09-28,-0.0,0.0,0.0,-0.0,0.0,0.0,0.0,False,True
2023-09-29,0.0,0.0,0.0,0.0,0.0,0.0,0.0,False,True
2023-10-02,0.0,0.0,0.0,0.0,0.0,0.0,0.0,False,True
2023-10-03,0.0,0.0,0.0,0.0,0.0,0.0,0.0,False,True
2023-10-04,-0.0,0.0,0.0,-0.0,0.0,0.0,0.0,False,True
2023-10-05,-0.0,0.0,0.0,-0.0,0.0,0.0,0.0,False,True
2023-10-06,-0.0,0.0,0.0,-0.0,0.0,0.0,0.0,False,True
2023-10-09,-0.0,0.0,0.0,-0.0,0.0,0.0,0.0,False,True
2023-10-10,-0.0,0.0,0.0,-0.0,0.0,0.0,0.0,False,True
2023-10-11,-0.0,0.0,0.0,-0.0,0.0,0.0,0.0,False,True
2023-10-12,0.0,0.0,0.0,0.0,0.0,0.0,0.0,False,True
2023-10-13,0.0,0.0,0.0,0.0,0.0,0.0,0.0,False,True
2023-10-16,-0.0,0.0,0.0,-0.0,0.0,0.0,0.0,False,True
2023-10-17,0.0,0.0,0.0,0.0,0.0,0.0,0.0,False,True
2023-10-18,0.0,0.0,0.0,0.0,0.0,0.0,0.0,False,True
2023-10-19,0.0,0.0,0.0,0.0,0.0,0.0,0.0,False,True
2023-10-20,0.0,0.0,0.0,0.0,0.0,0.0,0.0,False,True
2023-10-23,-0.0,0.0,0.0,-0.0,0.0,0.0,0.0,False,True
2023-10-24,-0.0,0.0,0.0,-0.0,0.0,0.0,0.0,False,True
2023-10-25,0.0,0.0,0.0,0.0,0.0,0.0,0.0,False,True
2023-10-26,0.0,0.0,0.0,0.0,0.0,0.0,0.0,False,True
2023-10-27,0.0,0.0,0.0,0.0,0.0,0.0,0.0,False,True
2023-10-30,-0.0,0.0,0.0,-0.0,0.0,0.0,0.0,False,True
2023-10-31,-0.0,0.0,0.0,-0.0,0.0,0.0,0.0,False,True
2023-11-01,-0.0,0.0,0.0,-0.0,0.0,0.0,0.0,False,True
2023-11-02,-0.0,0.0,0.0,-0.0,0.0,0.0,0.0,False,True
2023-11-03,-0.0,0.0,0.0,-0.0,0.0,0.0,0.0,False,True
2023-11-06,-0.0,0.0,0.0,-0.0,0.0,0.0,0.0,False,True
2023-11-07,-0.0,0.0,0.0,-0.0,0.0,0.0,0.0,False,True
2023-11-08,-0.0,0.0,0.0,-0.0,0.0,0.0,0.0,False,True
2023-11-09,0.0,0.0,0.0,0.0,0.0,0.0,0.0,False,True
2023-11-10,-0.0,0.0,0.0,-0.0,0.0,0.0,0.0,False,True
2023-11-13,-0.0,0.0,0.0,-0.0,0.0,0.0,0.0,False,True
2023-11-14,-0.0,0.0,0.0,-0.0,0.0,0.0,0.0,False,True
2023-11-15,-0.0,0.0,0.0,-0.0,0.0,0.0,0.0,False,True
2023-11-16,-0.0,0.0,0.0,-0.0,0.0,0.0,0.0,False,True
2023-11-17,-0.0,0.0,0.0,-0.0,0.0,0.0,0.0,False,True
2023-11-20,-0.0,0.0,0.0,-0.0,0.0,0.0,0.0,False,True
2023-11-21,-0.0,0.0,0.0,-0.0,0.0,0.0,0.0,False,True
2023-11-22,0.0,0.0,0.0,0.0,-15959.894864652451,-1.0,0.0,False,True
2023-11-23,,,0.0,,-15959.894864652451,-1.0,0.0,False,True
2023-11-24,,0.0,0.0,,-15959.894864652451,-1.0,-1.0,False,True
2023-11-27,-119.5010034560175,0.0,0.0,-119.5010034560175,-16087.520628007509,-1.0,-1.0,False,True
2023-11-28,193.41791702412536,0.4745157769001251,0.0,192.94340124722524,-16208.096598705864,-1.0,-1.0,False,True
2023-11-29,-251.5097499554277,0.44140363709870306,0.0,-251.95115359252642,-16320.61423387138,-1.0,-1.0,False,True
2023-11-30,280.05875606098385,0.4191461427141453,0.0,279.6396099182697,-16428.643736914626,-1.0,-1.0,False,True
2023-12-01,70.7023367354326,0.40417806945192575,0.0,70.29815866598067,-16563.22163861592,-1.0,-1.0,False,True
2023-12-04,-122.81125393555865,0.49976939134467374,0.0,-123.31102332690332,-16695.30401050003,-1.0,-1.0,False,True
2023-12-05,165.14494279042518,0.4954418179799899,0.0,164.6495009724452,-16824.069535615872,-1.0,-1.0,False,True
2023-12-06,-90.42322306791952,0.4803984248516384,0.0,-90.90362149277117,-16960.733708385455,-1.0,-1.0,False,True
2023-12-07,-14.084356093731524,111.36438378774284,111.36438378774284,-125.44873988147437,-17101.41669650199,-1.0,-1.0,False,True
2023-12-08,527.9843524394811,0.4786310984593836,0.0,527.5057213410217,-17141.620728086433,-1.0,-1.0,False,True
2023-12-11,309.0193460340585,0.13929910345754848,0.0,308.88004693060094,-17249.158754267064,-1.0,-1.0,False,True
2023-12-12,458.21931609057725,0.3828318474151063,0.0,457.83648424316215,-17315.171477705302,-1.0,-1.0,False,True
2023-12-13,217.58847680463438,0.2380054363970635,0.0,217.35047136823732,-17441.403138767815,-1.0,-1.0,False,True
2023-12-14,76.86374011531908,0.45715101787469825,0.0,76.40658909744438,-17583.934153459293,-1.0,-1.0,False,True
2023-12-15,-583.8245180252467,0.49946082808701764,0.0,-584.3239788533336,-17602.26149790243,-1.0,-1.0,False,True
2023-12-18,-19.47732224421225,0.06415208946622078,0.0,-19.54147433367847,-17748.19917286044,-1.0,-1.0,False,True
2023-12-19,-298.15187423878626,0.5023241931574199,0.0,-298.65419843194366,-17861.62276076118,-1.0,-1.0,False,True
2023-12-20,-1092.7085162438507,0.3677668039499235,0.0,-1093.0762830478006,-17569.197547531196,-1.0,-1.0,False,True
2023-12-21,412.1278380403523,0.9705591577212365,0.0,411.15727888263103,-17654.18265976496,-1.0,-1.0,False,True
2023-12-22,459.8980434877728,0.2896474743955264,0.0,459.6083960133773,-17721.39511432337,-1.0,-1.0,False,True
2023-12-26,505.8912103378786,0.2358323665896644,0.0,505.65537797128894,-17772.476492246085,-1.0,-1.0,False,True
2023-12-27,743.4922551267159,0.18708118901912166,0.0,743.3051739376968,-17714.33968479355,-1.0,-1.0,False,True
2023-12-28,12.44651228241603,0.21307031629271142,0.0,12.23344196612332,-17861.29144658224,-1.0,-1.0,False,True
2023-12-29,-85.50797919889298,0.5359882281705685,0.0,-86.04396742706355,-18006.709809873515,-1.0,-1.0,False,True
2024-01-02,-64.06634941554782,0.5284996822117963,0.0,-64.59484909775962,-18154.55531270543,-1.0,-1.0,False,True
2024-01-03,-763.7298701768121,0.515458276028466,0.0,-764.2453284528406,-18081.471559112353,-1.0,-1.0,False,True
2024-01-04,46.80759786604798,119.01259770963341,119.01259770963341,-72.20499984358543,-18230.695802827886,-1.0,-1.0,False,True
2024-01-05,586.6785256776129,0.506543459051991,0.0,586.171982218561,-18248.39356513551,-1.0,-1.0,False,True
2024-01-08,373.9623715970944,0.0613333819035252,0.0,373.90103821519085,-18345.931223140964,-1.0,-1.0,False,True
2024-01-09,443.8638350427541,0.34645354491316077,0.0,443.5173814978409,-18421.31089620199,-1.0,-1.0,False,True
2024-01-10,166.3130473706079,0.2701978810842031,0.0,166.0428494895237,-18563.319157380847,-1.0,-1.0,False,True
2024-01-11,58.622690766849814,0.5106526280445407,0.0,58.112038138805275,-18716.002669396108,-1.0,-1.0,False,True
2024-01-12,-276.7786952851781,0.5409742331871469,0.0,-277.3196695183653,-18840.5399232865,-1.0,-1.0,False,True
2024-01-15,,,0.0,,-18840.5399232865,-1.0,-1.0,False,True
2024-01-16,,0.0,0.0,,-18840.5399232865,-1.0,-1.0,False,True
2024-01-17,-667.6326265217544,0.0,0.0,-667.6326265217544,0.0,0.0,-1.0,False,True
2024-01-18,625.2378137661373,64.35597026523011,0.0,560.8818435009072,0.0,0.0,-1.0,False,True
2024-01-19,-0.0,0.0,0.0,-0.0,0.0,0.0,0.0,False,True
2024-01-22,-0.0,0.0,0.0,-0.0,0.0,0.0,0.0,False,True
2024-01-23,-0.0,0.0,0.0,-0.0,-18910.60282889678,-1.0,0.0,False,True
2024-01-24,0.0,69.03892256596096,0.0,-69.03892256596096,-18981.07737084035,-1.0,0.0,False,True
2024-01-25,-253.38968457868003,0.25388688921124036,0.0,-253.64357146789126,-19112.654339114866,-1.0,-1.0,False,True
2024-01-26,145.16566156201878,0.4776635492671358,0.0,144.68799801275165,-19262.627268294185,-1.0,-1.0,False,True
2024-01-29,-180.73848074857432,0.5393460451651914,0.0,-181.2778267937395,-19408.966333283926,-1.0,-1.0,False,True
2024-01-30,348.6001889362749,0.5359773228368835,0.0,348.06421161343803,-19519.531818764,-1.0,-1.0,False,True
2024-01-31,-1221.4434286738147,0.3809783259390056,0.0,-1221.8244069997536,-19086.00829384591,-1.0,-1.0,False,True
2024-02-01,230.71460609397425,127.20991241545254,127.20991241545254,103.50469367852172,-19223.86729890819,-1.0,-1.0,False,True
2024-02-02,5.8902509313430915,0.4544022902171838,0.0,5.435848641125908,-19383.389875447978,-1.0,-1.0,False,True
2024-02-05,677.6603316417393,0.5450209359526508,0.0,677.1153107057867,-19355.403643253412,-1.0,-1.0,False,True
2024-02-06,456.91892615919727,0.0979254444637389,0.0,456.82100071473354,-19431.270853677044,-1.0,-1.0,False,True
2024-02-07,3.567986852882899,0.2655127002827858,0.0,3.302474152600113,-19592.523699438927,-1.0,-1.0,False,True
2024-02-08,147.68408068875965,0.5686590571188272,0.0,147.11542163164083,-19745.927379340737,-1.0,-1.0,False,True
2024-02-09,-219.34545345003534,0.5349895270639163,0.0,-219.88044297709925,-19889.395884392376,-1.0,-1.0,False,True
2024-02-12,-346.5329298854759,0.4917116430976539,0.0,-347.0246415285735,-20003.34140215162,-1.0,-1.0,False,True
2024-02-13,-1411.7595190186892,0.3646444404651438,0.0,-1412.1241634591543,0.0,0.0,-1.0,False,True
2024-02-14,1093.1715909760412,67.71455301727063,0.0,1025.4570379587706,0.0,0.0,-1.0,False,True
2024-02-15,-0.0,0.0,0.0,-0.0,0.0,0.0,0.0,False,True
2024-02-16,-0.0,0.0,0.0,-0.0,0.0,0.0,0.0,False,True
2024-02-19,,,0.0,,0.0,0.0,0.0,False,True
2024-02-20,,0.0,0.0,,0.0,0.0,0.0,False,True
2024-02-21,-0.0,0.0,0.0,-0.0,0.0,0.0,0.0,False,True
2024-02-22,-0.0,0.0,0.0,-0.0,0.0,0.0,0.0,False,True
2024-02-23,-0.0,0.0,0.0,-0.0,0.0,0.0,0.0,False,True
2024-02-26,-0.0,0.0,0.0,-0.0,0.0,0.0,0.0,False,True
2024-02-27,-0.0,0.0,0.0,-0.0,0.0,0.0,0.0,False,True
2024-02-28,0.0,0.0,0.0,0.0,0.0,0.0,0.0,False,True
2024-02-29,-0.0,0.0,0.0,-0.0,0.0,0.0,0.0,False,True
2024-03-01,0.0,0.0,0.0,0.0,-20199.06922127494,-1.0,0.0,False,True
2024-03-04,-0.0,73.7864884915815,0.0,-73.7864884915815,-20366.399866158325,-1.0,0.0,False,True
2024-03-05,-969.3744917342784,0.5832616166954614,0.0,-969.9577533509739,0.0,0.0,-1.0,False,True
2024-03-06,-120.09568580534243,70.57465622295342,0.0,-190.67034202829586,0.0,0.0,-1.0,False,True
2024-03-07,-0.0,0.0,0.0,-0.0,0.0,0.0,0.0,False,True
2024-03-08,0.0,0.0,0.0,0.0,0.0,0.0,0.0,False,True
2024-03-11,-0.0,0.0,0.0,-0.0,0.0,0.0,0.0,False,True
2024-03-12,-0.0,0.0,0.0,-0.0,0.0,0.0,0.0,False,True
2024-03-13,-0.0,0.0,0.0,-0.0,0.0,0.0,0.0,False,True
2024-03-14,0.0,0.0,0.0,0.0,0.0,0.0,0.0,False,True
2024-03-15,0.0,0.0,0.0,0.0,0.0,0.0,0.0,False,True
2024-03-18,-0.0,0.0,0.0,-0.0,0.0,0.0,0.0,False,True
2024-03-19,-0.0,0.0,0.0,-0.0,0.0,0.0,0.0,False,True
2024-03-20,-0.0,0.0,0.0,-0.0,-21005.4286600881,-1.0,0.0,False,True
2024-03-21,-0.0,74.46569540970728,0.0,-74.46569540970728,-21169.00772002927,-1.0,0.0,False,True
2024-03-22,-35.88883271453145,0.5789099687865108,0.0,-36.467742683317965,-21344.100807301285,-1.0,-1.0,False,True
2024-03-25,118.26016300567532,0.6231395245089297,0.0,117.6370234811664,-21514.810522538315,-1.0,-1.0,False,True
2024-03-26,80.33403449572705,0.6098347940512728,0.0,79.72419970167579,-21690.373144295623,-1.0,-1.0,False,True
2024-03-27,420.2093855848009,0.6396644674118653,0.0,419.569721117389,-21788.416043043555,-1.0,-1.0,False,True
2024-03-28,-466.61881498523616,0.3496975064432762,0.0,-466.9685124916794,-21868.569827920637,-1.0,-1.0,False,True
2024-04-01,-202.43679259406127,0.2832591934293048,0.0,-202.72005178749058,-22030.963657107543,-1.0,-1.0,False,True
2024-04-02,-750.0535527304612,0.5548603793320422,0.0,-750.6084131097932,0.0,0.0,-1.0,False,True
2024-04-03,80.78235427217533,75.55149602041952,0.0,5.230858251755805,0.0,0.0,-1.0,False,True
2024-04-04,0.0,0.0,0.0,0.0,0.0,0.0,0.0,False,True
2024-04-05,0.0,0.0,0.0,0.0,0.0,0.0,0.0,False,True
2024-04-08,-0.0,0.0,0.0,-0.0,0.0,0.0,0.0,False,True
2024-04-09,-0.0,0.0,0.0,-0.0,0.0,0.0,0.0,False,True
2024-04-10,0.0,0.0,0.0,0.0,0.0,0.0,0.0,False,True
2024-04-11,-0.0,0.0,0.0,-0.0,0.0,0.0,0.0,False,True
2024-04-12,0.0,0.0,0.0,0.0,0.0,0.0,0.0,False,True
2024-04-15,0.0,0.0,0.0,0.0,0.0,0.0,0.0,False,True
2024-04-16,-0.0,0.0,0.0,-0.0,0.0,0.0,0.0,False,True
2024-04-17,-0.0,0.0,0.0,-0.0,0.0,0.0,0.0,False,True
2024-04-18,0.0,0.0,0.0,0.0,0.0,0.0,0.0,False,True
2024-04-19,0.0,0.0,0.0,0.0,0.0,0.0,0.0,False,True
2024-04-22,-0.0,0.0,0.0,-0.0,0.0,0.0,0.0,False,True
2024-04-23,-0.0,0.0,0.0,-0.0,0.0,0.0,0.0,False,True
2024-04-24,-0.0,0.0,0.0,-0.0,0.0,0.0,0.0,False,True
2024-04-25,0.0,0.0,0.0,0.0,0.0,0.0,0.0,False,True
2024-04-26,-0.0,0.0,0.0,-0.0,0.0,0.0,0.0,False,True
2024-04-29,-0.0,0.0,0.0,-0.0,0.0,0.0,0.0,False,True
2024-04-30,0.0,0.0,0.0,0.0,0.0,0.0,0.0,False,True
2024-05-01,0.0,0.0,0.0,0.0,0.0,0.0,0.0,False,True
2024-05-02,-0.0,0.0,0.0,-0.0,0.0,0.0,0.0,False,True
2024-05-03,-0.0,0.0,0.0,-0.0,-20259.20677212567,-1.0,0.0,False,True
2024-05-06,-0.0,73.12737067616833,0.0,-73.12737067616833,-20300.67307702082,-1.0,0.0,False,True
2024-05-07,144.11442806425325,0.15074859199111396,0.0,143.96367947226213,-20460.187998796177,-1.0,-1.0,False,True
2024-05-08,267.99140683915493,0.5876660346330327,0.0,267.4037408045219,-20598.452262366733,-1.0,-1.0,False,True
2024-05-09,147.07708895563388,144.41491694985206,144.41491694985206,2.6621720057818266,-20759.840547339158,-1.0,-1.0,False,True
2024-05-10,271.9902144191045,0.5752442608642614,0.0,271.41497015824024,-20899.17159656607,-1.0,-1.0,False,True
2024-05-13,-213.1065455219402,0.49157835020268625,0.0,-213.59812387214288,0.0,0.0,-1.0,False,True
2024-05-14,384.14156699204426,75.11571868659391,0.0,309.0258483054504,0.0,0.0,-1.0,False,True
2024-05-15,-0.0,0.0,0.0,-0.0,0.0,0.0,0.0,False,True
2024-05-16,-0.0,0.0,0.0,-0.0,0.0,0.0,0.0,False,True
2024-05-17,-0.0,0.0,0.0,-0.0,-21443.029148363952,-1.0,0.0,False,True
2024-05-20,-0.0,80.79305723775391,0.0,-80.79305723775391,-21620.80666550623,-1.0,0.0,False,True
2024-05-21,336.41440808852144,0.6805065281574509,0.0,335.733901560364,-21747.751078812013,-1.0,-1.0,False,True
2024-05-22,-446.02289998377734,0.47610309493091324,0.0,-446.49900307870826,-21836.12927894991,-1.0,-1.0,False,True
2024-05-23,-304.29567770484056,0.32688727398526357,0.0,-304.62256497882584,-21974.30989432871,-1.0,-1.0,False,True
2024-05-24,675.9128360607706,0.5274187126253876,0.0,675.3854173481452,-21944.489343233454,-1.0,-1.0,False,True
2024-05-27,,,0.0,,-21944.489343233454,-1.0,-1.0,False,True
2024-05-28,,0.0,0.0,,-21944.489343233454,-1.0,-1.0,False,True
2024-05-29,-981.3434428277562,0.0,0.0,-981.3434428277562,0.0,0.0,-1.0,False,True
2024-05-30,71.31492275790332,78.68682685273107,0.0,-7.371904094827755,0.0,0.0,-1.0,False,True
2024-05-31,-0.0,0.0,0.0,-0.0,-21781.97653938521,-1.0,0.0,False,True
2024-06-03,-0.0,81.76118194188246,0.0,-81.76118194188246,-21941.457537799382,-1.0,0.0,False,True
2024-06-04,-100.5064285334359,0.595880958606519,0.0,-101.10230949204241,-22118.786885868787,-1.0,-1.0,False,True
2024-06-05,582.2688399926367,156.87046022209674,156.87046022209674,425.3983797705399,-22142.714122390968,-1.0,-1.0,False,True
2024-06-06,120.00870158159226,0.08565437584337994,0.0,119.92304720574889,-22319.710189919468,-1.0,-1.0,False,True
2024-06-07,144.30309276841749,0.6377642486104135,0.0,143.66532851980708,-22494.946669014018,-1.0,-1.0,False,True
2024-06-10,-19.301734865290463,0.6308784063500196,0.0,-19.932613271640484,-22681.44967588836,-1.0,-1.0,False,True
2024-06-11,-14.221806049743076,0.6710154166387102,0.0,-14.892821466381786,-22869.58194682959,-1.0,-1.0,False,True
2024-06-12,440.7473249525007,0.6902910920006791,0.0,440.05703386050004,-22964.329222354663,-1.0,-1.0,False,True
2024-06-13,3.9295658320578766,0.34770451552491366,0.0,3.581861316532963,-23154.900265540782,-1.0,-1.0,False,True
2024-06-14,-736.8488986657757,0.6776170760048702,0.0,-737.5265157417805,-23081.040395112133,-1.0,-1.0,False,True
2024-06-17,151.17016907789719,0.26435079644034604,0.0,150.90581828145685,-23261.498118077616,-1.0,-1.0,False,True
2024-06-18,37.39569232899767,0.646921769012596,0.0,36.748770559985076,-23453.84333077081,-1.0,-1.0,False,True
2024-06-19,,,0.0,,-23453.84333077081,-1.0,-1.0,False,True
2024-06-20,,0.0,0.0,,-23453.84333077081,-1.0,-1.0,False,True
2024-06-21,511.85824212372984,0.0,0.0,511.85824212372984,-23519.43504544297,-1.0,-1.0,False,True
2024-06-24,79.71754472170868,0.2334962440662184,0.0,79.48404847764246,-23711.438561712046,-1.0,-1.0,False,True
2024-06-25,522.2838139315322,0.6990253753491633,0.0,521.5847885561831,-23770.22060719316,-1.0,-1.0,False,True
2024-06-26,284.15995491658884,0.21660302343975624,0.0,283.9433518931491,-23926.748286452956,-1.0,-1.0,False,True
2024-06-27,255.67646677423642,0.5830524367901369,0.0,255.0934143374463,-24091.827416824664,-1.0,-1.0,False,True
2024-06-28,-459.27698274199054,0.6033249730118146,0.0,-459.88030771500235,-24183.398734376584,-1.0,-1.0,False,True
