date,fx_net,bond_net,leg_net,stitched
2007-02-28,0.0,178.89508002718225,89.44754001359112,False
2007-03-01,-299.99999999999994,-360.0947939883924,-330.04739699419616,False
2007-03-02,-1706.4956328058183,-697.4793760886879,-1201.987504447253,False
2007-03-05,-1882.9234146793979,-161.967449113797,-1022.4454318965975,False
2007-03-06,1191.584144988211,376.0794925917748,783.8318187899929,False
2007-03-07,-298.210914491763,-452.0968674608128,-375.1538909762879,False
2007-03-08,1035.717320227021,93.8765055652987,564.7969128961598,False
2007-03-09,1688.7060825264396,1387.7151496529543,1538.210616089697,False
2007-03-12,-146.50872916621927,-567.7079310969289,-357.10833013157406,False
2007-03-13,-1489.5850326925943,-905.370371715984,-1197.477702204289,False
2007-03-14,611.6122658769666,480.1187730397459,545.8655194583563,False
2007-03-15,978.3982575284249,153.6609114438223,566.0295844861236,False
2007-03-16,-245.8796465734718,49.02568588845116,-98.42698034251032,False
2007-03-19,1113.3151957584548,316.91593974838986,715.1155677534223,False
2007-03-20,921.7779095481617,-185.9327594807543,367.9225750337037,False
2007-03-21,770.9701379878322,-178.36546750995743,296.3023352389374,False
2007-03-22,400.072695674554,945.5475581678799,672.8101269212169,False
2007-03-23,120.52951674988202,392.00043650023935,256.2649766250607,False
2007-03-26,400.11480856173506,-161.85026631887732,119.13227112142887,False
2007-03-27,-424.6172071051032,162.0206579690853,-131.29827456800894,False
2007-03-28,-938.5581125444097,170.80466569662985,-383.8767234238899,False
2007-03-29,1141.9030787282582,280.25008355796547,711.0765811431118,False
2007-03-30,52.31599673217503,290.55373923485314,171.4348679835141,False
2007-04-02,1096.0647309428653,-347.3220072987474,374.37136182205893,False
2007-04-03,606.5470668693431,31.23230685996084,318.889686864652,False
2007-04-04,231.84124506025063,-182.41944154156496,24.710901759342832,False
2007-04-05,76.50171145108378,81.02443024107339,78.76307084607859,False
2007-04-09,227.4010128284446,162.18442861194515,194.7927207201949,False
2007-04-10,786.2983509510699,-63.14245054519925,361.5779502029353,False
2007-04-11,420.8287986427081,162.49787690404207,291.6633377733751,False
2007-04-12,250.62501149683143,-154.57831963714506,48.02334592984319,False
2007-04-13,371.6861633561586,-6.839260436539066,182.42345145980977,False
2007-04-16,502.2485621257415,397.66735578412636,449.95795895493393,False
2007-04-17,9.932341562865982,-194.92954135901564,-92.49859989807483,False
2007-04-18,-194.72426689365565,111.97962969786765,-41.372318597894,False
2007-04-19,-576.327758863377,-156.0501240256281,-366.1889414445025,False
2007-04-20,815.5558340929753,-70.72253041472565,372.4166518391248,False
2007-04-23,-473.5653663436447,9.78906607527713,-231.8881501341838,False
2007-04-24,-1043.2210249654877,44.372026712819014,-499.42449912633435,False
2007-04-25,965.5068152172485,-260.1383408069158,352.68423720516637,False
2007-04-26,-250.36080100050478,-231.91521970161475,-241.13801035105976,False
2007-04-27,443.1315898341648,-19.108990976389954,212.0112994288874,False
2007-04-30,284.4645186066341,318.61537279682136,301.53994570172773,False
2007-05-01,277.8105402916207,73.07160932919821,175.44107481040948,False
2007-05-02,-398.48555481071287,178.31412572866734,-110.08571454102277,False
2007-05-03,261.0547339574846,-25.88149708070492,117.58661843838983,False
2007-05-04,-437.4324757446022,-47.74872690448886,-242.59060132454553,False
2007-05-07,472.7504756823685,132.8613573492714,302.80591651581994,False
2007-05-08,483.816645070304,-234.6826391514982,124.5670029594029,False
2007-05-09,176.87478441383618,211.6988152164492,194.28679981514267,False
2007-05-10,-335.76708804110064,-229.72535475852987,-282.7462213998152,False
2007-05-11,241.4456238364907,27.107747646383313,134.276685741437,False
2007-05-14,408.0007146958068,6.987740706006273,207.49422770090652,False
2007-05-15,99.12668237485182,-7.318350398665096,45.90416598809337,False
2007-05-16,-440.8007949881983,49.58336970154845,-195.6087126433249,False
2007-05-17,651.3266185860249,81.86544925879937,366.5960339224121,False
2007-05-18,-52.72213129364254,-140.12405759656363,-96.42309444510309,False
2007-05-21,242.88066841828598,67.0691663360582,154.9749173771721,False
2007-05-22,31.23304465240071,-5.920158956021525,12.656442848189593,False
2007-05-23,702.9235347539923,74.44759698614703,388.68556587006964,False
2007-05-24,-778.0316085814167,-154.49485825970712,-466.2632334205619,False
2007-05-25,411.08038858147836,-29.01878599500129,191.03080129323854,False
2007-05-29,-291.94324154743816,394.3725164479673,51.214637450264576,False
2007-05-30,323.9221216815704,39.88568847008314,181.90390507582677,False
2007-05-31,794.3619891476845,-121.26554788801121,336.5482206298367,False
2007-06-01,1075.1553651870652,95.72518139796142,585.4402732925133,False
2007-06-04,7.885715092482999,551.3939914839655,279.63985328822423,False
2007-06-05,-215.14572200152557,-965.115456718521,-590.1305893600234,False
2007-06-06,131.1218348051845,3.7986375900624916,67.4602361976235,False
2007-06-07,30.303147861139596,-2821.071777922188,-1395.3843150305242,False
2007-06-08,1048.7933589668592,166.51987282197135,607.6566158944153,False
2007-06-11,303.5569419076636,-615.419386292513,-155.93122219242468,False
2007-06-12,-17.222847176496217,-2150.53024257965,-1083.876544878073,False
2007-06-13,562.971713429653,1359.0031447131369,960.9874290713949,False
2007-06-14,-280.88161936489087,-189.87901987774256,-235.38031962131672,False
2007-06-15,824.1295311469087,1119.701319421586,971.9154252842474,False
2007-06-18,478.7445494447423,-255.7599028249347,111.4923233099038,False
2007-06-19,250.4672656265393,1380.3726735288396,815.4199695776895,False
2007-06-20,3.5759990003246456,-1108.2146151786835,-552.3193080891795,False
2007-06-21,293.1239441535463,-575.3952605338358,-141.13565819014474,False
2007-06-22,-215.42032869824817,896.4210321400403,340.5003517208961,False
2007-06-25,-320.3904191208811,851.2882335024515,265.4489071907852,False
2007-06-26,-167.3360185561861,24.596249507650437,-71.36988452426783,False
2007-06-27,-1217.823181600675,29.246305242362677,-594.2884381791562,False
2007-06-28,1538.6578290310679,-132.69433563599992,702.9817466975339,False
2007-06-29,-128.52140950773548,1503.8827498125097,687.6806701523872,False
2007-07-02,431.25073452848545,572.7505510636393,502.0006427960624,False
2007-07-03,-381.45659188686454,-729.0512431373014,-555.253917512083,False
2007-07-05,630.5301959664348,-1335.0291017802012,-352.2494529068832,False
2007-07-06,538.4930234505883,-537.980119918988,0.25645176580019324,False
2007-07-09,283.43913655797024,606.1893925113937,444.814264534682,False
2007-07-10,-1254.3187279660779,1779.7616224920907,262.72144726300644,False
2007-07-11,473.5789790673956,-1041.1036970719802,-283.76235900229227,False
2007-07-12,407.07125041812054,-555.9998635625985,-74.464306572239,False
2007-07-13,102.57444967255402,396.9108915084328,249.74267059049342,False
2007-07-16,358.3267040655716,1009.2969842745734,683.8118441700725,False
2007-07-17,606.8402186069555,-390.26754611618827,108.28633624538364,False
2007-07-18,173.2905615438333,613.4057288311425,393.3481451874879,False
2007-07-19,437.87282246871706,-51.71102777449155,193.08089734711277,False
2007-07-20,-751.9784039196219,1084.80464936582,166.4131227230991,False
2007-07-23,731.46510776166,-163.93665066645409,283.76422854760295,False
2007-07-24,-794.0567900054177,509.43270559951054,-142.3120422029536,False
2007-07-25,758.8369875024052,249.2055492357973,504.0212683691013,False
2007-07-26,-3014.7067322947837,1386.601986455865,-814.0523729194593,False
2007-07-27,-2150.8510008337353,371.83037733642476,-889.5103117486552,False
2007-07-30,9.191442391103905,-486.1458036574625,-238.4771806331793,False
2007-07-31,-401.0010210835806,884.2645407681176,241.6317598422685,False
2007-08-01,515.2523063372852,-645.6691895131914,-65.20844158795313,False
2007-08-02,663.469197148875,129.3652828548905,396.41724000188276,False
2007-08-03,-1347.641916264193,-554.0191718091544,-950.8305440366737,False
2007-08-06,826.008320411993,19.78140865370707,422.8948645328501,False
2007-08-07,-306.88464526149824,-53.87377762561382,-180.37921144355602,False
2007-08-08,1288.4376292983845,79.45164840842952,683.944638853407,False
2007-08-09,-2006.0121203277529,-944.548108992333,-1475.280114660043,False
2007-08-10,-290.1535596877436,46.602751766421015,-121.7754039606613,False
2007-08-13,-193.38082377712072,2.59786450945385,-95.39147963383344,False
2007-08-14,-1166.943748539965,-425.69053126213663,-796.3171399010508,False
2007-08-15,-1786.5802853156943,-725.8190147433153,-1256.1996500295047,False
2007-08-16,-4597.738515303062,333.64679732747356,-2132.045858987794,False
2007-08-17,583.376839504898,-559.4301599183316,11.97333979328323,False
2007-08-20,1573.1094971907328,-359.6678006619279,606.7208482644024,False
2007-08-21,-986.5184421254881,-331.64884431337526,-659.0836432194317,False
2007-08-22,913.8396835513417,464.5477496277679,689.1937165895548,False
2007-08-23,2294.8537405713882,295.7146450662896,1295.2841928188388,False
2007-08-24,710.2516735283453,451.5870671564935,580.9193703424194,False
2007-08-27,115.97589814596196,18.31636137774921,67.14612976185559,False
2007-08-28,-2568.988834797272,-818.877363826368,-1693.93309931182,False
2007-08-29,1947.8474653864853,461.40723195781464,1204.62734867215,False
2007-08-30,-747.5210047794905,-271.1528850132033,-509.33694489634684,False
2007-08-31,593.6825306694441,40.703669752078866,317.1931002107615,False
2007-09-04,820.1278037328321,247.49044270263565,533.8091232177339,False
2007-09-05,-613.6770884042089,1083.0567020910767,234.68980684343387,False
2007-09-06,405.8613652235345,-386.84513770468317,9.508113759425669,False
2007-09-07,-1172.2283822811223,1901.194716059735,364.4831668893063,False
2007-09-10,-5.922387618135146,668.2619806461156,331.1697965139902,False
2007-09-11,922.0873506696952,-276.4272464059399,322.83005213187766,False
2007-09-12,321.7498576371406,-488.48704596902854,-83.36859416594396,False
2007-09-13,392.36047307108004,-1142.939349704953,-375.28943831693647,False
2007-09-14,-33.42872486754314,200.37076212385315,83.47101862815501,False
2007-09-17,-800.7204514728526,325.4208285481738,-237.6498114623394,False
2007-09-18,1594.1264051121027,-571.6093132415401,511.2585459352813,False
2007-09-19,89.89566014950768,-924.7830697583311,-417.4437048044117,False
2007-09-20,-445.9544976534682,-2278.1634202655746,-1362.0589589595213,False
2007-09-21,662.5368934902633,997.1785805369868,829.8577370136251,False
2007-09-24,-39.42324909224425,284.89493484002946,122.73584287389261,False
2007-09-25,39.541080278369044,-213.0779146299475,-86.76841717578922,False
2007-09-26,564.2467118618438,74.01025583565776,319.12848384875076,False
2007-09-27,296.06999765810326,720.9276954590595,508.49884655858136,False
2007-09-28,254.6275903965437,153.66255580936865,204.1450731029562,False
2007-10-01,758.654001221022,433.606098406015,596.1300498135186,False
2007-10-02,-275.35174304423407,343.1963906551823,33.92232380547412,False
2007-10-03,122.30543861436422,-233.01642825286987,-55.355494819252826,False
2007-10-04,218.05875702142302,346.52892408765894,282.29384055454096,False
2007-10-05,653.6129891965162,-1370.8647743515385,-358.62589257751114,False
2007-10-08,85.35684549129653,265.0350508928229,175.1959481920597,False
2007-10-09,246.9143749581274,-359.6955094718708,-56.390567256871705,False
2007-10-10,39.919856619015796,100.27344192523903,70.09664927212741,False
2007-10-11,4.100179962013814,-59.04160144694307,-27.47071074246463,False
2007-10-12,399.8854996009036,-574.0856450280315,-87.10007271356397,False
2007-10-15,-407.35139711035936,81.63642572817967,-162.85748569108983,False
2007-10-16,-698.6532961984452,248.96626198413762,-224.8435171071538,False
2007-10-17,-98.70717603330453,1109.0495877356097,505.1712058511526,False
2007-10-18,-129.2831452117592,618.1342149942473,244.425534891244,False
2007-10-19,-678.2994032065117,1536.936259980849,429.31842838716864,False
2007-10-22,-489.2420277035281,-177.92071519208542,-333.58137144780676,False
2007-10-23,1093.9314530555368,-106.38095601975921,493.7752485178888,False
2007-10-24,-122.60066808963208,829.9907381739175,353.6950350421427,False
2007-10-25,225.66100745982237,-268.3153939496882,-21.327193244932914,False
2007-10-26,584.2788048610972,-357.99336896631604,113.1427179473906,False
2007-10-29,340.17902973506483,262.3126721693672,301.245850952216,False
2007-10-30,-58.1239856818474,50.43214502098387,-3.845920330431767,False
2007-10-31,679.9293722947862,-1090.8042901995168,-205.43745895236532,False
2007-11-01,-1046.774115454415,1399.0695272151563,176.1477058803706,False
2007-11-02,679.590146453908,394.8481384701323,537.2191424620202,False
2007-11-05,-516.7398286651437,-140.57298714556256,-328.65640790535315,False
2007-11-06,249.36301343455418,-428.42854458310603,-89.53276557427593,False
2007-11-07,-847.0378267414482,401.0815252198442,-222.97815076080198,False
2007-11-08,123.80171541427111,87.474931533408,105.63832347383956,False
2007-11-09,-2364.6911537294213,966.748623429338,-698.9712651500417,False
2007-11-12,-2037.4405083306742,334.44184206898734,-851.4993331308434,False
2007-11-13,1611.0916714890368,-660.0696363541481,475.51101756744436,False
2007-11-14,22.006917620656047,107.12603254051612,64.56647508058609,False
2007-11-15,-1056.1909854614912,982.9281854425128,-36.6314000094892,False
2007-11-16,378.6206899504167,62.697012704557274,220.65885132748699,False
2007-11-19,-762.7521146507115,965.3032255168811,101.27555543308478,False
2007-11-20,510.6767536265702,-302.03956511383177,104.31859425636921,False
2007-11-21,-1971.3714455768684,987.79535136524,-491.7880471058142,False
2007-11-23,97.95214368590418,-112.2100814018059,-7.128968857950859,False
2007-11-26,-700.6951985206941,2245.5383630360334,772.4215822576696,False
2007-11-27,1532.4823930387931,-1337.3710938389277,97.55564959993274,False
2007-11-28,1565.8265729856946,-685.4147737396625,440.2058996230161,False
2007-11-29,-623.7424625359313,943.8672862832298,160.06241187364924,False
2007-11-30,901.8588138990249,-152.52326207481806,374.6677759121034,False
2007-12-03,-474.2178084742003,751.8576233623052,138.81990744405243,False
2007-12-04,-748.3532501839213,52.23644244651395,-348.0584038687037,False
2007-12-05,87.46532964181657,-889.3544724023384,-400.9445713802609,False
2007-12-06,507.3816093874375,-842.1497770685099,-167.38408384053622,False
2007-12-07,136.9009909852347,-1052.858245114541,-457.97862706465315,False
2007-12-10,523.6233276348885,-483.71625390033296,19.953536867277762,False
2007-12-11,-875.6849633086359,1994.8022464843732,559.5586415878686,False
2007-12-12,1117.9219434278884,-1150.1438734685544,-16.11096502033297,False
2007-12-13,-97.66101358904817,-1105.155232241738,-601.4081229153932,False
2007-12-14,-407.4740252454328,-457.86989204120584,-432.67195864331933,False
2007-12-17,-540.6509006719226,881.2316796334571,170.29038948076726,False
2007-12-18,420.44308013178136,460.58567476992255,440.51437745085195,False
2007-12-19,-304.05919876832843,1250.2787083546273,473.1097547931494,False
2007-12-20,-283.2393892686046,-237.2400044107382,-260.2396968396714,False
2007-12-21,710.2469024775849,-1283.4343570401052,-286.59372728126016,False
2007-12-24,211.14941863541952,-462.36766558640437,-125.60912347549242,False
2007-12-26,90.50416160164119,-806.0568956250434,-357.7763670117011,False
2007-12-27,-80.67333088141413,1036.4102425556302,477.86845583710806,False
2007-12-28,-704.7824773711886,1369.9700416007363,332.59378211477383,False
2007-12-31,-283.9651867689975,636.4330716103557,176.23394242067909,False
2008-01-02,-721.1086969530253,1233.6661458095455,256.2787244282601,False
2008-01-03,-428.2157299751509,67.46934003165212,-180.3731949717494,False
2008-01-04,-795.1496322546135,170.4826624022738,-312.33348492616983,False
2008-01-07,455.8681359497517,290.13055722520653,372.9993465874791,False
2008-01-08,364.9658725646499,82.91143620657466,223.93865438561227,False
2008-01-09,396.6335148737955,-33.54963776861839,181.54193855258856,False
2008-01-10,282.8154858224849,-748.7916646094776,-232.98808939349635,False
2008-01-11,-402.4612938004639,731.2078147963002,164.37326049791815,False
2008-01-14,-131.89578870919,174.86977286908098,21.486992079945495,False
2008-01-15,-1078.3811572537056,884.4497600062422,-96.96569862373173,False
2008-01-16,109.83634965383972,-433.6635330663193,-161.9135917062398,False
2008-01-17,-255.37307997206855,1058.0670383825825,401.34697920525696,False
2008-01-18,-143.50836931150985,-388.3337379300059,-265.9210536207579,False
2008-01-22,-426.5785713388181,1165.9957115887603,369.70857012497106,False
2008-01-23,10.414830496035107,-403.79173760099485,-196.68845355247987,False
2008-01-24,542.5676792655358,-1434.2128591418539,-445.822589938159,False
2008-01-25,215.1513227252926,1300.5201766191929,757.8357496722427,False
2008-01-28,283.3436389770238,-401.7507493270916,-59.20355517503393,False
2008-01-29,152.3119502413733,-550.9552607721022,-199.32165526536443,False
2008-01-30,-81.39706029559161,-307.20777889611895,-194.30241959585527,False
2008-01-31,54.638051645560765,625.4113798893127,340.0247157674367,False
2008-02-01,195.02177491583683,453.6705461847647,324.34616055030074,False
2008-02-04,406.4405453907549,-760.2563331251296,-176.90789386718734,False
2008-02-05,-449.3257630223383,738.7628228859905,144.7185299318261,False
2008-02-06,-294.03439930449235,-237.61981222681717,-265.8271057656548,False
2008-02-07,212.8203955831087,-1558.8586197609632,-673.0191120889273,False
2008-02-08,-8.078419334494196,975.3563649540116,483.6389728097587,False
2008-02-11,273.69017502207436,297.4734064088116,285.581790715443,False
2008-02-12,367.98937812138837,-372.685023252331,-2.3478225654713185,False
2008-02-13,228.27775995825453,-687.7597915147536,-229.74101577824953,False
2008-02-14,89.0679048064267,-927.5727407155646,-419.25241795456895,False
2008-02-15,81.10785190399321,428.84241332135946,254.97513261267633,False
2008-02-19,478.1066392529448,-857.3989956015738,-189.6461781743145,False
2008-02-20,187.36543638338281,206.03274913674232,196.69909276006257,False
2008-02-21,-247.4716303439466,1061.4040296902217,406.96619967313757,False
2008-02-22,156.3978438167464,-407.3412505115042,-125.4717033473789,False
2008-02-25,501.0552425783019,-825.4399004467203,-162.19232893420923,False
2008-02-26,-171.38002690159584,165.04759221256208,-3.1662173445168804,False
2008-02-27,-243.25803421438744,179.2125416901178,-32.02274626213482,False
2008-02-28,-200.75796894163634,1430.9132113421895,615.0776212002766,False
2008-02-29,-1717.4749164826767,1269.8805361309392,-223.79719017586876,False
2008-03-03,125.55471637854428,-270.79825938592404,-72.62177150368987,False
2008-03-04,-610.2205695661911,-571.7771691766604,-590.9988693714258,False
2008-03-05,495.8932082543583,-685.4132189040815,-94.76000532486162,False
2008-03-06,-1059.5330767356465,656.2559606525342,-201.63855804155617,False
2008-03-07,533.7094868296801,242.99174885768514,388.35061784368264,False
2008-03-10,-1338.4151148639976,942.7816098721432,-197.81675249592718,False
2008-03-11,1584.0797929259725,-942.038346264689,321.0207233306417,False
2008-03-12,-512.2514680167242,1358.6028473739086,423.1756896785922,False
2008-03-13,263.6982213797872,-590.08284667307,-163.1923126466414,False
2008-03-14,-1571.991943486394,1042.8532770562974,-264.56933321504823,False
2008-03-17,-2485.9561327685738,564.4750420181584,-960.7405453752076,False
2008-03-18,2009.719022034049,-538.7644330324574,735.4772945007958,False
2008-03-19,-1102.7611442195753,1094.52592298606,-4.117610616757588,False
2008-03-20,-500.3008829040566,213.25404332463694,-143.52341978970983,False
2008-03-24,1433.6793030652998,-1721.9591071198686,-144.1399020272844,False
2008-03-25,312.11613621061827,352.04298439477617,332.07956030269725,False
2008-03-26,-574.8863725416603,-108.44545127556603,-341.66591190861317,False
2008-03-27,132.93445601136128,-331.78402929209875,-99.42478664036874,False
2008-03-28,-386.8278897897081,574.7763382453874,93.97422422783964,False
2008-03-31,-102.21482418643568,225.81040896901507,61.7977923912897,False
2008-04-01,1045.0952617100543,-1099.087019827375,-26.995879058660307,False
2008-04-02,421.7147481275951,-105.815829950722,157.94945908843656,False
2008-04-03,145.84624307046502,73.66430482142343,109.75527394594423,False
2008-04-04,-66.30276477480012,717.7556623317871,325.7264487784935,False
2008-04-07,701.839961883549,-535.4374325310165,83.20126467626625,False
2008-04-08,-69.89124921753036,-117.81337572797611,-93.85231247275323,False
2008-04-09,-453.5834530552754,672.9938882595253,109.70521760212495,False
2008-04-10,212.38416318754474,-329.4151296489321,-58.51548323069369,False
2008-04-11,-548.3925668149691,458.65219009491665,-44.87018836002622,False
2008-04-14,-86.21183528761406,-339.0923168432666,-212.65207606544033,False
2008-04-15,134.78626324866565,-671.3123618172567,-268.26304928429556,False
2008-04-16,581.1200919355866,-699.9701864539092,-59.42504725916126,False
2008-04-17,634.3947394284265,-186.74756707831133,223.82358617505759,False
2008-04-18,592.4809673680087,-86.4156969849514,253.03263519152864,False
2008-04-21,-110.85256381297475,140.42784037719065,14.787638282107949,False
2008-04-22,110.34007183357413,157.2122505819634,133.77616120776875,False
2008-04-23,466.8805748639445,-171.02407427332494,147.9282502953098,False
2008-04-24,276.0167803501357,-712.1313518066931,-218.0572857282787,False
2008-04-25,-267.21106726105137,-276.983501716784,-272.0972844889177,False
2008-04-28,264.7143493966442,197.85166758916486,231.28300849290451,False
2008-04-29,-565.9672125965405,223.59509984166561,-171.18605637743747,False
2008-04-30,642.7189653403715,410.4490792114572,526.5840222759143,False
2008-05-01,-31.97143430003946,-10.863051074721751,-21.417242687380604,False
2008-05-02,692.4202613322867,-942.6584169805376,-125.11907782412544,False
2008-05-05,97.6963731937758,81.2760889128639,89.48623105331984,False
2008-05-06,-204.88657319497932,-456.2997251922649,-330.5931491936221,False
2008-05-07,-583.1681531728032,385.4908071333535,-98.83867301972484,False
2008-05-08,-0.4223904580031319,703.5426145860514,351.5601120640241,False
2008-05-09,-942.4308819992018,198.27351951977874,-372.0786812397115,False
2008-05-12,700.0360302239844,-158.45252172875624,270.7917542476141,False
2008-05-13,5.319661570550155,-894.0893441140246,-444.38484127173723,False
2008-05-14,-138.79068608577438,-8.054732464146568,-73.42270927496048,False
2008-05-15,117.9055849515266,655.4946113986085,386.7000981750676,False
2008-05-16,510.2909086146666,-256.3306158046872,126.98014640498968,False
2008-05-19,-351.93561827278523,174.77352257220792,-88.58104785028866,False
2008-05-20,157.9365400405156,365.93031828176856,261.9334291611421,False
2008-05-21,-322.3568854937659,-133.32637265567556,-227.84162907472074,False
2008-05-22,425.87684927526976,-822.636973942747,-198.3800623337386,False
2008-05-23,-69.59832467753134,414.43105200028054,172.4163636613746,False
2008-05-27,525.3336348880706,-537.8002471728108,-6.233306142370111,False
2008-05-28,369.11114314385065,-769.6026190869649,-200.2457379715571,False
2008-05-29,111.38448301282159,-544.4915306577763,-216.55352382247733,False
2008-05-30,75.1682660799091,433.1884737466235,254.1783699132663,False
2008-06-02,-552.1227819539191,480.2050390468676,-35.958871453525745,False
2008-06-03,205.85299617921993,597.5995520609241,401.72627412007205,False
2008-06-04,268.4059464420401,-577.1295037700899,-154.36177866402488,False
2008-06-05,489.02191763110113,-559.5675105404619,-35.27279645468036,False
2008-06-06,-466.20526409240983,1034.3272930369183,284.0610144722542,False
2008-06-09,148.49091353209232,-438.9092993327922,-145.20919290034993,False
2008-06-10,375.6394905523912,-623.0263168303289,-123.69341313896888,False
2008-06-11,-62.67936168135048,-34.543906428460055,-48.61163405490527,False
2008-06-12,-403.64966842416607,-930.3230027042163,-666.9863355641912,False
2008-06-13,605.042864047084,-230.32948604185063,187.3566890026167,False
2008-06-16,111.09136248294863,10.260852625933408,60.67610755444102,False
2008-06-17,-80.73226465762538,278.9115277487131,99.08963154554388,False
2008-06-18,4.193546883695035,657.4662066699211,330.8298767768081,False
2008-06-19,700.3804188996701,-587.5905282558342,56.39494532191793,False
2008-06-20,-353.09473552841075,506.0284339175769,76.46684919458306,False
2008-06-23,201.62791053784125,50.453276246568265,126.04059339220476,False
2008-06-24,124.76870846666748,580.1986388257358,352.4836736462016,False
2008-06-25,150.44414389829166,5.503983027087355,77.9740634626895,False
2008-06-26,-686.3609818496437,602.2510062912462,-42.05498777919877,False
2008-06-27,-32.92553439487726,756.1962420791074,361.6353538421151,False
2008-06-30,87.53771756442438,44.71398934584618,66.12585345513529,False
2008-07-01,-262.22612845257106,-264.94803177890043,-263.5870801157357,False
2008-07-02,165.02065023105135,362.9657524766511,263.99320135385125,False
2008-07-03,366.48820293367925,-75.03466896078403,145.72676698644761,False
2008-07-07,-80.2424121418781,475.68081498029784,197.71920141920987,False
2008-07-08,200.0211074390926,421.5880735574824,310.8045904982875,False
2008-07-09,-185.54045374766665,474.1473730613845,144.30345965685893,False
2008-07-10,348.32235686098943,11.730707275816432,180.02653206840293,False
2008-07-11,-167.55914426706664,-1180.6314423607882,-674.0952933139274,False
2008-07-14,181.9266493204981,695.5880343924615,438.7573418564798,False
2008-07-15,-323.55179217232575,206.5590865737961,-58.49635279926483,False
2008-07-16,-37.33297365737273,-1327.9465557356884,-682.6397646965306,False
2008-07-17,807.9219915503229,-515.9471952335194,145.98739815840173,False
2008-07-18,140.08261697842454,-373.65842584000774,-116.7879044307916,False
2008-07-21,162.80721868201158,300.1551076190287,231.48116315052013,False
2008-07-22,224.9065471980118,-424.8066932620871,-99.95007303203765,False
2008-07-23,103.54147514905706,-187.73977737495665,-42.09915111294979,False
2008-07-24,-663.4470164626194,938.988516558426,137.77075004790328,False
2008-07-25,327.85484241352873,-784.4973164185889,-228.32123700253007,False
2008-07-28,-141.41974668045296,773.8910304937231,316.23564190663507,False
2008-07-29,103.56192578108987,-351.9329383305742,-124.18550627474215,False
2008-07-30,-368.75650328817085,157.05698456950051,-105.84975935933517,False
2008-07-31,-180.20856089168026,906.1177116533934,362.95457538085657,False
2008-08-01,-806.509755647576,118.90303269535757,-343.8033614761092,False
2008-08-04,116.41798159950731,-144.04172090233075,-13.811869651411719,False
2008-08-05,-745.2121099246816,-636.8178524617366,-691.0149811932091,False
2008-08-06,471.70101920193815,-155.2470658949002,158.226976653519,False
2008-08-07,-344.94956546668624,1263.791197406113,459.42081596971343,False
2008-08-08,-537.6173114663113,81.74706463505903,-227.93512341562615,False
2008-08-11,-511.59770159672104,-711.111037658878,-611.3543696277995,False
2008-08-12,-1236.1931143490244,819.500982400651,-208.34606597418673,False
2008-08-13,-304.46078613441534,-285.4371956254652,-294.9489908799403,False
2008-08-14,-174.05532677142497,455.9886282056479,140.96665071711146,False
2008-08-15,14.40149791264359,591.7366975099411,303.06909771129233,False
2008-08-18,-30.055588240614824,316.3240013808008,143.13420657009297,False
2008-08-19,19.783676669862807,-258.26413322059966,-119.24022827536842,False
2008-08-20,275.7265784237,294.6127622580713,285.16967034088566,False
2008-08-21,-390.09888077255954,-214.05487757396287,-302.0768791732612,False
2008-08-22,-183.292532838996,-213.63047595404902,-198.4615043965225,False
2008-08-25,-699.5505759246419,829.1776267728407,64.8135254240994,False
2008-08-26,-570.1767647167495,51.81239585448894,-259.1821844311303,False
2008-08-27,63.430309461013216,157.37343495268215,110.40187220684768,False
2008-08-28,299.42147408171684,-90.87825424269786,104.27160991950949,False
2008-08-29,-600.4834579302376,-269.0308251141535,-434.7571415221955,False
2008-09-02,-2103.5386883004626,722.235387625782,-690.6516503373402,False
2008-09-03,-691.1490394186904,348.54520297015756,-171.30191822426644,False
2008-09-04,-1612.6985637156859,688.7036584944682,-461.99745261060883,False
2008-09-05,-708.5994255918114,-177.6338412140907,-443.11663340295104,False
2008-09-08,1071.5710838108587,188.4439006512043,630.0074922310315,False
2008-09-09,-1788.0620911810418,741.8020721727678,-523.130009504137,False
2008-09-10,448.8930545841708,-451.6058913644131,-1.3564183901211493,False
2008-09-11,-154.74891465050604,-147.3542536948241,-151.05158417266506,False
2008-09-12,2689.3642500651795,-913.856041140991,887.7541044620942,False
2008-09-15,-3244.939106881345,2730.619579271842,-257.1597638047515,False
2008-09-16,-38.927437605960634,-203.2772282833021,-121.10233294463137,False
2008-09-17,-851.9935534808355,828.2203302391863,-11.886611620824624,False
2008-09-18,939.112209400218,-1441.6576951356944,-251.2727428677382,False
2008-09-19,3879.942574123276,-2614.321507353073,632.8105333851015,False
2008-09-22,-804.0399617449858,-152.1039702816472,-478.0719660133165,False
2008-09-23,-482.46016333009214,-172.83326160449613,-327.64671246729415,False
2008-09-24,354.26913837808434,367.0990382013094,360.6840882896969,False
2008-09-25,78.38582485570056,-295.8639532416255,-108.73906419296247,False
2008-09-26,-512.3170998409435,273.99827530626146,-119.159412267341,False
2008-09-29,-4189.32575810493,2229.3242116817096,-980.0007732116103,False
2008-09-30,943.8888511988853,-1974.5707514190858,-515.3409501101003,False
2008-10-01,-449.55965153695536,1017.5419679051989,283.9911581841218,False
2008-10-02,-934.5275140831883,549.9182354960719,-192.30463929355818,False
2008-10-03,69.6140302415903,479.1372079813236,274.37561911145696,False
2008-10-06,-3761.4734749610875,1004.9582546045933,-1378.257610178247,False
2008-10-07,-693.0050129016528,-138.9376473436624,-415.9713301226576,False
2008-10-08,-2349.629401914008,-1132.7446571539956,-1741.1870295340018,False
2008-10-09,641.1197999113423,-798.674726418055,-78.77746325335636,False
2008-10-10,-1585.8863454932352,-842.4467239524022,-1214.1665347228186,False
2008-10-13,3551.95914606509,-769.852680961857,1391.0532325516165,False
2008-10-14,184.5139282621146,-454.23889498458317,-134.8624833612343,False
2008-10-15,-2453.8857929741635,736.0385509154897,-858.9236210293368,False
2008-10-16,1751.9774052024416,-153.52520829875795,799.2260984518418,False
2008-10-17,-202.7145561820629,110.21641372882763,-46.24907122661763,False
2008-10-20,1088.581469383278,305.82488694668746,697.2031781649828,False
2008-10-21,-2531.7752481709927,722.4116497996612,-904.6817991856658,False
2008-10-22,-1646.0402654402183,1047.3497301093805,-299.3452676654189,False
2008-10-23,-340.3074500970877,304.8022591288993,-17.7525954840942,False
2008-10-24,-3347.8400992816464,-564.2692986056167,-1956.0546989436316,False
2008-10-27,-1986.3520529782518,-8.308918985828724,-997.3304859820403,False
2008-10-28,4137.23130618727,-890.809762288495,1623.2107719493874,False
2008-10-29,1569.48991604847,-84.74279722563597,742.373559411417,False
2008-10-30,1066.2437051000072,-693.4736105806921,186.38504725965754,False
2008-10-31,-1065.4021147106648,-522.4349773190343,-793.9185460148495,False
2008-11-03,667.012744871645,168.8159052078154,417.9143250397302,False
2008-11-04,500.00845144208705,1217.490222714182,858.7493370781345,False
2008-11-05,-650.0512267629805,651.8048319419407,0.8768025894801212,False
2008-11-06,-531.2511487038893,-387.8989819261844,-459.5750653150368,False
2008-11-07,399.45932114796955,-395.4594346485722,1.9999432496986742,False
2008-11-10,-309.03338328871456,207.71988426501466,-50.65674951184995,False
2008-11-11,-371.21156884173877,286.12431645839445,-42.54362619167216,False
2008-11-12,-1310.0006965242826,523.9712295205078,-393.0147335018874,False
2008-11-13,1305.4761025435685,-1140.8501298897877,82.31298632689038,False
2008-11-14,-446.7679597149462,1144.5754872390396,348.9037637620467,False
2008-11-17,-45.880897221749,359.4055782547016,156.76234051647629,False
2008-11-18,16.574681847405966,812.0462300456796,414.3104559465428,False
2008-11-19,-297.9130842392264,1375.5566968761846,538.821806318479,False
2008-11-20,-1011.6469887295037,2691.5059979906896,839.9295046305929,False
2008-11-21,973.5413133323349,-936.2628036001727,18.639254866081103,False
2008-11-24,671.4325695333905,-984.4360477359461,-156.5017391012778,False
2008-11-25,16.237546709721006,1827.4310183113776,921.8342825105493,False
2008-11-26,-21.55316441101472,357.62321400840096,168.03502479869312,False
2008-11-28,163.72318969551287,498.9957428524981,331.3594662740055,False
2008-12-01,-1413.9073737731442,1916.3383228496266,251.2154745382412,False
2008-12-02,278.25497927809397,330.4927953725576,304.37388732532577,False
2008-12-03,25.214636535997816,139.64665527478886,82.43064590539333,False
2008-12-04,-598.0958632009572,764.233906092547,83.06902144579493,False
2008-12-05,565.9304430741369,-873.1321965709769,-153.60087674842003,False
2008-12-08,484.3718669278733,-223.19613724477915,130.5878648415471,False
2008-12-09,-590.1481876425939,867.729082761824,138.79044755961502,False
2008-12-10,148.55188456277838,-101.03212286981977,23.759880846479305,False
2008-12-11,246.6921657640434,320.79581451051087,283.74399013727714,False
2008-12-12,-467.61394027854044,126.15372802009698,-170.73010612922172,False
2008-12-15,423.22181511976305,376.5519927832335,399.8869039514983,False
2008-12-16,57.18857710819446,1321.4302942926674,689.309435700431,False
2008-12-17,-819.1240375226379,970.7770600226113,75.82651124998671,False
2008-12-18,-479.93991501330794,818.2860888636236,169.17308692515783,False
2008-12-19,54.97371193252833,-123.07951077038301,-34.05289941892734,False
2008-12-22,24.206530903436967,-306.0278763527526,-140.91067272465784,False
2008-12-23,-46.90948713262745,-55.034053015073965,-50.971770073850706,False
2008-12-24,-259.9784831134609,-97.97221331091355,-178.97534821218724,False
2008-12-26,-99.5431013051946,322.1290656159489,111.29298215537715,False
2008-12-29,-311.00251827170194,70.02546885059013,-120.48852471055591,False
2008-12-30,-120.91602635509913,296.36601485753096,87.72499425121592,False
2008-12-31,688.0946556716395,-1010.1992363595256,-161.052290343943,False
2009-01-02,450.2986703206888,-1261.7510254981714,-405.7261775887413,False
2009-01-05,892.7833729412934,-688.3124287229925,102.23547210915041,False
2009-01-06,576.21810855633,-265.7538664654801,155.23212104542495,False
2009-01-07,-652.1585287582387,101.72337815725584,-275.21757530049143,False
2009-01-08,-216.71069620753877,104.38877956168388,-56.16095832292745,False
2009-01-09,-104.02216972857599,248.6275091917658,72.3026697315949,False
2009-01-12,-1089.840118736242,531.8485940236383,-278.99576235630184,False
2009-01-13,-723.7261181253662,57.34562051613961,-333.19024880461325,False
2009-01-14,-47.67822145641222,645.7385757177627,299.03017713067527,False
2009-01-15,565.2434175953651,1.178713050432195,283.21106532289866,False
2009-01-16,271.4756142984901,-787.452449146766,-257.98841742413794,False
2009-01-20,-1095.8486287057012,-74.98787208534172,-585.4182503955215,False
2009-01-21,650.8904482386057,-1154.1832877672905,-251.6464197643424,False
2009-01-22,-457.63530115114025,-757.7340314584441,-607.6846663047921,False
2009-01-23,-75.33239576118058,-175.1406912956907,-125.23654352843563,False
2009-01-26,-44.32220058651556,-320.7663767539023,-182.54428867020894,False
2009-01-27,381.4795599968185,855.797642795766,618.6386013962923,False
2009-01-28,427.3907941147515,-884.3825668733991,-228.49588637932382,False
2009-01-29,-347.19177252358315,-1141.5178417304837,-744.3548071270334,False
2009-01-30,-320.71907541551275,-94.63977839278887,-207.6794269041508,False
2009-02-02,-233.543754232449,809.7688867578702,288.1125662627106,False
2009-02-03,456.92545990220026,-943.372310287055,-243.22342519242738,False
2009-02-04,-125.40976825664461,-320.8996319128617,-223.15470008475316,False
2009-02-05,895.9070444371198,130.58515328723925,513.2460988621796,False
2009-02-06,915.5558885564661,-358.57593832715224,278.48997511465694,False
2009-02-09,148.12637295954525,-25.07469218283474,61.525840388355256,False
2009-02-10,-1415.796009068319,1122.6809616848743,-146.5575236917224,False
2009-02-11,169.0607986524579,656.818785700994,412.939792176726,False
2009-02-12,-4.565619671010166,-226.11388265901658,-115.33975116501337,False
2009-02-13,332.38697722293875,-970.3977737306174,-319.0053982538393,False
2009-02-17,-747.2786428026471,1496.4448012784992,374.58307923792603,False
2009-02-18,373.5442893352332,-537.7814245426125,-82.11856760368966,False
2009-02-19,292.65511436206805,-645.1501868875457,-176.24753626273883,False
2009-02-20,-303.59270241032914,352.21064933737114,24.308973463521,False
2009-02-23,248.17837219465966,251.045929396236,249.61215079544783,False
2009-02-24,612.8135252206456,-203.932183612898,204.4406708038738,False
2009-02-25,-4.198673098869103,-690.1099838953878,-347.15432849712846,False
2009-02-26,85.20355361423888,-357.41388925180377,-136.10516781878243,False
2009-02-27,-330.89030503120335,-169.87890967439185,-250.38460735279762,False
2009-03-02,-384.29253830336364,846.8385279383689,231.27299481750262,False
2009-03-03,515.5642249438002,-208.80504630563368,153.37958931908327,False
2009-03-04,466.6190829784363,-341.01872213008306,62.80018042417663,False
2009-03-05,-741.6499649916304,1168.1961920330375,213.27311352070353,False
2009-03-06,31.637513301749244,-371.0018812016708,-169.68218394996077,False
2009-03-09,-334.79126565357956,-110.86592651492278,-222.82859608425116,False
2009-03-10,508.64978480698153,-770.037422237149,-130.69381871508375,False
2009-03-11,88.39634639520283,575.1413279098862,331.7688371525445,False
2009-03-12,901.0976720296832,239.6270168776356,570.3623444536594,False
2009-03-13,240.55676303056606,-147.07155104846868,46.74260599104869,False
2009-03-16,51.01414578127471,-618.7404279654146,-283.86314109206995,False
2009-03-17,190.6043373616187,-211.20450197120843,-10.30008230479487,False
2009-03-18,-112.35127067988356,2448.9493759219704,1168.2990526210433,False
2009-03-19,-125.23481739796806,-131.7598818739281,-128.49734963594807,False
2009-03-20,198.82429693400428,-123.96547640280974,37.42941026559727,False
2009-03-23,765.5668077288211,-352.93614104885387,206.31533333998362,False
2009-03-24,-212.61095658749144,143.46198821790279,-34.57448418479433,False
2009-03-25,-80.86078153700619,-582.1225544856776,-331.4916680113419,False
2009-03-26,401.23070849326746,380.2442118239779,390.73746015862264,False
2009-03-27,-362.716237197835,135.61261248257523,-113.5518123576299,False
2009-03-30,-466.2556072304026,284.9889678307519,-90.63331969982534,False
2009-03-31,702.6156350755318,241.31420078840546,471.96491793196867,False
2009-04-01,202.0325924080859,315.4689522663283,258.7507723372071,False
2009-04-02,779.5511994525247,-561.728293005554,108.91145322348535,False
2009-04-03,55.085591112004096,-963.5887245878862,-454.25156673794106,False
2009-04-06,116.8531982073037,-198.3290541669851,-40.73792797984069,False
2009-04-07,-162.07047091407946,167.24917466713157,2.5893518765260524,False
2009-04-08,-83.67678698539349,416.22844455843006,166.27582878651828,False
2009-04-09,546.631617952789,-540.8526665434862,2.8894757046514314,False
2009-04-13,62.04969262847604,464.9443537792657,263.49702320387087,False
2009-04-14,-269.97289111729935,341.4095644971144,35.71833668990752,False
2009-04-15,313.66940203928044,0.6189413298059327,157.14417168454318,False
2009-04-16,-268.2641031297063,-352.2714845956204,-310.2677938626633,False
2009-04-17,306.5778132598958,-599.8250520137672,-146.6236193769357,False
2009-04-20,-1220.8178469133968,646.8745537436541,-286.97164658487134,False
2009-04-21,809.7125626441002,-393.6187822332888,208.0468902054057,False
2009-04-22,-528.8836902036696,-243.48655074519377,-386.1851204744317,False
2009-04-23,198.63956880278812,-11.56920262475413,93.535183089017,False
2009-04-24,-178.83959401883956,-398.29338509241757,-288.56648955562855,False
2009-04-27,-172.92797473250334,275.94963342123623,51.51082934436644,False
2009-04-28,-408.2599802594905,-583.3530724490541,-495.8065263542723,False
2009-04-29,802.8698068356757,-436.23127460419835,183.31926611573869,False
2009-04-30,286.365664972753,-164.4557095195895,60.954977726581745,False
2009-05-01,137.310494167941,-299.26361188482156,-80.97655885844028,False
2009-05-04,138.8835502895223,126.72342605301334,132.80348817126782,False
2009-05-05,441.3360336045399,-40.98650811463527,200.17476274495232,False
2009-05-06,84.30276825814778,-38.76177532145213,22.770496468347826,False
2009-05-07,226.50691051371126,-998.5517502408085,-386.02241986354863,False
2009-05-08,-119.18038720467425,115.780885630045,-1.6997507873146205,False
2009-05-11,-258.3465708137712,794.0007331056712,267.82708114595,False
2009-05-12,241.33524426544278,59.38449845758873,150.35987136151576,False
2009-05-13,-596.3098316892737,485.4510314531815,-55.42940011804609,False
2009-05-14,407.8304508689703,100.99867519421836,254.41456303159433,False
2009-05-15,13.48446838894068,-123.24970186814944,-54.88261673960438,False
2009-05-18,582.0283407882198,-660.8498010566359,-39.41073013420805,False
2009-05-19,323.0676639363715,-196.93787203142756,63.06489595247197,False
2009-05-20,-198.9243030512206,407.009700280525,104.04269861465221,False
2009-05-21,-62.150398499509095,-1138.1719877139933,-600.1611931067512,False
2009-05-22,-74.77783635446532,-550.9515202004853,-312.8646782774753,False
2009-05-26,40.9471651473459,-686.9671795659028,-323.01000720927846,False
2009-05-27,-169.20268677120865,-970.9499235610124,-570.0763051661105,False
2009-05-28,214.14860588359062,603.9925722763984,409.07058907999453,False
2009-05-29,-42.3941491017312,1169.604766653028,563.6053087756484,False
2009-06-01,952.8388071662217,-1500.7407961661731,-273.9509944999757,False
2009-06-02,142.9888516116626,291.3013376086135,217.14509461013805,False
2009-06-03,-615.373458269955,521.9022486969903,-46.73560478648233,False
2009-06-04,-159.2286560472841,-1060.2152740398478,-609.721965043566,False
2009-06-05,331.4318187512068,-663.8819420812015,-166.22506166499736,False
2009-06-08,-66.41539754113738,-306.84098743056984,-186.62819248585362,False
2009-06-09,314.5710507287494,204.20961739553715,259.39033406214327,False
2009-06-10,392.0035092510588,-670.7626277602419,-139.37955925459156,False
2009-06-11,599.3102884267614,597.5939969589135,598.4521426928375,False
2009-06-12,166.59787233312233,472.79187589530005,319.6948741142112,False
2009-06-15,-567.7833653994334,434.48183952521197,-66.6507629371107,False
2009-06-16,58.791338078149835,691.4667646385852,375.1290513583675,False
2009-06-17,-498.6487094330161,-265.49523206072695,-382.07197074687156,False
2009-06-18,570.6369578162146,-952.375726135998,-190.8693841598917,False
2009-06-19,295.72662324660246,555.2762145641283,425.50141890536537,False
2009-06-22,-520.6931560867195,494.7498876266204,-12.971634230049517,False
2009-06-23,-230.6364118609484,441.5566155098276,105.4601018244396,False
2009-06-24,1117.3731379263122,-426.37280957563445,345.5001641753389,False
2009-06-25,228.96672607221024,1047.1944560690433,638.0805910706267,False
2009-06-26,-81.8943027655791,104.44602137939778,11.27585930690934,False
2009-06-29,333.50370319245866,136.30641952965095,234.9050613610548,False
2009-06-30,-37.2495135499967,-168.40555895553518,-102.82753625276594,False
2009-07-01,-536.106499698404,-80.07070827123216,-308.0886039848181,False
2009-07-02,-287.5367657844696,214.38455908506913,-36.57610334970023,False
2009-07-06,-108.76276569213162,-16.550749092322175,-62.6567573922269,False
2009-07-07,-395.68460976321126,353.19129991384165,-21.246654924684805,False
2009-07-08,-914.990783546253,1002.3453393609303,43.677277907338635,False
2009-07-09,285.88256826380064,-572.9289485845427,-143.52319016037103,False
2009-07-10,-190.81095385901304,522.5515914466112,165.87031879379907,False
2009-07-13,-43.13622482133535,-308.7020063836957,-175.91911560251552,False
2009-07-14,414.31915459216907,-726.5422933979578,-156.11156940289436,False
2009-07-15,-7.990113777056711,-1249.5378238277287,-628.7639688023927,False
2009-07-16,125.42278113658558,550.8180918435005,338.12043649004306,False
2009-07-17,-177.28669403497216,-701.4041949243559,-439.345444479664,False
2009-07-20,606.9068815881265,303.3632345173375,455.135058052732,False
2009-07-21,-365.8165279398819,1023.0714711395899,328.627471599854,False
2009-07-22,-152.0103000295977,-502.5569449902985,-327.2836225099481,False
2009-07-23,164.44429391161935,-913.2922572807659,-374.4239816845733,False
2009-07-24,-214.5314227980191,219.49009947391662,2.479338337948761,False
2009-07-27,384.9997366683968,-505.6066630690552,-60.30346320032919,False
2009-07-28,297.31761438173385,314.1305716073758,305.72409299455484,False
2009-07-29,-80.82203516605492,167.30829949278024,43.24313216336266,False
2009-07-30,527.6134761078347,540.7055208141517,534.1594984609932,False
2009-07-31,59.79925275751764,958.8227565353245,509.31100464642105,False
2009-08-03,132.89935202718758,-878.4400511545032,-372.7703495636578,False
2009-08-04,385.97440723305857,-333.8722905535766,26.05105833974099,False
2009-08-05,-241.06752068259146,-639.3102146082638,-440.18886764542765,False
2009-08-06,-61.087875682257625,83.89339232295684,11.402758320349609,False
2009-08-07,579.1674333109348,-519.8949376819185,29.63624781450818,False
2009-08-10,-29.915826825911154,613.2530360900121,291.66860463205046,False
2009-08-11,-304.3206516569636,615.2403926580628,155.45987050054958,False
2009-08-12,-217.96239675914995,-396.28148514841143,-307.1219409537807,False
2009-08-13,321.29764552769996,720.6988024720308,520.9982239998653,False
2009-08-14,-511.2310995358926,242.422902781561,-134.4040983771658,False
2009-08-17,-463.7569566617712,689.7095419772571,112.97629265774296,False
2009-08-18,452.3232904731191,-310.33468654858376,70.99430196226766,False
2009-08-19,-499.48455161127634,381.8421131614429,-58.82121922491672,False
2009-08-20,-164.31872720390507,327.44904025943276,81.56515652776385,False
2009-08-21,-285.53623382065587,-991.2792416701608,-638.4077377454083,False
2009-08-24,184.33834703988623,741.1194986874342,462.7289228636602,False
2009-08-25,6.724668685641753,264.4292865480839,135.57697761686282,False
2009-08-26,-93.21085789916425,175.29886301735857,41.04400255909716,False
2009-08-27,24.318794269695097,-227.40692900439763,-101.54406736735126,False
2009-08-28,273.6707971351994,222.13072559921056,247.90076136720498,False
2009-08-31,203.29942649286994,162.92661617192286,183.11302133239639,False
2009-09-01,-825.7692398316232,61.01349488719983,-382.37787247221166,False
2009-09-02,453.432316549414,651.6053545901927,552.5188355698034,False
2009-09-03,508.9863378938895,-339.8630277914239,84.5616550512328,False
2009-09-04,360.74155548060725,-742.9582077799874,-191.1083261496901,False
2009-09-08,50.5954663900514,-298.36131181431756,-123.88292271213308,False
2009-09-09,-177.74009589760755,13.713069889549091,-82.01351300402922,False
2009-09-10,157.20743026573894,852.391195632201,504.79931294896994,False
2009-09-11,-245.05148262382133,290.3865519797711,22.6675346779749,False
2009-09-14,-180.07782179519398,-552.3839373139353,-366.2308795545647,False
2009-09-15,-268.0533370227504,-237.30302733410164,-252.67818217842603,False
2009-09-16,270.93272630552804,7.626209883959483,139.27946809474375,False
2009-09-17,-367.05205965206767,573.4798294799626,103.21388491394748,False
2009-09-18,-442.79206044529997,-499.3842914464901,-471.08817594589505,False
2009-09-21,117.41062571531282,26.299777347245662,71.85520153127923,False
2009-09-22,236.54272469712834,186.0655357446525,211.3041302208904,False
2009-09-23,75.9215006149299,187.88203056006193,131.9017655874959,False
2009-09-24,-293.77324062461514,212.09977628215623,-40.83673217122946,False
2009-09-25,-483.793019032847,531.7930983043066,24.00003963572979,False
2009-09-28,321.72223114899543,314.48889471594083,318.10556293246816,False
2009-09-29,293.88320379201343,-45.66661524072236,124.10829427564553,False
2009-09-30,281.9257672088868,14.203118590910345,148.06444289989855,False
2009-10-01,-399.13104468434045,728.560891782266,164.7149235489628,False
2009-10-02,-690.8708692609911,-219.5880714002052,-455.22947033059813,False
2009-10-05,515.4300930678393,-3.3682762673379103,256.03090840025067,False
2009-10-06,314.42819854005626,-460.80487086948426,-73.188336164714,False
2009-10-07,389.59657837105533,688.8154698194282,539.2060240952418,False
2009-10-08,716.2729363066696,-500.96111195979,107.65591217343982,False
2009-10-09,-213.08960314024858,-1185.542199763193,-699.3159014517207,False
2009-10-12,-338.74674767031354,209.04266805961947,-64.85203980534703,False
2009-10-13,-78.64016437307745,274.721015272512,98.04042544971726,False
2009-10-14,-85.91942998236684,-801.0349535430903,-443.4771917627286,False
2009-10-15,1253.9507485954312,-314.3816003996222,469.7845740979045,False
2009-10-16,143.36240264591362,487.2075523261752,315.2849774860444,False
2009-10-19,133.1566168233162,307.0664161532256,220.1115164882709,False
2009-10-20,325.84841228561504,280.40797294469945,303.1281926151572,False
2009-10-21,165.19365472573034,-297.1450660868032,-65.97570568053642,False
2009-10-22,151.16534958074436,-302.89869590354147,-75.86667316139855,False
2009-10-23,-114.92485262057322,-488.132681626665,-301.5287671236191,False
2009-10-26,297.54286271435734,-685.5199977949947,-193.98856754031866,False
2009-10-27,42.47031793722697,867.8713967388278,455.17085733802736,False
2009-10-28,-876.9574962415269,305.3045424013876,-285.82647692006964,False
2009-10-29,937.1767851088107,-576.6743135803441,180.2512357642333,False
2009-10-30,-720.6632276506633,827.2588918471446,53.29783209824063,False
2009-11-02,46.58289658242876,-273.8511251102068,-113.63411426388902,False
2009-11-03,-290.3803894051183,-423.1178020434748,-356.7490957242966,False
2009-11-04,227.54571583235003,-424.3407956553002,-98.39753991147509,False
2009-11-05,230.36838237301856,12.747628534926921,121.55800545397274,False
2009-11-06,834.2660303372277,201.11824338826838,517.692136862748,False
2009-11-09,57.29671458430851,59.45058327284398,58.373648928576245,False
2009-11-10,-309.83926609437333,-8.004862373902153,-158.92206423413774,False
2009-11-11,-251.50307515270043,286.84631152816644,17.671618187733003,False
2009-11-12,215.1155949300461,-33.52711073752774,90.79424209625917,False
2009-11-13,419.33924784552465,177.41082113174429,298.37503448863447,False
2009-11-16,-12.808375821471353,650.2002136648373,318.69591892168296,False
2009-11-17,-43.53600036286102,281.6169785207096,119.0404890789243,False
2009-11-18,-153.6284098141861,-314.7993207310369,-234.2138652726115,False
2009-11-19,-399.7836987900869,121.3139358680722,-139.23488146100732,False
2009-11-20,-28.46338620922491,-12.42932021694292,-20.446353213083917,False
2009-11-23,21.07125352763193,-118.8379665120853,-48.88335649222668,False
2009-11-24,-466.1330094653865,480.19918353053123,7.033087032572354,False
2009-11-25,-18.6143432239321,328.2947450635367,154.8402009198023,False
2009-11-27,-1267.775813817853,372.1108705765939,-447.8324716206296,False
2009-11-30,317.4461197075717,162.57626197395416,240.01119084076294,False
2009-12-01,326.92682070816653,-648.1215534723354,-160.59736638208446,False
2009-12-02,408.3089782634788,-107.56369822299776,150.37264002024054,False
2009-12-03,261.60524399083226,-647.1103486656779,-192.7525523374228,False
2009-12-04,106.35145924403133,-834.3484341137794,-363.99848743487405,False
2009-12-07,-499.5236774081938,222.24345314147612,-138.64011213335885,False
2009-12-08,-296.0725194094604,279.08191596782257,-8.49530172081893,False
2009-12-09,-41.36052187149641,-279.73455188306355,-160.54753687727998,False
2009-12-10,582.8298308015007,-599.307501254452,-8.2388352264756,False
2009-12-11,305.29290950608413,-327.6910863167283,-11.199088405322073,False
2009-12-14,281.3452062821996,39.08945528263549,160.21733078241755,False
2009-12-15,-398.26603220436783,-355.8356803425007,-377.0508562734343,False
2009-12-16,-518.8823898380914,-39.422883887778745,-279.1526368629351,False
2009-12-17,-845.632727715555,1120.9137348556508,137.64050357004788,False
2009-12-18,-126.7863021606396,-464.6954388594457,-295.74087051004267,False
2009-12-21,-788.3271167659973,-1256.1848043156615,-1022.2559605408294,False
2009-12-22,-481.9222498575294,-476.0762261360296,-478.99923799677947,False
2009-12-23,-581.9071536139944,-22.325899273983186,-302.1165264439888,False
2009-12-24,456.1068466946962,-575.2938016732038,-59.593477489253814,False
2009-12-28,-211.07362213531542,-268.522830015298,-239.7982260753067,False
2009-12-29,690.3276712936497,389.3228522817429,539.8252617876963,False
2009-12-30,597.1076028882267,333.71180980840825,465.40970634831746,False
2009-12-31,257.3414909398617,-473.2535301707828,-107.95601961546055,False
2010-01-04,515.3708389978008,131.8983273854574,323.6345831916291,False
2010-01-05,-308.39704724252454,518.0893053529846,104.84612905523005,False
2010-01-06,242.78179854027877,-735.2609283836688,-246.239564921695,False
2010-01-07,131.99437782027064,58.30108186301069,95.14772984164067,False
2010-01-08,-83.86887348856617,67.21165958925721,-8.328606949654478,False
2010-01-11,473.1705887880161,-145.49267193068644,163.83895842866485,False
2010-01-12,-719.4459017139612,1075.8076172664673,178.18085777625305,False
2010-01-13,219.70613289174847,-725.0533258218378,-252.67359646504468,False
2010-01-14,285.83137752784336,801.2858250161212,543.5586012719823,False
2010-01-15,-301.79603515656646,513.5423844148793,105.87317462915641,False
2010-01-19,534.465885126135,-218.34222692357952,158.06182910127777,False
2010-01-20,-459.1516783305019,582.6234816963198,61.735901682908946,False
2010-01-21,-787.2451174324374,403.79092640473624,-191.72709551385057,False
2010-01-22,145.45418530101497,-1.287588415304936,72.08329844285502,False
2010-01-25,500.8722806810049,-306.44548166954695,97.21339950572897,False
2010-01-26,-331.8361027597833,144.4343744614372,-93.70086414917304,False
2010-01-27,-109.68622896244777,-174.37948867281767,-142.03285881763273,False
2010-01-28,42.4263935679514,-41.42621304469377,0.5000902616288165,False
2010-01-29,-535.7557266514755,562.7970996020412,13.520686475282844,False
2010-02-01,171.3522682077752,-548.6122230308063,-188.62997741151554,False
2010-02-02,-590.1615857980922,223.67279200287754,-183.24439689760734,False
2010-02-03,-74.78267758475836,-766.110691789539,-420.4466846871487,False
2010-02-04,-1844.5054876731633,1170.371683383239,-337.0669021449621,False
2010-02-05,412.40717582204337,310.2984131690157,361.35279449552957,False
2010-02-08,-136.43812443334545,-16.578371217676892,-76.50824782551118,False
2010-02-09,981.2654207264103,-753.5553959763389,113.8550123750357,False
2010-02-10,-420.8871675121245,-547.2664905772087,-484.0768290446666,False
2010-02-11,1046.2455982848558,-285.7522177557158,380.24669026457,False
2010-02-12,-183.54782773400086,318.11402612554167,67.2830991957704,False
2010-02-16,975.6505725617382,228.57767446149953,602.1141235116188,False
2010-02-17,299.34503196702406,-798.6303777207842,-249.64267287688006,False
2010-02-18,-2.55454331896893,-404.13084138008725,-203.34269234952808,False
2010-02-19,-614.4480349846941,236.1647186787348,-189.14165815297966,False
2010-02-22,99.19486496630057,-207.15757483611534,-53.98135493490739,False
2010-02-23,-324.908186109728,1115.7387213463426,395.4152676183073,False
2010-02-24,167.7305259951611,128.10645328342073,147.9184896392909,False
2010-02-25,-521.1369505725024,468.19619721149235,-26.47037668050504,False
2010-02-26,50.40072323137469,298.6223890187821,174.51155612507839,False
2010-03-01,-109.68485742403467,57.079020884644216,-26.30291826969523,False
2010-03-02,-223.45309947985382,-8.095709913141818,-115.77440469649781,False
2010-03-03,-191.3897203604376,-168.66214837014292,-180.02593436529025,False
2010-03-04,-58.20234361891502,328.3501304433248,135.07389341220488,False
2010-03-05,877.6222460781687,-844.2595527688651,16.681346654651804,False
2010-03-08,-175.70619507057265,-393.4847962299232,-284.5954956502479,False
2010-03-09,343.6098259042338,199.04147284690706,271.32564937557044,False
2010-03-10,-75.6133628000241,-220.31501985498875,-147.96419132750643,False
2010-03-11,33.02154003275858,70.3050705664477,51.66330529960314,False
2010-03-12,-628.8927723013061,347.9671141141419,-140.4628290935821,False
2010-03-15,-251.09971597125764,-49.9134765786416,-150.50659627494963,False
2010-03-16,6.5165045068310645,586.9658803278551,296.7411924173431,False
2010-03-17,204.06232294824107,250.10458060252856,227.08345177538482,False
2010-03-18,-218.59069003324572,-320.9599879942042,-269.775339013725,False
2010-03-19,-625.3533708436494,-63.14724140005299,-344.25030612185117,False
2010-03-22,175.0935022789959,289.1952520708391,232.1443771749175,False
2010-03-23,-230.40656036316332,-332.94283929821836,-281.6746998306908,False
2010-03-24,153.03611931713053,-1426.1030879463124,-636.533484314591,False
2010-03-25,-177.60951444721195,-514.51861660082,-346.064065524016,False
2010-03-26,-360.51749550593223,280.94525122970623,-39.786122138113,False
2010-03-29,1038.9452272259268,-251.83312152679835,393.55605284956425,False
2010-03-30,309.51498424707745,192.7856047031149,251.1502944750962,False
2010-03-31,-635.3157026475288,431.20648533124825,-102.0546086581403,False
2010-04-01,393.0263813793887,-251.50841454936514,70.75898341501177,False
2010-04-05,90.44801848993369,-1402.8180604541196,-656.185020982093,False
2010-04-06,727.868522669448,303.2314534182872,515.5499880438676,False
2010-04-07,216.86090277094476,1020.9585888195663,618.9097457952555,False
2010-04-08,-76.4848499104395,-73.43625473435623,-74.96055232239786,False
2010-04-09,553.0860467991279,186.43557610243118,369.76081145077956,False
2010-04-12,-534.3514898346469,431.8176977642904,-51.26689603517826,False
2010-04-13,-575.0576509321947,285.1452344327527,-144.95620824972102,False
2010-04-14,618.4509066489278,-502.39481037545556,58.02804813673612,False
2010-04-15,225.3344148459101,181.31424300343707,203.32432892467358,False
2010-04-16,-422.2517249079391,784.4834661918869,181.1158706419739,False
2010-04-19,-32.317675739233756,-298.1202799507454,-165.21897784498958,False
2010-04-20,396.62907087315165,180.12861206760942,288.3788414703805,False
2010-04-21,-246.43143995819688,594.6452273255076,174.10689368365536,False
2010-04-22,346.15815552345856,-310.2585472100101,17.94980415672424,False
2010-04-23,-198.94054539762126,-369.54996133478966,-284.2452533662055,False
2010-04-26,241.76516129768333,98.67154199113162,170.21835164440748,False
2010-04-27,-372.99279872244364,1329.5956982501248,478.30144976384054,False
2010-04-28,571.7660670175646,-758.1821034652941,-93.20801822386471,False
2010-04-29,157.38590775747684,304.23070643098634,230.8083070942316,False
2010-04-30,11.29309421879817,960.9426180309213,486.1178561248597,False
2010-05-03,94.14049913751049,-267.4726607736523,-86.66608081807091,False
2010-05-04,-83.47233614115346,1277.3667789234376,596.9472213911421,False
2010-05-05,460.2921767554164,547.6376108687597,503.964893812088,False
2010-05-06,-2955.7337390719144,2142.4167494502376,-406.6584948108384,False
2010-05-07,-268.29822697965983,-730.9973534280647,-499.64779020386226,False
2010-05-10,1339.0229376006678,-1458.1764948378782,-59.5767786186052,False
2010-05-11,-721.6635455091772,-10.928103394719718,-366.2958244519485,False
2010-05-12,-698.3725893510377,-513.6625646669528,-606.0175770089952,False
2010-05-13,-138.39813282421753,488.3844949429236,174.99318105935305,False
2010-05-14,85.79537241815467,1227.5767106082897,656.6860415132221,False
2010-05-17,-876.2299270768735,-324.97980824133117,-600.6048676591024,False
2010-05-18,-580.1599627463166,1210.4867657960217,315.16340152485253,False
2010-05-19,-916.4955941191881,205.54623241938646,-355.47468084990084,False
2010-05-20,-1535.9550328495498,1639.5694857795572,51.80722646500374,False
2010-05-21,986.2943430390437,83.7749355348237,535.0346392869337,False
2010-05-24,145.100120702762,-143.12356932589176,0.9882756884351238,False
2010-05-25,-346.4013162641948,472.49029851742335,63.044491126614275,False
2010-05-26,-213.1297352182837,-278.2237490256545,-245.6767421219691,False
2010-05-27,2405.933780757925,-1689.6748474293888,358.1294666642681,False
2010-05-28,-256.4055781988563,547.1722339776735,145.3833278894086,False
2010-06-01,-847.8519895408991,383.9415614099017,-231.95521406549872,False
2010-06-02,184.52179424355364,-722.9095646361747,-269.1938851963105,False
2010-06-03,195.59191176962568,-343.15652040916046,-73.78230431976739,False
2010-06-04,-1451.6680719172487,1882.2486001930808,215.2902641379161,False
2010-06-07,-962.0313183399057,544.1626384949324,-208.93433992248669,False
2010-06-08,241.7184308534985,-385.7108053779176,-71.99618726220956,False
2010-06-09,-155.8921486916238,-29.979901110847294,-92.93602490123554,False
2010-06-10,1806.0961265368705,-1256.553696982218,274.77121477732624,False
2010-06-11,64.8069225603241,874.7203174509458,469.76362000563495,False
2010-06-14,926.0645235249892,-231.7602479895541,347.1521377677176,False
2010-06-15,-71.80073100585335,-359.17964406831015,-215.49018753708174,False
2010-06-16,-513.361866772585,388.5076759577404,-62.427095407422314,False
2010-06-17,-554.1815625891935,606.6570482750203,26.237742842913406,False
2010-06-18,-241.58479796405473,-199.3232550666916,-220.45402651537316,False
2010-06-21,750.8711780911365,-148.97113984459895,300.95001912326876,False
2010-06-22,-557.5840195285147,822.72271605845,132.5693482649677,False
2010-06-23,696.7088759863918,491.0415570638732,593.8752165251325,False
2010-06-24,-611.795887522034,-258.2342113372807,-435.0150494296574,False
2010-06-25,205.23573016060283,247.78033772063893,226.50803394062086,False
2010-06-28,-574.1145765990811,817.665795099066,121.77560924999244,False
2010-06-29,-1727.8777987730714,669.3006795488945,-529.2885596120884,False
2010-06-30,-861.5458044743175,327.51435904363063,-267.01572271534343,False
2010-07-01,-409.29452397020316,19.38296752162736,-194.9557782242879,True
2010-07-02,415.6831552178106,-388.23587515041044,13.723640033700093,True
2010-07-06,4.334103787202356,439.7944958655653,222.06429982638383,True
2010-07-07,530.77290334729,-606.336300301559,-37.78169847713451,True
2010-07-08,612.4924023077032,-379.0715845820462,116.71040886282847,True
2010-07-09,19.762734131078204,-372.200482061256,-176.2188739650889,True
2010-07-12,69.44423324444757,103.21926144758005,86.33174734601381,True
2010-07-13,235.104653970784,-627.7221610433453,-196.30875353628065,True
2010-07-14,305.7297879112194,678.2393887221036,491.98458831666153,True
2010-07-15,-64.16495902213731,687.8240004336155,311.8295207057391,True
2010-07-16,-534.6091141884825,561.0287041193423,13.209794965429865,True
2010-07-19,162.79089215789645,-384.958457004565,-111.08378242333427,True
2010-07-20,675.8517696143525,121.63196055655413,398.74186508545336,True
2010-07-21,-839.2916314211461,1002.5186658933985,81.6135172361262,True
2010-07-22,663.0845283982186,-764.8289791876399,-50.872225394710654,True
2010-07-23,1153.9984655959065,-576.2561741353915,288.8711457302575,True
2010-07-26,99.97767143778904,-78.73053469067959,10.623568373554725,True
2010-07-27,1101.3408085933993,-559.309977067213,271.01541576309313,True
2010-07-28,-870.7626328311305,405.6011487137423,-232.5807420586941,True
2010-07-29,-328.671398626687,134.50336874257718,-97.0840149420549,True
2010-07-30,121.27351452772339,920.5305918866487,520.9020532071861,True
2010-08-02,767.5389978328041,-682.1644907830884,42.68725352485785,True
2010-08-03,-100.04674607539597,537.8603573437065,218.90680563415526,True
2010-08-04,803.5969009031643,-563.5305121577424,120.03319437271097,True
2010-08-05,-558.0356953453781,507.62059580390314,-25.2075497707375,True
2010-08-06,9.801116093580319,847.1542370724972,428.4776765830387,True
2010-08-09,386.89402978837364,-141.60758366456432,122.64322306190466,True
2010-08-10,-480.38666196237176,439.01671690849753,-20.684972526937116,True
2010-08-11,-660.7074849277492,867.3455492967023,103.31903218447655,True
2010-08-12,-570.3678995092697,-270.20812067710517,-420.28801009318744,True
2010-08-13,39.17767663005351,737.4186860579642,388.29818134400887,True
2010-08-16,-447.18633482672453,1379.2441236664292,466.02889441985235,True
2010-08-17,423.32179150086324,-563.4298723626481,-70.05404043089243,True
2010-08-18,-401.3848049921049,17.24617362204708,-192.0693156850289,True
2010-08-19,-763.598808340714,857.0049482639954,46.70306996164072,True
2010-08-20,133.79206026742355,-274.7083726522658,-70.45815619242111,True
2010-08-23,64.64541433331775,101.96456206411784,83.3049881987178,True
2010-08-24,-1265.289871061688,1122.0677714199592,-71.61104982086442,True
2010-08-25,97.14233572186924,-440.8563695248387,-171.85701690148474,True
2010-08-26,18.81021377443905,651.4120695887252,335.1111416815821,True
2010-08-27,1125.6685318158154,-1801.2601675567425,-337.79581787046357,True
2010-08-30,-863.4367694221119,1209.3728770976124,172.9680538377503,True
2010-08-31,-942.3414681767164,701.0040664014223,-120.66870088764705,True
2010-09-01,1268.6393425668616,-1233.0685698974437,17.78538633470896,True
2010-09-02,0.5265504995981942,-605.7307833509137,-302.60211642565775,True
2010-09-03,590.0827229494325,-766.3694359229559,-88.14335648676166,True
2010-09-07,-1258.4267147809023,1160.7555268323101,-48.8355939742961,True
2010-09-08,457.72990938492296,-429.71611204406406,14.00689867042945,True
2010-09-09,409.22858251350516,-1136.548591614835,-363.6600045506649,True
2010-09-10,460.6642740961479,-335.27594455399543,62.69416477107623,True
2010-09-13,46.045361200422384,470.46308792735823,258.2542245638903,True
2010-09-14,-70.76057448262094,634.8913464610403,282.06538598920963,True
2010-09-15,1083.0749846994117,-689.4493034724737,196.812840613469,True
2010-09-16,674.6963237975581,-538.6585836316066,68.01887008297575,True
2010-09-17,-306.318412867863,276.7391530766736,-14.789629895594715,True
2010-09-20,293.80592996478896,385.60517076181276,339.70555036330086,True
2010-09-21,141.06312054240792,1055.102411010991,598.0827657766995,True
2010-09-22,-240.272025370373,376.9592538360997,68.34361423286336,True
2010-09-23,-464.1571389211434,183.28638232435551,-140.43537829839397,True
2010-09-24,838.5813338426437,-747.059928800052,45.760702521295855,True
2010-09-27,42.188296301066096,1054.5688596108007,548.3785779559335,True
2010-09-28,27.75550966420513,434.048270737338,230.90189020077156,True
2010-09-29,65.55413731412554,-290.7284978904318,-112.58718028815314,True
2010-09-30,92.85089385683337,-102.51163969895883,-4.830372921062732,True
2010-10-01,174.9956687019909,-112.98289089507841,31.00638890345624,True
2010-10-04,-520.4568791129617,312.4470108153641,-104.00493414879881,True
2010-10-05,140.14006618652934,-165.03058495439907,-12.445259383934868,True
2010-10-06,13.421654231273815,802.5684149026168,407.9950345669453,True
2010-10-07,342.7763246669985,-180.67041644362072,81.05295411168889,True
2010-10-08,-27.396572128949433,-103.84490389858978,-65.62073801376961,True
2010-10-11,-151.8813682288498,72.02123860085784,-39.930064813995976,True
2010-10-12,-357.1117051147342,-486.5449362643184,-421.8283206895263,True
2010-10-13,345.228997019985,-46.33468348955148,149.44715676521676,True
2010-10-14,120.58701108237858,-824.4268430223275,-351.91991596997445,True
2010-10-15,-116.9953130012176,-651.6459102867597,-384.3206116439886,True
2010-10-18,92.01749515442586,556.4186896227202,324.21809238857304,True
2010-10-19,-964.0227988101778,407.08383139052995,-278.469483709824,True
2010-10-20,816.1192810680323,23.540589705039014,419.8299353865356,True
2010-10-21,-133.9027920242348,-720.9051339868827,-427.40396300555875,True
2010-10-22,735.6063781018408,220.04092866181367,477.8236533818273,True
2010-10-25,-150.68635944681046,64.24705274135727,-43.219653352726596,True
2010-10-26,554.6589822180508,-902.9521660967738,-174.14659193936149,True
2010-10-27,-479.0146334307251,-647.6885320832835,-563.3515827570043,True
2010-10-28,144.33925931732264,469.2450827787356,306.7921710480291,True
2010-10-29,-68.63681608327366,575.3017935622806,253.3324887395035,True
2010-11-01,642.607262048741,-242.48890137764636,200.0591803355473,True
2010-11-02,363.3742680449843,651.1281580010789,507.2512130230316,True
2010-11-03,134.81397027172727,-416.45428429614475,-140.82015701220874,True
2010-11-04,-63.20607771227766,814.6664836321113,375.7302029599168,True
2010-11-05,78.40521299105376,-838.6709286564585,-380.13285783270237,True
2010-11-08,-131.99083396551154,162.77823565872785,15.393700846608155,True
2010-11-09,-390.20518047971814,-1292.0602634603015,-841.1327219700098,True
2010-11-10,459.96548450164323,306.6712672598474,383.3183758807453,True
2010-11-11,-371.26924074987016,-95.04472337263275,-233.15698206125145,True
2010-11-12,-392.2460045758028,-755.3021599940237,-573.7740822849132,True
2010-11-15,245.81826942085738,-1565.313984465768,-659.7478575224553,True
2010-11-16,-20.629641565307914,1308.3643503994865,643.8673544170892,True
2010-11-17,-30.567745652829075,-376.84951675415215,-203.7086312034906,True
2010-11-18,964.1693946306758,-38.264170768689254,462.95261193099327,True
2010-11-19,-196.17091335297434,339.1056956754378,71.46739116123173,True
2010-11-22,-141.44913826033417,510.56217097092156,184.5565163552937,True
2010-11-23,-975.7921648585185,300.1289740389585,-337.83159540978,True
2010-11-24,588.6230075653407,-1319.9078651397515,-365.6424287872054,True
2010-11-26,-588.7378052900889,743.908072627464,77.58513366868755,True
2010-11-29,-294.19096304048253,421.6894920756656,63.74926451759154,True
2010-11-30,-644.0554078905509,286.96772800259413,-178.54383994397838,True
2010-12-01,1044.8251678152712,-1631.9679135205834,-293.57137285265605,True
2010-12-02,178.81129208189944,-244.1896613605829,-32.68918463934173,True
2010-12-03,-196.78487583092917,-228.58315701280472,-212.68401642186694,True
2010-12-06,-6.733142680645318,837.9483162084401,415.6075867638974,True
2010-12-07,116.76213631561222,-1741.7792225747085,-812.5085431295481,True
2010-12-08,-146.0916203562574,-856.2072322535955,-501.14942630492646,True
2010-12-09,-11.1685883553763,288.48425754140976,138.65783459301673,True
2010-12-10,-67.40577805214694,-745.4045180344043,-406.40514804327563,True
2010-12-13,3.4745906276895377,325.03897024899976,164.25678043834466,True
2010-12-14,-102.3013592012633,-1136.5330444809053,-619.4172018410843,True
2010-12-15,-227.5567685026228,-662.3845527941731,-444.97066064839794,True
2010-12-16,-132.0341385177696,602.0919307386387,235.02889611043452,True
2010-12-17,109.89686962633259,1117.1115493388645,613.5042094825985,True
2010-12-20,-199.89030332477932,-39.56841940086393,-119.72936136282163,True
2010-12-21,-237.27842669878254,350.2605493125766,56.49106130689702,True
2010-12-22,-150.57936467309628,-398.0492146551614,-274.31428966412886,True
2010-12-23,445.2281576683912,-295.12047355414643,75.05384205712238,True
2010-12-27,167.78532912220962,523.0285087214473,345.4069189218285,True
2010-12-28,-367.114447978454,-1284.2304586416092,-825.6724533100316,True
2010-12-29,34.749483356862775,1252.6004693719337,643.6749763643983,True
2010-12-30,-481.4951304133864,-157.6426225329347,-319.56887647316057,True
2010-12-31,57.35123165803426,665.3639953070809,361.3576134825576,True
2011-01-03,60.15599031830922,-437.0104232951178,-188.42721648840427,True
2011-01-04,144.92789233773408,166.8041467244129,155.8660195310735,True
2011-01-05,944.8801067010804,-1247.8592379962652,-151.48956564759237,True
2011-01-06,-742.9793251388793,418.900032758489,-162.03964619019516,True
2011-01-07,-94.21938030453506,530.2017281225142,217.99117390898954,True
2011-01-10,-65.69305883907002,349.29664165931393,141.80179141012195,True
2011-01-11,156.6115356978568,-384.7853372047161,-114.08690075342965,True
2011-01-12,286.0570541917082,-389.10413133320134,-51.52353857074658,True
2011-01-13,428.4577938753707,639.7921644388449,534.1249791571079,True
2011-01-14,-336.57060288345644,-341.50819213376127,-339.0393975086089,True
2011-01-18,260.3162132729926,-274.5522923606702,-7.1180395438387905,True
2011-01-19,-466.9175622182525,353.77560597878556,-56.57097811973347,True
2011-01-20,470.9074135328493,-839.646223948675,-184.36940520791285,True
2011-01-21,-269.83430926363036,417.5614850368146,73.86358788659211,True
2011-01-24,-4.871888009537809,18.305799147770795,6.716955569116493,True
2011-01-25,-423.2240071161091,559.282974834502,68.02948385919649,True
2011-01-26,94.22729671466496,-782.3996533675855,-344.0861783264603,True
2011-01-27,234.56220951556224,342.0626502639835,288.3124298897729,True
2011-01-28,-894.4359895101211,410.98661289208394,-241.72468830901857,True
2011-01-31,419.86938347764453,-443.1439585976931,-11.637287560024276,True
2011-02-01,409.47460342104637,-408.45039032826253,0.5121065463919194,True
2011-02-02,168.87690105304415,-132.13883067159819,18.369035190722983,True
2011-02-03,407.7538506024896,-587.9820093670045,-90.11407938225744,True
2011-02-04,761.8723893818113,-672.0064149184773,44.93298723166703,True
2011-02-07,12.789855420808806,132.30683449452684,72.54834495766782,True
2011-02-08,802.4222816020776,-683.3821474173368,59.520067092370425,True
2011-02-09,-346.34932056180315,600.0845471863822,126.86761331228954,True
2011-02-10,424.42848477858934,-544.8606644338214,-60.21608982761603,True
2011-02-11,148.82636765700306,709.1405792444426,428.98347345072284,True
2011-02-14,-394.5456253430496,39.29749896548844,-177.62406318878058,True
2011-02-15,-593.5681041901631,270.2525202178632,-161.65779198614996,True
2011-02-16,292.6305599405233,-181.6070788912151,55.5117405246541,True
2011-02-17,-214.75895269952875,264.3874171763485,24.814232238409872,True
2011-02-18,24.86349939995305,-108.22896105188568,-41.68273082596632,True
2011-02-22,-1819.9352858495565,1022.9083974393747,-398.51344420509093,True
2011-02-23,-12.598965897902229,-34.06850160281565,-23.333733750358938,True
2011-02-24,17.393636391135637,345.50020332870116,181.4469198599184,True
2011-02-25,517.6381976225978,368.35952538501965,442.9988615038087,True
2011-02-28,289.3555029850148,14.271255384627187,151.813379184821,True
2011-03-01,-379.44042444672624,151.95112077129855,-113.74465183771385,True
2011-03-02,15.822413146575572,-832.4056017346471,-408.29159429403575,True
2011-03-03,1138.2662825410637,-744.379564944835,196.94335879811433,True
2011-03-04,-525.3746384709468,718.9330777364218,96.77921963273747,True
2011-03-07,-135.59572697073844,-364.26577091343506,-249.93074894208675,True
2011-03-08,618.5533783899325,-348.5182312048877,135.0175735925224,True
2011-03-09,-355.64411166564264,682.2916848921873,163.32378661327232,True
2011-03-10,-751.4294383502529,1080.559940700913,164.5652511753301,True
2011-03-11,721.3913395581411,-331.9396728914607,194.7258333333402,True
2011-03-14,-592.7687605450819,125.20288333061498,-233.78293860723346,True
2011-03-15,-2375.348263177016,717.5211671888131,-828.9135479941015,True
2011-03-16,-2034.557549118795,900.6216488969428,-566.967950110926,True
2011-03-17,-855.3293313497114,-442.40662369386484,-648.8679775217881,True
2011-03-18,2709.4519069102657,48.49651555728549,1378.9742112337756,True
2011-03-21,966.6858760643721,-516.3028150114367,225.19153052646772,True
2011-03-22,39.445606343301186,142.42580475369226,90.93570554849673,True
2011-03-23,438.0994850556891,-121.9977820727997,158.05085149144472,True
2011-03-24,967.646588038044,-565.2822462028331,201.18217091760545,True
2011-03-25,1064.711365095635,-248.48201959810004,408.11467274876753,True
2011-03-28,35.24966573661837,66.02136281518003,50.6355142758992,True
2011-03-29,912.1100778323492,-433.2572766283468,239.42640060200122,True
2011-03-30,342.93157067124247,475.8716253774317,409.4015980243371,True
2011-03-31,425.470395110661,-227.9832092140035,98.74359294832875,True
2011-04-01,1290.6394982924267,289.7603021495599,790.1999002209933,True
2011-04-04,-260.31633729736905,185.67645363800975,-37.31994182967965,True
2011-04-05,203.19437995171165,-470.1877703944446,-133.49669522136648,True
2011-04-06,683.5215607542938,-804.3932112984037,-60.435825272054956,True
2011-04-07,-292.65078345846536,-61.97173955162282,-177.3112615050441,True
2011-04-08,269.21306329781254,-376.40067114606546,-53.59380392412646,True
2011-04-11,-477.3011453200998,116.31883862430062,-180.4911533478996,True
2011-04-12,-1006.6055386837646,744.1792150909157,-131.21316179642446,True
2011-04-13,201.39860571927122,472.2088784730757,336.80374209617344,True
2011-04-14,-63.76748664527918,-245.33420176662182,-154.5508442059505,True
2011-04-15,-195.1750355655956,951.5195612375996,378.172262836002,True
2011-04-18,-558.0138181041917,240.01597616095884,-158.99892097161643,True
2011-04-19,396.7526731713627,233.3294646873171,315.0410689293399,True
2011-04-20,535.4376777453971,-482.237753848716,26.599961948340535,True
2011-04-21,-97.57204476587866,18.989545492119515,-39.29124963687957,True
2011-04-25,-372.94601659876724,362.5712741021496,-5.1873712483088354,True
2011-04-26,100.15110791041087,615.6259979071094,357.8885529087602,True
2011-04-27,793.0505087564321,-543.2206667345403,124.91492101094593,True
2011-04-28,97.39261521363773,516.5239878317093,306.95830152267354,True
2011-04-29,-527.8459601685277,239.63748042081536,-144.10423987385616,True
2011-05-02,-24.18019716039541,31.815285000836003,3.817543920220297,True
2011-05-03,-642.0527693508868,396.28329999130807,-122.88473467978937,True
2011-05-04,-901.6064331885411,343.8260558102112,-278.890188689165,True
2011-05-05,-1215.1517364738045,701.5833089187894,-256.78421377750755,True
2011-05-06,905.1593078190299,-125.84647491396191,389.656416452534,True
2011-05-09,80.30579046940112,64.42546164119338,72.36562605529724,True
2011-05-10,1290.7753665015339,-604.7703845933946,343.00249095406963,True
2011-05-11,-766.9734197929419,464.1783885516769,-151.39751562063248,True
2011-05-12,-251.71837372736874,-389.5163245038043,-320.61734911558653,True
2011-05-13,-358.2802823742034,607.9464842174069,124.83310092160175,True
2011-05-16,-362.9005294190855,375.9224811053471,6.510975843130808,True
2011-05-17,352.7855103280928,585.4834702617738,469.13449029493336,True
2011-05-18,275.33476299433346,-894.4266357796429,-309.5459363926547,True
2011-05-19,307.448526983704,58.107132706628654,182.77782984516634,True
2011-05-20,-438.93925548936585,188.91768141977073,-125.01078703479756,True
2011-05-23,-650.8659437895354,274.0980116113981,-188.38396608906868,True
2011-05-24,60.34484960361711,212.44902911993006,136.39693936177358,True
2011-05-25,-662.3449113547605,-166.0594345190246,-414.20217293689257,True
2011-05-26,-70.72933427493194,705.9109103434334,317.59078803425075,True
2011-05-27,-486.9548781595479,-22.718221953484765,-254.83655005651633,True
2011-05-31,592.716562651343,193.73169335966423,393.22412800550364,True
2011-06-01,-1427.1273287615752,1075.3300631295688,-175.89863281600321,True
2011-06-02,735.2758036689181,-1223.7518293986893,-244.2380128648856,True
2011-06-03,-329.0924525261464,533.8469557746055,102.37725162422953,True
2011-06-06,-193.4969997587321,-351.2671769907657,-272.3820883747489,True
2011-06-07,244.10691438294245,327.5572599859589,285.8320871844507,True
2011-06-08,-797.252727395708,479.5146613662627,-158.86903301472265,True
2011-06-09,543.8234372606722,-471.27521491967633,36.274111170497946,True
2011-06-10,-635.8106143836324,554.2961556603038,-40.75722936166426,True
2011-06-13,-99.24654646155928,-368.9669741423984,-234.10676030197882,True
2011-06-14,1313.293250940138,-1218.0695325097672,47.611859215185405,True
2011-06-15,-496.96447562931536,1562.2819604564922,532.6587424135885,True
2011-06-16,-525.5559400254249,395.95241977655945,-64.80176012443272,True
2011-06-17,381.50967632211064,-244.49559335134393,68.50704148538335,True
2011-06-20,-274.9273867115938,-69.50821639148215,-172.21780155153797,True
2011-06-21,25.47456494052575,-280.68578069235406,-127.60560787591416,True
2011-06-22,-199.1437223805186,-7.055879627050171,-103.09980100378438,True
2011-06-23,-351.87764692916534,712.0901175292399,180.1062353000373,True
2011-06-24,-586.9642270428927,155.94831163134097,-215.50795770577588,True
2011-06-27,1.958809864812061,-848.1878796619675,-423.1145348985777,True
2011-06-28,653.6657399765384,-1034.2715248214395,-190.30289242245055,True
2011-06-29,1073.1898052019108,-728.8390160397493,172.17539458108075,True
2011-06-30,755.0406918623254,-328.9582379485646,213.0412269568804,True
2011-07-01,1101.0187072296565,-259.770812522837,420.62394735340973,True
2011-07-05,-1210.0590486098702,546.8753148823589,-331.5918668637556,True
2011-07-06,-411.9335540743935,328.4953059131343,-41.7191240806296,True
2011-07-07,1135.1315002454398,-396.8819543410368,369.1247729522015,True
2011-07-08,-1158.3314004204003,1328.5590625621842,85.11383107089193,True
2011-07-11,-1382.4176681373467,1142.1611658133595,-120.1282511619936,True
2011-07-12,-1022.7291829962934,237.4736159329369,-392.62778353167823,True
2011-07-13,57.910002071129725,227.8936221327969,142.90181210196332,True
2011-07-14,-293.44035923152546,-973.7415395025987,-633.5909493670621,True
2011-07-15,-427.6071427392534,365.31475525344246,-31.146193742905467,True
2011-07-18,-18.57238678450137,-421.3568924235805,-219.96463960404094,True
2011-07-19,1338.0521506512098,1086.0429693878668,1212.0475600195382,True
2011-07-20,-242.64677677859348,-818.4319999714494,-530.5393883750214,True
2011-07-21,453.5484510171941,-704.6387089476669,-125.54512896523642,True
2011-07-22,109.65167328452507,572.5990787190024,341.1253760017637,True
2011-07-25,-879.5814690159178,-658.3443276700891,-768.9628983430034,True
2011-07-26,403.7442949072988,574.874760597867,489.3095277525829,True
2011-07-27,23.204330271780712,-116.15394196027634,-46.47480584424781,True
2011-07-28,-448.6686316379566,288.966280633439,-79.8511755022588,True
2011-07-29,-1352.9486136210394,1654.4570891822839,150.75423778062225,True
2011-08-01,-491.3540051287764,655.1180076890474,81.88200128013551,True
2011-08-02,-2188.6526156402515,1730.0786272054268,-229.28699421741237,True
2011-08-03,121.28686003682404,127.1512666906607,124.21906336374238,True
2011-08-04,-1088.454130013134,2210.179201570343,560.8625357786045,True
2011-08-05,-90.11946436737551,-1850.8472494444443,-970.4833569059099,True
2011-08-08,-2566.954078683053,2249.3940113419303,-158.78003367056135,True
2011-08-09,-1272.6072644528917,512.1476312463961,-380.2298166032478,True
2011-08-10,-1147.3460920305358,1997.4661850822788,425.0600465258715,True
2011-08-11,3326.7922756151233,-2852.916555965413,236.9378598248552,True
2011-08-12,1063.3610812840072,1202.5905533666219,1132.9758173253144,True
2011-08-15,1743.4706106082917,-625.0637281993177,559.203441204487,True
2011-08-16,230.5924294922428,920.4610350356019,575.5267322639223,True
2011-08-17,-31.47638971317532,1122.0898396003286,545.3067249435766,True
2011-08-18,-698.6818251861837,1108.6900971417356,205.00413597777595,True
2011-08-19,-313.30630662676384,366.8388114762159,26.76625242472602,True
2011-08-22,305.86312560846153,-217.90828768767503,43.97741896039325,True
2011-08-23,843.3840522189353,-781.7070664249286,30.838492897003334,True
2011-08-24,138.5749091866666,-1776.8094006226208,-819.1172457179771,True
2011-08-25,-150.1485735183464,819.3867580949033,334.6190922882784,True
2011-08-26,1597.866637767015,580.7343789934572,1089.3005083802361,True
2011-08-29,1070.2497714929734,-958.4261465076693,55.911812492652075,True
2011-08-30,303.304886750032,1063.5221792538548,683.4135330019434,True
2011-08-31,-1155.2242917758185,-810.2959742811238,-982.7601330284712,True
2011-09-01,-660.3080516697835,1308.4051984900404,324.0485734101285,True
2011-09-02,-678.7997269383092,1234.7143060958858,277.95728957878833,True
2011-09-06,2671.8302136301595,308.8742681575815,1490.3522408938704,True
2011-09-07,441.08755100048256,-723.4836796895223,-141.19806434451988,True
2011-09-08,150.2106186947113,468.83908389501687,309.5248512948641,True
2011-09-09,-448.9648132072435,506.18573610659473,28.610461449675626,True
2011-09-12,-500.0506964231379,-140.64688803291318,-320.34879222802556,True
2011-09-13,-136.0985661029063,-483.6440284874134,-309.8712972951598,True
2011-09-14,-380.9531871066442,223.53131342510284,-78.71093684077067,True
2011-09-15,191.4361190092045,-751.1279602920749,-279.8459206414352,True
2011-09-16,421.4566215155811,269.4932909431905,345.47495622938584,True
2011-09-19,-593.8660014348468,875.6679049809625,140.90095177305784,True
2011-09-20,291.8214223778103,167.66114940204588,229.74128588992806,True
2011-09-21,-317.9004294565364,984.0745300526468,333.08705029805515,True
2011-09-22,-1099.7942336298174,1357.48338112091,128.8445737455463,True
2011-09-23,-74.64219053587026,-870.2829407326317,-472.46256563425095,True
2011-09-26,88.01394211334691,-590.6861297553191,-251.33609382098612,True
2011-09-27,361.86677834343766,-708.4176781386436,-173.27544989760298,True
2011-09-28,-531.9529507202172,2.539932430483065,-264.7065091448671,True
2011-09-29,-9.512470577520125,157.33090248678343,73.90921595463165,True
2011-09-30,-334.0140027540311,913.051491606203,289.51874442608596,True
2011-10-03,-324.8761167411319,1124.9998104703889,400.0618468646285,True
2011-10-04,238.51423753211245,-545.6345730076857,-153.56016773778663,True
2011-10-05,614.6779612681427,-380.69804844270215,116.98995641272026,True
2011-10-06,382.8899531592923,-768.518929853418,-192.81448834706282,True
2011-10-07,269.42925267386005,-440.4096916960638,-85.49021951110188,True
2011-10-10,267.9015241656605,-875.6827477687017,-303.8906118015206,True
2011-10-11,172.65555514898844,114.18495690955315,143.4202560292708,True
2011-10-12,525.2565135943521,-490.3016849287069,17.477414332822605,True
2011-10-13,128.7645484881303,428.04343865845937,278.4039935732948,True
2011-10-14,599.8869296134658,-575.9187651760054,11.98408221873018,True
2011-10-17,-689.8476881270768,720.956825030291,15.55456845160711,True
2011-10-18,393.7717190461433,-188.01963665345002,102.87604119634663,True
2011-10-19,-76.97765160036579,78.77538531356849,0.8988668566013516,True
2011-10-20,-173.54073802459646,-260.6151419365729,-217.0779399805847,True
2011-10-21,-228.92885282733255,-321.83178011854244,-275.38031647293747,True
2011-10-24,528.4878047169345,7.843065469555351,268.1654350932449,True
2011-10-25,-443.1914430561229,1001.9302091532071,279.3693830485421,True
2011-10-26,217.02460369163933,-768.9531741116645,-275.9642852100126,True
2011-10-27,616.8298840292084,-1371.3331202266543,-377.25161809872293,True
2011-10-28,-56.227824169128866,550.805078795941,247.28862731340604,True
2011-10-31,236.00745336156675,1565.3931341762989,900.7002937689329,True
2011-11-01,-657.3199971549684,1356.659322463438,349.6696626542348,True
2011-11-02,-126.62052946828142,-371.926973617305,-249.2737515427932,True
2011-11-03,149.7112377381855,-518.0722193693981,-184.1804908156063,True
2011-11-04,267.26330440702134,180.75897178316228,224.0111380950918,True
2011-11-07,603.7841631748007,185.95642328588005,394.8702932303404,True
2011-11-08,-160.92952815451756,-489.6289985776233,-325.27926336607044,True
2011-11-09,-813.7754122229474,875.4120852224094,30.818336499731004,True
2011-11-10,-152.28687464233045,-550.2564562073667,-351.27166542484855,True
2011-11-11,511.58600446979705,-362.61483309611566,74.4855856868407,True
2011-11-14,-397.9255436451005,646.9253714404401,124.49991389766981,True
2011-11-15,135.81193315474204,-97.43491784642502,19.188507654158506,True
2011-11-16,-391.7991461152433,371.6529222595474,-10.073111927847947,True
2011-11-17,-261.01044409702905,263.82577655806404,1.407666230517492,True
2011-11-18,2.6643532773308034,-200.6267859340953,-98.98121632838225,True
2011-11-21,-676.1144782964511,263.45004111142293,-206.3322185925141,True
2011-11-22,-184.24821859468705,380.9014306469073,98.32660602611011,True
2011-11-23,-531.3119663793696,373.7001151777713,-78.80592560079913,True
2011-11-25,408.6844188940825,-620.8912691881878,-106.10342514705266,True
2011-11-28,656.5158612593036,-4.83596265560559,325.839949301849,True
2011-11-29,425.6997120420747,-262.3110531121919,81.69432946494138,True
2011-11-30,854.1901592746506,-615.0420816883371,119.57403879315672,True
2011-12-01,-105.96662608991856,-116.4475852226018,-111.20710565626018,True
2011-12-02,158.06762314368137,540.8109000629566,349.439261603319,True
2011-12-05,201.61836871779178,-74.50008394919519,63.5591423842983,True
2011-12-06,63.73525145731872,-344.4924427747272,-140.37859565870423,True
2011-12-07,101.9454572362323,327.2517739045294,214.59861557038084,True
2011-12-08,-460.639422287712,544.823579428012,42.092078570149965,True
2011-12-09,170.03466118287812,-813.5664407046027,-321.76588976086225,True
2011-12-12,-238.85851737557576,426.0379893235775,93.58973597400087,True
2011-12-13,-157.832785538736,451.3412233701469,146.75421891570545,True
2011-12-14,-159.93105771461612,629.3720613793014,234.72050183234262,True
2011-12-15,-577.8048356436788,-125.23926488955016,-351.52205026661443,True
2011-12-16,123.08845969538321,514.2153528044192,318.65190624990123,True
2011-12-19,-356.7217284005251,455.05326072881275,49.16576616414383,True
2011-12-20,749.3526758138923,-1026.5555497781045,-138.60143698210607,True
2011-12-21,254.19656171523997,-471.5093346580749,-108.65638647141748,True
2011-12-22,200.04295620518647,157.01185050453088,178.52740335485868,True
2011-12-23,58.32855695831253,-461.24042505699146,-201.45593404933948,True
2011-12-27,-122.97136270443801,130.9969521318949,4.012794713728439,True
2011-12-28,-214.74466362330594,739.4925106649321,262.37392352081304,True
2011-12-29,-6.427199426963535,107.12744699448061,50.350123783758534,True
2011-12-30,169.002943762335,263.463881474677,216.233412618506,True
2012-01-03,364.8012037610255,-670.7752083783973,-152.98700230868593,True
2012-01-04,302.03123852270204,-451.6238394493425,-74.79630046332022,True
2012-01-05,-99.70880019559054,-27.963423638681764,-63.83611191713615,True
2012-01-06,-304.89168443807523,409.4093107545986,52.25881315826169,True
2012-01-09,-160.69838483451082,-27.826665499430707,-94.26252516697076,True
2012-01-10,216.47466533494415,-157.08481155395816,29.694926890492994,True
2012-01-11,102.7408720725917,636.521181007595,369.6310265400934,True
2012-01-12,-135.93970284657266,-156.35374483971628,-146.14672384314446,True
2012-01-13,38.28585890077866,487.4323562702492,262.8591075855139,True
2012-01-17,178.10008461582896,159.222317909419,168.661201262624,True
2012-01-18,77.49774892414939,-454.84313304237185,-188.67269205911123,True
2012-01-19,-3.3248643934358793,-662.3296098434892,-332.8272371184625,True
2012-01-20,353.66801421300573,-456.4889270200044,-51.410456403499325,True
2012-01-23,31.3428415165781,-271.9605736459743,-120.30886606469811,True
2012-01-24,146.5878423690726,108.83752130837196,127.71268183872229,True
2012-01-25,400.8493402076471,233.46886165664915,317.15910093214814,True
2012-01-26,-100.62818962377183,613.1741839645557,256.27299717039193,True
2012-01-27,-252.2004938165696,251.2261869548955,-0.4871534308370542,True
2012-01-30,-371.5046587469299,464.3556846532655,46.42551295316778,True
2012-01-31,146.1310400761978,481.3705595033575,313.75079978977766,True
2012-02-01,290.04397974925837,-465.1917240777911,-87.57387216426636,True
2012-02-02,76.95101936900603,81.47464273084313,79.21283104992457,True
2012-02-03,626.5155466069397,-1035.7299998096737,-204.60722660136702,True
2012-02-06,-246.60479561335276,420.23208818806813,86.81364628735768,True
2012-02-07,415.8608084822848,-719.320101622944,-151.72964657032958,True
2012-02-08,86.55331995364784,49.581177604517414,68.06724877908263,True
2012-02-09,245.10608025404298,-330.25398853062234,-42.57395413828968,True
2012-02-10,-617.6884985489647,680.840566095637,31.57603377333612,True
2012-02-13,376.490775245435,-12.24385332742158,182.1234609590067,True
2012-02-14,131.97020083359513,263.9199789616369,197.94508989761601,True
2012-02-15,60.32316692440343,5.592923417347903,32.958045170875664,True
2012-02-16,547.2861181260527,-489.54758921421273,28.86926445591996,True
2012-02-17,142.5081869371079,-74.42272475451053,34.042731091298684,True
2012-02-21,-405.60133556300417,-503.9147775869116,-454.7580565749579,True
2012-02-22,-59.906143833382124,559.7395745983363,249.91671538247707,True
2012-02-23,-26.524707868613895,92.40799515800659,32.94164364469634,True
2012-02-24,354.41285972589884,207.30304934080593,280.85795453335237,True
2012-02-27,242.45194462390725,430.5747157261528,336.51333017503003,True
2012-02-28,-67.83056243440325,-49.458275496505955,-58.644418965454605,True
2012-02-29,332.3996396650807,-406.20690401455465,-36.90363217473697,True
2012-03-01,358.2839535896315,-442.67581152729497,-42.19592896883174,True
2012-03-02,114.95152122435802,529.2865964948818,322.1190588596199,True
2012-03-05,-510.77563354075517,-350.15040130969027,-430.4630174252227,True
2012-03-06,-841.4124107007151,614.6179835776993,-113.3972135615079,True
2012-03-07,188.4983682986405,-295.1568255266216,-53.329228613990566,True
2012-03-08,368.10250816744247,-471.4806777949115,-51.689084813734524,True
2012-03-09,172.76488716124788,-1.217616837850008,85.77363516169893,True
2012-03-12,-578.566246760737,-24.846040144175227,-301.70614345245616,True
2012-03-13,803.824232363734,-967.3342262691547,-81.75499695271031,True
2012-03-14,270.6587041953533,-1468.6346106360922,-598.9879532203695,True
2012-03-15,-33.10997502423414,19.753175132980655,-6.678399945626742,True
2012-03-16,171.1165408964241,31.660529355717795,101.38853512607095,True
2012-03-19,35.55303649642964,-745.7435651563183,-355.0952643299443,True
2012-03-20,-595.8594777285333,139.7611717062358,-228.04915301114875,True
2012-03-21,-351.347121757994,655.5691394253568,152.11100883368138,True
2012-03-22,-716.7792917454365,173.71129299781398,-271.53399937381124,True
2012-03-23,369.54486251932553,508.83379558673886,439.1893290530322,True
2012-03-26,458.57101540165445,-217.31776318041034,120.62662611062206,True
2012-03-27,-210.0037794448767,577.6336248798011,183.8149227174622,True
2012-03-28,-597.3084692003092,-159.30286459294578,-378.3056668966275,True
2012-03-29,-216.44595260096995,489.5354027302577,136.5447250646439,True
2012-03-30,-87.13733056327786,-791.4689349267602,-439.303132745019,True
2012-04-02,22.848011762534174,312.81495492956213,167.83148334604815,True
2012-04-03,-199.57990350610442,-1004.2899744159171,-601.9349389610107,True
2012-04-04,-281.7390293850281,741.6995048989465,229.9802377569592,True
2012-04-05,319.22186291837306,518.0333595141427,418.6276112162579,True
2012-04-09,-238.72005018068936,1376.7529437707333,569.0164467950219,True
2012-04-10,-834.8570887327555,647.5288511919413,-93.66411877040713,True
2012-04-11,508.5264930081291,-609.9039507514412,-50.68872887165608,True
2012-04-12,570.9840116451757,-258.3744138052575,156.30479891995907,True
2012-04-13,-103.2299886918908,877.4060823483317,387.08804682822046,True
2012-04-16,-548.411622400348,-60.85765475761515,-304.6346385789816,True
2012-04-17,483.7608380306427,-91.44471404002907,196.1580619953068,True
2012-04-18,204.96947298843068,223.12559883693504,214.04753591268286,True
2012-04-19,140.51886330559978,107.2165395796347,123.86770144261723,True
2012-04-20,6.6218209713168275,11.324051817494414,8.972936394405622,True
2012-04-23,-262.3589795342659,342.86802511922656,40.254522792480316,True
2012-04-24,-300.9553192122772,-377.4792199110627,-339.2172695616699,True
2012-04-25,384.632772866304,-230.1437348097419,77.24451902828105,True
2012-04-26,47.38953384675105,403.50658670488554,225.4480602758183,True
2012-04-27,234.12001784033265,97.71034417731325,165.91518100882294,True
2012-04-30,-484.6633667090796,67.61730720405743,-208.5230297525111,True
2012-05-01,-524.079395512944,-275.60365322969403,-399.841524371319,True
2012-05-02,457.04964808565575,345.33746159978705,401.19355484272137,True
2012-05-03,-574.0304690598971,-14.709911266596247,-294.37019016324666,True
2012-05-04,-481.8705219698993,522.8756358080905,20.502556919095582,True
2012-05-07,551.5439102554649,-16.29874991299252,267.62258017123617,True
2012-05-08,-543.5429760517769,322.6513745763434,-110.44580073771675,True
2012-05-09,-120.72467301169235,82.09130204297648,-19.316685484357933,True
2012-05-10,411.1295313760383,-190.4888195055461,110.3203559352461,True
2012-05-11,-447.23078248532113,484.5978614360171,18.683539475348,True
2012-05-14,89.7273785426766,733.4064637510894,411.56692114688303,True
2012-05-15,311.6474224616508,138.29838955589113,224.97290600877096,True
2012-05-16,-310.21546919811794,138.78149527623663,-85.71698696094066,True
2012-05-17,-872.4453410858523,791.868456873036,-40.28844210640813,True
2012-05-18,-1158.886466025656,-41.44680128082539,-600.1666336532408,True
2012-05-21,662.7301649821352,-254.25830702669816,204.23592897771852,True
2012-05-22,256.2850112243846,-483.4065583692923,-113.56077357245385,True
2012-05-23,-207.56679644645092,395.6125985389539,94.02290104625148,True
2012-05-24,337.3762456720399,-270.067068168146,33.65458875194693,True
2012-05-25,76.61330616846482,323.3376413201816,199.9754737443232,True
2012-05-29,642.2238314053716,-152.1004256874571,245.06170285895723,True
2012-05-30,-744.3161620954146,1442.9822532162348,349.3330455604101,True
2012-05-31,-355.4509017949404,624.2990820863074,134.4240901456835,True
2012-06-01,-1151.0366130609998,1323.2529804798203,86.10818370941024,True
2012-06-04,-48.86650002972736,-699.1690637497255,-374.01778188972645,True
2012-06-05,609.8891463202852,-671.2329357634621,-30.671894721588444,True
2012-06-06,1371.8167174925518,-1130.3003126712003,120.75820241067572,True
2012-06-07,145.27400719622307,238.078311611605,191.67615940391403,True
2012-06-08,310.11254404846864,51.38537276116582,180.74895840481722,True
2012-06-11,-267.06746062142594,352.0236243460108,42.47808186229244,True
2012-06-12,815.3756655963704,-704.9085060450508,55.23357977565979,True
2012-06-13,-754.695047261528,721.3420498566561,-16.676498702435936,True
2012-06-14,299.83925161035097,-252.0901519514505,23.87454982945023,True
2012-06-15,398.14147943707565,537.6951667987468,467.9183231179112,True
2012-06-18,922.7954538766754,141.63867167976846,532.2170627782219,True
2012-06-19,-55.52272457940173,-669.6987965866202,-362.610760583011,True
2012-06-20,128.96510322280355,-11.539348356011761,58.712877433395896,True
2012-06-21,-131.1906965978935,331.3492836619912,100.07929353204885,True
2012-06-22,296.41526504370324,-752.5753128516303,-228.08002390396354,True
2012-06-25,-598.6807389730646,879.3149643281578,140.31711267754656,True
2012-06-26,692.8777146705468,-296.8113920291828,198.03316132068198,True
2012-06-27,218.97889266309565,158.46038938007362,188.71964102158464,True
2012-06-28,-468.5484317432006,331.82302597088744,-68.36270288615657,True
2012-06-29,795.549184963329,-763.2239846114699,16.162600175929583,True
2012-07-02,616.7652354192325,682.6350805504462,649.7001579848393,True
2012-07-03,244.87854188823303,-434.7175111319258,-94.91948462184638,True
2012-07-05,1090.960086043263,370.0466314201956,730.5033587317292,True
2012-07-06,-84.34737332204968,564.3305715501531,239.9915991140517,True
2012-07-09,-240.84151566147577,490.18880508252425,124.67364471052424,True
2012-07-10,174.9001535740868,98.57193110563199,136.7360423398594,True
2012-07-11,637.0267923761464,-34.61964381139623,301.2035742823751,True
2012-07-12,-864.0873776579576,399.748362075939,-232.16950779100932,True
2012-07-13,791.7155082078299,-146.57919041037366,322.56815889872814,True
2012-07-16,-89.4473394616826,317.2449155568868,113.8987880476021,True
2012-07-17,593.4368304985402,-445.54413414171665,73.94634817841177,True
2012-07-18,285.7871431606236,96.46708037984888,191.12711177023624,True
2012-07-19,579.0477431679775,-195.433605436155,191.80706886591125,True
2012-07-20,64.7070027043686,689.0408920459939,376.8739473751813,True
2012-07-23,-858.6767675150036,302.9856692556368,-277.8455491296834,True
2012-07-24,75.8682449530702,394.3324924412222,235.1003686971462,True
2012-07-25,-166.3755377666364,122.47976656054871,-21.947885603043844,True
2012-07-26,291.7771776086542,-527.7865346313358,-118.00467851134081,True
2012-07-27,818.7988202041241,-1153.377872699478,-167.28952624767697,True
2012-07-30,345.25964004751336,485.09340999091063,415.176525019212,True
2012-07-31,-460.3331607469699,199.614958870691,-130.35910093813945,True
2012-08-01,55.530894355514434,-447.533598343898,-196.0013519941918,True
2012-08-02,13.604333962835925,390.434332536209,202.01933324952248,True
2012-08-03,-34.790657566303814,-978.0317126349543,-506.41118510062904,True
2012-08-06,-353.74720086220293,67.76149329699231,-142.99285378260532,True
2012-08-07,197.8800593253813,-872.4213713193666,-337.2706559969927,True
2012-08-08,470.7378950258326,-294.273814791467,88.2320401171828,True
2012-08-09,595.6722450669035,-87.42271415412561,254.12476545638896,True
2012-08-10,-53.1325512667591,411.2664494326909,179.0669490829659,True
2012-08-13,-713.8441475827107,-110.69162020101182,-412.26788389186123,True
2012-08-14,145.03278839343488,-865.4769398134466,-360.22207571000587,True
2012-08-15,487.38775818206653,-892.2427110063882,-202.42747641216081,True
2012-08-16,59.03103395824207,-488.46251860196554,-214.71574232186174,True
2012-08-17,-548.9168374363373,264.3032450000978,-142.30679621811979,True
2012-08-20,81.1426115111691,115.28402023734063,98.21331587425486,True
2012-08-21,-630.0807528842709,217.44088956824663,-206.3199316580121,True
2012-08-22,-402.09686356761625,1205.9315066412398,401.91732153681176,True
2012-08-23,-853.260404604679,287.77334197443827,-282.7435313151204,True
2012-08-24,156.18562833308636,-71.48075337703045,42.35243747802795,True
2012-08-27,-141.07556839481236,413.79830893234987,136.36137026876875,True
2012-08-28,-455.82688049406,109.91715690948523,-172.95486179228737,True
2012-08-29,179.00671409914762,-199.46862349959497,-10.230954700223677,True
2012-08-30,-448.35984002517205,328.36716245490567,-59.99633878513319,True
2012-08-31,-108.1105316233034,1016.7780094172297,454.33373889696315,True
2012-09-04,-636.7523135623686,-230.68762558520572,-433.7199695737872,True
2012-09-05,-590.6875586533824,-194.23278450153504,-392.4601715774587,True
2012-09-06,1240.5289703149058,-1170.2886405866768,35.120164864114486,True
2012-09-07,-160.08101184604453,-45.754222553936586,-102.91761719999056,True
2012-09-10,-242.33227786670363,123.32005899793022,-59.50610943438671,True
2012-09-11,12.008079984448766,-378.1827614039326,-183.0873407097419,True
2012-09-12,-62.67627559816926,-859.7364791868897,-461.2063773925295,True
2012-09-13,574.325538619437,118.81224154477626,346.56889008210663,True
2012-09-14,-292.2469948450666,-1736.4811785874658,-1014.3640867162662,True
2012-09-17,-467.45041060003047,592.5203314008677,62.53496040041861,True
2012-09-18,49.74071932865889,393.69826678731835,221.71949305798861,True
2012-09-19,-114.71269688116791,429.86555572413386,157.57642942148297,True
2012-09-20,82.11670029140515,133.67655719148,107.89662874144257,True
2012-09-21,-69.27757433495921,227.4402146034383,79.08132013423955,True
2012-09-24,-198.82871660366814,463.5525367076672,132.36191005199953,True
2012-09-25,-207.96227141213024,664.1993312112216,228.1185298995457,True
2012-09-26,-265.1431361131605,733.5369945265448,234.19692920669218,True
2012-09-27,616.6800514249092,-430.2507705505997,93.21464043715471,True
2012-09-28,-133.8441988312099,19.00639109997841,-57.418903865615746,True
2012-10-01,-281.4332878491608,289.37589306806916,3.9713026094541704,True
2012-10-02,-1055.3451867658016,-104.17377621192782,-579.7594814888647,True
2012-10-03,-251.65411024385085,100.79858735260478,-75.42776144562303,True
2012-10-04,-125.54725114655375,-777.0078293080356,-451.2775402272947,True
2012-10-05,-487.03978706604266,-844.25788787824,-665.6488374721414,True
2012-10-08,363.17567777988063,575.2375225067473,469.20660014331395,True
2012-10-09,701.7964934046305,-242.7298052673575,229.5333440686365,True
2012-10-10,-181.8612820017445,454.28370955210227,136.21121377517886,True
2012-10-11,179.60435362808175,317.59309122396405,248.5987224260229,True
2012-10-12,-368.5243196633497,93.0699971083601,-137.7271612774948,True
2012-10-15,308.14161059825915,-52.573732087751104,127.78393925525403,True
2012-10-16,-728.3431649772173,-890.0143492807124,-809.1787571289649,True
2012-10-17,936.2105154595657,-877.3260955564767,29.4422099515445,True
2012-10-18,-76.48070899470885,-366.6958077194095,-221.58825835705917,True
2012-10-19,-355.5681625639764,836.2638791203215,240.34785827817254,True
2012-10-22,165.38789463184617,-516.8370113797904,-175.72455837397212,True
2012-10-23,79.06935023558279,910.6761291841242,494.8727397098535,True
2012-10-24,615.1617032940458,-526.5402705160064,44.31071638901966,True
2012-10-25,751.3274077031855,-497.6079730666246,126.85971731828045,True
2012-10-26,-471.7383247628036,1067.1123896102724,297.6870324237344,True
2012-10-31,-204.13030137099204,563.5530846725978,179.7113916508029,True
2012-11-01,365.8879103141735,-456.77709896680534,-45.44459432631592,True
2012-11-02,691.9123085682614,48.90138575577414,370.4068471620178,True
2012-11-05,530.5696774544673,409.70825793119803,470.1389676928327,True
2012-11-06,694.8950043966447,-730.7710235656072,-17.93800958448122,True
2012-11-07,-94.92892646007358,1372.7717459967132,638.9214097683198,True
2012-11-08,-214.36013177575785,906.6883819672165,346.16412509572933,True
2012-11-09,91.8847367233924,46.27423869993113,69.07948771166176,True
2012-11-12,349.6142919946243,114.55824684813774,232.08626942138102,True
2012-11-13,-137.09451477631518,220.88740024491864,41.89644273430173,True
2012-11-14,-788.7736420268561,56.88437307128305,-365.9446344777865,True
2012-11-15,-264.2834845627556,-109.22123446844584,-186.75235951560072,True
2012-11-16,557.0289062242008,27.104247841012796,292.0665770326068,True
2012-11-19,-8.152482795104428,-373.99069689439057,-191.0715898447475,True
2012-11-20,-154.10021740874294,-714.8293146568665,-434.46476603280473,True
2012-11-21,-46.21179656717906,-151.43205772510396,-98.8219271461415,True
2012-11-23,-529.9027408974682,-83.06285427358243,-306.4827975855253,True
2012-11-26,-49.70228279074829,311.92182324766316,131.10977022845742,True
2012-11-27,145.3647734280653,340.83750103627784,243.10113723217157,True
2012-11-28,279.8901901157885,65.07680434419564,172.48349722999208,True
2012-11-29,-648.9274300882831,95.41547474736284,-276.75597767046014,True
2012-11-30,-224.5823543508038,-110.39370600560541,-167.4880301782046,True
2012-12-03,-408.2955066847551,-8.531200821554206,-208.41335375315464,True
2012-12-04,326.6652828751914,383.23593096247197,354.9506069188317,True
2012-12-05,102.77528745360425,60.96381997605254,81.8695537148284,True
2012-12-06,1226.7493746354974,132.96648564868977,679.8579301420936,True
2012-12-07,348.8920591365495,-618.4392455399468,-134.77359320169865,True
2012-12-10,78.41577854715607,253.3494392956072,165.88260892138163,True
2012-12-11,71.36224017872168,-469.7214440310838,-199.17960192618108,True
2012-12-12,-311.6831426926782,-840.5742288643735,-576.1286857785258,True
2012-12-13,-397.8680564583823,-158.76337102418879,-278.31571374128555,True
2012-12-14,-607.2863851913545,493.5625295130328,-56.86192783916084,True
2012-12-17,94.99940206262829,-1065.1670541426204,-485.08382603999604,True
2012-12-18,-721.629958436804,-755.2952121879628,-738.4625853123835,True
2012-12-19,-578.4931743466859,258.1328446257923,-160.1801648604468,True
2012-12-20,-15.986333220995022,68.4051687866324,26.20941778281869,True
2012-12-21,-450.4232918361611,666.9493575585676,108.26303286120324,True
2012-12-24,-220.43096485287697,-165.38135895527924,-192.9061619040781,True
2012-12-26,-281.47668857636023,331.3318213696437,24.927566396641737,True
2012-12-27,51.087083307299174,321.0534774429101,186.07028037510463,True
2012-12-28,12.080840212300625,435.6406987243794,223.86076946834,True
2012-12-31,849.2958096124024,-1151.6922572997914,-151.1982238436945,True
2013-01-02,1482.3762895202683,-940.0563969411822,271.15994628954303,True
2013-01-03,696.9436728011476,-1035.6105861980284,-169.3334566984404,True
2013-01-04,6.508216124665396,195.8971696514075,101.20269288803645,True
2013-01-07,-129.47688720987324,72.55932259046214,-28.458782309705548,True
2013-01-08,54.4258686315853,497.11093814674336,275.76840338916435,True
2013-01-09,378.7412360830129,21.219241526862444,199.98023880493767,True
2013-01-10,-705.3732847640773,-398.433266183249,-551.9032754736631,True
2013-01-11,-726.5586937646289,661.97061210805,-32.29404082828944,True
2013-01-14,832.8570633427103,-143.10526846636165,344.8758974381743,True
2013-01-15,960.9423801438528,420.6642143164284,690.8032972301406,True
2013-01-16,-44.22322774760522,210.9008302113211,83.33880123185794,True
2013-01-17,-156.52132289671565,-841.5494748294427,-499.0353988630792,True
2013-01-18,-325.2215203905881,577.7341056130354,126.25629261122361,True
2013-01-22,-336.5923924303613,157.60583232224087,-89.49328005406022,True
2013-01-23,-471.1408646930634,-10.421385434106298,-240.78112506358485,True
2013-01-24,-866.3246779907917,-303.04940707881894,-584.6870425348053,True
2013-01-25,-794.5645668449523,-1192.1038736123712,-993.3342202286617,True
2013-01-28,-270.57254054484497,-347.9777719112237,-309.27515622803435,True
2013-01-29,137.39763326336,-363.24068831540717,-112.92152752602358,True
2013-01-30,-1545.993602692307,-8.475736554938111,-777.2346696236225,True
2013-01-31,342.24626917491867,271.69874311361565,306.9725061442672,True
2013-02-01,-658.9922973967807,-841.3501212286136,-750.1712093126971,True
2013-02-04,700.6642467065797,1119.531115716271,910.0976812114253,True
2013-02-05,-165.5378581153634,-732.2635412201803,-448.90069966777185,True
2013-02-06,-248.9921791755024,645.6914013522489,198.34961108837325,True
2013-02-07,887.1360114412638,-40.73872853372346,423.19864145377016,True
2013-02-08,-40.11750716691504,233.87790552884792,96.88019918096644,True
2013-02-11,-299.37765478780665,-139.35264677714142,-219.36515078247402,True
2013-02-12,-109.44474240393806,-208.51833967430065,-158.98154103911935,True
2013-02-13,301.4171856596854,-692.8158815796788,-195.69934795999671,True
2013-02-14,662.4405287803332,809.8501133801034,736.1453210802183,True
2013-02-15,-556.7436872690442,-216.2049516229701,-386.47431944600714,True
2013-02-19,15.38513473020355,-368.58283501489285,-176.59885014234465,True
2013-02-20,-383.3179720748893,348.0927594549098,-17.612606309989758,True
2013-02-21,511.4272827380765,441.9536548272393,476.6904687826579,True
2013-02-22,467.52455286416955,154.76119375423607,311.1428733092028,True
2013-02-25,-516.54297213525,1596.4185832766639,539.9378055707069,True
2013-02-26,-189.93667039322088,-428.4917492436577,-309.21420981843926,True
2013-02-27,-290.48988854655096,-168.06355033244682,-229.2767194394989,True
2013-02-28,569.6743540260318,220.87199303440613,395.27317353021897,True
2013-03-01,668.3619534096218,479.4639539540459,573.9129536818339,True
2013-03-04,-167.21858099141517,-457.7638027434986,-312.4911918674569,True
2013-03-05,400.3525069418696,-223.71498989599732,88.31875852293614,True
2013-03-06,581.5138668014248,-698.9584151352875,-58.722274166931356,True
2013-03-07,-443.08110102309655,-712.9640222525478,-578.0225616378222,True
2013-03-08,1077.2599770411225,-952.732983193478,62.26349692382223,True
2013-03-11,-44.726928019334544,87.70021218359628,21.486642082130867,True
2013-03-12,308.42823502165487,577.9794997419789,443.20386738181685,True
2013-03-13,640.8858021289965,-130.81692815458925,255.0344369872036,True
2013-03-14,250.48094036647413,-93.3925930997192,78.54417363337745,True
2013-03-15,-546.8155618378938,553.3904639710689,3.2874510665875505,True
2013-03-18,817.3338074666948,650.5597788512434,733.9467931589691,True
2013-03-19,-199.33865451767457,596.3252237389745,198.49328461064997,True
2013-03-20,-99.68866761929142,-851.2036568150999,-475.44616221719565,True
2013-03-21,788.5637416101613,663.894568327702,726.2291549689317,True
2013-03-22,-814.3791013825476,69.80633895396608,-372.2863812142907,True
2013-03-25,1344.5728460890166,39.76016556751338,692.166505828265,True
2013-03-26,424.6109427899394,155.29311498989952,289.95202888991946,True
2013-03-27,502.0238544696127,792.2161953968471,647.1200249332298,True
2013-03-28,-804.9212429855537,-399.27147593794496,-602.0963594617493,True
2013-04-01,-389.44682043078006,579.0143298319593,94.78375470058964,True
2013-04-02,499.6379749283718,-382.5239256839602,58.5570246222058,True
2013-04-03,-483.6832364298055,832.4367318670619,174.3767477186282,True
2013-04-04,-219.1676357509818,935.8628077813572,358.34758601518774,True
2013-04-05,-943.2685022948626,1195.4861430002443,126.10882035269083,True
2013-04-08,486.4404180724956,-672.0861328552768,-92.82285739139058,True
2013-04-09,98.57069792842539,-65.18364325034418,16.693527339040607,True
2013-04-10,765.853227764203,-1031.0388953255797,-132.59283378068835,True
2013-04-11,27.45060095622432,200.94113594975178,114.19586845298805,True
2013-04-12,-922.204987175383,1230.5511813744595,154.1730970995382,True
2013-04-15,-2063.7717896594395,607.0089331285557,-728.3814282654419,True
2013-04-16,-247.2848416166411,-655.6288380538784,-451.45683983525976,True
2013-04-17,458.5306091337536,480.1372149345387,469.3339120341461,True
2013-04-18,-27.84302975224149,163.04364318763635,67.60030671769744,True
2013-04-19,150.17495464116672,-149.36391787051042,0.40551838532815054,True
2013-04-22,-49.835845975066306,90.35410899970377,20.25913151231873,True
2013-04-23,1145.9244321242618,-218.16014419993888,463.8821439621614,True
2013-04-24,329.29197774170757,156.81702698885312,243.05450236528034,True
2013-04-25,300.40409426312124,-302.3172618729899,-0.9565838049343256,True
2013-04-26,-368.9900459709965,775.1873869172958,203.09867047314967,True
2013-04-29,73.3220038400794,-194.7220563725613,-60.70002626624095,True
2013-04-30,-601.9465744494731,4.330537389482406,-298.80801852999537,True
2013-05-01,-1124.7360339206448,784.0934692528889,-170.32128233387795,True
2013-05-02,1044.9282848271657,-53.951746178226195,495.48826932446974,True
2013-05-03,719.4631787821422,-1942.5963938506245,-611.5666075342411,True
2013-05-06,-83.12089993020818,-249.33951135212058,-166.2302056411644,True
2013-05-07,-395.8861321144301,-318.92660960375304,-357.40637085909157,True
2013-05-08,-739.3749566417681,201.46484257515394,-268.95505703330707,True
2013-05-09,786.1814219405104,-128.2757696265356,328.9528261569874,True
2013-05-10,305.244984332451,-1084.1718422198524,-389.4634289437007,True
2013-05-13,-330.78438429617756,-518.8164852530444,-424.800434774611,True
2013-05-14,-33.369575798116784,-904.6235604443619,-468.99656812123936,True
2013-05-15,134.87694876156195,574.0051076995078,354.44102823053487,True
2013-05-16,-798.5278419422301,969.7923228120881,85.63224043492897,True
2013-05-17,-195.7379686117147,-1134.7792465643204,-665.2586075880175,True
2013-05-20,231.92806140691044,-134.19635580547813,48.865852800716155,True
2013-05-21,-131.7573575353323,622.6797045109347,245.4611734878012,True
2013-05-22,-579.9229599850764,-1512.360632917061,-1046.1417964510688,True
2013-05-23,-397.14068313162716,313.6595528120151,-41.74056515980604,True
2013-05-24,-1671.7035054962312,99.30323697869214,-786.2001342587695,True
2013-05-28,1137.4380919369262,-2378.4616517945215,-620.5117799287976,True
2013-05-29,-1333.5575786768425,928.4739676502122,-202.54180551331513,True
2013-05-30,-651.6380213253019,-90.82965052487542,-371.23383592508867,True
2013-05-31,-751.6144419445542,-450.89357131160284,-601.2540066280785,True
2013-06-03,897.3875438072522,371.04033384101484,634.2139388241335,True
2013-06-04,-1162.9336637111332,-579.1989121236253,-871.0662879173792,True
2013-06-05,-1416.1241999135145,960.348305270974,-227.88794732127025,True
2013-06-06,-706.714128376506,91.78123832686362,-307.46644502482116,True
2013-06-07,25.420362046929785,-1380.618952485129,-677.5992952190996,True
2013-06-10,-457.72648172886346,-406.5473632419902,-432.1369224854268,True
2013-06-11,-1547.0999090789926,669.901992175718,-438.5989584516373,True
2013-06-12,-216.66574800403,-944.5302458739275,-580.5979969389788,True
2013-06-13,1536.8211666841044,1280.9768085059304,1408.8989875950174,True
2013-06-14,-514.5473358656317,35.990532729624405,-239.27840156800363,True
2013-06-17,-227.89425739257044,-415.18887872037493,-321.54156805647267,True
2013-06-18,-1084.9980776784903,-33.6142523568118,-559.3061650176511,True
2013-06-19,-439.4150189831666,-1654.5753052522357,-1046.995162117701,True
2013-06-20,-1190.4571761355498,-1027.4564000837254,-1108.9567881096377,True
2013-06-21,863.8993931236764,-1607.7503102307542,-371.9254585535389,True
2013-06-24,-61.213409022048346,-74.47156533718282,-67.84248717961559,True
2013-06-25,387.1231231577091,-438.7289697539121,-25.80292329810152,True
2013-06-26,961.2274248493079,613.8133634686845,787.5203941589962,True
2013-06-27,61.053762747594575,877.5866925249267,469.3202276362606,True
2013-06-28,-1142.1196750594254,143.83236844084558,-499.1436533092899,True
2013-07-01,767.8892642954409,102.01137379813902,434.95031904678996,True
2013-07-02,-111.941862759654,8.650784243885283,-51.64553925788436,True
2013-07-03,-743.9084229358698,-260.5191593456995,-502.2137911407847,True
2013-07-05,1253.2936552319065,-2536.8881260168027,-641.7972353924481,True
2013-07-08,544.9224906598862,807.4768584032239,676.199674531555,True
2013-07-09,1513.3843270554064,169.59054411218474,841.4874355837956,True
2013-07-10,-1507.0612445744289,-557.8712156972399,-1032.4662301358344,True
2013-07-11,-1063.981747440421,1208.1359418978227,72.07709722870084,True
2013-07-12,-902.8088883862832,-91.88394931507791,-497.34641885068055,True
2013-07-15,548.948197749041,435.7953888248195,492.37179328693026,True
2013-07-16,251.11469797658174,159.08699237224218,205.10084517441197,True
2013-07-17,127.87128527122705,414.5480858423692,271.2096855567981,True
2013-07-18,155.01159445300974,-811.3436829995123,-328.1660442732513,True
2013-07-19,-216.78293682165037,991.9969053220203,387.60698425018495,True
2013-07-22,29.46265797858483,43.705359317051766,36.584008647818294,True
2013-07-23,352.6023163487732,-240.90295584535292,55.849680251710126,True
2013-07-24,-774.1236567946418,-980.4965197796604,-877.3100882871511,True
2013-07-25,-47.06898502936978,103.86076416024812,28.395889565439173,True
2013-07-26,-92.66732418456192,285.9980830553007,96.66537943536939,True
2013-07-29,-363.8889688008286,-420.5186083957397,-392.2037885982842,True
2013-07-30,-1326.0992655814864,-36.6068484332312,-681.3530570073588,True
2013-07-31,-981.1361966812323,182.31013698763007,-399.4130298468011,True
2013-08-01,409.5473611163316,-1382.7452737260976,-486.598956304883,True
2013-08-02,-986.4009775028296,1009.8081036857754,11.703563091472915,True
2013-08-05,275.88297357666687,-497.9113767309657,-111.01420157714941,True
2013-08-06,6.025673948553153,122.73643941705011,64.38105668280163,True
2013-08-07,-585.5113746173084,526.2762261180933,-29.61757424960757,True
2013-08-08,1055.8229672929774,202.38067398132574,629.1018206371516,True
2013-08-09,883.6824976356826,105.25850397439329,494.47050080503794,True
2013-08-12,43.60444474761842,-379.4580726252114,-167.9268139387965,True
2013-08-13,391.7506304594748,-1166.4926821285576,-387.3710258345414,True
2013-08-14,487.1916040352803,118.33797160822225,302.76478782175127,True
2013-08-15,-837.6164534812553,-875.3383035895818,-856.4773785354186,True
2013-08-16,314.83482373950596,-406.9672002389655,-46.06618824972978,True
2013-08-19,-657.6307863134523,-617.9336694768991,-637.7822278951758,True
2013-08-20,-1148.2986128552088,666.4152854805021,-240.94166368735335,True
2013-08-21,-437.95583064615874,-842.3468279429175,-640.1513292945381,True
2013-08-22,199.3944571999865,320.67589926542985,260.0351782327082,True
2013-08-23,-76.79909791339901,790.2013047254635,356.70110340603225,True
2013-08-26,30.701800632137658,319.4078347479541,175.05481769004587,True
2013-08-27,-728.047228968745,854.1720229962597,63.062397013757334,True
2013-08-28,131.46520453422815,-579.9313934409214,-224.2330944533466,True
2013-08-29,757.3930981115117,348.27758077400387,552.8353394427578,True
2013-08-30,-222.24011520240433,-178.9059837484059,-200.57304947540513,True
2013-09-03,1896.8090155113618,-906.8027344704454,495.0031405204582,True
2013-09-04,953.584355471503,-317.0069613117452,318.28869707987894,True
2013-09-05,629.056046765085,-1039.0913055512503,-205.0176293930827,True
2013-09-06,43.84153220076861,614.4179733093638,329.1297527550662,True
2013-09-09,-53.19181823373079,163.2081292841953,55.008155525232254,True
2013-09-10,943.491500488795,-578.3515122700054,182.56999410939483,True
2013-09-11,-235.5376125186779,675.1611550249613,219.81177125314173,True
2013-09-12,-469.7272010059863,-39.63693378434053,-254.68206739516341,True
2013-09-13,-288.5952797499317,229.3325482890663,-29.631365730432705,True
2013-09-16,341.84859680535124,-70.4805389212823,135.68402894203447,True
2013-09-17,260.36464835157835,431.946827167835,346.15573775970665,True
2013-09-18,21.581939311994603,1328.6591418456555,675.1205405788251,True
2013-09-19,-766.0365187257007,-455.8600476148248,-610.9482831702628,True
2013-09-20,-344.50347861364025,254.64017264797235,-44.93165298283395,True
2013-09-23,342.0874161632224,527.6501540106835,434.8687850869529,True
2013-09-24,-272.2341057947773,638.9950586061029,183.38047640566282,True
2013-09-25,-611.938555820555,271.27267575919984,-170.3329400306776,True
2013-09-26,124.72140606651416,-399.53683282158494,-137.4077133775354,True
2013-09-27,-687.0610161936249,184.67649502360723,-251.19226058500885,True
2013-09-30,40.41165227604709,69.02530310995925,54.71847769300317,True
2013-10-01,452.914782596585,-268.1597606534979,92.37751097154353,True
2013-10-02,-589.7034808393686,177.437079893529,-206.13320047291978,True
2013-10-03,-259.51545505850896,41.02798967328883,-109.24373269261007,True
2013-10-04,1058.4685701549408,-228.06061406760014,415.20397804367036,True
2013-10-07,-479.3192769742874,214.21726405276175,-132.55100646076284,True
2013-10-08,-147.48162217158153,-25.55877974964124,-86.52020096061139,True
2013-10-09,562.6139558975493,-423.8301238296747,69.39191603393732,True
2013-10-10,351.82268104841035,-98.59187781416051,126.61540161712492,True
2013-10-11,161.2628877936193,97.11475751152763,129.18882265257346,True
2013-10-14,109.65500087056269,-541.2238136681877,-215.78440639881254,True
2013-10-15,334.48204436037526,-10.606891976261933,161.93757619205667,True
2013-10-16,471.7060790116677,814.0709325813173,642.8885057964925,True
2013-10-17,-544.3748769641833,749.5874943590001,102.6063086974084,True
2013-10-18,286.4093281016301,86.27429388310887,186.34181099236946,True
2013-10-21,-95.51763099888423,-166.95469099628494,-131.2361609975846,True
2013-10-22,-353.7232106554903,916.935900144994,281.6063447447518,True
2013-10-23,-1329.5910523970588,270.75676546258603,-529.4171434672364,True
2013-10-24,-260.347390152787,-291.3861727325207,-275.86678144265386,True
2013-10-25,-324.4570491635424,263.9783436826435,-30.239352740449448,True
2013-10-28,244.14688173648904,-196.69307387753693,23.72690392947605,True
2013-10-29,-423.1477479329645,146.79538337393302,-138.17618227951573,True
2013-10-30,50.89485243937919,-412.5925494355125,-180.84884849806667,True
2013-10-31,1112.4256112375315,-6.305985737858324,553.0598127498366,True
2013-11-01,446.1676046753686,-809.7015214894067,-181.76695840701905,True
2013-11-04,353.9593691378712,198.6185997719795,276.28898445492536,True
2013-11-05,198.79584314026948,-859.7828058878806,-330.4934813738056,True
2013-11-06,191.61662784395506,267.8854118416178,229.75101984278643,True
2013-11-07,-244.5021184603836,564.7341654750737,160.11602350734506,True
2013-11-08,219.49196717873775,-1908.7531011650044,-844.6305669931334,True
2013-11-11,-554.1073128504692,-195.94027374070944,-375.0237932955893,True
2013-11-12,-732.198327672407,119.23931152233152,-306.47950807503776,True
2013-11-13,181.7542403930105,490.00251867336823,335.87837953318933,True
2013-11-14,91.04959320269431,647.6233712297208,369.3364822162075,True
2013-11-15,392.2027760257338,18.565258258708113,205.38401714222096,True
2013-11-18,-173.14378688200392,535.827005807028,181.341609462512,True
2013-11-19,7.623561869509844,-616.3711492345856,-304.37379368253784,True
2013-11-20,152.0537325436584,-1150.46510792943,-499.20568769288576,True
2013-11-21,-1207.72079348465,140.35787587431534,-533.6814588051673,True
2013-11-22,-1163.7065265042381,617.5453402416689,-273.0805931312846,True
2013-11-25,258.44087301106714,182.87265596993322,220.65676449050017,True
2013-11-26,-693.6470049583335,330.3599288225773,-181.6435380678781,True
2013-11-27,-388.8276022595125,-255.12396314112937,-321.9757827003209,True
2013-11-29,54.50485113390204,-36.47067972124702,9.017085706327507,True
2013-12-02,246.24989851562637,-671.7164936433367,-212.73329756385516,True
2013-12-03,-438.80314385189564,293.4293812922264,-72.68688127983461,True
2013-12-04,-1065.6291584940896,-755.9373865914472,-910.7832725427684,True
2013-12-05,-402.8874418662439,-316.7632492230835,-359.8253455446637,True
2013-12-06,323.06690492087154,265.36788722566143,294.2173960732665,True
2013-12-09,164.61124707793275,191.16168959324648,177.8864683355896,True
2013-12-10,25.360867274168363,629.3959625119662,327.3784148930673,True
2013-12-11,-1087.2456294232525,-625.3411958730028,-856.2934126481276,True
2013-12-12,-535.9859973813794,-387.9535544910166,-461.969775936198,True
2013-12-13,434.4589118599322,317.65345931979346,376.0561855898628,True
2013-12-16,-446.4295662603428,-188.8441458821071,-317.636856071225,True
2013-12-17,-863.2674956126131,439.963677899121,-211.65190885674602,True
2013-12-18,760.2948292907836,-510.88308831700823,124.70587048688768,True
2013-12-19,694.9134079453019,-381.5234888270406,156.69495955913064,True
2013-12-20,262.88601427306895,871.8519109992666,567.3689626361678,True
2013-12-23,101.23125209406908,-488.71473097798696,-193.74173944195894,True
2013-12-24,118.07557763162156,-640.9976673017893,-261.4610448350839,True
2013-12-26,11.9776454398391,-225.8389451092409,-106.9306498347009,True
2013-12-27,-694.6359806456836,-163.78916836565855,-429.2125745056711,True
2013-12-30,181.10014125484952,498.51182088645925,339.8059810706544,True
2013-12-31,797.1572825794831,-624.8089745695136,86.17415400498476,True
2014-01-02,23.12211177844865,440.147523863554,231.63481782100132,True
2014-01-03,920.5816124058155,-52.75356966115992,433.9140213723278,True
2014-01-06,-261.0436677353834,424.10475656500836,81.53054441481248,True
2014-01-07,-269.5375677447379,247.51495253359937,-11.011307605569257,True
2014-01-08,97.44306701886995,-543.1804974028323,-222.86871519198118,True
2014-01-09,-642.7474562112299,476.73927491125795,-83.00409064998595,True
2014-01-10,-81.62043708792893,1241.3069647131256,579.8432638125984,True
2014-01-13,-43.1988932174406,463.14646831073225,209.97378754664584,True
2014-01-14,-503.7342335255117,-523.1895372299502,-513.4618853777309,True
2014-01-15,328.74484364677835,-123.04307580165606,102.85088392256114,True
2014-01-16,-1123.1991859765074,528.5893881387301,-297.3048989188886,True
2014-01-17,23.600042909090803,385.9126356963033,204.75633930269706,True
2014-01-21,335.9322855479009,-62.808719409905045,136.56178306899793,True
2014-01-22,145.6846586209313,-347.035301751919,-100.67532156549386,True
2014-01-23,-2622.668207948034,1191.7616267923095,-715.4532905778622,True
2014-01-24,-1242.0233778322608,628.1181857441736,-306.9525960440436,True
2014-01-27,718.4727287348444,-563.2258336301252,77.62344755235961,True
2014-01-28,203.95619827984424,232.60600447990672,218.28110137987548,True
2014-01-29,-873.9519499798814,762.3552811735218,-55.79833440317981,True
2014-01-30,1468.0332719895441,-207.90014339024748,630.0665642996483,True
2014-01-31,-171.67031683048805,627.1572563408382,227.74346975517508,True
2014-02-03,-996.063626450353,991.4196825869969,-2.3219719316780356,True
2014-02-04,1982.0838706398367,-740.3581955933347,620.8628375232511,True
2014-02-05,-352.3267806362237,-730.8938798975394,-541.6103302668815,True
2014-02-06,428.6153399309994,-355.5125967465279,36.55137159223577,True
2014-02-07,-38.80054665970583,268.7147355415766,114.95709444093538,True
2014-02-10,-254.3662463470286,168.6916032320298,-42.83732155749941,True
2014-02-11,1171.4522515789342,-644.4356089086111,263.50832133516155,True
2014-02-12,243.14832983067154,-438.14487767753536,-97.49827392343191,True
2014-02-13,-840.7148260631229,666.9291055781598,-86.89286024248156,True
2014-02-14,80.52971702505445,-34.60763812240297,22.961039451325743,True
2014-02-18,-68.63409154566625,315.017177314672,123.19154288450287,True
2014-02-19,-775.4618425301925,-360.26547519574876,-567.8636588629706,True
2014-02-20,164.54142425483988,-204.1734439347867,-19.816009839973404,True
2014-02-21,-470.65240734525105,348.2948902707366,-61.17875853725724,True
2014-02-24,822.0410220209654,-199.52287622795959,311.2590728965029,True
2014-02-25,-478.99132460184245,700.8749032286728,110.94178931341517,True
2014-02-26,-106.36514088931986,494.3598600987812,193.99735960473066,True
2014-02-27,-365.7854813728141,347.75035386742735,-9.017563752693377,True
2014-02-28,-920.3030344490534,-60.36031577066953,-490.33167510986146,True
2014-03-03,182.42115658145323,726.7951447405408,454.608150660997,True
2014-03-04,722.5218824115033,-1426.4014813991662,-351.93979949383146,True
2014-03-05,543.8607596377652,201.32787649232066,372.59431806504296,True
2014-03-06,552.5543428981971,-866.7042728341562,-157.07496496797955,True
2014-03-07,-616.6630492541294,-700.2987858039961,-658.4809175290627,True
2014-03-10,-440.1866413924393,167.97156714006456,-136.10753712618737,True
2014-03-11,-499.7428009012244,216.42904175567182,-141.6568795727763,True
2014-03-12,-336.6793467077027,695.7727766500564,179.54671497117684,True
2014-03-13,194.6546648653531,1183.736234464828,689.1954496650906,True
2014-03-14,-480.8841046241978,17.627185343698006,-231.6284596402499,True
2014-03-17,778.9706973620578,-725.4418552144823,26.76442107378773,True
2014-03-18,-195.08877813502485,398.98029566170044,101.94575876333779,True
2014-03-19,107.76813545160503,-1232.0768568492572,-562.154360698826,True
2014-03-20,178.70389210651598,-65.58203003368887,56.56093103641356,True
2014-03-21,187.6600784865065,686.1686732159678,436.9143758512372,True
2014-03-24,233.36426194185313,372.572332117077,302.9682970294651,True
2014-03-25,624.5635199469407,-232.89779761151397,195.83286116771336,True
2014-03-26,821.5407551963934,763.9264003648544,792.7335777806239,True
2014-03-27,696.8705712872551,328.6070814830586,512.7388263851568,True
2014-03-28,110.78695294865689,-594.851700065222,-242.03237355828253,True
2014-03-31,141.8333741777396,-107.73898987096308,17.047192153388266,True
2014-04-01,-26.91483340277864,-598.0046075237397,-312.45972046325915,True
2014-04-02,294.4062438120756,-662.0437701249085,-183.81876315641645,True
2014-04-03,321.6411681365068,267.77870808490053,294.70993811070366,True
2014-04-04,386.0421019051829,868.505744580507,627.273923242845,True
2014-04-07,-527.6631002298311,494.27538804190914,-16.69385609396099,True
2014-04-08,15.923844587929679,235.8288430917707,125.8763438398502,True
2014-04-09,205.9586994677564,-257.88838633008953,-25.96484343116657,True
2014-04-10,-537.7188402941623,816.1001329380466,139.19064632194215,True
2014-04-11,-307.2349365993347,564.7874189635372,128.77624118210127,True
2014-04-14,753.1599653650263,-263.8877094358113,244.6361279646075,True
2014-04-15,-484.80334179369095,398.3443738018006,-43.22948399594517,True
2014-04-16,320.8572896097398,-82.4817252320308,119.1877821888545,True
2014-04-17,-156.81374567223875,-1026.0822623975455,-591.4480040348922,True
2014-04-21,256.42281822463207,-56.20489866724979,100.10895977869114,True
2014-04-22,242.9708222736825,121.73930537111848,182.3550638224005,True
2014-04-23,-841.0809228741622,498.61102177716396,-171.2349505484991,True
2014-04-24,-336.77744039641226,61.86086786247155,-137.45828626697036,True
2014-04-25,-77.1672022999119,191.5592615062724,57.19602960318025,True
2014-04-28,46.2190845768675,-360.16213570451356,-156.97152556382304,True
2014-04-29,667.0350554822542,16.45678231137628,341.7459188968152,True
2014-04-30,-321.5884516924347,433.98701875977144,56.199283533668364,True
2014-05-01,-174.34311715229452,757.5962402295619,291.62656153863367,True
2014-05-02,-229.6315452354466,449.4321300457382,109.90029240514579,True
2014-05-05,30.263870355029646,-357.4039837323065,-163.5700566886384,True
2014-05-06,473.59689954756413,314.09186978615304,393.84438466685856,True
2014-05-07,95.71545060477936,-100.83231935438097,-2.558434374800804,True
2014-05-08,829.5144754909466,-108.45306030563,360.53070759265825,True
2014-05-09,280.89387002951804,-236.6121929594819,22.140838535018077,True
2014-05-12,347.12741422455133,-458.1946922703875,-55.533639022918095,True
2014-05-13,166.69065935285178,812.4640950376969,489.5773771952743,True
2014-05-14,-1.302587832478335,984.9239989981478,491.8107055828347,True
2014-05-15,-219.2000298421849,746.0979603782602,263.4489652680376,True
2014-05-16,314.8859567268587,-347.17944426224483,-16.146743767693067,True
2014-05-19,-360.822253293939,-490.99217359644973,-425.9072134451944,True
2014-05-20,-816.678939558228,393.9242056722679,-211.37736694298005,True
2014-05-21,66.84422269275004,-454.83955053452087,-193.99766392088543,True
2014-05-22,231.5308215910183,-174.86953702138302,28.330642284817642,True
2014-05-23,369.82011469273374,464.5088055239442,417.164460108339,True
2014-05-27,348.01666963223846,319.4457205696022,333.73119510092033,True
2014-05-28,-227.66403295175832,1151.738082340672,462.0370246944568,True
2014-05-29,642.0356502444926,-386.4939808235799,127.77083471045634,True
2014-05-30,-192.82162101281975,-97.04634403802308,-144.9339825254214,True
2014-06-02,-136.77406963700224,-821.0869598081491,-478.9305147225757,True
2014-06-03,-80.3584997355745,-1145.7700668496866,-613.0642832926305,True
2014-06-04,200.9473190262044,-95.50545335605882,52.720932835072794,True
2014-06-05,-83.72297499448827,175.84163557599007,46.0593302907509,True
2014-06-06,128.00528613806233,-81.94610781991952,23.029589159071406,True
2014-06-09,731.2157014300728,-225.47332382830817,252.87118880088235,True
2014-06-10,289.1964866402803,-368.8403896472892,-39.821951503504465,True
2014-06-11,291.9823159260366,233.7162135703258,262.8492647481812,True
2014-06-12,-18.549687002088202,855.6589196449735,418.55461632144267,True
2014-06-13,370.48803959050286,-231.09083518848976,69.69860220100655,True
2014-06-16,-302.0071759292258,124.84519672095885,-88.58098960413348,True
2014-06-17,-294.4796863654736,-836.5731003984363,-565.5263933819549,True
2014-06-18,214.56517281859414,940.7732883024684,577.6692305605312,True
2014-06-19,-42.558773313578435,-907.3819359988227,-474.9703546562005,True
2014-06-20,447.65846010629036,502.0469246445133,474.85269237540183,True
2014-06-23,128.0281108023006,-228.57478013813846,-50.27333466791893,True
2014-06-24,-503.7236763635567,937.7891659067838,217.03274477161352,True
2014-06-25,133.4855881912599,230.84734678651347,182.16646748888667,True
2014-06-26,282.0387003718279,514.5671288666613,398.3029146192446,True
2014-06-27,-117.96969698165542,-75.19499900256241,-96.58234799210891,True
2014-06-30,-434.12798383105866,204.9303172779834,-114.59883327653763,True
2014-07-01,1095.880395116538,-765.5708130428718,165.1547910368331,True
2014-07-02,-390.9981959013677,-986.9237485033294,-688.9609722023486,True
2014-07-03,182.51612815474297,-406.081148906714,-111.78251037598552,True
2014-07-07,-351.9227934228935,637.4442107109427,142.7607086440246,True
2014-07-08,39.987511161933305,1068.1287912473224,554.0581512046278,True
2014-07-09,43.84595350371417,61.47725987556896,52.661606689641566,True
2014-07-10,-84.85263520280573,246.1148276390639,80.63109621812907,True
2014-07-11,-453.3464430112568,503.00540366577894,24.82948032726108,True
2014-07-14,108.37690676270782,-461.32389062841906,-176.4734919328556,True
2014-07-15,216.67830701983664,-198.35750013671654,9.16040344156005,True
2014-07-16,276.9313047212928,428.10563554196955,352.51847013163115,True
2014-07-17,-543.0635493948829,1272.65537402536,364.7959123152386,True
2014-07-18,592.2639098837109,-383.9135031909337,104.1752033463886,True
2014-07-21,-137.66968264650782,283.8759167139731,73.10311703373263,True
2014-07-22,597.5576348232588,242.34370205095624,419.95066843710754,True
2014-07-23,641.0517395417106,-76.53373546990478,282.25900203590294,True
2014-07-24,-297.41105864468517,-819.9770406028047,-558.694049623745,True
2014-07-25,-298.1146464293376,1020.4792830346979,361.1823183026802,True
2014-07-28,180.67572462153694,-196.22419643643818,-7.774235907450617,True
2014-07-29,-123.94305853165635,331.59544160885616,103.82619153859991,True
2014-07-30,-131.49554559834482,-1471.2755721879018,-801.3855588931233,True
2014-07-31,-362.0644341576482,-182.71900493603565,-272.3917195468419,True
2014-08-01,-452.10080165031854,1033.347514883551,290.6233566166162,True
2014-08-04,374.9808174093571,-65.7253273394641,154.62774503494649,True
2014-08-05,-158.92293053399877,210.3494771431089,25.713273304555074,True
2014-08-06,153.46202389244365,123.46203528269578,138.4620295875697,True
2014-08-07,-523.1178145663525,945.1358022682366,211.00899385094203,True
2014-08-08,-673.0440430698504,-198.9623700944581,-436.00320658215423,True
2014-08-11,326.51724798711945,-56.25079472880742,135.133226629156,True
2014-08-12,259.1051820689097,-473.193446669359,-107.04413230022465,True
2014-08-13,261.64886361474913,672.5970464551052,467.12295503492714,True
2014-08-14,100.59983261872847,610.9647815158247,355.7823070672766,True
2014-08-15,-288.6681998385289,967.3276149786636,339.3297075700674,True
2014-08-18,567.591771354684,-825.8976861581089,-129.1529574017124,True
2014-08-19,-122.87926166557475,-264.75848991490346,-193.8188757902391,True
2014-08-20,601.1614365070894,-400.50116127322843,100.3301376169305,True
2014-08-21,10.42434789384988,501.97670068501037,256.2005242894301,True
2014-08-22,344.6874648461713,282.7259569040689,313.70671087512005,True
2014-08-25,44.87049167579834,266.069630987722,155.47006133176018,True
2014-08-26,421.94601566656837,-178.6963130260645,121.62485132025193,True
2014-08-27,380.2462810426338,716.3773881035338,548.3118345730838,True
2014-08-28,192.81229858745206,400.43034839809275,296.6213234927724,True
2014-08-29,255.89327169150366,42.979578861294,149.43642527639884,True
2014-09-02,-333.02237487795094,-1537.5775061850156,-935.2999405314833,True
2014-09-03,523.2552981816975,446.00270187798924,484.6290000298434,True
2014-09-04,2090.798804066982,-1021.832841409117,534.4829813289325,True
2014-09-05,133.40746974960751,-62.79938143091292,35.3040441593473,True
2014-09-08,-822.1852186829549,-99.5855102182431,-460.885364450599,True
2014-09-09,-1148.5949800947274,-304.18958183321104,-726.3922809639691,True
2014-09-10,548.7983289293448,-606.3366047374428,-28.76913790404899,True
2014-09-11,-1171.3197460283493,-311.1464525091428,-741.2330992687461,True
2014-09-12,-867.0408849908594,-961.9300638108219,-914.4854744008406,True
2014-09-15,137.9626141970324,287.4311387320822,212.6968764645573,True
2014-09-16,755.9743456896523,-238.04202048344646,258.96616260310293,True
2014-09-17,-85.12701232833295,-418.945056981048,-252.0360346546905,True
2014-09-18,-191.6937864034245,82.97975881928707,-54.35701379206871,True
2014-09-19,337.140899758094,1077.8057876924495,707.4733437252718,True
2014-09-22,-1438.397407586188,306.37006668840314,-566.0136704488924,True
2014-09-23,-3.0469764477463124,556.5158886291572,276.73445609070546,True
2014-09-24,1130.2637319604694,-601.2112762276902,264.5262278663896,True
2014-09-25,-857.3729635269243,1153.3930827448494,148.01005960896254,True
2014-09-26,283.19529429264446,-317.12687636293936,-16.965791035147447,True
2014-09-29,-413.5396431444269,770.2025435237249,178.331450189649,True
2014-09-30,662.9416422868198,-384.47186142736683,139.2348904297265,True
2014-10-01,-31.40793353850254,1939.75958631358,954.1758263875388,True
2014-10-02,154.34549401336884,-762.822593239411,-304.2385496130211,True
2014-10-03,158.14124262003162,173.14951203642354,165.6453773282276,True
2014-10-06,10.210089594203204,216.58373528151103,113.39691243785711,True
2014-10-07,61.479182916695656,1325.9493219817073,693.7142524492015,True
2014-10-08,-29.19900959952179,417.96245959760506,194.38172499904164,True
2014-10-09,-542.90338577012,-407.50416438769287,-475.20377507890646,True
2014-10-10,-546.1141330093293,929.055984709222,191.47092584994635,True
2014-10-13,-141.0211185080986,894.0067047066593,376.49279309928033,True
2014-10-14,-884.310475082684,544.135797584443,-170.08733874912048,True
2014-10-15,-317.8790557893038,1031.5569928227644,356.83896851673035,True
2014-10-16,-397.03683916293284,-620.3416607883503,-508.6892499756416,True
2014-10-17,492.8744245964174,-604.8827103144173,-56.004142858999955,True
2014-10-20,-148.76444981077364,338.12655443429696,94.68105231176166,True
2014-10-21,959.2197200765072,-699.8068663263344,129.70642687508638,True
2014-10-22,533.878243944289,19.556011530370984,276.71712773733,True
2014-10-23,-15.172154178265426,-906.1658134386305,-460.66898380844793,True
2014-10-24,245.55994003457644,146.43077684456327,195.99535843956986,True
2014-10-27,-396.99229061887354,208.49705440067618,-94.24761810909868,True
2014-10-28,592.5107732547004,-585.1532561723044,3.6787585411980217,True
2014-10-29,346.8015717045705,-272.0175672453467,37.392002229611904,True
2014-10-30,726.1082671768296,160.77449462570138,443.44138090126546,True
2014-10-31,595.5964843497801,-311.1770371661614,142.20972359180934,True
2014-11-03,-870.8594008486454,-46.52624633521509,-458.6928235919302,True
2014-11-04,-395.3012563837829,138.54301845427344,-128.37911896475475,True
2014-11-05,-501.53766640120324,-37.36467704032363,-269.45117172076345,True
2014-11-06,670.9800082096444,-639.6438601254088,15.668074042117837,True
2014-11-07,70.03027945750546,1243.050829400215,656.5405544288602,True
2014-11-10,15.094368564242316,-881.9767018563116,-433.4411666460346,True
2014-11-11,497.6897996303959,42.56710712526664,270.12845337783125,True
2014-11-12,605.3438092974018,-81.7432859212808,261.80026168806046,True
2014-11-13,-813.2811482149436,288.5072462994825,-262.38695095773056,True
2014-11-14,318.3179151640491,460.36307778446144,389.34049647425525,True
2014-11-17,317.5310411004638,-243.9137160565511,36.808662521956364,True
2014-11-18,-800.6469709751946,256.16897284129834,-272.2389990669481,True
2014-11-19,-1171.7747428922446,-592.6007549425051,-882.1877489173748,True
2014-11-20,403.81680767592513,445.8600875553843,424.83844761565473,True
2014-11-21,2180.0217533978134,504.97551193497065,1342.498632666392,True
2014-11-24,-1078.7562607000598,163.07734459277947,-457.83945805364016,True
2014-11-25,-998.7967386535777,665.1040963467532,-166.84632115341225,True
2014-11-26,-68.5512083040597,314.53656021382113,122.99267595488072,True
2014-11-28,-547.113787449283,797.2341824380497,125.06019749438337,True
2014-12-01,114.17792613395916,-547.9590881615278,-216.89058101378433,True
2014-12-02,219.81029150908466,-988.2415792164086,-384.21564385366196,True
2014-12-03,565.1156569052615,238.67822243082526,401.8969396680434,True
2014-12-04,-1053.385213971474,815.2196777530929,-119.08276810919057,True
2014-12-05,294.46584541946925,-921.5140433543087,-313.5240989674197,True
2014-12-08,-785.9960756235769,988.2280790753897,101.11600172590641,True
2014-12-09,-542.1880862262192,674.4257082174311,66.11881099560594,True
2014-12-10,-748.14842093337,877.4056747912854,64.62862692895771,True
2014-12-11,-244.88866114159094,15.248572953682391,-114.82004409395428,True
2014-12-12,-975.6920222850231,1603.8901391562172,314.09905843559704,True
2014-12-15,-867.487943815659,-514.1374737217792,-690.8127087687192,True
2014-12-16,-645.8947087515302,1191.4385965484903,272.77194389848006,True
2014-12-17,992.7181110687799,-1230.3667631975945,-118.82432606440733,True
2014-12-18,1410.949358966452,-1528.1672900928415,-58.608965563194715,True
2014-12-19,520.195500141558,1089.6525741565254,804.9240371490416,True
2014-12-22,-269.5618627853475,67.57281538312226,-100.99452370111263,True
2014-12-23,194.1241877478339,-1928.8927119149562,-867.3842620835611,True
2014-12-24,-42.991948046420504,354.4965077432645,155.752279848422,True
2014-12-26,260.8528957898887,336.05008867007274,298.4514922299807,True
2014-12-29,400.4691877813637,759.8064758380248,580.1378318096943,True
2014-12-30,458.40634552505827,263.73162320854107,361.06898436679967,True
2014-12-31,341.4078886237066,223.3105123711934,282.35920049745,True
2015-01-02,-339.69857474638127,1120.002490388272,390.15195782094537,True
2015-01-05,461.2279429760311,1265.6687460800447,863.4483445280379,True
2015-01-06,-153.75640391613405,1424.5805476039036,635.4120718438847,True
2015-01-07,517.6208197975499,-103.30061576446843,207.16010201654072,True
2015-01-08,945.7898549982624,-964.7340959064821,-9.47212045410987,True
2015-01-09,143.62743318461452,947.7004502725368,545.6639417285757,True
2015-01-12,-841.059842039348,585.6549669371183,-127.70243755111488,True
2015-01-13,732.228872141084,88.61883683942506,410.42385449025454,True
2015-01-14,-229.41340064635256,770.9762731511838,270.78143625241563,True
2015-01-15,-12790.452742599315,1500.9194909356124,-5644.766625831851,True
2015-01-16,-695.5616946673065,-1259.9904181666745,-977.7760564169905,True
2015-01-20,818.4595098477067,794.695882533171,806.5776961904389,True
2015-01-21,-3643.5074252017052,-957.10013805775,-2300.3037816297274,True
2015-01-22,1334.7514654318795,-394.3331128231491,470.2091763043652,True
2015-01-23,-90.105345400619,1230.6214229646268,570.258038782004,True
2015-01-26,1926.8753655862893,-351.71740649317843,787.5789795465554,True
2015-01-27,-171.8675925674034,199.85960364093685,13.99600553676673,True
2015-01-28,42.237578474137514,1446.6232235520192,744.4304010130784,True
2015-01-29,-441.10793008857956,-625.5047960759601,-533.3063630822699,True
2015-01-30,-670.4456935739795,1608.9947943084132,469.2745503672169,True
2015-02-02,1092.1038602665365,-294.8963018696632,398.60377919843665,True
2015-02-03,1.6379496799528213,-1449.210175170874,-723.7861127454606,True
2015-02-04,-212.64732983192349,194.61481840808722,-9.016255711918134,True
2015-02-05,233.71912269995866,-693.6222715064148,-229.95157440322805,True
2015-02-06,193.8333411449102,-1543.9430816980455,-675.0548702765676,True
2015-02-09,33.75587604544995,-95.67333347555788,-30.958728715053965,True
2015-02-10,-185.59765455659345,-491.116452668385,-338.35705361248927,True
2015-02-11,-182.04560452238914,37.4754245973826,-72.28508996250326,True
2015-02-12,136.50582239916133,-90.6665407297353,22.919640834713014,True
2015-02-13,307.75783810153575,-643.1435252038983,-167.69284355118128,True
2015-02-17,424.16805350105216,-1118.4941090849036,-347.16302779192574,True
2015-02-18,181.11308595395715,601.5734175252356,391.3432517395964,True
2015-02-19,57.94807231445572,-443.8962041978791,-192.9740659417117,True
2015-02-20,-183.65626064311897,61.48617537249702,-61.08504263531097,True
2015-02-23,189.67515846693473,786.799244200849,488.23720133389185,True
2015-02-24,221.32971866847438,1011.0281901488233,616.1789544086489,True
2015-02-25,261.4601416754696,231.78644163376242,246.623291654616,True
2015-02-26,-110.199138766058,-974.7434519961075,-542.4712953810828,True
2015-02-27,138.04126933905798,590.9444851656934,364.4928772523757,True
2015-03-02,-63.86310123344941,-1279.71775618469,-671.7904287090697,True
2015-03-03,361.9365695556411,-290.9450401514375,35.49576470210178,True
2015-03-04,364.5513889992368,68.37213279446503,216.4617608968509,True
2015-03-05,112.69473683616731,-1.0737340581789037,55.810501388994204,True
2015-03-06,287.4781268513537,-1550.0148546037763,-631.2683638762113,True
2015-03-09,39.76534307988806,675.9412535303999,357.853298305144,True
2015-03-10,192.7857982977112,782.2492178421564,487.5175080699338,True
2015-03-11,308.9619782628498,389.92179513148716,349.44188669716846,True
2015-03-12,257.87629939507633,46.8157011669122,152.34600028099428,True
2015-03-13,-168.5974426331311,-221.38042951043124,-194.98893607178115,True
2015-03-16,31.47867721315454,600.1693186654254,315.82399793929,True
2015-03-17,-244.92474075356157,445.4436912229716,100.25947523470502,True
2015-03-18,-331.62145145347966,1548.2394385444059,608.3089935454631,True
2015-03-19,-167.37065743127093,-536.6920415449623,-352.03134948811663,True
2015-03-20,97.59766503676951,495.0130325597203,296.3053487982449,True
2015-03-23,-121.686443268938,56.22533488685579,-32.73055419104111,True
2015-03-24,-261.767670384266,568.9068235503829,153.56957658305845,True
2015-03-25,-178.16029624546326,-624.0208509474243,-401.09057359644373,True
2015-03-26,198.06753964072917,-972.8863851340125,-387.40942274664167,True
2015-03-27,-613.4212849254054,730.6512136420508,58.61496435832271,True
2015-03-30,-130.42757821671708,-179.94287323349866,-155.18522572510787,True
2015-03-31,168.32574004674782,272.3863232599094,220.3560316533286,True
2015-04-01,-314.89742978882214,818.7386875906491,251.92062890091347,True
2015-04-02,-612.9666674379891,-566.5888716307842,-589.7777695343866,True
2015-04-06,69.63938850195028,-92.4196845023223,-11.39014800018601,True
2015-04-07,764.3111275218257,342.9195237271737,553.6153256244997,True
2015-04-08,400.4817430575884,-57.79880500896761,171.34146902431038,True
2015-04-09,521.6135130360434,-735.0509694433225,-106.71872820363956,True
2015-04-10,-52.72599509044773,28.826222079128947,-11.949886505659393,True
2015-04-13,-459.22695695981986,196.86513535233968,-131.1809108037401,True
2015-04-14,45.63643574554068,456.26615109933266,250.95129342243666,True
2015-04-15,83.28338747846318,12.470395306606893,47.876891392535036,True
2015-04-16,288.4403983680153,-112.93910426405617,87.75064705197956,True
2015-04-17,-405.9327790468476,534.5831479195749,64.32518443636366,True
2015-04-20,12.520674645546832,-432.1260715265534,-209.8026984405033,True
2015-04-21,-53.014916968497964,-308.3584630132854,-180.6866899908917,True
2015-04-22,1194.2615887892832,-941.5638988424093,126.34884497343694,True
2015-04-23,-797.2684597381765,370.37982750155373,-213.44431611831138,True
2015-04-24,293.1751508678715,468.68662422670786,380.9308875472897,True
2015-04-27,336.1057133516336,-115.64050072991418,110.23260631085971,True
2015-04-28,809.6309627655965,-803.8462268362658,2.8923679646653113,True
2015-04-29,-798.354706275205,-685.3844928991766,-741.8695995871908,True
2015-04-30,-1195.2024946057322,38.19269104569027,-578.504901780021,True
2015-05-01,-677.0439521436998,-860.3467358658382,-768.695344004769,True
2015-05-04,208.22506915108468,-495.95535484452506,-143.86514284672018,True
2015-05-05,170.3424428093081,-185.34947215848757,-7.503514674589738,True
2015-05-06,-546.9248735630821,-993.3049531665652,-770.1149133648237,True
2015-05-07,59.99162491721869,813.2047795831248,436.59820225017177,True
2015-05-08,1041.9889091392688,407.105152209795,724.5470306745319,True
2015-05-11,330.09804840870515,-1646.1064196823422,-658.0041856368185,True
2015-05-12,246.35050570020138,151.69137142574166,199.02093856297154,True
2015-05-13,-122.45045653026881,-386.5386040681724,-254.4945302992206,True
2015-05-14,-441.6035128569149,370.4034848034443,-35.600014026735295,True
2015-05-15,-209.88507904322591,1280.5361933107342,535.3255571337542,True
2015-05-18,277.09177053278813,-1132.0765183112026,-427.4923738892072,True
2015-05-19,321.7026412852842,-668.8163370869485,-173.55684790083214,True
2015-05-20,-41.012514514916255,235.59588868108122,97.29168708308248,True
2015-05-21,200.0449033010538,970.681768687531,585.3633359942924,True
2015-05-22,-92.16601848185915,-168.6959988073288,-130.431008644594,True
2015-05-26,102.68365480245953,1100.6011689592003,601.64241188083,True
2015-05-27,-235.8143955716466,34.03100803852203,-100.89169376656228,True
2015-05-28,-828.0821582157513,-9.13945624239611,-418.6108072290737,True
2015-05-29,-324.98289799576753,122.38159473639402,-101.30065162968675,True
2015-06-01,-1.3440742255114588,-735.4539973972795,-368.3990358113955,True
2015-06-02,88.64640549424699,-994.9604891203538,-453.1570418130534,True
2015-06-03,-255.86061812920735,-1185.8329427304543,-720.8467804298308,True
2015-06-04,-649.6348084797415,801.7414326653718,76.05331209281513,True
2015-06-05,481.15179212695534,-958.3841282339408,-238.61616805349274,True
2015-06-08,-464.0881403800683,76.35010281546867,-193.8690187822998,True
2015-06-09,176.86364062932964,-510.1759135920331,-166.65613648135172,True
2015-06-10,480.2104976965708,-582.8845749061416,-51.33703860478536,True
2015-06-11,263.8135349347158,1297.2893902499616,780.5514625923387,True
2015-06-12,-409.0487278916226,-44.83762825729209,-226.94317807445734,True
2015-06-15,180.6168228928186,238.67628275711849,209.64655282496852,True
2015-06-16,130.58726128908484,552.5499546276801,341.5686079583825,True
2015-06-17,-517.2834668095047,-205.60311772665267,-361.4432922680787,True
2015-06-18,273.79468628227994,-218.25058689314545,27.772049694567244,True
2015-06-19,-442.3846477757665,831.1205409240985,194.36794657416598,True
2015-06-22,-57.83568699719497,-1317.2736583104775,-687.5546726538362,True
2015-06-23,1024.185065137641,-432.3328102649634,295.9261274363388,True
2015-06-24,-413.6264786264833,510.4380377216436,48.40577954758015,True
2015-06-25,463.6735684198649,-307.01214726648965,78.33071057668764,True
2015-06-26,-485.19850836973546,-736.892640370971,-611.0455743703533,True
2015-06-29,-681.6551326137455,1763.8109162498395,541.077891818047,True
2015-06-30,592.637901238145,-439.3193499580105,76.65927564006725,True
2015-07-01,248.64480685788976,-849.6025464233172,-300.47886978271373,True
2015-07-02,-328.6213135350321,349.86301831465283,10.62085238981038,True
2015-07-06,-1116.3705862047098,1056.9247388894453,-29.722923657632236,True
2015-07-07,-222.21404020022263,470.04105862295233,123.91350921136485,True
2015-07-08,-604.2246364136963,540.60670849983,-31.808963956933155,True
2015-07-09,550.3651680657489,-1085.3357464727767,-267.4852892035139,True
2015-07-10,-509.67905319667886,-966.6607657050116,-738.1699094508452,True
2015-07-13,567.6463831013468,-282.6372166248938,142.5045832382265,True
2015-07-14,80.04490162026173,322.4490557845625,201.24697870241212,True
2015-07-15,-337.5578836807014,588.6428942095748,125.5425052644367,True
2015-07-16,570.3292336178598,180.2912057405752,375.31021967921754,True
2015-07-17,69.81172597034396,161.61399375019795,115.71285986027095,True
2015-07-20,83.72908354182341,-268.08331944720504,-92.17711795269082,True
2015-07-21,-183.04766417575044,358.27450685663626,87.61342134044291,True
2015-07-22,-310.43792329719236,274.3435813092164,-18.047170993987976,True
2015-07-23,-441.70808265508055,663.1264803545969,110.70919884975817,True
2015-07-24,-228.990830952771,141.24275419252075,-43.87403838012513,True
2015-07-27,-374.5077185187781,394.9133383432593,10.202809912240582,True
2015-07-28,725.4885013370322,-419.2316883243589,153.12840650633663,True
2015-07-29,254.43984360414174,-212.01725324953551,21.211295177303114,True
2015-07-30,63.92909825691341,311.44834294790775,187.68872060241057,True
2015-07-31,-376.70368869118425,636.8196439451143,130.05797762696503,True
2015-08-03,-162.64533491078544,529.2794583516684,183.31706172044147,True
2015-08-04,1417.5913618691548,-631.4815355510707,393.05491315904203,True
2015-08-05,-160.15522288225608,-521.9748939761892,-341.06505842922263,True
2015-08-06,82.25731959377858,537.431569378857,309.8444444863178,True
2015-08-07,397.0380586137273,703.8404101379546,550.4392343758409,True
2015-08-10,266.6922070592412,-694.3698703741577,-213.83883165745826,True
2015-08-11,-786.0310990101971,986.5077278240597,100.2383144069313,True
2015-08-12,-288.2690256391709,-198.34432590269464,-243.30667577093277,True
2015-08-13,-203.19926213583935,-296.1216192651977,-249.6604407005185,True
2015-08-14,185.04501363965224,-3.968053775599799,90.53847993202622,True
2015-08-17,84.72458513271559,273.6772391967562,179.20091216473588,True
2015-08-18,0.18825741646195526,-364.6393020915755,-182.22552233755675,True
2015-08-19,-1000.8998069887341,762.8946937348613,-119.00255662693638,True
2015-08-20,-539.7248586574232,516.8316818304189,-11.446588413502127,True
2015-08-21,-1475.9893507598777,392.245484368025,-541.8719331959263,True
2015-08-24,-3108.1173443031425,114.26486567405188,-1496.9262393145452,True
2015-08-25,219.09035141560318,-908.4901210633968,-344.6998848238968,True
2015-08-26,986.561498209401,-1060.2949114126384,-36.866706601618716,True
2015-08-27,1613.904636969333,-24.162110471679018,794.8712632488271,True
2015-08-28,-15.138936942329522,105.9510364627298,45.40604976020014,True
2015-08-31,-101.50242306424519,-365.68372319570807,-233.59307312997663,True
2015-09-01,-1690.2903933357059,556.9180747037685,-566.6861593159687,True
2015-09-02,782.8771108756794,-485.1153617702055,148.88087455273694,True
2015-09-03,153.5030183725275,344.9224452220811,249.2127317973043,True
2015-09-04,-899.05486376429,530.8165420469024,-184.11916085869376,True
2015-09-08,1433.1160944179433,-811.0052224916094,311.05543596316693,True
2015-09-09,-423.9198153201381,181.93872759759967,-120.99054386126923,True
2015-09-10,295.3850303216355,-389.9028665782782,-47.25891812832134,True
2015-09-11,-335.3973267811872,404.8759711151934,34.73932216700311,True
2015-09-14,309.5287159795313,122.43845074948294,215.98358336450713,True
2015-09-15,413.8223456890822,-1221.5458450304293,-403.86174967067353,True
2015-09-16,459.7480329992717,-142.4132027545413,158.66741512236518,True
2015-09-17,-1014.4029851925445,1033.987644323084,9.79232956526971,True
2015-09-18,878.7235271892106,853.6795418458929,866.2015345175517,True
2015-09-21,-148.3024825262043,-960.6992823699422,-554.5008824480733,True
2015-09-22,-177.19470653922892,828.6833714684477,325.7443324646094,True
2015-09-23,-835.2663123194508,-89.50483060760159,-462.38557146352616,True
2015-09-24,-42.092150277170276,333.10205793513666,145.5049538289832,True
2015-09-25,205.18139620880277,-478.09645853921484,-136.45753116520603,True
2015-09-28,-690.7929833324264,987.9225097064077,148.56476318699066,True
2015-09-29,-301.17225614620475,357.20771222089616,28.017728037345705,True
2015-09-30,580.2249382534918,-96.0481679360231,242.08838515873435,True
2015-10-01,260.61505573282255,196.0466488524609,228.33085229264174,True
2015-10-02,-9.000733600803061,567.6332768146585,279.3162716069277,True
2015-10-05,466.43962858671347,-860.5326572405938,-197.04651432694018,True
2015-10-06,120.81184796548315,295.4990384226187,208.15544319405092,True
2015-10-07,750.7314494269012,-300.0525777636326,225.33943583163432,True
2015-10-08,-0.4361467150314289,-467.27813925255157,-233.8571429837915,True
2015-10-09,-0.31395235291395673,126.36658513703459,63.026316392060316,True
2015-10-12,201.5313544182673,501.6027926280422,351.56707352315476,True
2015-10-13,-1089.5346510258041,126.06858020767025,-481.73303540906693,True
2015-10-14,72.40410245823142,702.8510492340727,387.627575846152,True
2015-10-15,509.6514867448695,-420.7491276357849,44.45117955454231,True
2015-10-16,-249.43279854703493,-54.797001091483075,-152.114899819259,True
2015-10-19,8.589565994688398,-122.77771056956713,-57.09407228743937,True
2015-10-20,71.62763323526148,-461.5143339911632,-194.94335037795085,True
2015-10-21,-277.89136136133567,581.7805125059732,151.94457557231877,True
2015-10-22,1238.1369760408948,132.92893243239723,685.532954236646,True
2015-10-23,440.6751290961666,-709.6123218843476,-134.4685963940905,True
2015-10-26,300.05005977542555,413.28026740715467,356.66516359129014,True
2015-10-27,-333.3085886159655,274.2923929518269,-29.508097832069296,True
2015-10-28,94.89413218441615,-531.4295148828741,-218.26769134922895,True
2015-10-29,-403.1133287452334,-981.6254546688942,-692.3693917070639,True
2015-10-30,461.6744403330095,391.485802823147,426.58012157807826,True
2015-11-02,-82.12329662284084,-372.64992989024523,-227.38661325654303,True
2015-11-03,768.7259281816777,-496.1193216420598,136.30330326980894,True
2015-11-04,5.44916950630107,-44.812983902376445,-19.68190719803769,True
2015-11-05,-317.01704540794816,-144.68189135575213,-230.84946838185016,True
2015-11-06,-57.76373840051285,-1057.130803571044,-557.4472709857785,True
2015-11-09,-13.106601540849258,-333.12056340177134,-173.1135824713103,True
2015-11-10,121.53162554471726,256.2145210816482,188.87307331318272,True
2015-11-11,246.8979047016932,-111.42662815542184,67.73563827313568,True
2015-11-12,69.54179480508957,211.27809315080313,140.40994397794634,True
2015-11-13,445.17179255799255,505.3751839406486,475.27348824932056,True
2015-11-16,78.63981917393771,75.91135296408703,77.27558606901238,True
2015-11-17,559.1935650867546,33.827175061042524,296.51037007389857,True
2015-11-18,203.39581422087656,32.77466878370706,118.08524150229181,True
2015-11-19,99.7440944586327,405.79027343547796,252.76718394705534,True
2015-11-20,598.5868416734016,-213.16186443822912,192.71248861758625,True
2015-11-23,-450.29748612223284,212.82225521442564,-118.7376154539036,True
2015-11-24,187.88914646536253,73.50734972682689,130.69824809609472,True
2015-11-25,488.28234232971516,125.05855814244349,306.6704502360793,True
2015-11-27,-174.2405949510449,49.89782919804608,-62.17138287649941,True
2015-11-30,363.82282506970836,166.21424560352122,265.0185353366148,True
2015-12-01,402.33181139072076,889.9998374379852,646.165824414353,True
2015-12-02,-802.4607131345768,-244.43714693856822,-523.4489300365725,True
2015-12-03,-1846.4493643365975,-2008.4418051045127,-1927.445584720555,True
2015-12-04,395.9715621268197,675.5895678458974,535.7805649863585,True
2015-12-07,-475.03117025151585,666.4059569350723,95.6873933417782,True
2015-12-08,-1204.1965342005242,69.62786139856358,-567.2843364009804,True
2015-12-09,-457.2383222807208,95.36774193609,-180.9352901723154,True
2015-12-10,731.1115115774209,-147.49277418343107,291.8093686969949,True
2015-12-11,-1003.903601943674,1337.742472939916,166.91943549812106,True
2015-12-14,392.31764639255357,-1173.3760428704945,-390.5291982389705,True
2015-12-15,-3.465878730271271,-460.1977950966483,-231.83183691345977,True
2015-12-16,74.3343327502196,-324.8312239926134,-125.2484456211969,True
2015-12-17,-374.4791079907735,815.262891841406,220.39189192531626,True
2015-12-18,-133.1702045421033,540.177236038911,203.50351574840386,True
2015-12-21,-196.48080115303782,32.69180889619327,-81.89449612842228,True
2015-12-22,-136.98328195799047,-536.4263248550651,-336.7048034065278,True
2015-12-23,524.0162621332638,-497.02011869468987,13.498071719286969,True
2015-12-24,39.02628287342255,387.5329516584263,213.27961726592443,True
2015-12-28,-321.9445793849736,130.3353944817178,-95.80459245162791,True
2015-12-29,632.1174515423933,-1123.4739978314815,-245.6782731445441,True
2015-12-30,-387.80678538774436,-4.659193780143326,-196.23298958394383,True
2015-12-31,851.1608283220392,276.7451828398838,563.9530055809614,True
2016-01-04,-777.7406644618039,662.9467696754284,-57.39694739318776,True
2016-01-05,189.8323016754352,-172.86029942812246,8.486001123656365,True
2016-01-06,-1154.462019590519,1015.7743969538616,-69.34381131832873,True
2016-01-07,-1818.5067758879368,252.00184481853836,-783.2524655346992,True
2016-01-08,-321.6169440703913,382.13647323913693,30.259764584372817,True
2016-01-11,759.855249118089,-676.2445982185368,41.80532544977609,True
2016-01-12,-254.45046169338025,916.7580973968651,331.1538178517424,True
2016-01-13,-145.16663597934374,699.3076782629752,277.07052114181573,True
2016-01-14,215.38512056574783,-520.4914902725085,-152.55318485338034,True
2016-01-15,-1975.9243523581997,972.8257937971562,-501.5492792805218,True
2016-01-19,439.1609513067605,-226.73397242671317,106.21348944002368,True
2016-01-20,43.630017294870306,810.4878770258615,427.0589471603659,True
2016-01-21,1225.802474442049,-465.42036889113047,380.1910527754593,True
2016-01-22,1089.5359679601177,-333.0989183962496,378.21852478193404,True
2016-01-25,-867.8848072678192,486.8663870023688,-190.50921013272517,True
2016-01-26,1032.1916055710085,80.43601902092281,556.3138122959657,True
2016-01-27,-425.53281007783147,54.19859839893336,-185.66710583944905,True
2016-01-28,580.3771580864825,163.09725723842345,371.737207662453,True
2016-01-29,801.7231697412382,772.3347417600936,787.0289557506659,True
2016-02-01,250.62102615646344,-314.3091515565039,-31.844062700020217,True
2016-02-02,-598.3649736265368,1317.8771416662735,359.75608401986835,True
2016-02-03,-37.156088462650594,-406.9594662262437,-222.05777734444715,True
2016-02-04,-733.0462303642724,390.3474823645093,-171.34937399988158,True
2016-02-05,-1035.06287267907,155.78166012790453,-439.6406062755828,True
2016-02-08,-481.83853509929327,1462.7112336377538,490.4363492692303,True
2016-02-09,-1105.8958114274672,54.58585752207168,-525.6549769526978,True
2016-02-10,304.21303973300206,591.6570038997235,447.9350218163628,True
2016-02-11,-356.40254218241694,667.7779712894088,155.68771455349594,True
2016-02-12,618.5410355991426,-1295.8279214949557,-338.6434429479066,True
2016-02-16,482.56394912133584,-659.1736698251233,-88.30486035189372,True
2016-02-17,800.5172296574262,-447.1975922366379,176.65981871039418,True
2016-02-18,-51.298057552476756,868.0328701018248,408.367406274674,True
2016-02-19,-251.93729475234295,30.200619626601117,-110.86833756287092,True
2016-02-22,963.4776125685003,-109.41704103946198,427.03028576451914,True
2016-02-23,-906.8330336159638,326.417448827143,-290.2077923944104,True
2016-02-24,-283.8223660402485,-74.71856558076222,-179.27046581050536,True
2016-02-25,443.20200623990075,397.03194786718336,420.1169770535421,True
2016-02-26,-261.97127567936604,-792.0804010426814,-527.0258383610237,True
2016-02-29,393.4951426048779,306.1969890303855,349.8460658176317,True
2016-03-01,445.3362468452424,-1350.9488461827755,-452.80629966876654,True
2016-03-02,948.5506599859598,-3.3157684167650725,472.61744578459735,True
2016-03-03,215.43203646816377,236.21887441771318,225.82545544293848,True
2016-03-04,610.3163924427445,-531.1985410847831,39.5589256789807,True
2016-03-07,401.52835185701485,-189.5306074703674,105.99887219332372,True
2016-03-08,-473.79514071098157,909.1845030332221,217.69468116112026,True
2016-03-09,619.804749007425,-567.02504014499,26.389854431217486,True
2016-03-10,-1304.9883735897072,-464.42477172240814,-884.7065726560577,True
2016-03-11,1050.0971628836153,-619.4270744544727,215.33504421457127,True
2016-03-14,-169.31110005495455,177.9596094980461,4.3242547215457705,True
2016-03-15,-781.8871996584076,16.85089612402926,-382.5181517671891,True
2016-03-16,218.6758083649235,568.672006919371,393.67390764214724,True
2016-03-17,308.41944373464423,246.10391095117845,277.26167734291136,True
2016-03-18,-64.96778773320631,228.22300831978328,81.62761029328848,True
2016-03-21,-305.0033331679589,-529.3683388300722,-417.1858359990155,True
2016-03-22,262.43301328602564,-194.82675658989635,33.80312834806465,True
2016-03-23,-746.3034590886703,814.9319258745873,34.3142333929585,True
2016-03-24,184.64933980571408,-75.31932329924108,54.6650082532365,True
2016-03-28,223.74043149973286,175.4303271118237,199.58537930577828,True
2016-03-29,323.7547947587825,975.3322454202348,649.5435200895087,True
2016-03-30,13.475395072106943,-503.77303792852194,-245.1488214282075,True
2016-03-31,-321.83825212930566,577.0212896552522,127.59151876297327,True
2016-04-01,-460.4481263376692,67.10297101773327,-196.67257765996794,True
2016-04-04,-434.82188622171526,127.84010986728588,-153.49088817721469,True
2016-04-05,-950.5772276023943,776.2685910424457,-87.15431827997429,True
2016-04-06,358.41436280477205,-473.9893201302836,-57.787478662755774,True
2016-04-07,-949.2216122481522,934.8329792166876,-7.194316515732282,True
2016-04-08,358.825436982275,-381.0403191862804,-11.107441102002696,True
2016-04-11,610.1887038600618,-66.58298980365333,271.80285702820424,True
2016-04-12,898.9327697011483,-620.4181754563117,139.25729712241832,True
2016-04-13,590.4036368966824,199.2797746377106,394.8417057671965,True
2016-04-14,166.69618109707287,-395.2762076374525,-114.29001327018982,True
2016-04-15,222.38433055550277,596.2171741281984,409.30075234185057,True
2016-04-18,176.47646702424876,-256.1684714546302,-39.84600221519072,True
2016-04-19,520.1866258653878,-266.2383163180304,126.97415477367869,True
2016-04-20,532.1118111851048,-877.341797790333,-172.6149933026141,True
2016-04-21,-325.81479844906045,-376.42632312618986,-351.12056078762515,True
2016-04-22,603.3748501806318,-197.21313294734705,203.0808586166424,True
2016-04-25,-158.995472213016,-257.8174355858589,-208.40645389943745,True
2016-04-26,306.0610161898374,-363.2527978702714,-28.59589084021701,True
2016-04-27,-1311.2201790787744,873.9568889384777,-218.63164507014835,True
2016-04-28,-161.22929436429075,466.8062282677039,152.78846695170657,True
2016-04-29,-970.603515529151,65.45637878797636,-452.5735683705873,True
2016-05-02,135.68714519236227,-651.7535269092001,-258.03319085841895,True
2016-05-03,-1505.6693731762934,1077.5978982647941,-214.03573745574965,True
2016-05-04,-237.87950437804184,396.093151941734,79.10682378184607,True
2016-05-05,899.2678986540003,530.5966327795867,714.9322657167935,True
2016-05-06,-630.0984641023205,-398.2455703397206,-514.1720172210205,True
2016-05-09,-371.49381124184174,307.97425615620534,-31.7597775428182,True
2016-05-10,893.9664441368839,-14.888750888250886,439.5388466243165,True
2016-05-11,-324.7379949281513,376.49688783021605,25.87944645103238,True
2016-05-12,-129.61704347748284,-444.34922679695194,-286.9831351372174,True
2016-05-13,-398.8541339918921,756.4918585533574,178.81886228073262,True
2016-05-16,484.8330215303984,-695.928754295961,-105.54786638278128,True
2016-05-17,465.7219625876904,-60.65966716623336,202.53114771072853,True
2016-05-18,228.1375314068892,-1348.2734317911713,-560.0679501921411,True
2016-05-19,196.05125275563108,271.38740538426265,233.71932906994687,True
2016-05-20,-316.8511480727187,90.78890739089341,-113.03112034091262,True
2016-05-23,-179.54187029273163,150.61361376258535,-14.464128265073143,True
2016-05-24,487.1374411711102,-339.0893608074932,74.02404018180849,True
2016-05-25,274.84103866406514,-199.26764640699125,37.786696128536946,True
2016-05-26,-115.95406434048857,505.2194342400217,194.63268494976657,True
2016-05-27,153.19795192244337,-242.04215937763445,-44.42210372759554,True
2016-05-31,-73.70205468251783,208.82872975324904,67.5633375353656,True
2016-06-01,-552.5759652743222,130.61788381302011,-210.97904073065106,True
2016-06-02,33.006238450716275,614.9440489033523,323.9751436770343,True
2016-06-03,-239.9597222930907,1524.6255644019113,642.3329210544103,True
2016-06-06,-279.2160952742496,-578.7740966947572,-428.9950959845034,True
2016-06-07,554.2605361108493,245.37594483534366,399.81824047309647,True
2016-06-08,-312.5061405385455,345.6854390310159,16.58964924623521,True
2016-06-09,124.51684245276299,428.2599801947746,276.38841132376876,True
2016-06-10,-807.258073816482,552.8828600071207,-127.18760690468065,True
2016-06-13,-202.87733981170888,385.0231988186843,91.07292950348771,True
2016-06-14,-302.04308507192496,-59.39641661160236,-180.71975084176367,True
2016-06-15,145.80661938224887,463.81881610328475,304.81271774276684,True
2016-06-16,-173.95188646825784,314.10750730516065,70.0778104184514,True
2016-06-17,279.63162167849396,-602.7339816346555,-161.55117997808077,True
2016-06-20,1210.9347255811856,-884.62845131487,163.15313713315783,True
2016-06-21,98.35721651077712,-421.2277308496219,-161.43525716942239,True
2016-06-22,145.26861764324428,264.56374644317054,204.9161820432074,True
2016-06-23,1116.6976654210418,-962.9148024356982,76.89143149267181,True
2016-06-24,-2689.059399886946,2515.1338533146823,-86.96277328613178,True
2016-06-27,-1297.5757421894762,1925.8561520297396,314.14020492013174,True
2016-06-28,609.4073206318687,71.72871059595495,340.5680156139118,True
2016-06-29,552.3758964453191,-731.3918660481787,-89.50798480142981,True
2016-06-30,-251.95609328423976,375.8385181569083,61.94121243633428,True
2016-07-01,-177.14153683493478,848.5553200173392,335.70689159120224,True
2016-07-05,-598.4279331862035,935.1500776436501,168.3610722287233,True
2016-07-06,31.115003026623164,75.23813884702435,53.17657093682375,True
2016-07-07,-105.6243508293163,-114.50171398040855,-110.06303240486243,True
2016-07-08,819.3263909644444,441.5446270514052,630.4355090079248,True
2016-07-11,35.354834568187144,-777.2913230182904,-370.96824422505165,True
2016-07-12,1711.7623796081803,-1122.5704468427143,294.59596638273297,True
2016-07-13,-705.4459122778638,662.9459229614896,-21.24999465818712,True
2016-07-14,499.91689569888393,-903.2251570838067,-201.6541306924614,True
2016-07-15,-230.18934496015396,-649.1165143822232,-439.65292967118853,True
2016-07-18,126.63022563970486,-59.28058880379319,33.674818417955834,True
2016-07-19,-741.0961949107507,438.47779130553494,-151.30920180260787,True
2016-07-20,229.48311547853578,-380.9229997561457,-75.71994213880497,True
2016-07-21,-111.1366486257759,263.5446701198079,76.204010747016,True
2016-07-22,-151.07912161535498,-2.789927515782617,-76.9345245655688,True
2016-07-25,-180.94256263360103,-95.83942567340839,-138.39099415350472,True
2016-07-26,418.0254652617892,111.62618001824343,264.8258226400163,True
2016-07-27,-353.07730319498125,831.5845578105026,239.25362730776067,True
2016-07-28,-273.72223943169445,-26.20609623834257,-149.96416783501851,True
2016-07-29,-264.0420693723342,636.3323952469292,186.1451629372975,True
2016-08-01,-627.9657235107964,-706.6575822854811,-667.3116528981387,True
2016-08-02,410.1541232445924,-604.973518277813,-97.4096975166103,True
2016-08-03,489.4700717265086,68.34522224434482,278.9076469854267,True
2016-08-04,10.517028042046764,497.47331112111317,253.99516958157997,True
2016-08-05,225.73473529824807,-946.6724726582027,-360.4688686799773,True
2016-08-08,327.7792532791981,22.99611543919788,175.38768435919798,True
2016-08-09,-111.5989291325755,689.5721183101888,288.9865945888066,True
2016-08-10,-312.79820994038283,382.6474939635394,34.92464201157827,True
2016-08-11,124.39544774666041,-764.8522554945313,-320.22840387393546,True
2016-08-12,-588.5189023167668,635.3851367892123,23.433117236222756,True
2016-08-15,-62.691266831337,-619.1659249671662,-340.9285958992516,True
2016-08-16,-317.0713888156697,-252.42254951179166,-284.7469691637307,True
2016-08-17,-362.75428354278336,369.325260883358,3.2854886702873216,True
2016-08-18,-3.914514362314118,217.09123429738383,106.58835996753486,True
2016-08-19,-264.9856022529648,-499.73568564167994,-382.3606439473224,True
2016-08-22,204.31231157013497,517.4022542780148,360.85728292407487,True
2016-08-23,197.55919052179755,31.76720234462793,114.66319643321273,True
2016-08-24,352.7084543380887,-122.28534465231607,115.21155484288631,True
2016-08-25,-40.10298908976767,-287.50102965017993,-163.8020093699738,True
2016-08-26,341.2462779923364,-562.6454721354363,-110.69959707154996,True
2016-08-29,34.79257531576886,872.3847885816227,453.5886819486958,True
2016-08-30,-30.526946174678052,-155.42730849445877,-92.97712733456841,True
2016-08-31,177.6315801717198,-49.6119153315737,64.00983242007305,True
2016-09-01,157.35265810681372,175.45066812040716,166.40166311361043,True
2016-09-02,576.9905342928406,-574.3054284449465,1.3425529239470393,True
2016-09-06,236.16092883939433,732.9259041527108,484.5434164960526,True
2016-09-07,-398.4277661741709,20.776713240933994,-188.82552646661847,True
2016-09-08,-137.3563987208771,-969.4350381419262,-553.3957184314016,True
2016-09-09,-552.6868201546798,-1112.6512877648559,-832.6690539597678,True
2016-09-12,-161.6406452645467,104.78737965395538,-28.426632805295654,True
2016-09-13,-666.5282296203654,-806.7687111319383,-736.6484703761519,True
2016-09-14,-253.69488430827022,272.50549614628534,9.40530591900756,True
2016-09-15,233.14843388393538,-148.81602322088747,42.166205331523955,True
2016-09-16,25.359230890411226,425.585488748034,225.47235981922262,True
2016-09-19,226.3313234572885,-294.1422496986179,-33.90546312066469,True
2016-09-20,-16.77228608935405,284.5146330050236,133.87117345783477,True
2016-09-21,259.43117302444904,477.24014231517504,368.335657669812,True
2016-09-22,-23.411634890581052,599.3198081187556,287.9540866140873,True
2016-09-23,-619.593355382616,3.6805367689880333,-307.95640930681395,True
2016-09-26,-86.04913057839123,525.7449380680781,219.84790374484345,True
2016-09-27,606.0330089918734,454.2706965908011,530.1518527913372,True
2016-09-28,316.1291218860657,-130.13350282463003,92.99780953071784,True
2016-09-29,-765.0488509632747,159.73030097939824,-302.6592749919382,True
2016-09-30,438.4933872805591,-596.2359960046042,-78.87130436202256,True
2016-10-03,-28.149528154307532,-358.44132489015584,-193.29542652223168,True
2016-10-04,-205.19976874791593,-953.1805002198522,-579.1901344838841,True
2016-10-05,-284.7741264971435,-424.54792616538685,-354.6610263312652,True
2016-10-06,189.25548218981174,-444.36014637083184,-127.55233209051005,True
2016-10-07,-972.118385054972,174.56321636362898,-398.7775843456715,True
2016-10-10,1102.2914787572736,-513.444376990291,294.4235508834913,True
2016-10-11,-397.61657925861607,-122.47759904130058,-260.0470891499583,True
2016-10-12,677.9109485682102,39.08060354116567,358.49577605468795,True
2016-10-13,-215.87543056822278,367.6385107203651,75.88154007607116,True
2016-10-14,1112.5123530796777,-895.8431989640221,108.3345770578278,True
2016-10-17,-125.20129311103753,485.5282348803136,180.16347088463806,True
2016-10-18,696.2137091645071,336.65799170340415,516.4358504339557,True
2016-10-19,404.90829647290457,79.14129617234354,242.02479632262407,True
2016-10-20,-661.9353409896951,-50.021425570868246,-355.97838328028166,True
2016-10-21,-357.20520235550777,171.760172638394,-92.72251485855688,True
2016-10-24,-153.0759765585076,-319.9478418180199,-236.51190918826376,True
2016-10-25,443.46963336390723,89.40263848314545,266.43613592352636,True
2016-10-26,-83.64964812606777,-503.18145581861233,-293.41555197234004,True
2016-10-27,-477.64915344821156,-804.4070210033474,-641.0280872257795,True
2016-10-28,-792.1787186682561,-74.38052340990261,-433.27962103907936,True
2016-10-31,358.7418595280275,336.2395524209732,347.4907059745003,True
2016-11-01,-927.8004184966686,-1.0642272728159696,-464.4323228847423,True
2016-11-02,-318.4146259854296,528.6026526251236,105.094013319847,True
2016-11-03,423.7516564082632,-412.68335377591376,5.534151316174729,True
2016-11-04,-551.5998997170374,741.8886190329408,95.14435965795172,True
2016-11-07,1298.399881403126,-846.0070623288763,226.1964095371249,True
2016-11-08,1169.4582321794715,-579.8715103332158,294.7933609231278,True
2016-11-09,-274.2956801465255,-3591.7751108375105,-1933.035395492018,True
2016-11-10,-249.6685064908576,-1332.4121891834334,-791.0403478371455,True
2016-11-11,-419.4962000051929,-481.2699141015562,-450.38305705337456,True
2016-11-14,1268.0373917974835,-917.823587329275,175.1069022341042,True
2016-11-15,690.9921535331882,216.68551613239802,453.8388348327931,True
2016-11-16,-585.6923937135949,502.766705605859,-41.46284405386797,True
2016-11-17,-43.80760977489579,-1148.647636152367,-596.2276229636315,True
2016-11-18,-411.54959680632163,-627.6344594242729,-519.5920281152972,True
2016-11-21,540.2548865503026,203.7212102933572,371.9880484218299,True
2016-11-22,338.23091763086967,89.52840270026273,213.8796601655662,True
2016-11-23,607.167206100046,-577.5270340749079,14.82008601256905,True
2016-11-25,60.50006704869966,-32.019069173562855,14.240498937568404,True
2016-11-28,499.2177829811264,835.9409162658208,667.5793496234736,True
2016-11-29,-74.20001883000303,300.15130757819554,112.97564437409625,True
2016-11-30,-188.22645401531736,-1472.2894465302352,-830.2579502727763,True
2016-12-01,31.928714002684526,-912.6005495940788,-440.3359177956971,True
2016-12-02,570.7818488575456,674.741830780374,622.7618398189597,True
2016-12-05,-434.10235981595713,-75.98191734575872,-255.0421385808579,True
2016-12-06,232.65010849806458,5.728298398700545,119.18920344838256,True
2016-12-07,-170.90773181555963,612.6530988960541,220.87268354024724,True
2016-12-08,1231.5539954934275,-776.5214402265988,227.51627763341435,True
2016-12-09,436.4192540216575,-923.0800590780585,-243.33040252820052,True
2016-12-12,9.086208421449232,83.64988493787517,46.3680466796622,True
2016-12-13,20.79766139455854,180.00119341788454,100.39942740622153,True
2016-12-14,-357.2962008815211,-1167.6411727500913,-762.4686868158062,True
2016-12-15,514.2371011362216,-73.99913686602132,220.1189821351001,True
2016-12-16,-827.5661461935648,29.60451804543945,-398.98081407406266,True
2016-12-19,-771.2159285050128,812.1387506751391,20.461411085063162,True
2016-12-20,454.9090843082218,-375.95457949096436,39.477252408628715,True
2016-12-21,-594.1574729266109,308.05824174697943,-143.04961558981574,True
2016-12-22,-769.0336651126336,-106.30054219776827,-437.6671036552009,True
2016-12-23,-454.3513126145554,160.2557827829622,-147.04776491579662,True
2016-12-27,-58.55844028088043,-250.67453364737017,-154.6164869641253,True
2016-12-28,219.5278166311239,598.2478410278751,408.8878288294995,True
2016-12-29,-216.14910762968822,407.8870356783221,95.86896402431694,True
2016-12-30,-192.42142849223856,324.4012617506217,65.98991662919157,True
2017-01-03,1285.8449308225267,107.38179997863689,696.6133654005819,True
2017-01-04,250.81329154320116,255.77707814850044,253.2951848458508,True
2017-01-05,-632.8554139850487,1217.8403638757545,292.4924749453529,True
2017-01-06,487.0586156381861,-787.0977887656713,-150.01958656374262,True
2017-01-09,-33.15145368220024,668.7137005790365,317.78112344841816,True
2017-01-10,235.05027129058922,-71.97240328710527,81.53893400174198,True
2017-01-11,855.9427572408001,236.45686543151194,546.199811336156,True
2017-01-12,-137.0868615557797,-35.07336610577644,-86.08011383077807,True
2017-01-13,-28.21787097156981,-392.0339981043725,-210.12593453797115,True
2017-01-17,109.49865589991808,878.7348812950206,494.11676859746933,True
2017-01-18,-485.853986270342,-1166.4562587468456,-826.1551225085938,True
2017-01-19,307.2216497101058,-626.4915605734471,-159.63495543167068,True
2017-01-20,-577.5586600476751,-35.23338784687534,-306.3960239472752,True
2017-01-23,-112.50622738275803,881.1401362731847,384.31695444521336,True
2017-01-24,819.458068881292,-625.5020787053653,96.97799508796334,True
2017-01-25,62.27457414681818,-956.9260166617298,-447.3257212574558,True
2017-01-26,-22.259632404101772,255.44669145034746,116.59352952312284,True
2017-01-27,-19.50648870972083,255.6341546136825,118.06383295198084,True
2017-01-30,-510.1650604744555,-146.3930992505154,-328.27907986248545,True
2017-01-31,-187.3139990351417,592.5213489430067,202.6036749539325,True
2017-02-01,352.803217953513,-424.30030794739656,-35.748544996941774,True
2017-02-02,824.110864398533,16.73992895894989,420.42539667874144,True
2017-02-03,-9.574212359636022,51.96041262786844,21.19310013411621,True
2017-02-06,-638.6987581292913,679.1471345198148,20.224188195261775,True
2017-02-07,319.131049996771,456.99573541071373,388.06339270374235,True
2017-02-08,11.68712690422274,915.2651912441377,463.4761590741802,True
2017-02-09,680.025475431655,-1009.7922725838671,-164.88339857610606,True
2017-02-10,964.1528927256243,-86.45715838993904,438.8478671678426,True
2017-02-13,187.77940164599795,-267.43100716918957,-39.82580276159581,True
2017-02-14,251.17002585957437,-623.3622053670574,-186.09608975374152,True
2017-02-15,394.70461992475964,-361.3895536657067,16.657533129526456,True
2017-02-16,-1346.6733842037738,586.5449071500492,-380.0642385268623,True
2017-02-17,344.67412748288615,480.61695000554266,412.6455387442144,True
2017-02-21,922.076602575663,-115.2747399692005,403.40093130323123,True
2017-02-22,113.3384365040948,213.6354952146537,163.48696585937427,True
2017-02-23,-78.10551978293985,362.67488429588417,142.28468225647217,True
2017-02-24,-367.89521564696724,868.201293146589,250.1530387498109,True
2017-02-27,-142.20305025125404,-567.2976585053369,-354.75035437829547,True
2017-02-28,-1104.9100800172948,102.03433059475711,-501.4378747112689,True
2017-03-01,634.2751090057219,-1314.77395504863,-340.249423021454,True
2017-03-02,-754.2830302559039,-427.81193006228335,-591.0474801590937,True
2017-03-03,-585.2871031759147,198.2402532256176,-193.52342497514854,True
2017-03-06,70.33198739097523,-221.46283590035867,-75.56542425469172,True
2017-03-07,215.43909276636342,-267.4727910509095,-26.016849142273045,True
2017-03-08,-653.601127332024,-550.5542638920256,-602.0776956120249,True
2017-03-09,-690.2483461486661,-604.5413779546308,-647.3948620516485,True
2017-03-10,-3.2059115531604183,347.4477985194463,172.12094348314292,True
2017-03-13,399.5879709575439,-507.22255952765744,-53.81729428505676,True
2017-03-14,29.430218607042992,300.30522590375944,164.86772225540122,True
2017-03-15,876.2214378109447,1349.131724438217,1112.676581124581,True
2017-03-16,-966.8848886059416,-480.38722260524065,-723.6360556055911,True
2017-03-17,613.2607356979453,517.3646705945956,565.3127031462705,True
2017-03-20,253.84882227485647,406.0822453551207,329.9655338149886,True
2017-03-21,-1175.9883256970045,664.9856209256266,-255.50135238568896,True
2017-03-22,-147.50295806005695,346.60171461688424,99.54937827841364,True
2017-03-23,-443.0111131999958,-161.8450096610199,-302.42806143050785,True
2017-03-24,-408.28152319538674,201.29308349000107,-103.49421985269284,True
2017-03-27,-718.7880552527918,424.1838460191669,-147.30210461681244,True
2017-03-28,822.3946077397935,-609.0160514398266,106.68927814998347,True
2017-03-29,1028.9749422861287,520.1360698226257,774.5555060543772,True
2017-03-30,742.6545500175139,-613.64530511797,64.50462244977194,True
2017-03-31,70.4273143164731,310.03854883188137,190.23293157417723,True
2017-04-03,-794.505301992342,890.0789004128844,47.78679921027123,True
2017-04-04,-512.9776739779267,-378.4707555384475,-445.7242147581871,True
2017-04-05,-11.305229974730446,314.5189793316594,151.6068746784645,True
2017-04-06,196.51251991019674,-132.18208789075075,32.165216009723,True
2017-04-07,7.344135831006003,-473.7674046820925,-233.21163442554325,True
2017-04-10,144.87181541760225,374.9742937128679,259.9230545652351,True
2017-04-11,-192.52052863342635,862.4556991301205,334.96758524834706,True
2017-04-12,-133.59370441231823,538.274896858125,202.34059622290337,True
2017-04-13,692.2462278932405,423.6544384484894,557.950333170865,True
2017-04-17,152.91783525834597,-292.53164918931043,-69.80690696548223,True
2017-04-18,-1379.0593100722515,1125.210171560727,-126.92456925576221,True
2017-04-19,-818.9543459402216,-495.4450396170364,-657.199692778629,True
2017-04-20,192.76246742512552,-390.4105324451855,-98.82403251002998,True
2017-04-21,305.8530186269685,42.3463999285553,174.0997092777619,True
2017-04-24,-626.7652513680105,-419.43662955356353,-523.100940460787,True
2017-04-25,-690.0060141988234,-1031.7581124810827,-860.882063339953,True
2017-04-26,-607.026068917012,494.8438176824549,-56.09112561727855,True
2017-04-27,161.9418634867344,46.41978478054852,104.18082413364147,True
2017-04-28,206.6889198545074,194.17090741508608,200.42991363479672,True
2017-05-01,381.87630900741743,-579.6557895906087,-98.88974029159564,True
2017-05-02,-574.4622706338552,435.5980244365443,-69.43212309865544,True
2017-05-03,-768.0617252754431,-179.1113252683013,-473.58652527187223,True
2017-05-04,-1409.9556282696637,-452.11586279522083,-931.0357455324423,True
2017-05-05,651.0567685906791,56.4785020348887,353.7676353127839,True
2017-05-08,726.8501509215555,-495.0139911557667,115.9180798828944,True
2017-05-09,555.426010753765,-120.25028919387867,217.58786077994318,True
2017-05-10,653.9196134819,-94.02151572068264,279.9490488806087,True
2017-05-11,-201.06210155248874,71.87681930519233,-64.5926411236482,True
2017-05-12,-753.4538235548575,848.3193577826415,47.432767113892,True
2017-05-15,-39.78162758328448,-192.78993206270385,-116.28577982299417,True
2017-05-16,-1059.748312813748,296.67017627831973,-381.53906826771413,True
2017-05-17,-1318.3072644541253,1454.2877312065734,67.99023337622407,True
2017-05-18,239.56018965796272,20.087526480678353,129.82385806932055,True
2017-05-19,-194.40814123336938,75.36913253206492,-59.51950435065223,True
2017-05-22,165.96288294744764,-240.1387538983839,-37.08793547546813,True
2017-05-23,357.40845238910543,-569.9545590542344,-106.2730533325645,True
2017-05-24,362.8282119761759,457.44163770960995,410.13492484289293,True
2017-05-25,-683.822986442705,66.87457797260284,-308.47420423505105,True
2017-05-26,-44.91478526267727,138.8586157001284,46.97191521872557,True
2017-05-30,90.63028089801337,471.9017403452404,281.2660106216269,True
2017-05-31,-1240.6518623117959,156.11473869260396,-542.2685618095959,True
2017-06-01,-237.1036272058084,-56.308764347955105,-146.70619577688177,True
2017-06-02,-354.52476464447597,1044.863873651933,345.1695545037286,True
2017-06-05,917.1555709925581,-487.58185747329816,214.78685675962996,True
2017-06-06,-107.04524082126915,600.1950047649126,246.57488197182172,True
2017-06-07,513.9522859259569,-436.77734385289045,38.5874710365332,True
2017-06-08,547.1277853229635,-302.14190553479386,122.49293989408483,True
2017-06-09,-25.710683451986657,-178.2831656465332,-101.99692454925993,True
2017-06-12,326.9752133603745,-39.82529964058115,143.57495685989667,True
2017-06-13,470.95528674385037,43.231217293029914,257.0932520184401,True
2017-06-14,678.8697116222376,1310.2458858322339,994.5577987272356,True
2017-06-15,585.9280740996793,-269.32336397204216,158.30235506381857,True
2017-06-16,296.8438480201547,152.45400050564206,224.6489242628984,True
2017-06-19,155.15264830037657,-370.04432102848716,-107.4458363640553,True
2017-06-20,-450.362718427445,703.6718360012663,126.65455878691068,True
2017-06-21,-766.4352737146014,86.61439397650246,-339.91043986904947,True
2017-06-22,119.73226374723438,202.6068922747618,161.1695780109981,True
2017-06-23,-135.82921311138713,2.3631970015105868,-66.73300805493827,True
2017-06-26,678.011035866054,269.39719428175056,473.7041150739023,True
2017-06-27,-1310.6225560407415,-1051.7429804670335,-1181.1827682538874,True
2017-06-28,1025.7192308911133,-266.24644845621486,379.7363912174492,True
2017-06-29,84.18954152670483,-813.0788006936075,-364.44462958345133,True
2017-06-30,590.3281429885928,-366.5324310701195,111.89785595923667,True
2017-07-03,284.0667836319734,-556.42573893965,-136.17947765383832,True
2017-07-05,-325.63411766470676,92.06201440678844,-116.78605162895917,True
2017-07-06,-820.9626641244415,-633.6083394963024,-727.2855018103719,True
2017-07-07,772.4849580700011,-487.28778097343235,142.59858854828437,True
2017-07-10,214.97294679930093,217.89836399417297,216.43565539673693,True
2017-07-11,-325.8497343211641,229.871775994802,-47.98897916318104,True
2017-07-12,1447.0293668068416,671.7728355142419,1059.4011011605417,True
2017-07-13,923.5649480399452,-438.3255628520477,242.61969259394874,True
2017-07-14,874.2583389994534,215.2114814508039,544.7349102251286,True
2017-07-17,-567.7052151467788,271.50298284196,-148.1011161524094,True
2017-07-18,383.9632839933322,846.667136950912,615.3152104721221,True
2017-07-19,673.8905565932107,15.309832350014597,344.60019447161267,True
2017-07-20,-818.2230289183451,172.02604061074356,-323.09849415380074,True
2017-07-21,-1050.3846374017526,407.9589671015614,-321.21283515009554,True
2017-07-24,532.3701940954996,-275.2938615216686,128.53816628691553,True
2017-07-25,692.2871099725578,-1291.1305043456264,-299.4216971865343,True
2017-07-26,407.1292234998223,434.86187228016445,420.99554788999336,True
2017-07-27,576.0184110943661,-432.241763670239,71.88832371206357,True
2017-07-28,700.2209087262837,483.7811281857026,592.0010184559932,True
2017-07-31,-431.6419188223471,87.89016345786622,-171.87587768224046,True
2017-08-01,-497.8756373518155,623.7919651810159,62.95816391460022,True
2017-08-02,91.25835343171794,-86.58299781383289,2.337677808942523,True
2017-08-03,-680.5143831856876,952.3608722665986,135.92324454045547,True
2017-08-04,292.16958452583435,-774.6542408164671,-241.24232814531638,True
2017-08-07,-350.7394716097334,121.06819882989855,-114.83563638991743,True
2017-08-08,251.20904918562877,-294.810817958367,-21.80088438636912,True
2017-08-09,-1374.9052260468607,427.5493170189495,-473.67795451395557,True
2017-08-10,-487.8757553217959,889.9076284866798,201.01593658244192,True
2017-08-11,45.67492768220079,152.97552836205756,99.32522802212918,True
2017-08-14,592.0737263858601,-563.4959934766819,14.28886645458914,True
2017-08-15,-282.2971645229769,-581.7360175581248,-432.01659104055085,True
2017-08-16,809.6681956562154,411.3129545928866,610.490575124551,True
2017-08-17,-728.095576283404,811.3693984578573,41.63691108722668,True
2017-08-18,888.9401367275756,4.86067453450531,446.9004056310404,True
2017-08-21,-438.55074386962445,201.7976202979494,-118.37656178583752,True
2017-08-22,521.7147869110637,-440.27605509589335,40.71936590758517,True
2017-08-23,-606.3273292553729,763.6446729193799,78.6586718320035,True
2017-08-24,122.00995223681457,-387.06139879082923,-132.52572327700733,True
2017-08-25,-603.3966274606533,397.8537754336505,-102.77142601350141,True
2017-08-28,-58.55946409453626,72.41223430053438,6.92638510299906,True
2017-08-29,-155.22051856248433,440.59504541647965,142.68726342699767,True
2017-08-30,302.4426693810703,-120.24622838120717,91.09822049993156,True
2017-08-31,455.405209301777,339.37924026816694,397.392224784972,True
2017-09-01,1317.5706915061262,-763.6468493325843,276.96192108677093,True
2017-09-05,-957.0266331368015,1765.4914643251175,404.232415594158,True
2017-09-06,893.8512907837135,-652.8287240420154,120.51128337084901,True
2017-09-07,68.67811092127978,1118.690489023563,593.6842999724214,True
2017-09-08,-500.3192770303938,-219.8037333489885,-360.06150518969116,True
2017-09-11,1249.3792300248251,-1397.5090101294952,-74.06489005233504,True
2017-09-12,235.19139710919893,-604.7320792735974,-184.77034108219922,True
2017-09-13,374.8744851894422,-484.8883134551538,-55.0069141328558,True
2017-09-14,19.36675243535885,248.9269918077331,134.14687212154598,True
2017-09-15,-133.49413681587976,170.1066549202852,18.30625905220272,True
2017-09-18,-682.3577823576413,-821.9353319327204,-752.1465571451809,True
2017-09-19,540.5872803514294,-284.751890506641,127.91769492239419,True
2017-09-20,1043.5971218147467,-213.51030897380062,415.04340642047305,True
2017-09-21,-932.465108273976,-202.31138607977738,-567.3882471768767,True
2017-09-22,136.92525188101015,380.67551673497456,258.8003843079924,True
2017-09-25,-519.4433898492722,724.5732441300522,102.56492714039001,True
2017-09-26,59.39019836576203,-213.15943564352767,-76.88461863888281,True
2017-09-27,-397.4519557613476,-1499.6773326320163,-948.5646441966819,True
2017-09-28,-49.05805649360956,-195.10756872865028,-122.08281261112992,True
2017-09-29,-675.9393251169571,-33.70697840043015,-354.8231517586936,True
2017-10-02,484.58854719937756,-257.0114592223472,113.78854398851519,True
2017-10-03,26.54257072203252,215.0246209109323,120.7835958164824,True
2017-10-04,327.8301392324767,-34.66266115666406,146.58373903790633,True
2017-10-05,-638.8589390838232,-327.97136230471506,-483.41515069426913,True
2017-10-06,-357.419471034086,-300.4203373016961,-328.91990416789105,True
2017-10-09,-38.18193247254672,296.73905809888623,129.27856281316974,True
2017-10-10,-197.00222971472633,124.90594342464517,-36.04814314504058,True
2017-10-11,8.32140858750888,232.04790663856005,120.18465761303446,True
2017-10-12,689.2523308544116,331.92518229215824,510.58875657328497,True
2017-10-13,509.6827505835669,779.3572495128964,644.5200000482316,True
2017-10-16,-255.43295556892855,-244.71546448647385,-250.0742100277012,True
2017-10-17,124.08012622525155,16.891735619780274,70.4859309225159,True
2017-10-18,501.7324944777075,-655.7531983436593,-77.01035193297588,True
2017-10-19,-555.8083203067423,211.43444974454206,-172.18693528110012,True
2017-10-20,93.10010280203255,-1059.5975657592444,-483.2487314786059,True
2017-10-23,-44.79959898337252,201.29913949547552,78.2497702560515,True
2017-10-24,-73.32336527720472,-693.135969412227,-383.2296673447159,True
2017-10-25,-1401.279374599337,-449.5842516866363,-925.4318131429866,True
2017-10-26,573.4583580212142,-339.8702967457836,116.79403063771528,True
2017-10-27,423.73050277685354,729.4953290464498,576.6129159116517,True
2017-10-30,-339.5487626750045,929.3855076976425,294.91837251131903,True
2017-10-31,-171.2442170077369,-67.365173693095,-119.30469535041595,True
2017-11-01,980.464174012161,295.57283728138486,638.018505646773,True
2017-11-02,-104.56706661125021,409.4383850671858,152.4356592279678,True
2017-11-03,-146.75350129919653,350.5518155427262,101.89915712176484,True
2017-11-06,345.7495465321568,359.4828665650405,352.61620654859865,True
2017-11-07,-396.0523478174202,276.6295907008106,-59.7113785583048,True
2017-11-08,537.1702203016504,-285.88971171976453,125.64025429094292,True
2017-11-09,-538.5689401111193,-213.5634813635416,-376.0662107373305,True
2017-11-10,-95.44787289074937,-1498.3689247039304,-796.9083987973398,True
2017-11-13,-664.5874660268526,50.2028637265889,-307.1923011501318,True
2017-11-14,-1019.9720622727508,552.3709488612111,-233.80055670576985,True
2017-11-15,-763.2031224409775,1059.8174702809843,148.30717392000338,True
2017-11-16,697.5598063529242,-817.0753601096895,-59.757776878382685,True
2017-11-17,-970.035684428809,576.5331058448257,-196.7512892919916,True
2017-11-20,447.5830692787595,-233.69901267462802,106.94202830206575,True
2017-11-21,140.96733170961602,194.33041104738788,167.64887137850195,True
2017-11-22,-393.01970084152964,584.9502739562362,95.96528655735327,True
2017-11-24,-705.5942400719258,-268.5335241667131,-487.0638821193195,True
2017-11-27,-116.16340402718686,-1.2533492820469339,-58.7083766546169,True
2017-11-28,321.85735955296417,92.52263310747607,207.1899963302201,True
2017-11-29,-327.46886604796083,-966.3917254122209,-646.9302957300908,True
2017-11-30,-190.39229315916066,-591.8690619703057,-391.13067756473316,True
2017-12-01,486.1669088637845,1217.0228878208404,851.5948983423125,True
2017-12-04,748.4723000401294,-44.031477727459034,352.2204111563352,True
2017-12-05,532.3659028232281,370.1673036906037,451.2666032569159,True
2017-12-06,-743.4218177024225,463.87826060754736,-139.77177854743755,True
2017-12-07,-30.851607778559767,-680.7825343866,-355.8170710825799,True
2017-12-08,-339.43204320032777,-103.81186400172408,-221.62195360102592,True
2017-12-11,171.54991574050572,-209.405853965957,-18.927969112725634,True
2017-12-12,399.22666895043227,-143.14289746968387,128.0418857403742,True
2017-12-13,126.23901250263565,956.0940982560483,541.166555379342,True
2017-12-14,1000.6986080160351,177.20059574408825,588.9496018800617,True
2017-12-15,-496.15075386310826,175.5641279437333,-160.29331295968748,True
2017-12-18,-123.20657758840514,-815.7965642008878,-469.5015708946465,True
2017-12-19,-284.9845906023445,-1334.939566307898,-809.9620784551213,True
2017-12-20,178.54199173170986,-1015.4762613075135,-418.46713478790184,True
2017-12-21,882.5039785730976,410.272299217521,646.3881388953093,True
2017-12-22,354.8437860146631,119.87143099464176,237.35760850465243,True
2017-12-26,255.38766063243858,207.6786001457318,231.5331303890852,True
2017-12-27,385.80970387992426,1289.335780924906,837.5727424024151,True
2017-12-28,-373.1203698067847,-220.9283386533593,-297.024354230072,True
2017-12-29,-476.24252239283953,297.12266401145916,-89.55992919069018,True
2018-01-02,150.208787185085,-1053.9477583012072,-451.8694855580611,True
2018-01-03,495.36529244788335,386.6295290476363,440.99741074775983,True
2018-01-04,175.88772591812193,-80.79058625442251,47.54856983184971,True
2018-01-05,637.3169240253935,-326.4518539116544,155.43253505686957,True
2018-01-08,139.61644336069756,-106.26757087976256,16.6744362404675,True
2018-01-09,95.7132875483745,-1361.52997735871,-632.9083449051678,True
2018-01-10,-941.4401008224497,-110.16179742489273,-525.8009491236712,True
2018-01-11,216.8155285415414,300.2819890764923,258.5487588090169,True
2018-01-12,-669.9238797801011,-10.902446179265045,-340.4131629796831,True
2018-01-16,-483.1923035869087,276.8542580326578,-103.16902277712543,True
2018-01-17,1120.904141055058,-380.8104656924524,370.0468376813028,True
2018-01-18,-277.781720106772,-928.3900745870703,-603.0858973469212,True
2018-01-19,-116.55773109790537,-639.2047828809939,-377.88125698944964,True
2018-01-22,300.5817399050143,-9.461632919705867,145.5600534926542,True
2018-01-23,-546.2597789821299,615.2619653681161,34.501093192993096,True
2018-01-24,-243.49069284556282,-555.2519696631289,-399.3713312543458,True
2018-01-25,-1144.3187465151202,726.8404645230772,-208.7391409960215,True
2018-01-26,252.4727412918032,-610.8447488477608,-179.18600377797878,True
2018-01-29,337.6939134549168,-716.2645868445895,-189.28533669483636,True
2018-01-30,-399.80134507021506,-633.376137255132,-516.5887411626735,True
2018-01-31,-464.1872382696,341.3979501603087,-61.39464405464565,True
2018-02-01,-709.5187858355207,-1477.363577199037,-1093.441181517279,True
2018-02-02,-1248.3978017137836,-1020.5060793071607,-1134.451940510472,True
2018-02-05,-516.344199829931,1647.4966618669346,565.5762310185019,True
2018-02-06,359.53021850259194,-951.0297952625269,-295.7497883799675,True
2018-02-07,81.07589600273906,-923.2139907961817,-421.0690473967213,True
2018-02-08,-1434.119653616482,57.25107894601799,-688.434287335232,True
2018-02-09,469.08659960580155,-590.4904938534314,-60.70194712381493,True
2018-02-12,353.31149112501856,184.16996923098242,268.7407301780005,True
2018-02-13,-526.0666643157889,462.65757651635226,-31.704543899718317,True
2018-02-14,186.86117661135407,-1447.7402511999906,-630.4395372943183,True
2018-02-15,-681.5635749170532,213.4614752631635,-234.05104982694485,True
2018-02-16,222.90014232654806,610.4217127440866,416.66092753531734,True
2018-02-20,539.604702547554,-392.89373373093474,73.35548440830962,True
2018-02-21,-549.6519871390367,-1073.364164651489,-811.5080758952629,True
2018-02-22,-471.42768237482767,344.04498929165516,-63.691346541586256,True
2018-02-23,591.5383174553307,1001.0666629163878,796.3024901858593,True
2018-02-26,220.5536311259799,174.16664656095745,197.3601388434687,True
2018-02-27,-602.2431356959794,-524.6677733664569,-563.4554545312182,True
2018-02-28,-233.8146760649162,659.2630830105405,212.72420347281218,True
2018-03-01,-455.0873296662192,947.8089111263504,246.3607907300656,True
2018-03-02,-1029.8662216991315,-871.830525942282,-950.8483738207067,True
2018-03-05,55.69748402241882,-300.30572051984745,-122.30411824871432,True
2018-03-06,774.3594929118742,26.866012353659354,400.6127526327668,True
2018-03-07,189.7686905031759,-63.235727082777295,63.2664817101993,True
2018-03-08,674.3904850366555,534.6675905713611,604.5290378040083,True
2018-03-09,1063.8705028615207,-602.6499651939013,230.6102688338097,True
2018-03-12,-179.82835725340178,570.9230913462206,195.54736704640942,True
2018-03-13,-1137.4819299544042,450.416509067174,-343.5327104436151,True
2018-03-14,380.90312198263007,674.3164724861658,527.609797234398,True
2018-03-15,-395.92415006650344,-56.32202102283069,-226.12308554466708,True
2018-03-16,-950.7353452879604,-331.8143253939805,-641.2748353409704,True
2018-03-19,-135.49974830746834,-287.8302596200704,-211.66500396376938,True
2018-03-20,392.0152842020237,-450.74851783970746,-29.36661681884189,True
2018-03-21,748.7753028903971,130.9371291239588,439.856216007178,True
2018-03-22,-735.4441471072269,994.8014567253384,129.6786548090558,True
2018-03-23,-338.7780657131121,121.8613540884965,-108.45835581230779,True
2018-03-26,184.71202969484406,-535.6520846703929,-175.47002748777442,True
2018-03-27,-498.5577325532956,1224.4284386379802,362.9353530423423,True
2018-03-28,1171.5462875509706,100.85727097581248,636.2017792633916,True
2018-03-29,146.83553744610825,486.69153111050997,316.7635342783091,True
2018-04-02,-553.2992791948969,213.73212414564188,-169.78357752462753,True
2018-04-03,1366.4018103006304,-811.858793126809,277.27150858691067,True
2018-04-04,616.0925649346925,-189.27208015607414,213.4102423893092,True
2018-04-05,164.07839701999325,-714.5952388680086,-275.2584209240076,True
2018-04-06,-693.634787499955,1112.4549804929372,209.41009649649112,True
2018-04-09,88.50350619436462,102.0444078876766,95.27395704102061,True
2018-04-10,1263.2385675034584,-322.02960257944795,470.6044824620052,True
2018-04-11,89.18283810391416,298.89387372922073,194.03835591656744,True
2018-04-12,517.5080544590386,-841.321366869983,-161.9066562054722,True
2018-04-13,64.01890525813741,222.70918251562532,143.36404388688135,True
2018-04-16,-8.198039306601071,-52.49813193954219,-30.348085623071633,True
2018-04-17,407.57720622572276,207.0406584918958,307.3089323588093,True
2018-04-18,-31.60391358366516,-914.6289413232145,-473.1164274534398,True
2018-04-19,-416.3869999094631,-777.1974434638861,-596.7922216866746,True
2018-04-20,-485.1366189006301,-802.8964483849272,-644.0165336427787,True
2018-04-23,-324.0936203054347,-119.1088166670774,-221.60121848625604,True
2018-04-24,21.802098084264728,-395.1438463968136,-186.67087415627444,True
2018-04-25,66.92563159550053,-630.4586426499969,-281.7665055272482,True
2018-04-26,514.0851802705473,715.6968843984772,614.8910323345123,True
2018-04-27,113.51370251018862,603.8292289548789,358.67146573253376,True
2018-04-30,-116.84820280295358,218.7540486298458,50.952922913446116,True
2018-05-01,146.603160225448,-395.4311547090754,-124.41399724181369,True
2018-05-02,463.50979213510425,-42.0341896509881,210.73780124205808,True
2018-05-03,98.47577817141557,559.5899930258219,329.0328855986187,True
2018-05-04,279.64769956699234,84.12464824508294,181.88617390603764,True
2018-05-07,46.63121498363297,-157.55369244518542,-55.46123873077622,True
2018-05-08,-766.2703125647639,-274.2333921681487,-520.2518523664563,True
2018-05-09,926.2605547556346,-619.4556939781975,153.40243038871859,True
2018-05-10,483.07309509434737,685.8014363636614,584.4372657290044,True
2018-05-11,-98.90882219510074,137.22693988388107,19.159058844390167,True
2018-05-14,-234.37130197853145,-569.9179580488417,-402.14463001368654,True
2018-05-15,-262.8792297264135,-1327.9773781702468,-795.4283039483302,True
2018-05-16,860.0704890227718,-482.5087667214676,188.78086115065207,True
2018-05-17,66.39504760668164,-354.8891340128937,-144.24704320310602,True
2018-05-18,-553.5886494535259,948.763775365,197.58756295573704,True
2018-05-21,982.0633447334392,107.27469501561322,544.6690198745262,True
2018-05-22,-553.4901302972652,-142.3829624292754,-347.9365463632703,True
2018-05-23,-117.58070940652334,964.7189365101526,423.56911355181467,True
2018-05-24,-277.753163266028,745.0458498050997,233.64634326953583,True
2018-05-25,-467.0079324961982,829.4726466148026,181.2323570593022,True
2018-05-29,-320.4752250672761,2545.8919394986015,1112.7083572156628,True
2018-05-30,790.5208631158157,-916.8448455068464,-63.16199119551533,True
2018-05-31,-953.3068892344386,-159.85743263044745,-556.582160932443,True
2018-06-01,656.3286286533128,-776.9285127891561,-60.29994206792168,True
2018-06-04,778.7974054253942,-762.0602492634722,8.368578080961015,True
2018-06-05,-856.3102710744956,394.345690469569,-230.98229030246333,True
2018-06-06,618.8930187976093,-860.5525189517033,-120.82975007704698,True
2018-06-07,-1223.0578951755654,945.5653637346667,-138.74626572044934,True
2018-06-08,418.20018345716755,-311.05972439987795,53.5702295286448,True
2018-06-11,-49.61178062086969,-209.6868712316848,-129.64932592627724,True
2018-06-12,-308.66715459325115,-62.22853637659602,-185.4478454849236,True
2018-06-13,-46.544595176802964,-165.8262871217578,-106.18544114928038,True
2018-06-14,306.55863004528516,755.4551523508136,531.0068911980494,True
2018-06-15,-849.4429242061603,124.87107022309841,-362.28592699153097,True
2018-06-18,-787.5161335592319,1.2736698288705945,-393.1212318651807,True
2018-06-19,-589.2219779352785,576.2623515714549,-6.479813181911766,True
2018-06-20,-70.97150159611441,-803.955221967502,-437.4633617818082,True
2018-06-21,-307.60743846256355,548.5250474086026,120.45880447301954,True
2018-06-22,322.96512337053457,9.352213840293818,166.1586686054142,True
2018-06-25,-711.5525189019205,255.92874229498585,-227.81188830346733,True
2018-06-26,315.99891636743774,115.8732756014202,215.93609598442896,True
2018-06-27,-109.93477998804917,884.7769488187896,387.4210844153702,True
2018-06-28,701.3490482462429,-105.46108623241352,297.94398100691467,True
2018-06-29,-17.483346204798185,-265.9085704613696,-141.6959583330839,True
2018-07-02,-365.748839315994,-128.08121960187788,-246.91502945893595,True
2018-07-03,272.7207978138946,568.8199416218902,420.7703697178924,True
2018-07-05,274.66855734808775,152.2254321213582,213.44699473472298,True
2018-07-06,126.69258560153021,264.59004364443905,195.64131462298462,True
2018-07-09,572.6562475189061,-642.4790241215376,-34.91138830131575,True
2018-07-10,89.62988719553728,-105.1195151320745,-7.744813968268609,True
2018-07-11,-731.8347655561614,433.0015038146969,-149.41663087073226,True
2018-07-12,1249.7215226987948,-59.156989925447995,595.2822663866734,True
2018-07-13,58.659106060437544,317.75766278644795,188.20838442344274,True
2018-07-16,-483.08874803193504,-420.67068614940575,-451.8797170906704,True
2018-07-17,-111.8096354109093,-176.31588114100023,-144.06275827595476,True
2018-07-18,190.00622661495413,-310.6402290404056,-60.31700121272573,True
2018-07-19,-1103.4039131459103,642.721347894789,-230.34128262556067,True
2018-07-20,509.2256622422606,-1061.4920029551292,-276.13317035643433,True
2018-07-23,-509.24415691252545,-1227.215827371832,-868.2299921421786,True
2018-07-24,528.6146208565744,250.87365727446223,389.7441390655183,True
2018-07-25,569.3040980075963,-172.77412254784764,198.26498772987432,True
2018-07-26,-454.1017256533427,-236.5262466018094,-345.3139861275761,True
2018-07-27,236.5003371314636,262.9879649404822,249.7441510359729,True
2018-07-30,-450.6274722546819,-338.50626986266263,-394.5668710586723,True
2018-07-31,594.7726912020794,437.2835870375164,516.0281391197979,True
2018-08-01,-53.729941399503765,-717.7923550431553,-385.76114822132956,True
2018-08-02,61.140409021905064,218.31733980653277,139.72887441421892,True
2018-08-03,415.36080007702253,585.7419973105399,500.5513986937812,True
2018-08-06,5.288535137770263,84.13244443417567,44.71048978597297,True
2018-08-07,-92.18055623907833,-554.8067378142209,-323.4936470266496,True
2018-08-08,-112.34832458999526,157.25409246464687,22.452883937325808,True
2018-08-09,-389.23016057754415,797.4233478747343,204.09659364859507,True
2018-08-10,-676.98414613438,932.6691480332067,127.84250094941336,True
2018-08-13,-566.6998590471192,-160.28142124611804,-363.4906401466186,True
2018-08-14,276.66185495372605,-256.1888175308398,10.236518711443125,True
2018-08-15,-457.5603293173474,616.9620039787684,79.7008373307105,True
2018-08-16,440.4684484675603,-51.774502125024526,194.34697317126788,True
2018-08-17,589.3819567738171,106.95472533492872,348.16834105437295,True
2018-08-20,-199.0687815110567,750.1150783460154,275.5231484174793,True
2018-08-21,-324.5903862259782,-366.1468357882478,-345.36861100711303,True
2018-08-22,-302.56124748841296,439.5235038517742,68.48112818168062,True
2018-08-23,-988.2969122597829,62.350486572737765,-462.97321284352256,True
2018-08-24,467.9721762502249,133.82256890593106,300.897372578078,True
2018-08-27,45.37360586619611,-605.6074517306798,-280.11692293224183,True
2018-08-28,-298.9300200777631,-621.4278738386081,-460.17894695818563,True
2018-08-29,-488.79304063162124,24.418324286351474,-232.18735817263487,True
2018-08-30,-945.9907833764071,341.7378668069606,-302.12645828472324,True
2018-08-31,-839.3140883162939,-111.47487466720844,-475.3944814917512,True
2018-09-04,-95.4064146783363,-622.5131637904764,-358.95978923440634,True
2018-09-05,-169.31780640941776,-181.81390622958915,-175.56585631950344,True
2018-09-06,-366.36594284903265,487.3241614755049,60.47910931323614,True
2018-09-07,-612.7206607039622,-1128.2146399582184,-870.4676503310902,True
2018-09-10,614.9193876906207,286.6725566380591,450.7959721643399,True
2018-09-11,126.4411326503044,-957.6874944773599,-415.62318091352773,True
2018-09-12,661.2799642005981,289.56043175023314,475.4201979754156,True
2018-09-13,-115.53232030467738,64.03119454436984,-25.750562880153772,True
2018-09-14,-217.33651674841076,-549.6798658001279,-383.50819127426934,True
2018-09-17,-379.8928700828453,15.464019250817726,-182.2144254160138,True
2018-09-18,1012.928415888414,-1195.3035744782858,-91.18757929493592,True
2018-09-19,924.2323126547748,-593.573454934154,165.32942886031037,True
2018-09-20,-504.05172462676234,274.5610201639027,-114.74535223142982,True
2018-09-21,-326.2752122348801,17.579626911448663,-154.34779266171572,True
2018-09-24,172.2761884051604,-312.1577531409691,-69.94078236790433,True
2018-09-25,-52.62645928402614,-208.42072166521635,-130.52359047462124,True
2018-09-26,53.390507171622204,851.4255428189042,452.4080249952632,True
2018-09-27,613.3206660911695,28.387868403138963,320.85426724715427,True
2018-09-28,1209.2289775830448,-98.94427209489591,555.1423527440744,True
2018-10-01,903.1931505086035,-795.1918712112937,54.0006396486549,True
2018-10-02,-478.6152686954264,723.3134172606178,122.34907428259572,True
2018-10-03,-299.1139720731048,-2115.7455316996748,-1207.4297518863898,True
2018-10-04,-543.2206630077155,-806.5647780079123,-674.8927205078139,True
2018-10-05,-374.09277626262497,-872.384891352872,-623.2388338077485,True
2018-10-08,350.8385628669133,-158.76194654431447,96.03830816129943,True
2018-10-09,331.6697444265081,869.6518779670214,600.6608111967647,True
2018-10-10,-860.7212155431278,-106.46002075931816,-483.59061815122294,True
2018-10-11,116.79339419353497,1304.0974536435015,710.4454239185183,True
2018-10-12,181.56576299134574,-392.55067566451874,-105.4924563365865,True
2018-10-15,-51.84075207530553,45.60305914260046,-3.1188464663525366,True
2018-10-16,624.4438197169851,110.62317550742775,367.5334976122064,True
2018-10-17,101.41984991838042,-780.9174693705776,-339.74880972609856,True
2018-10-18,-228.34014152885666,220.94007277807444,-3.7000343753911125,True
2018-10-19,34.028142398245414,-315.04952993833547,-140.51069377004504,True
2018-10-22,-318.3522143543102,-64.36985732785595,-191.3610358410831,True
2018-10-23,7.941088490090926,546.7830290612665,277.3620587756787,True
2018-10-24,64.12411464120585,1206.1047873925475,635.1144510168766,True
2018-10-25,466.04166191892693,-602.7423900973674,-68.35036408922025,True
2018-10-26,-368.5049482741088,985.6732042749273,308.58412800040924,True
2018-10-29,-31.19668082329447,-163.73590380385318,-97.46629231357383,True
2018-10-30,976.5317737523607,-621.6496892421576,177.44104225510154,True
2018-10-31,-128.9641996723161,-671.2949584424241,-400.1295790573701,True
2018-11-01,1342.423558288927,157.1553618056732,749.7894600473002,True
2018-11-02,24.077729534336317,-1441.9793656101615,-708.9508180379125,True
2018-11-05,173.56427592085623,288.2256075389722,230.89494172991422,True
2018-11-06,71.88687358315043,-190.91840734023992,-59.515766878544746,True
2018-11-07,459.85571719281734,63.30372682509741,261.5797220089574,True
2018-11-08,221.41829643279917,-200.0408676556764,10.68871438856138,True
2018-11-09,-461.19776666556317,920.4260715727864,229.61415245361164,True
2018-11-12,-27.171371378152745,748.1144918712573,360.47156024655226,True
2018-11-13,118.85842456053571,57.18010470294486,88.01926463174028,True
2018-11-14,-102.00130654420688,295.59174937367317,96.79522141473313,True
2018-11-15,340.2772215848776,54.027770125094236,197.15249585498594,True
2018-11-16,8.634493347404902,716.5569489996997,362.5957211735523,True
2018-11-19,-1304.6253333885043,339.23871716307906,-482.6933081127126,True
2018-11-20,-898.9481102287501,-18.376941290786323,-458.66252575976824,True
2018-11-21,658.142177481411,-57.65777427272365,300.2422016043437,True
2018-11-23,286.6276882590682,124.1183877567463,205.37303800790724,True
2018-11-26,22.337969137329267,-243.10997657676458,-110.38600371971765,True
2018-11-27,-48.961360631431795,180.7381311711534,65.8883852698608,True
2018-11-28,394.7063370193695,-300.0128868712316,47.34672507406896,True
2018-11-29,120.61896153392064,545.2780941026041,332.9485278182624,True
2018-11-30,175.11580270862106,456.5996591936194,315.85773095112023,True
2018-12-03,928.6454408409763,668.546697809178,798.5960693250772,True
2018-12-04,-663.5499659581459,1646.2590104336975,491.3545222377758,True
2018-12-06,-2069.307189007371,529.5902563428152,-769.8584663322779,True
2018-12-07,-614.9171796072462,504.6992571877788,-55.10896120973371,True
2018-12-10,-391.52698349141235,319.9663587713736,-35.780312360019366,True
2018-12-11,492.90933330750966,-372.24515683885033,60.33208823432966,True
2018-12-12,412.0431751875871,-662.0630971292511,-125.009960970832,True
2018-12-13,162.14156318893845,-76.60723688900761,42.76716314996542,True
2018-12-14,-75.7328435539555,414.5618426409077,169.4144995434761,True
2018-12-17,-900.8186872391249,746.2009940030216,-77.30884661805163,True
2018-12-18,-292.464693155585,692.9611767428597,200.24824179363736,True
2018-12-19,-682.4672467594704,1276.4525415072892,296.9926473739094,True
2018-12-20,-1123.4572885518608,-408.4871584886345,-765.9722235202477,True
2018-12-21,-238.91635082818567,97.51594526152772,-70.70020278332898,True
2018-12-24,-663.6912763393738,637.8084024989126,-12.941436920230558,True
2018-12-26,1322.4576689901712,-1321.1074304686301,0.6751192607705434,True
2018-12-27,-1804.0810581193066,345.6703584433648,-729.2053498379709,True
2018-12-28,-505.0108315925918,1249.4623173239531,372.2257428656807,True
2018-12-31,0.5125393376728642,737.3348057428203,368.92367254024657,True
2019-01-02,577.0067726919934,592.9008019322761,584.9537873121348,True
2019-01-03,-192.9118329220054,1654.8208311896624,730.9544991338284,True
2019-01-04,1929.6556348794738,-1706.5794680660995,111.53808340668718,True
2019-01-07,-197.47646321080708,-536.567671427925,-367.02206731936604,True
2019-01-08,305.7865213637971,-482.45141046998333,-88.33244455309313,True
2019-01-09,-503.5023770289725,-26.84846605606736,-265.1754215425199,True
2019-01-10,1088.5451080407886,-439.13463385843454,324.705237091177,True
2019-01-11,297.00728559503466,592.6426495941349,444.8249675945848,True
2019-01-14,-368.7193807331346,-297.52145324490783,-333.12041698902124,True
2019-01-15,949.0224832787951,-342.9986767249895,303.0119032769028,True
2019-01-16,161.81697771396853,-29.638526767082446,66.08922547344304,True
2019-01-17,630.4706328999733,-232.82731804742295,198.82165742627518,True
2019-01-18,-88.39945351034565,-718.2346737174911,-403.3170636139184,True
2019-01-22,-604.482850472801,819.346814413333,107.43198197026601,True
2019-01-23,148.9745472314573,-97.50225567883483,25.73614577631124,True
2019-01-24,-155.4845258827771,769.266086139641,306.8907801284319,True
2019-01-25,890.8816241611088,-580.093956061781,155.3938340496639,True
2019-01-28,-842.8747062364051,-31.55091955279591,-437.2128128946005,True
2019-01-29,227.63580209063645,646.3756694659662,437.0057357783013,True
2019-01-30,1340.9995970733412,241.65480681177277,791.3272019425569,True
2019-01-31,504.29095270093865,1066.5510935488467,785.4210231248926,True
2019-02-01,-30.605701852438948,-1048.10919442736,-539.3574481398995,True
2019-02-04,42.45084838292221,-529.1098168273614,-243.3294842222196,True
2019-02-05,119.90965947583857,455.9380604523543,287.92385996409644,True
2019-02-06,-1171.1009304963177,107.56729210784708,-531.7668191942353,True
2019-02-07,-339.7116689391913,753.9847641338233,207.136547597316,True
2019-02-08,-193.55824665608608,392.413857942129,99.42780564302147,True
2019-02-11,161.81215562096298,-418.0252052592023,-128.10652481911967,True
2019-02-12,572.6566679177977,-316.12864075820255,128.26401357979756,True
2019-02-13,368.26450657145557,-523.2909630042615,-77.51322821640295,True
2019-02-14,-557.9128803327088,871.4607273611601,156.77392351422566,True
2019-02-15,622.113981123264,-34.25661046755613,293.92868532785394,True
2019-02-19,256.72272777485506,337.67912002962635,297.2009239022407,True
2019-02-20,79.50153070265651,-199.270442945491,-59.884456121417244,True
2019-02-21,-871.4546957786517,-876.1440267329956,-873.7993612558237,True
2019-02-22,603.3577979176878,681.8190448880159,642.5884214028518,True
2019-02-25,299.74051791967963,-362.62400829403134,-31.441745187175854,True
2019-02-26,265.5038090944425,623.2335750043595,444.36869204940103,True
2019-02-27,-189.62628084522365,-1080.894418857297,-635.2603498512603,True
2019-02-28,-740.9860807527439,-512.6304443978428,-626.8082625752934,True
2019-03-01,-564.3910628620653,-931.975383855295,-748.1832233586802,True
2019-03-04,37.31795722669672,813.3735539206365,425.3457555736666,True
2019-03-05,264.29500564702454,178.91848619718525,221.6067459221049,True
2019-03-06,-841.0074677084732,534.1170112971047,-153.44522820568426,True
2019-03-07,713.695638275961,766.1060789239667,739.9008585999638,True
2019-03-08,-21.025995925555428,404.7623679570998,191.86818601577218,True
2019-03-11,538.3734014405691,-275.721802508396,131.32579946608652,True
2019-03-12,-189.4694992884448,727.1900219238825,268.8602613177188,True
2019-03-13,62.48243338634152,-167.21093095938528,-52.364248786521884,True
2019-03-14,-168.36788901637837,-604.0997783151275,-386.23383366575297,True
2019-03-15,5.228610564800328,749.0689954743764,377.14880301958834,True
2019-03-18,-108.82985203142103,-203.6123933240472,-156.22112267773412,True
2019-03-19,-128.00071621825938,-220.7966542410171,-174.39868522963826,True
2019-03-20,-772.7285144792207,1426.2354124178808,326.75344896933,True
2019-03-21,-175.16078782924694,60.497819941475505,-57.331483943885715,True
2019-03-22,-87.99744926435324,1773.9644334931027,842.9834921143747,True
2019-03-25,269.37098762394623,383.24053377503316,326.3057606994897,True
2019-03-26,843.4989927737869,-154.14836339962784,344.67531468707955,True
2019-03-27,-434.3706964852367,871.9679519784958,218.79862774662953,True
2019-03-28,-319.1673817764673,203.4726044189788,-57.84738867874427,True
2019-03-29,461.3230859180495,-255.93950211379766,102.69179190212593,True
2019-04-01,954.8218780160439,-1661.8460921429478,-353.51210706345194,True
2019-04-02,-620.9457169238952,288.18532709352485,-166.3801949151852,True
2019-04-03,386.7998614244504,-854.4621674086948,-233.83115299212218,True
2019-04-04,165.87326861507574,266.9028491831724,216.38805889912408,True
2019-04-05,-305.2976030391957,115.30404254960973,-94.99678024479297,True
2019-04-08,294.09506057109934,-394.57524667243393,-50.2400930506673,True
2019-04-09,-73.77155355403298,372.2466928841776,149.23756966507233,True
2019-04-10,740.8583093534478,396.11907772533095,568.4886935393894,True
2019-04-11,-535.3721576437713,-600.1286532411702,-567.7504054424708,True
2019-04-12,577.3392177550107,-942.8511164383337,-182.7559493416615,True
2019-04-15,-28.775589846898935,283.06301760097244,127.14371387703676,True
2019-04-16,371.5077043914841,-754.382823879389,-191.43755974395245,True
2019-04-17,226.93927910801412,33.41968638335543,130.17948274568477,True
2019-04-18,222.10076001211863,555.1443269666454,388.622543489382,True
2019-04-22,-183.22214011917552,-443.4766422841614,-313.3493912016685,True
2019-04-23,-185.0366609902699,315.3605568051945,65.1619479074623,True
2019-04-24,-958.4473677113205,881.6082339931797,-38.41956685907036,True
2019-04-25,37.11373133238836,-234.22633180428886,-98.55630023595025,True
2019-04-26,280.1456530138908,484.210214760754,382.1779338873224,True
2019-04-29,246.5631841438882,-607.019062338014,-180.22793909706292,True
2019-04-30,-81.19996368963074,503.6363677318573,211.21820202111329,True
2019-05-01,-640.7489925743087,165.82723933158243,-237.46087662136313,True
2019-05-02,123.06212220087278,-610.538454245428,-243.73816602227765,True
2019-05-03,46.96424230262498,303.31777126173415,175.14100678217957,True
2019-05-06,-224.65033637640533,441.3654060475221,108.35753483555837,True
2019-05-07,-25.142730431724985,816.8704663655858,395.8638679669304,True
2019-05-08,-331.0387795109953,-474.53781309581314,-402.7882963034042,True
2019-05-09,-491.81153320731534,527.3828253193308,17.78564605600772,True
2019-05-10,59.98273433800761,-164.8887021438578,-52.4529839029251,True
2019-05-13,-1450.5091590028023,1012.8742338508356,-218.81746257598337,True
2019-05-14,323.31253959674245,-286.4657903780667,18.423374609337884,True
2019-05-15,-349.9355785455614,706.3485129845047,178.20646721947168,True
2019-05-16,-268.09633095328854,-427.6889101093608,-347.89262053132467,True
2019-05-17,-181.0415856489412,169.04220000805512,-5.999692820443045,True
2019-05-20,455.6011427110277,-323.8286189995875,65.88626185572011,True
2019-05-21,56.12667009367714,-231.99059074859872,-87.93196032746079,True
2019-05-22,-302.7752314044161,662.1307661382209,179.6777673669024,True
2019-05-23,-695.4232828126966,1331.8444265188664,318.2105718530849,True
2019-05-24,267.8950364463136,5.11624586788636,136.50564115709997,True
2019-05-28,388.5472780507378,904.25024305026,646.3987605504989,True
2019-05-29,-10.494965661556524,116.75384192955809,53.129438134000786,True
2019-05-30,-35.26837088063716,894.9454998531916,429.8385644862772,True
2019-05-31,-640.3645801688068,1469.3840136976037,414.50971676439843,True
2019-06-03,-389.4927265567307,746.086627297853,178.29695037056118,True
2019-06-04,484.6543519277929,-405.5154994382503,39.56942624477131,True
2019-06-05,-43.4273838477795,-563.8990151626552,-303.6631995052174,True
2019-06-06,-74.88951085320303,359.8873644753995,142.49892681109824,True
2019-06-07,-88.99172707935962,74.40500976551205,-7.293358656923786,True
2019-06-10,-275.40436641503345,49.440824056533316,-112.98177117925007,True
2019-06-11,283.07789145679135,61.838723988411445,172.4583077226014,True
2019-06-12,-134.72392643691245,-438.48119352301336,-286.6025599799629,True
2019-06-13,-329.88145942519134,-151.27295505207968,-240.5772072386355,True
2019-06-14,-184.43058639302748,105.30816979660136,-39.56120829821306,True
2019-06-17,-310.0208327224837,211.97287798234282,-49.02397737007044,True
2019-06-18,583.0761680497616,116.77860650955765,349.9273872796596,True
2019-06-19,-104.40654104128215,-404.39226850365486,-254.3994047724685,True
2019-06-20,-522.1337404067887,-63.83192863218123,-292.9828345194849,True
2019-06-21,-698.2858397611353,-278.91914783128146,-488.60249379620836,True
2019-06-24,71.18520524991617,51.11142156125876,61.14831340558746,True
2019-06-25,281.8873992147303,0.15319229775639887,141.02029575624334,True
2019-06-26,864.532321896884,178.71692763510728,521.6246247659957,True
2019-06-27,36.29660845449053,102.06913167293725,69.18287006371389,True
2019-06-28,265.8280628154518,-158.40007211890605,53.713995348272874,True
2019-07-01,343.70581387371584,17.292705496946397,180.4992596853311,True
2019-07-02,156.08098799054545,49.013140306160146,102.5470641483528,True
2019-07-03,664.3396081783709,322.45822964330085,493.39891891083585,True
2019-07-05,286.8807366422917,-35.92269173348108,125.47902245440531,True
2019-07-08,100.29064416685189,337.05011155045815,218.67037785865503,True
2019-07-09,-605.4688201455663,91.86423008421511,-256.80229503067557,True
2019-07-10,-17.61677375978629,-654.7341406570782,-336.17545720843225,True
2019-07-11,315.0580951070602,-328.98185992449567,-6.9618824087177416,True
2019-07-12,-129.8952517395781,-106.93998824292461,-118.41761999125136,True
2019-07-15,90.89776798649334,146.3183472216661,118.60805760407972,True
2019-07-16,25.50835961118477,147.22879305853155,86.36857633485816,True
2019-07-17,23.568981219947144,128.59003143316787,76.0795063265575,True
2019-07-18,-128.11621300490154,-487.887752991173,-308.00198299803725,True
2019-07-19,21.945776643135513,133.86140495431115,77.90359079872333,True
2019-07-22,-433.50078141415,96.38387061946509,-168.55845539734247,True
2019-07-23,202.58069584560874,-210.01560577490145,-3.7174549646463504,True
2019-07-24,-106.09707544125499,136.3384100970371,15.120667327891056,True
2019-07-25,221.30347760069603,-124.29181182178837,48.50583288945383,True
2019-07-26,-164.11401244969952,270.89871565414234,53.39235160222141,True
2019-07-29,-528.6057944463595,-153.3061396013746,-340.95596702386706,True
2019-07-30,-387.87656575793534,149.12226657879373,-119.3771495895708,True
2019-07-31,270.35488786734624,282.333300289381,276.3440940783636,True
2019-08-01,-1237.3410646733312,-318.0194766268502,-777.6802706500907,True
2019-08-02,-687.2474509284914,461.4768419790878,-112.8853044747018,True
2019-08-05,-1426.2571127701506,-108.96109709966497,-767.6091049349078,True
2019-08-06,-56.83030621402524,437.539005182008,190.35434948399137,True
2019-08-07,-492.2929570319836,34.5040333074832,-228.89446186225018,True
2019-08-08,761.7515069081237,187.12611999840013,474.4388134532619,True
2019-08-09,-429.6497678422982,118.45307478678632,-155.59834652775595,True
2019-08-12,-730.7052114538125,702.7168404648974,-13.994185494457554,True
2019-08-13,1310.2910908871422,396.2730631309077,853.282077009025,True
2019-08-14,-1034.6544041129248,794.2753853179612,-120.1895093974818,True
2019-08-15,588.2586000787759,-235.03078019420528,176.61390994228532,True
2019-08-16,735.3608726845035,-229.08262992528137,253.13912137961108,True
2019-08-19,-279.53200864216046,-398.0417283144665,-338.7868684783135,True
2019-08-20,-43.1175109530821,87.02089407030363,21.95169155861076,True
2019-08-21,544.7851786256059,-98.34957149275485,223.21780356642552,True
2019-08-22,17.36736102579362,-184.60013855211383,-83.6163887631601,True
2019-08-23,-1031.2032679111132,199.76884847299334,-415.71720971905995,True
2019-08-26,913.0826867966194,-189.22066092406146,361.931012936279,True
2019-08-27,-134.02617836816148,594.6111059936585,230.2924638127485,True
2019-08-28,-31.314525458315174,51.88768093555244,10.286577738618632,True
2019-08-29,380.2559411883802,31.003256110669717,205.62959864952495,True
2019-08-30,601.9638147251683,-27.549195687033468,287.2073095190674,True
2019-09-03,-344.24326452076104,-447.59522665296606,-395.91924558686355,True
2019-09-04,481.3588555441612,-206.1812000698064,137.58882773717738,True
2019-09-05,823.845844031434,1496.3351963785417,1160.0905202049878,True
2019-09-06,562.2952835594252,-342.0651541317512,110.115064713837,True
2019-09-09,609.331895393805,1304.4809854644593,956.9064404291321,True
2019-09-10,140.74045343040234,1399.2019244057212,769.9711889180618,True
2019-09-11,-12.126383329403225,168.1913808791393,78.03249877486803,True
2019-09-12,-538.016420499834,479.4371622301534,-29.28962913484031,True
2019-09-13,-16.547141301112127,1730.8868920210139,857.1698753599509,True
2019-09-16,532.7580079697224,-921.699651112687,-194.4708215714823,True
2019-09-17,-110.04646056514643,-462.5855962041088,-286.3160283846276,True
2019-09-18,-63.153550742147736,-201.7943054430005,-132.4739280925741,True
2019-09-19,-542.9710871627861,-160.60336477872718,-351.78722597075665,True
2019-09-20,-486.43238908057157,-1073.6070876332358,-780.0197383569036,True
2019-09-23,314.9842312738696,-123.35265105684795,95.81579010851084,True
2019-09-24,-229.52072258187223,-955.6278491518798,-592.574285866876,True
2019-09-25,211.20982596866077,1214.705839160344,712.9578325645025,True
2019-09-26,178.4773705035617,-459.41474384703366,-140.46868667173598,True
2019-09-27,-62.663961904378674,-231.267972189211,-146.96596704679484,True
2019-09-30,698.6326502127879,-171.58398566745834,263.52433227266476,True
2019-10-01,-886.3797093747113,-503.5194137826094,-694.9495615786603,True
2019-10-02,-470.29148439533765,-514.6541034185684,-492.47279390695303,True
2019-10-03,281.7412574270682,-293.74665739356413,-6.002699983247965,True
2019-10-04,25.60828466739021,245.75374776338313,135.68101621538668,True
2019-10-07,-158.8628481705679,-30.090501105503044,-94.47667463803548,True
2019-10-08,-256.58884501258837,-208.02828350028986,-232.30856425643913,True
2019-10-09,-26.935193364129034,37.504653617442244,5.284730126656605,True
2019-10-10,850.9972099896397,0.9065478742028059,425.95187893192127,True
2019-10-11,1030.8475133218267,345.3324215515919,688.0899674367092,True
2019-10-14,-231.49291773152996,58.96368893783735,-86.2646143968463,True
2019-10-15,383.0449085705803,-56.39559222612667,163.3246581722268,True
2019-10-16,-239.48006479423083,-308.59037812771146,-274.0352214609711,True
2019-10-17,-104.36572641905204,-140.35325058836693,-122.35948850370949,True
2019-10-18,9.392430391735413,-189.28948606813023,-89.9485278381974,True
2019-10-21,597.3030104317653,105.96391148942223,351.63346096059377,True
2019-10-22,80.58337309956447,26.01177221411474,53.297572656839606,True
2019-10-23,225.20404811581196,13.26637119531425,119.2352096555631,True
2019-10-24,-5.704034535446139,-140.62617383011855,-73.16510418278234,True
2019-10-25,322.98304730418124,19.61281942700685,171.29793336559405,True
2019-10-28,210.61515413015738,-12.368827399311286,99.12316336542304,True
2019-10-29,-263.21972237306716,-132.27279237031397,-197.74625737169055,True
2019-10-30,-645.1679065059302,272.8684289851534,-186.1497387603884,True
2019-10-31,-359.4809352462485,-145.30401373042258,-252.39247448833555,True
2019-11-01,162.49644035137428,-50.20548252481281,56.14547891328073,True
2019-11-04,103.68975938276495,-939.1777972457663,-417.7440189315007,True
2019-11-05,804.7902301638411,-893.5413089522724,-44.37553939421565,True
2019-11-06,-284.3197268350866,471.79778306226626,93.73902811358982,True
2019-11-07,448.6043563128423,-1378.1995985143478,-464.79762110075274,True
2019-11-08,-348.63197538188064,-280.66243764760947,-314.64720651474505,True
2019-11-11,-348.2350290300923,114.49266014644198,-116.87118444182515,True
2019-11-12,-149.4795774101355,205.4598493223371,27.9901359561008,True
2019-11-13,-393.2201429536361,473.517547016123,40.14870203124343,True
2019-11-14,-462.7015885409484,820.828147755591,179.06327960732128,True
2019-11-15,359.0939083123926,-116.34727087594771,121.37331871822245,True
2019-11-18,-39.260509951970214,211.28538272274002,86.0124363853849,True
2019-11-19,-173.38936602710888,469.8695070890214,148.24007053095625,True
2019-11-20,-417.10440131699823,700.9502635136744,141.92293109833807,True
2019-11-21,348.28159250671024,-456.7483463545841,-54.23337692393693,True
2019-11-22,392.05593286028534,27.129665895001693,209.59279937764353,True
2019-11-25,-31.810196804331348,142.86592261889945,55.527862907284046,True
2019-11-26,196.09726657080455,376.4007644098406,286.24901549032256,True
2019-11-27,240.42091110393673,-339.62470315373776,-49.60189602490051,True
2019-11-29,-66.7268484128703,-155.18154389286528,-110.95419615286778,True
2019-12-02,-706.1591373692302,-818.1963438815649,-762.1777406253975,True
2019-12-03,-198.43584768686424,1615.203869795333,708.3840110542344,True
2019-12-04,1079.5041200687706,-740.3390748246142,169.58252262207822,True
2019-12-05,-264.8214516844054,-405.15412780043846,-334.9877897424219,True
2019-12-06,-70.2020918599726,-496.7014518716619,-283.45177186581725,True
2019-12-09,-58.480016070054674,152.0725881235219,46.79628602673362,True
2019-12-10,-525.0391139807191,-108.84494977175156,-316.9420318762353,True
2019-12-11,507.17019033574616,674.9610157316425,591.0656030336943,True
2019-12-12,526.1662919378292,-1359.325539200858,-416.5796236315144,True
2019-12-13,-84.09732182003367,975.8928543162181,445.8977662480922,True
2019-12-16,63.682571142231275,-777.9378957730145,-357.1276623153916,True
2019-12-17,-797.8891053817534,-50.73254642928859,-424.310825905521,True
2019-12-18,456.257066839536,-569.382635177284,-56.562784168874,True
2019-12-19,-228.94986796059325,127.16031584926093,-50.89477605566616,True
2019-12-20,523.9151888694241,45.49537329406218,284.7052810817432,True
2019-12-23,20.173120635430088,-144.5008885925795,-62.16388397857472,True
2019-12-24,-91.34018639722677,261.49203343117824,85.07592351697573,True
2019-12-26,514.1722086071346,219.30424384579453,366.7382262264646,True
2019-12-27,-429.3857370969679,168.12731437055618,-130.62921136320585,True
2019-12-30,-322.3037019734388,-203.9432456363034,-263.1234738048711,True
2019-12-31,635.0820238377534,-712.6524113861957,-38.78519377422117,True
2020-01-02,55.794506543654464,851.0806636824157,453.4375851130351,True
2020-01-03,-284.4205763706554,1190.518017932756,453.0487207810503,True
2020-01-06,-325.2776230021612,-321.7157424816198,-323.4966827418905,True
2020-01-07,-275.29919680851174,-324.4800461788871,-299.88962149369945,True
2020-01-08,226.66943050119687,-471.13829803420697,-122.23443376650505,True
2020-01-09,-268.4055326490192,195.1377061997013,-36.633913224658954,True
2020-01-10,304.01133809740367,532.5485984013509,418.27996824937725,True
2020-01-13,-214.23556717883181,-227.74651430265024,-220.99104074074103,True
2020-01-14,-288.3111615599589,371.2716121735781,41.48022530680959,True
2020-01-15,-215.36770516701932,476.8417541585343,130.73702449575748,True
2020-01-16,204.62263934301942,-312.36864576480184,-53.87300321089121,True
2020-01-17,38.40751502905187,-408.5182033852058,-185.05534417807698,True
2020-01-21,-261.78014005723145,755.8943237546866,247.0570918487276,True
2020-01-22,-296.5591007936369,146.44497810645305,-75.05706134359193,True
2020-01-23,262.9484000721989,490.40075928905765,376.6745796806283,True
2020-01-24,39.23256672051466,628.0940830290665,333.6633248747906,True
2020-01-27,-1011.13377526555,1203.2418975351534,96.05406113480171,True
2020-01-28,418.68318306909583,-609.8709340076704,-95.59387546928727,True
2020-01-29,-153.9121174900557,802.6686287665099,324.3782556382271,True
2020-01-30,-582.4348583674758,87.02519145588849,-247.70483345579368,True
2020-01-31,-1196.730504077839,798.9095160567394,-198.91049401054977,True
2020-02-03,-153.38407383824975,-288.92897826250527,-221.15652605037752,True
2020-02-04,894.8845243521776,18.784525620394312,456.83452498628594,True
2020-02-05,469.5409938954265,-64.57979553299013,202.48059918121817,True
2020-02-06,107.78495911338237,252.11458334393032,179.94977122865635,True
2020-02-07,-182.99755269025832,104.2712338001056,-39.363159445076356,True
2020-02-10,124.41503588637114,-162.5056881762193,-19.045326144924083,True
2020-02-11,300.4447812053774,50.57909935506642,175.51194028022192,True
2020-02-12,893.3153987487744,86.56862662831342,489.9420126885439,True
2020-02-13,93.41831954142684,155.32188331719325,124.37010142931004,True
2020-02-14,356.1817551524937,-131.5136577951479,112.33404867867289,True
2020-02-18,-4.7380379636035395,276.2656129876503,135.76378751202338,True
2020-02-19,252.97452096285784,30.259849864392596,141.6171854136252,True
2020-02-20,-506.10037627806105,86.07959125775993,-210.01039251015055,True
2020-02-21,-422.90883715192393,-18.203831292879748,-220.55633422240183,True
2020-02-24,-775.7010320214331,-308.9286003369521,-542.3148161791926,True
2020-02-25,-308.11329053637013,-110.81360716446324,-209.46344885041668,True
2020-02-26,-586.4221690855028,-364.37181236499276,-475.39699072524775,True
2020-02-27,-1444.3770464118682,-54.61876437890631,-749.4979053953872,True
2020-02-28,-1749.6013618228194,-346.89905809272693,-1048.2502099577732,True
2020-03-02,-107.36826282707557,-517.0032210403319,-312.18574193370375,True
2020-03-03,-461.2502833276304,-1020.0468106764412,-740.6485470020358,True
2020-03-04,435.8785353560652,-509.9349180091899,-37.028191326562364,True
2020-03-05,-1759.7643211050124,401.7245889384015,-679.0198660833055,True
2020-03-06,-671.5983533443034,2606.388489086108,967.3950678709024,True
2020-03-09,-4307.991032506878,584.7327595616592,-1861.6291364726092,True
2020-03-10,1014.6220174120623,-828.1707617510318,93.22562783051524,True
2020-03-11,-212.1611820776641,-1264.7955832045368,-738.4783826411004,True
2020-03-12,-1236.4989791568883,452.6458205880577,-391.9265792844153,True
2020-03-13,851.5184534132021,-697.6887960784424,76.91482866737988,True
2020-03-16,-3322.3362428813634,362.22922517471034,-1480.0535088533265,True
2020-03-17,-468.1083564598216,-827.8634059950549,-647.9858812274383,True
2020-03-18,-2276.7202455386564,-2234.099594325654,-2255.4099199321554,True
2020-03-19,2161.7385148096687,1784.2296341525446,1972.9840744811067,True
2020-03-20,1214.2683485673817,1506.4275540822591,1360.3479513248203,True
2020-03-23,-1578.8334780594553,1267.8043464979594,-155.51456578074794,True
2020-03-24,1668.4185626782548,-276.6634295854869,695.877566546384,True
2020-03-25,829.2920232080406,-334.65012917636614,247.32094701583725,True
2020-03-26,103.99191212842925,-64.4612842653645,19.765313931532376,True
2020-03-27,210.14790581336027,872.4217046505055,541.2848052319329,True
2020-03-30,-238.00010949723875,-1237.629828683926,-737.8149690905824,True
2020-03-31,633.2503697229964,-1122.868113556923,-244.80887191696326,True
2020-04-01,-843.1678466643189,253.43045876224488,-294.868693951037,True
2020-04-02,756.5460315523987,100.33406049604001,428.4400460242194,True
2020-04-03,-131.87603352706256,66.47969111075473,-32.698171208153916,True
2020-04-06,986.5187960861682,-231.63936255912927,377.43971676351947,True
2020-04-07,244.9591436371595,-344.78688784583693,-49.91387210433871,True
2020-04-08,308.31353392921284,-160.58115770671844,73.8661881112472,True
2020-04-09,296.7117030346417,118.50471109220544,207.60820706342355,True
2020-04-13,844.0225749731844,-226.81935016028217,308.6016124064511,True
2020-04-14,-428.1874342514441,52.78055392713263,-187.70344016215572,True
2020-04-15,-1020.2888564373686,772.1760154326594,-124.05642050235463,True
2020-04-16,302.72674632498047,212.63717731601093,257.6819618204957,True
2020-04-17,449.89872261071866,-309.7603415386143,70.06919053605219,True
2020-04-20,-424.56197816512935,230.73313503912092,-96.91442156300421,True
2020-04-21,-486.0031176370796,304.43179783898165,-90.78565989904897,True
2020-04-22,399.680138724988,-283.4679708242185,58.10608395038474,True
2020-04-23,1089.2133934782194,106.05872441561905,597.6360589469192,True
2020-04-24,-238.73661442409605,44.872749255515835,-96.93193258429011,True
2020-04-27,713.107980245108,-501.993918710149,105.55703076747952,True
2020-04-28,154.96075886704094,355.99670705038795,255.47873295871443,True
2020-04-29,614.6190103738203,-97.64313152285723,258.4879394254815,True
2020-04-30,-866.8305606085249,-273.798205417063,-570.314383012794,True
2020-05-01,-1510.072661964196,181.00454163758653,-664.5340601633047,True
2020-05-04,352.08938175496866,-70.58658703771691,140.75139735862587,True
2020-05-05,651.7354815453825,-143.06744728736237,254.33401712901008,True
2020-05-06,-404.952803583154,-450.079170771264,-427.515987177209,True
2020-05-07,711.4155370704393,576.919532176474,644.1675346234567,True
2020-05-08,482.12506087478766,-377.34072269681536,52.39216908898615,True
2020-05-11,-409.65707113657925,-267.1724821621354,-338.41477664935735,True
2020-05-12,-673.4568171603447,332.28118219775376,-170.58781748129547,True
2020-05-13,-74.64757355406323,216.9498052223114,71.15111583412408,True
2020-05-14,452.30649388730484,239.15217660451003,345.72933524590746,True
2020-05-15,-759.7819008925691,-75.15724421378125,-417.46957255317517,True
2020-05-18,814.4484261980236,-666.9420749121082,73.75317564295773,True
2020-05-19,236.84280387511484,199.35045463811483,218.09662925661485,True
2020-05-20,-312.24030698884866,61.727572226810075,-125.25636738101929,True
2020-05-21,161.69698926337085,73.60259630384425,117.64979278360755,True
2020-05-22,-179.5907880357122,192.53006370135617,6.469637832821988,True
2020-05-26,826.4606353483666,-352.1557585339271,237.15243840721976,True
2020-05-27,57.945480850352666,9.367458623526456,33.65646973693956,True
2020-05-28,-373.82744863196064,-105.82180902750378,-239.8246288297322,True
2020-05-29,-9.263869671632229,275.71599544433093,133.22606288634935,True
2020-06-01,1311.3713485194778,-136.16491759265656,587.6032154634106,True
2020-06-02,616.0589687079341,-160.01752857544224,228.02072006624593,True
2020-06-03,99.1194882566248,-579.8326825837174,-240.35659716354633,True
2020-06-04,-605.6783574250592,-493.09250282991366,-549.3854301274864,True
2020-06-05,1073.0003331487842,-411.78780770790337,330.60626272044044,True
2020-06-08,188.73736151511324,132.19294822977713,160.46515487244517,True
2020-06-09,-843.2812519719639,412.4416764742016,-215.41978774888116,True
2020-06-10,-435.9910306200582,694.6183534744289,129.31366142718534,True
2020-06-11,-1437.6621627860334,551.575608460183,-443.04327716292516,True
2020-06-12,552.6951036423435,-304.7605958418516,123.96725390024594,True
2020-06-15,68.73069782310115,-35.92552855814638,16.402584632477385,True
2020-06-16,117.26231222839132,-402.5708735852207,-142.6542806784147,True
2020-06-17,-164.76776762901642,164.5393487533598,-0.11420943782830761,True
2020-06-18,-550.0093053622672,322.2243245437313,-113.89249040926796,True
2020-06-19,-185.21430307599695,33.07222394984357,-76.0710395630767,True
2020-06-22,349.43397275436627,-48.49433779665053,150.46981747885786,True
2020-06-23,-146.38678012099118,-146.7504404038236,-146.5686102624074,True
2020-06-24,-390.03671786017856,306.3192911420513,-41.858713359063614,True
2020-06-25,147.30952299679092,62.85203294119679,105.08077796899386,True
2020-06-26,-593.2945099366285,351.5205983980096,-120.88695576930945,True
2020-06-29,32.557933891896106,-4.35427266761583,14.101830612140137,True
2020-06-30,618.6656023201327,-191.82078151631174,213.4224104019105,True
2020-07-01,191.59188256816202,-128.85767887769998,31.36710184523102,True
2020-07-02,-43.45943826844785,100.1851334425183,28.36284758703523,True
2020-07-06,-137.47349006708438,-181.11432030977355,-159.29390518842897,True
2020-07-07,203.00722634925543,501.22046752819693,352.11384693872617,True
2020-07-08,130.93442924592898,-184.01057053148918,-26.5380706427801,True
2020-07-09,32.84710396685465,540.4510930524156,286.6490985096351,True
2020-07-10,81.47461413520041,-231.67289438914017,-75.09914012696987,True
2020-07-13,-515.8481523464461,137.49352251202703,-189.17731491720954,True
2020-07-14,-235.33119850360592,24.843338356785292,-105.24393007341031,True
2020-07-15,770.2577738770344,-119.99208257698676,325.13284565002385,True
2020-07-16,-280.85912630700057,147.20906736711882,-66.82502946994087,True
2020-07-17,-568.0496647744941,-60.242016641734786,-314.14584070811446,True
2020-07-20,607.6719089428228,93.4299015947861,350.55090526880446,True
2020-07-21,114.63707944279291,80.0660837263649,97.3515815845789,True
2020-07-22,-161.47900063627338,83.77737410050634,-38.850813267883524,True
2020-07-23,-431.8182322404602,309.34257136871645,-61.23783043587187,True
2020-07-24,-254.28032616043245,-32.702478470820466,-143.49140231562646,True
2020-07-27,140.38532555158798,-177.62459910444,-18.619636776426006,True
2020-07-28,139.48772178103306,297.20492340477847,218.34632259290578,True
2020-07-29,-141.5451402912916,46.83993470814271,-47.35260279157445,True
2020-07-30,-296.88322090298533,227.43938405081678,-34.72191842608427,True
2020-07-31,770.1046292522113,1.7078245833316907,385.9062269177715,True
2020-08-03,162.60753196195537,-145.30310152033223,8.65221522081157,True
2020-08-04,-133.8488385589297,491.01557271160345,178.58336707633686,True
2020-08-05,-148.28720664958894,-465.13846133626816,-306.71283399292855,True
2020-08-06,75.41838223553627,222.63457878969572,149.026480512616,True
2020-08-07,-217.20031060938123,-323.00049254575856,-270.10040157756987,True
2020-08-10,541.2967270731715,-189.8459668440491,175.7253801145612,True
2020-08-11,314.68933000026027,-549.8846900076329,-117.59768000368632,True
2020-08-12,-280.63727641501936,-445.28522099024843,-362.9612487026339,True
2020-08-13,61.133730154527015,-417.174366367803,-178.02031810663797,True
2020-08-14,-262.47028205810153,-59.20611768388662,-160.83819987099406,True
2020-08-17,83.43675290940999,185.10447150114052,134.27061220527526,True
2020-08-18,54.2385307703686,305.03719448172603,179.6378626260473,True
2020-08-19,381.838540539671,-252.46350388278583,64.68751832844258,True
2020-08-20,38.96018645226796,437.6537839634027,238.30698520783534,True
2020-08-21,2.0944382775293215,202.35079639886305,102.22261733819619,True
2020-08-24,-244.009865991175,-144.70796266356749,-194.35891432737122,True
2020-08-25,167.6356866580469,-366.84425204479277,-99.60428269337294,True
2020-08-26,470.7784509703967,-125.20121155100658,172.78861970969507,True
2020-08-27,285.02146243319976,-683.5998359834074,-199.28918677510381,True
2020-08-28,-10.99403238914297,105.27637242627316,47.14117001856509,True
2020-08-31,312.88097360741426,243.28330698755772,278.082140297486,True
2020-09-01,299.36164537665724,520.2966350891978,409.82914023292756,True
2020-09-02,308.40359989688454,378.3546499313461,343.3791249141153,True
2020-09-03,-1036.902252593872,188.87614521173796,-424.013053691067,True
2020-09-04,832.6059523320616,-992.6633739440041,-80.02871080597123,True
2020-09-08,-1327.5054012203286,349.57825016783755,-488.96357552624556,True
2020-09-09,206.8992220010169,-115.6907071215453,45.604257439735804,True
2020-09-10,-1054.6805841880928,243.33685003906143,-405.67186707451566,True
2020-09-11,-38.00927633884649,190.65763460342126,76.32417913228738,True
2020-09-14,-9.984974440377119,-78.75539760156018,-44.370186020968646,True
2020-09-15,109.66689158062151,-108.65667478839241,0.5051083961145508,True
2020-09-16,481.43482311875215,-130.83933525384543,175.29774393245336,True
2020-09-17,-169.2215325583537,111.12047275867003,-29.050529899841827,True
2020-09-18,-224.01564314869952,-162.0136655646631,-193.01465435668132,True
2020-09-21,-528.9201377262708,292.1206899109446,-118.39972390766312,True
2020-09-22,250.96748313341567,-21.902169876101965,114.53265662865685,True
2020-09-23,-261.86480296918296,36.20624186901386,-112.82928055008455,True
2020-09-24,323.3255819489346,146.14132685820053,234.73345440356758,True
2020-09-25,150.56222559316734,69.47489987538026,110.0185627342738,True
2020-09-28,-195.14474620585082,-91.97446546303306,-143.55960583444192,True
2020-09-29,-360.9729729864461,93.98079557536208,-133.496088705542,True
2020-09-30,845.8838221604428,-491.99862459735033,176.94259878154625,True
2020-10-01,-68.44464445141736,85.31622160720055,8.435788577891593,True
2020-10-02,-10.77340371363081,-210.8386436351863,-110.80602367440855,True
2020-10-05,-221.67333713786581,-1215.7295445606621,-718.7014408492639,True
2020-10-06,-463.63125658688676,390.2207758505073,-36.70524036818972,True
2020-10-07,340.9731018569113,-505.04111695204136,-82.03400754756504,True
2020-10-08,603.744628910252,342.5189379909652,473.1317834506086,True
2020-10-09,79.05856166531032,-54.18283623288318,12.43786271621357,True
2020-10-12,-85.56388244200802,201.92910143572496,58.18260949685847,True
2020-10-13,55.04533217587325,436.26777170300244,245.65655193943783,True
2020-10-14,-126.55421930753607,102.01737612805435,-12.26842158974086,True
2020-10-15,-570.5654657767432,-157.47213413312423,-364.0187999549337,True
2020-10-16,105.99619170197542,-141.90602503747897,-17.954916667751775,True
2020-10-19,-764.6563411496181,-276.8159110464865,-520.7361260980523,True
2020-10-20,-153.55598294945557,-501.71797885188494,-327.63698090067027,True
2020-10-21,163.6622164389954,-235.1320819879675,-35.734932774486055,True
2020-10-22,299.12565054872374,-658.1721559425229,-179.52325269689956,True
2020-10-23,-300.7285063269387,325.029936523667,12.150715098364145,True
2020-10-26,70.55723160345279,543.8991079549767,307.22816977921474,True
2020-10-27,139.84776407842907,423.20393174942234,281.5258479139257,True
2020-10-28,-1059.2281980413302,20.36810198465344,-519.4300480283383,True
2020-10-29,614.289178417676,-708.2027229394876,-46.95677226090578,True
2020-10-30,205.8482685475834,-618.1408314352299,-206.14628144382323,True
2020-11-02,894.3831340373813,391.8310508032274,643.1070924203043,True
2020-11-03,359.53331013398355,-428.7616181386735,-34.614154002344975,True
2020-11-04,159.88753953112783,1603.703571431592,881.79555548136,True
2020-11-05,111.08934200523433,40.44876074023227,75.7690513727333,True
2020-11-06,-738.354267244851,-758.2119939860165,-748.2831306154337,True
2020-11-09,2201.205929421499,-1473.6889079543791,363.75851073356,True
2020-11-10,32.939820899899786,-489.7898779263587,-228.42502851322945,True
2020-11-11,45.020357712299365,286.52320462947887,165.7717811708891,True
2020-11-12,-1124.3471334826638,1162.4707015765468,19.06178404694151,True
2020-11-13,-72.70394705329727,-183.68090961878096,-128.19242833603911,True
2020-11-16,462.30580967041715,-158.90109898123262,151.70235534459226,True
2020-11-17,-230.1732164291826,487.70838025414264,128.76758191248,True
2020-11-18,194.22452287492095,61.72029410645691,127.97240849068893,True
2020-11-19,-220.38771402270584,284.72850129947403,32.1703936383841,True
2020-11-20,98.96456154960217,478.3796093480704,288.6720854488363,True
2020-11-23,232.77938609200567,-361.30174650647405,-64.26118020723419,True
2020-11-24,707.2023491282567,-497.88447557029826,104.65893677897924,True
2020-11-25,-313.9664093612979,-68.47620772022981,-191.22130854076386,True
2020-11-27,-338.45032565467716,636.9117602129899,149.23071727915635,True
2020-11-30,260.71661014105734,-111.3485508447602,74.68402964814857,True
2020-12-01,-912.545932146325,-1049.0983034816293,-980.8221178139771,True
2020-12-02,-160.30607680658164,-438.2032446411119,-299.25466072384677,True
2020-12-03,-208.3623253092947,545.5795603537834,168.60861752224437,True
2020-12-04,829.0006597089232,-895.5267655865072,-33.263052938791986,True
2020-12-07,-237.1204755153463,621.1321822218475,192.00585335325061,True
2020-12-08,-411.2057315237582,261.13761501043695,-75.03405825666061,True
2020-12-09,432.099766366067,-257.1177390997502,87.49101363315839,True
2020-12-10,528.6299087362347,528.9811053463866,528.8055070413106,True
2020-12-11,39.21613356703359,324.3495970023687,181.78286528470113,True
2020-12-14,-253.414386175761,-153.18521542037087,-203.29980079806592,True
2020-12-15,553.3212159761104,-215.28486714688034,169.018174414615,True
2020-12-16,-316.96330849046365,-175.35961760776686,-246.16146304911524,True
2020-12-17,31.962854426453106,-163.6651027428356,-65.85112415819124,True
2020-12-18,-369.6822815716511,-186.75461300408494,-278.218447287868,True
2020-12-21,-597.5327838996151,201.39798191484638,-198.06740099238436,True
2020-12-22,-126.07923624841649,344.53589539518646,109.22832957338498,True
2020-12-23,649.6992731261143,-446.49810943612147,101.60058184499644,True
2020-12-24,787.6268084212958,278.5598706435281,533.093339532412,True
2020-12-28,-755.2810803211147,23.10232240971808,-366.0893789556983,True
2020-12-29,-143.42471497617785,-60.116535933498554,-101.77062545483821,True
2020-12-30,448.26458231514306,140.89272610891322,294.57865421202814,True
2020-12-31,1154.7528614915354,117.28833975756046,636.0206006245479,True
2021-01-04,-1381.5322505428012,-22.214158564537236,-701.8732045536692,True
2021-01-05,667.797219684801,-540.7657952859574,63.515712199421785,True
2021-01-06,11.527131750293602,-1425.2932978461024,-706.8830830479044,True
2021-01-07,688.2997041384505,-728.5104015546558,-20.105348708102667,True
2021-01-08,-35.28987832049956,-446.8497634346636,-241.06982087758158,True
2021-01-11,12.060403613563313,-283.40988151242885,-135.67473894943276,True
2021-01-12,486.8702019711506,-49.00874489503596,218.93072853805734,True
2021-01-13,219.622758068314,811.7398550130835,515.6813065406988,True
2021-01-14,682.3584255309281,-606.2527378055526,38.05284386268778,True
2021-01-15,-505.0521236994183,455.3432368997707,-24.854443399823793,True
2021-01-19,-310.6437383716044,186.10049108297673,-62.271623644313834,True
2021-01-20,990.1771539434144,84.19081346762655,537.1839837055205,True
2021-01-21,-278.7516452077999,-422.9737922038219,-350.86271870581095,True
2021-01-22,-816.4435902609331,292.675494826191,-261.884047717371,True
2021-01-25,198.29096489333241,896.5743567298751,547.4326608116038,True
2021-01-26,331.17005203411827,-108.26806026322407,111.4509958854471,True
2021-01-27,-537.990769776509,227.76039828499825,-155.11518574575535,True
2021-01-28,36.93797899697916,-501.2130216086765,-232.13752130584868,True
2021-01-29,219.65858190192654,-423.92706922755303,-102.13424366281325,True
2021-02-01,294.2887550800535,182.60856854734698,238.44866181370023,True
2021-02-02,533.1710385787426,-544.1669479764388,-5.497954698848105,True
2021-02-03,186.98213179809827,-627.5827809362929,-220.3003245690973,True
2021-02-04,623.9775861613723,-142.3146449346779,240.83147061334722,True
2021-02-05,-17.907412179224885,-569.5302467722119,-293.7188294757184,True
2021-02-08,156.7384680091095,217.76446861919095,187.25146831415023,True
2021-02-09,-399.22153098977816,117.87991434821444,-140.67080832078187,True
2021-02-10,-185.53481115668876,553.3993202691792,183.9322545562452,True
2021-02-11,-58.03844003199747,-299.2200463065419,-178.6292431692697,True
2021-02-12,428.5198465891273,-863.4296852150841,-217.45491931297838,True
2021-02-16,576.9582583590426,-1431.2530037993045,-427.14737272013093,True
2021-02-17,590.897843382487,323.28436164619876,457.0911025143429,True
2021-02-18,61.4947157005658,-165.04713371832636,-51.776209008880286,True
2021-02-19,583.6084671649122,-981.0678025249629,-198.72966768002533,True
2021-02-22,130.0004999553345,-482.9955809240512,-176.49754048435835,True
2021-02-23,1237.7160515919134,-19.636839944844734,609.0396058235343,True
2021-02-24,923.566355869448,-412.72894306424735,255.41870640260032,True
2021-02-25,-1286.647267998759,-2192.127095552914,-1739.3871817758363,True
2021-02-26,-688.8141898787285,2320.5023685978827,815.8440893595771,True
2021-03-01,1222.1084014762735,-650.3156586693309,285.8963714034713,True
2021-03-02,255.29630344792494,177.75998576516267,216.5281446065438,True
2021-03-03,350.34118769050554,-890.7394075240227,-270.1991099167586,True
2021-03-04,899.5892722371054,-700.1097866426672,99.7397427972191,True
2021-03-05,209.69569241649273,-67.88147800495196,70.90710720577039,True
2021-03-08,539.8710703683007,-647.6087218074715,-53.8688257195854,True
2021-03-09,-345.4239238960289,934.5306886631554,294.55338238356325,True
2021-03-10,288.99034471302815,271.16883238830223,280.0795885506652,True
2021-03-11,194.0267860795333,-282.2884983402763,-44.1308561303715,True
2021-03-12,750.6719186402645,-1429.6090304165118,-339.46855588812366,True
2021-03-15,-135.75254004868228,321.0587098913722,92.65308492134496,True
2021-03-16,-4.878497106858741,-155.41921059682736,-80.14885385184304,True
2021-03-17,44.320917627358355,-418.7272901044196,-187.2031862385306,True
2021-03-18,-129.66163971992515,-951.0279267922863,-540.3447832561058,True
2021-03-19,-79.58610747112131,153.70606318040663,37.05997785464266,True
2021-03-22,-775.6882456399368,701.9090296463162,-36.8896079968103,True
2021-03-23,258.11877501094546,787.6022802657811,522.8605276383632,True
2021-03-24,34.67349478807664,312.35692473034953,173.5152097592131,True
2021-03-25,522.6223982001172,-398.5607014946891,62.03084835271406,True
2021-03-26,420.11229146031496,-442.51026851827885,-11.198988528981943,True
2021-03-29,-41.92716230007656,-623.9904200145644,-332.9587911573205,True
2021-03-30,81.80292835051384,95.14049868839675,88.47171351945529,True
2021-03-31,933.5725572785572,-328.8680535266313,302.3522518759629,True
2021-04-01,-149.67916443985172,998.5684219041727,424.4446287321605,True
2021-04-05,-295.6825145495876,-428.29549432773524,-361.9890044386614,True
2021-04-06,-1277.732081866118,712.2449914214462,-282.7435452223359,True
2021-04-07,-884.8247155940444,-306.24520605095006,-595.5349608224972,True
2021-04-08,-280.503359535828,625.3016877534516,172.3991641088118,True
2021-04-09,253.91305302137582,-383.74086051568946,-64.91390374715682,True
2021-04-12,-368.0656785276002,-75.28099529684897,-221.67333691222458,True
2021-04-13,-233.0562519101562,666.6194532009757,216.78160064540975,True
2021-04-14,499.9100401479027,-231.6391401696326,134.13544998913505,True
2021-04-15,-131.9945881091323,1213.8695389128175,540.9374754018426,True
2021-04-16,157.40865798221415,-537.2419783362085,-189.91666017699717,True
2021-04-19,-350.3465411167496,-203.5569173352181,-276.95172922598385,True
2021-04-20,-720.2842794199253,451.83054601819936,-134.22686670086296,True
2021-04-21,955.9538537826777,121.75244692193225,538.853150352305,True
2021-04-22,-367.31908353392396,230.4816886656322,-68.41869743414588,True
2021-04-23,-301.74078937517714,-210.1972419960291,-255.96901568560313,True
2021-04-26,895.0660207537779,-152.27278546507884,371.39661764434953,True
2021-04-27,-66.61887340781482,-690.2681799975588,-378.4435267026868,True
2021-04-28,137.97397217789754,150.61612767055,144.29504992422375,True
2021-04-29,248.2028332984087,-274.62950701972716,-13.213336860659226,True
2021-04-30,226.57870408552046,166.97818433529858,196.77844421040953,True
2021-05-03,110.33040441290375,182.88461141099197,146.60750791194786,True
2021-05-04,110.9103535069262,390.2606340940294,250.5854938004778,True
2021-05-05,352.9072297680786,186.53434580630366,269.7207877871911,True
2021-05-06,70.49536285693858,106.60649018522084,88.5509265210797,True
2021-05-07,-535.1086638754558,-151.54863692926628,-343.32865040236106,True
2021-05-10,939.8328963480117,-587.4166527857448,176.20812178113346,True
2021-05-11,204.51701307184172,-383.0164921543445,-89.2497395412514,True
2021-05-12,107.97822205498264,-886.747695668167,-389.3847368065922,True
2021-05-13,-557.6378046250798,397.72829651656656,-79.9547540542566,True
2021-05-14,23.998627346190364,576.7341873916336,300.36640736891195,True
2021-05-17,428.63783544080326,-177.8815761570685,125.37812964186737,True
2021-05-18,-509.90702151889843,-97.04883236475649,-303.4779269418275,True
2021-05-19,20.627743930821058,-393.77293632954485,-186.5725961993619,True
2021-05-20,-69.3303042085503,730.5863677800405,330.6280317857451,True
2021-05-21,-63.12183451961982,157.00991331878402,46.944039399582095,True
2021-05-24,-7.832647307069712,237.91572921531798,115.04154095412413,True
2021-05-25,-477.5264180358197,723.169469441891,122.82152570303566,True
2021-05-26,17.10205583052152,-180.0930838529817,-81.49551401123009,True
2021-05-27,665.7155329519969,-329.2939414483137,168.2107957518416,True
2021-05-28,16.969564026253032,-69.05742040746784,-26.043928190607406,True
2021-06-01,-353.9748222607446,-33.21838311741278,-193.59660268907868,True
2021-06-02,468.90649111998533,220.83246476457464,344.86947794228,True
2021-06-03,5.223462958184817,-434.0118157447996,-214.3941763933074,True
2021-06-04,-123.95171374917312,1173.8989976870682,524.9736419689475,True
2021-06-07,-206.2480267588156,-213.64305613882328,-209.94554144881943,True
2021-06-08,-333.05305636090884,607.2727826418839,137.1098631404875,True
2021-06-09,-277.3585688157521,709.7322015639406,216.18681637409426,True
2021-06-10,305.9839179796071,638.8128282893128,472.39837313446,True
2021-06-11,-122.87328430318263,-228.2461404079437,-175.55971235556316,True
2021-06-14,232.2359252649504,-659.6553847200939,-213.70972972757176,True
2021-06-15,-588.9491970260881,-31.046355870058555,-309.9977764480733,True
2021-06-16,520.898655124683,-787.8244681245112,-133.46290649991408,True
2021-06-17,225.00588945559986,1014.0256812467443,619.5157853511721,True
2021-06-18,-497.76755998715606,1400.9778431639734,451.6051415884086,True
2021-06-21,403.83663636701056,-1046.3038575885623,-321.2336106107759,True
2021-06-22,445.8135043611213,301.3443132134774,373.5789087872994,True
2021-06-23,271.9407488448784,-325.9100259208909,-26.984638538006266,True
2021-06-24,-240.78286238098423,47.32616073588388,-96.72835082255017,True
2021-06-25,-160.6248910504801,-659.7951921458924,-410.21004159818625,True
2021-06-28,-124.65323718900459,770.2571175703811,322.80194019068824,True
2021-06-29,-365.95347309635366,126.34163947547569,-119.80591681043899,True
2021-06-30,554.4496726203697,355.8790789588572,455.1643757896135,True
2021-07-01,-471.0309682591438,-77.64105836570057,-274.33601331242215,True
2021-07-02,634.2421843507246,642.2605288481684,638.2513565994466,True
2021-07-06,-722.8431586422303,1050.8792915297222,164.01806644374597,True
2021-07-07,38.50609622590938,678.2928732636892,358.3994847447993,True
2021-07-08,-1834.4632857463616,439.354084272115,-697.5546007371233,True
2021-07-09,974.6672706156808,-1121.5482012165644,-73.44046530044182,True
2021-07-12,124.44191683555438,-109.08425369583388,7.67883156986025,True
2021-07-13,-40.97437295193013,-648.6500719345466,-344.8122224432384,True
2021-07-14,-465.68767164103747,931.5262651811871,232.91929677007482,True
2021-07-15,-488.26129502196386,906.6788610014833,209.2087829897597,True
2021-07-16,-87.1021282321883,-95.39032637232438,-91.24622730225634,True
2021-07-19,-1538.1509710713767,1823.190989172311,142.52000905046714,True
2021-07-20,665.0693603186573,-530.3888735642763,67.34024337719052,True
2021-07-21,784.7265988821679,-1144.4006780074103,-179.83703956262121,True
2021-07-22,491.3653666947935,635.1983058957755,563.2818362952845,True
2021-07-23,1.8005017008488844,-439.13473434235783,-218.66711632075447,True
2021-07-26,-51.39058380893983,-194.997325060961,-123.19395443495041,True
2021-07-27,-519.4985797547425,898.8791184549566,189.69026935010703,True
2021-07-28,78.53121883472973,95.27356274795518,86.90239079134246,True
2021-07-29,199.11653988269475,-559.0995050899124,-179.99148260360886,True
2021-07-30,-447.1382369780679,497.52697908022174,25.194371051076928,True
2021-08-02,-337.09765491021085,835.5114440181969,249.20689455399304,True
2021-08-03,-122.22989520105973,45.85292033481076,-38.188487433124486,True
2021-08-04,147.26927475133405,52.996781349900786,100.13302805061741,True
2021-08-05,616.459898004236,-563.759370085439,26.350263959398546,True
2021-08-06,508.5831693828199,-1233.694790092055,-362.5558103546175,True
2021-08-09,313.34521362735615,-353.8046732402213,-20.229729806432573,True
2021-08-10,670.7336598060439,-367.8216862820972,151.45598676197335,True
2021-08-11,113.90631907413207,89.01619025393302,101.46125466403254,True
2021-08-12,-272.74378381945917,-167.08179935350577,-219.91279158648246,True
2021-08-13,-805.8339805346744,1186.9466376444066,190.55632855486607,True
2021-08-16,-780.8270102374952,317.0118064530298,-231.9076018922327,True
2021-08-17,-354.9336734911576,-67.33268889227267,-211.13318119171515,True
2021-08-18,18.465167326493777,76.86084445555022,47.663005891021996,True
2021-08-19,-1367.626594977645,506.2791092551587,-430.67374286124317,True
2021-08-20,-384.0176824820171,-69.24467030958202,-226.63117639579957,True
2021-08-23,1144.4706625319095,0.13152715723247377,572.301094844571,True
2021-08-24,425.32991108678345,-573.7828728858285,-74.22648089952253,True
2021-08-25,236.5961689895478,-715.661525084308,-239.5326780473801,True
2021-08-26,-520.737218768882,106.02915154267764,-207.3540336131022,True
2021-08-27,164.27584087418165,589.8891983160082,377.08251959509494,True
2021-08-30,393.7253096546148,298.4241507240571,346.0747301893359,True
2021-08-31,-162.45767691032742,-450.7989045733195,-306.62829074182343,True
2021-09-01,64.33354940131626,103.73047378296239,84.03201159213933,True
2021-09-02,474.8092720519843,304.13529732973507,389.4722846908597,True
2021-09-03,347.76074845391946,-623.4052865936395,-137.82226906986003,True
2021-09-07,-506.1210530953548,-759.9080872955062,-633.0145701954305,True
2021-09-08,-6.480097785096609,567.6418700382635,280.58088612658344,True
2021-09-09,-148.17103635354167,791.6240172621892,321.72649045432377,True
2021-09-10,44.61967159918824,-693.5041115056287,-324.4422199532202,True
2021-09-13,572.0182858971538,373.6298308216549,472.8240583594043,True
2021-09-14,-709.4589097409829,891.9007347575645,91.22091250829078,True
2021-09-15,481.56297698579937,-323.37510096153426,79.09393801213255,True
2021-09-16,212.98000780530012,-520.983823486784,-154.00190784074192,True
2021-09-17,-3.341242581495389,-503.9034440821677,-253.62234333183156,True
2021-09-20,-1205.843875466858,1041.1548202849488,-82.34452759095461,True
2021-09-21,-469.66461342337664,-98.45165528091074,-284.05813435214367,True
2021-09-22,665.817791334777,342.36458239641007,504.0911868655935,True
2021-09-23,963.9318238844875,-1878.6003036345346,-457.33423987502357,True
2021-09-24,-68.23718973960105,-717.4680484287693,-392.85261908418516,True
2021-09-27,625.5946201729788,-433.4395598428036,96.07753016508761,True
2021-09-28,-681.8467684020173,-1038.286908903004,-860.0668386525106,True
2021-09-29,-145.5505300502466,180.96211449346507,17.70579222160923,True
2021-09-30,677.9749044944064,122.9891519257606,400.48202821008346,True
2021-10-01,299.79668513775925,771.9502384855207,535.87346181164,True
2021-10-04,-2.0402748036668545,-222.49364207576383,-112.26695843971534,True
2021-10-05,550.5717839422141,-692.3336809307787,-70.88094849428228,True
2021-10-06,-180.13854337932537,244.29876346526504,32.080110042969835,True
2021-10-07,765.7908485464043,-813.1916551936955,-23.700403323645617,True
2021-10-08,355.3894068273957,-493.7208902562356,-69.16574171441994,True
2021-10-11,125.32920084626504,-348.8408534830398,-111.75582631838736,True
2021-10-12,589.5288377942819,1126.5438626220628,858.0363502081723,True
2021-10-13,-500.75023778252347,571.8674320313186,35.55859712439755,True
2021-10-14,589.1499852120392,383.96930174449585,486.5596434782675,True
2021-10-15,238.06909424523516,-732.2322019484612,-247.08155385161302,True
2021-10-18,-39.26717441382852,37.717007172481125,-0.7750836206736977,True
2021-10-19,237.37914930729062,-899.8326236841077,-331.22673718840855,True
2021-10-20,162.15690321931405,-305.6820326288494,-71.76256470476768,True
2021-10-21,-611.7721310290132,-315.9170518314205,-463.84459143021684,True
2021-10-22,-448.4251591301692,686.250356125009,118.9125984974199,True
2021-10-25,503.7972329077835,66.77167193805195,285.28445242291775,True
2021-10-26,137.10992207803577,444.67006318437757,290.88999263120667,True
2021-10-27,-108.40643942137915,1276.0913834393275,583.8424720089741,True
2021-10-28,-570.30134293191,-398.4246665662029,-484.3630047490565,True
2021-10-29,344.66383790011616,162.4333470023686,253.54859245124237,True
2021-11-01,-846.2634900184399,-287.6785513453018,-566.9710206818709,True
2021-11-02,-27.878805318117877,426.1381434226343,199.1296690522582,True
2021-11-03,95.45066131888127,-724.1038620033333,-314.326600342226,True
2021-11-04,-1063.3734460721196,970.3133084116096,-46.530068830255004,True
2021-11-05,-66.56426338410246,1145.9994994204894,539.7176180181934,True
2021-11-08,317.2647181175136,-525.9908245648563,-104.36305322367136,True
2021-11-09,-385.0104118747575,980.2478271125892,297.6187076189159,True
2021-11-10,279.3520667083452,-1597.0651510454063,-658.8565421685305,True
2021-11-11,-455.32148325313733,-395.77324930025765,-425.5473662766975,True
2021-11-12,498.1826495587293,52.72979357081474,275.456221564772,True
2021-11-15,1053.0731446904415,-892.1864600053984,80.44334234252153,True
2021-11-16,355.7662592642152,-189.31833715291057,83.22396105565231,True
2021-11-17,-529.6752621134128,680.0495751417806,75.18715651418387,True
2021-11-18,-275.92578008405246,207.64771806861611,-34.139031007718174,True
2021-11-19,-52.92188245564452,687.2074105748022,317.14276405957884,True
2021-11-22,213.7436000017678,-1216.5481795888072,-501.4022897935197,True
2021-11-23,164.593956906189,-985.3604089236849,-410.38322600874795,True
2021-11-24,125.66094318479797,936.5499087700589,531.1054259774285,True
2021-11-26,-2714.251444216101,2320.735210574529,-196.75811682078597,True
2021-11-29,324.4575187980543,-543.9181436988644,-109.73031245040502,True
2021-11-30,-1085.50012468149,1210.0965523467487,62.29821383262936,True
2021-12-01,-206.21237049292762,420.85672413557995,107.32217682132617,True
2021-12-02,349.13815282951583,-142.0963061700524,103.52092332973172,True
2021-12-03,-1061.6943490848375,898.6010455232738,-81.54665178078187,True
2021-12-06,1460.0042003260717,-883.0964595012894,288.45387041239115,True
2021-12-07,538.1061393261901,-593.4739500768897,-27.683905375349752,True
2021-12-08,-738.755313271191,-850.4111916546434,-794.5832524629172,True
2021-12-09,163.4149034326954,401.25133152055116,282.3331174766233,True
2021-12-10,-90.05309311491357,-21.690452831560986,-55.87177297323728,True
2021-12-13,-466.9014093036499,899.1935704399804,216.14608056816522,True
2021-12-14,212.0367165191275,-226.61207950840537,-7.287681494638932,True
2021-12-15,289.3838154437162,-446.55164302294764,-78.58391378961574,True
2021-12-16,-13.810932152778726,260.6424792524228,123.41577354982203,True
2021-12-17,-260.5862912893465,569.4163704457909,154.4150395782222,True
2021-12-20,-772.2008952533446,-323.7855606876234,-547.993227970484,True
2021-12-21,818.8737322802801,-465.17790903718816,176.847911621546,True
2021-12-22,337.9724208420563,235.34978552092107,286.66110318148867,True
2021-12-23,475.36472029497355,-466.77870787221224,4.293006211380657,True
2021-12-27,252.89260564833737,110.26947428007342,181.5810399642054,True
2021-12-28,-140.2502980094075,-147.3004181055433,-143.7753580574754,True
2021-12-29,130.22877765763488,-800.33083812473,-335.0510302335476,True
2021-12-30,346.78459259539255,561.7171324504891,454.2508625229408,True
2021-12-31,116.13238972589753,-30.828263038669867,42.65206334361383,True
2022-01-03,115.80701857703113,-1672.3281319455261,-778.2605566842475,True
2022-01-04,561.3182336761183,-192.9277788915746,184.19522739227187,True
2022-01-05,-160.59109684420045,-572.3193611832894,-366.45522901374494,True
2022-01-06,343.7290395566926,-134.5322556393211,104.59839195868575,True
2022-01-07,129.18150223205788,-547.8434037623502,-209.33095076514618,True
2022-01-10,657.8108944886692,61.02907398301148,359.41998423584033,True
2022-01-11,300.6729906308732,449.2288248666137,374.9509077487435,True
2022-01-12,-445.49905163624334,-117.76866975168888,-281.6338606939661,True
2022-01-13,-357.6319302114462,598.2705997830726,120.3193347858132,True
2022-01-14,-70.68966281225337,-1151.734362845121,-611.2120128286872,True
2022-01-18,355.3263193294904,-1176.6856676470802,-410.6796741587949,True
2022-01-19,1.7874409947211634,460.0755547428107,230.93149786876594,True
2022-01-20,144.41010276160102,408.7959355952192,276.60301917841014,True
2022-01-21,-1426.8669108371607,940.1743917673048,-243.34625953492798,True
2022-01-24,-247.07478453018476,-367.2723604259711,-307.1735724780779,True
2022-01-25,585.8736683092221,-177.72500304116738,204.07433263402737,True
2022-01-26,311.1680424196198,-1067.0774103302451,-377.9546839553127,True
2022-01-27,213.62449257067192,1020.5533097266771,617.0889011486745,True
2022-01-28,-159.69508161516734,221.8346350126161,31.069776698724382,True
2022-01-31,-68.22859217845279,-180.90019939096072,-124.56439578470676,True
2022-02-01,13.052034649438866,-242.07382167379467,-114.5108935121779,True
2022-02-02,-2.7622684716292967,289.6116707892528,143.42470115881176,True
2022-02-03,-263.881753235455,-630.5720283068113,-447.2268907711331,True
2022-02-04,-503.6534047322576,-1157.5334664173347,-830.5934355747961,True
2022-02-07,380.9828318936406,44.106750753585594,212.54479132361308,True
2022-02-08,358.7499035124152,-504.54905280777876,-72.89957464768179,True
2022-02-09,-58.19628434106339,178.83061598380445,60.31716582137053,True
2022-02-10,202.5173001896303,-1327.0235367376392,-562.2531182740045,True
2022-02-11,-16.066025722900026,1389.7724116210422,686.8531929490711,True
2022-02-14,141.4937022552645,-1016.5763158588184,-437.54130680177695,True
2022-02-15,-181.01093754559523,-641.0265649774891,-411.01875126154215,True
2022-02-16,152.49383828869338,378.1495289146578,265.3216836016756,True
2022-02-17,-115.15847118152247,709.6369782676634,297.23925354307045,True
2022-02-18,-8.386784082430026,632.7698854844358,312.1915507010029,True
2022-02-22,-50.471463845684625,78.73039820901181,14.129467181663593,True
2022-02-23,-423.44592406457366,-914.092851053757,-668.7693875591654,True
2022-02-24,-47.70197027451691,223.2307081660143,87.76436894574869,True
2022-02-25,458.1424020647516,0.28950132947294044,229.21595169711227,True
2022-02-28,-444.71621295636294,1714.773721343507,635.028754193572,True
2022-03-01,-444.2383564073214,1220.444373613849,388.1030086032638,True
2022-03-02,1419.7509423107726,-2254.675646042445,-417.4623518658361,True
2022-03-03,-453.62491714731476,657.6012361534347,101.98815950305996,True
2022-03-04,-242.9466781325612,1312.702678746693,534.8780003070659,True
2022-03-07,-173.88485407756104,-571.4397156779007,-372.6622848777309,True
2022-03-08,-322.46888065916056,-819.8316471404215,-571.1502638997911,True
2022-03-09,-13.760291050951928,-787.5537240728661,-400.657007561909,True
2022-03-10,477.36068138306854,-818.3307698459239,-170.48504423142768,True
2022-03-11,455.66302411925295,88.22340660513467,271.9432153621938,True
2022-03-14,-452.5753635685974,-1721.2531231299367,-1086.914243349267,True
2022-03-15,698.8893724862551,-93.14317501081314,302.87309873772097,True
2022-03-16,633.5334628985755,217.01985809241296,425.27666049549424,True
2022-03-17,108.53961190794979,-390.96971141364713,-141.21504975284867,True
2022-03-18,156.16436006229,621.1706713517534,388.6675157070217,True
2022-03-21,248.02780757224446,-1742.059252715357,-747.0157225715562,True
2022-03-22,781.3633133147587,-834.7598557610594,-26.698271223150357,True
2022-03-23,-136.58054386298386,1224.1818907590196,543.8006734480178,True
2022-03-24,162.30050487063602,-677.7921273196822,-257.7458112245231,True
2022-03-25,323.8907326098027,-1229.7808944707808,-452.9450809304891,True
2022-03-28,-314.1175794750655,449.137723504383,67.51007201465876,True
2022-03-29,-852.0010560590654,621.6092872109953,-115.19588442403506,True
2022-03-30,-693.3885847911865,550.3950240390772,-71.49678037605469,True
2022-03-31,300.4987599071893,218.60312817874689,259.5509440429681,True
2022-04-01,136.48522790351888,-376.4372834553819,-119.9760277759315,True
2022-04-04,692.0032172853284,-239.30364792330462,226.3497846810119,True
2022-04-05,501.6441013308943,-1369.255256594936,-433.8055776320209,True
2022-04-06,26.11022448872487,-445.65007041339356,-209.76992296233433,True
2022-04-07,-39.2210590429417,-366.6971875338381,-202.9591232883899,True
2022-04-08,-209.4999461088991,-617.8241583933186,-413.6620522511089,True
2022-04-11,-520.7433420876672,-744.1924208778157,-632.4678814827414,True
2022-04-12,267.51121782900606,252.40175829212046,259.9564880605633,True
2022-04-13,942.7522673127202,190.29854785537964,566.5254075840498,True
2022-04-14,573.2566986096675,-1120.0575979869782,-273.4004496886553,True
2022-04-18,-136.06272032732022,-319.8175496478643,-227.94013498759227,True
2022-04-19,883.3559799770663,-616.2392988995402,133.55834053876305,True
2022-04-20,251.31544507726167,1045.5228232632496,648.4191341702557,True
2022-04-21,-164.87903283959363,-548.3356034936836,-356.6073181666386,True
2022-04-22,-1504.564039097558,-151.45752449121167,-828.0107817943848,True
2022-04-25,-291.4579049609961,673.0162841945415,190.77918961677273,True
2022-04-26,-933.2766887127425,690.2682924020761,-121.5041981553332,True
2022-04-27,771.3139355363751,-705.8938676874601,32.71003392445749,True
2022-04-28,305.5360790696528,-47.78236990254779,128.87685458355253,True
2022-04-29,344.14435174248086,-694.8450399742297,-175.35034411587444,True
2022-05-02,-106.08274859443144,-949.1811747181407,-527.6319616562861,True
2022-05-03,246.46661252854116,260.40589738211776,253.43625495532945,True
2022-05-04,627.1111577075472,541.3343138177815,584.2227357626643,True
2022-05-05,-1061.864829667065,-1382.4376513096638,-1222.1512404883642,True
2022-05-06,13.124333051685326,-762.9756083866647,-374.9256376674897,True
2022-05-09,-529.5681936257811,691.7812889914261,81.10654768282251,True
2022-05-10,35.57751597056543,455.8894174247907,245.73346669767807,True
2022-05-11,-414.51237876951654,915.6489927116377,250.56830697106057,True
2022-05-12,624.9338120916875,142.0454926047871,383.4896523482373,True
2022-05-13,822.0789230915825,-736.6654456109711,42.706738740305696,True
2022-05-16,697.6092112059235,218.2137337290944,457.911472467509,True
2022-05-17,107.5099522284254,-799.3797189925614,-345.934883382068,True
2022-05-18,-1605.9449703954904,1031.7999852190537,-287.0724925882183,True
2022-05-19,-470.8784156124178,280.3954718219666,-95.2414718952256,True
2022-05-20,230.19406520338697,598.5652595762188,414.3796623898029,True
2022-05-23,-351.720626437541,-834.2202311902205,-592.9704288138807,True
2022-05-24,-1313.8781467585945,1075.213920448924,-119.33211315483527,True
2022-05-25,648.5698690913084,230.66870456151986,439.61928682641417,True
2022-05-26,-191.22457928474932,-160.24596068546307,-175.73526998510619,True
2022-05-27,377.16645063117727,152.96470423275431,265.0655774319658,True
2022-05-31,648.5235255776818,-1229.8699676461006,-290.6732210342094,True
2022-06-01,45.04290033020477,-373.66360505706047,-164.31035236342785,True
2022-06-02,131.63621010103213,95.37466754966901,113.50543882535058,True
2022-06-03,-4.1083919493594285,-172.25923182659866,-88.18381188797905,True
2022-06-06,1234.3990190186796,-927.3971556491978,153.50093168474092,True
2022-06-07,888.1953373013355,517.243244827918,702.7192910646268,True
2022-06-08,126.48007762114527,-453.4749714874948,-163.49744693317479,True
2022-06-09,-490.94722245911714,34.92452217340009,-228.01135014285853,True
2022-06-10,-488.23796941795825,-735.0234778002467,-611.6307236091025,True
2022-06-13,-780.5200757860972,-1864.8466158663255,-1322.6833458262113,True
2022-06-14,-931.2005829449394,-800.6788303981015,-865.9397066715204,True
2022-06-15,1049.9481275687872,1297.9624198606164,1173.955273714702,True
2022-06-16,-2024.5383104400667,584.5158725308289,-720.0112189546189,True
2022-06-17,-540.7104960322117,99.49355496887593,-220.6084705316679,True
2022-06-21,614.6946276250985,-755.0235739896927,-70.16447318229712,True
2022-06-22,-901.102494531799,1458.1332759360646,278.5153907021328,True
2022-06-23,-356.3896026226018,540.775366826299,92.1928821018486,True
2022-06-24,240.62960194415095,-577.431676646007,-168.401037350928,True
2022-06-27,-312.90293528712425,-556.2747911194323,-434.58886320327827,True
2022-06-28,-125.35854577243282,194.64451197388766,34.64298310072742,True
2022-06-29,-404.13535650861553,875.6826497612338,235.77364662630916,True
2022-06-30,201.48270432587782,673.0747122801514,437.2787083030146,True
2022-07-01,-203.36534949600733,884.0168170511399,340.3257337775663,True
2022-07-05,-31.827065041956207,386.10468492189926,177.13880993997154,True
2022-07-06,392.7711524499678,-869.7511356921851,-238.48999162110866,True
2022-07-07,1419.1156191681716,-544.0730210099493,437.52129907911115,True
2022-07-08,307.23114336926795,-599.305585131484,-146.03722088110803,True
2022-07-11,88.51818431662255,841.5493798003871,465.0337820585048,True
2022-07-12,-23.484723220036372,267.95639685833663,122.23583681915014,True
2022-07-13,-101.67153169286627,508.87992263094634,203.60419546904004,True
2022-07-14,-288.5786575810235,-497.9869903891309,-393.2828239850772,True
2022-07-15,-101.08099697804546,314.62267599844074,106.77083951019765,True
2022-07-18,349.5186869521642,-421.8361988866037,-36.15875596721975,True
2022-07-19,31.90676275735928,-378.8119364201188,-173.45258683137976,True
2022-07-20,305.337804757229,11.658917543913702,158.49836115057133,True
2022-07-21,-536.784727919124,1021.5873071632572,242.4012896220666,True
2022-07-22,-873.1661281754691,1012.9992857586656,69.91657879159823,True
2022-07-25,1066.7544842314192,-438.1955950351532,314.27944459813295,True
2022-07-26,-68.42603560877825,34.1068709511627,-17.159582328807776,True
2022-07-27,295.40567630631085,-45.17536593578811,125.11515518526137,True
2022-07-28,-490.9716666775657,706.5708268685402,107.79958009548724,True
2022-07-29,-358.56556140664566,-55.05025113404165,-206.80790627034366,True
2022-08-01,-463.5786716390569,910.8358634390355,223.6285958999893,True
2022-08-02,176.2450799363004,-1284.7157584621477,-554.2353392629236,True
2022-08-03,693.3164463534791,630.8536780652022,662.0850622093407,True
2022-08-04,-820.1277996459156,245.60167052655245,-287.2630645596816,True
2022-08-05,88.22049500043155,-1388.6314454441454,-650.2054752218569,True
2022-08-08,428.0938958905059,731.5132128210371,579.8035543557714,True
2022-08-09,-554.9513740180892,-262.9377693398185,-408.9445716789538,True
2022-08-10,41.51940034233602,-152.0229717345738,-55.25178569611889,True
2022-08-11,19.13928191000669,-974.249916726639,-477.5553174083161,True
2022-08-12,454.64757884574385,471.49528762551984,463.07143323563184,True
2022-08-15,-844.4648403324363,134.19035751865223,-355.13724140689203,True
2022-08-16,788.181593589418,47.23815984411022,417.7098767167641,True
2022-08-17,-798.977557778359,-632.5562104098262,-715.7668840940926,True
2022-08-18,421.76836643834145,133.65554856230372,277.71195750032257,True
2022-08-19,-220.10309815859742,-881.2715877147717,-550.6873429366846,True
2022-08-22,543.7123154912828,-321.7206778440098,110.99581882363648,True
2022-08-23,841.1763898314915,-279.8795266663218,280.64843158258486,True
2022-08-24,-9.420201390641548,-374.53979355653615,-191.97999747358884,True
2022-08-25,462.10185430766654,698.2265353928358,580.1641948502512,True
2022-08-26,-1054.0794511067704,136.8883921494693,-458.5955294786506,True
2022-08-29,361.55248263192874,-520.9656038458395,-79.70656060695538,True
2022-08-30,-603.9117155461316,45.557913416725725,-279.176901064703,True
2022-08-31,-84.6285581779577,-476.43445261316697,-280.53150539556236,True
2022-09-01,175.39071549929113,-908.0899233042448,-366.3496039024769,True
2022-09-02,96.62562971845576,439.0772002267208,267.85141497258826,True
2022-09-06,595.3637655230781,-1254.5436043022585,-329.5899193895902,True
2022-09-07,31.061477864261537,760.1831297575131,395.62230381088733,True
2022-09-08,-400.76721989410083,-475.328718736771,-438.0479693154359,True
2022-09-09,-51.93815788382,58.193649397807356,3.1277457569936793,True
2022-09-12,3.3281252656017957,-353.25838385635757,-174.9651292953779,True
2022-09-13,-926.3150036044929,-239.88516748368883,-583.1000855440908,True
2022-09-14,-185.88047706655266,111.68931401208805,-37.095581527232305,True
2022-09-15,-741.5743824092339,-204.3981097407278,-472.98624607498084,True
2022-09-16,-102.59951997023438,-187.67803599260134,-145.13877798141786,True
2022-09-19,286.5573051749842,-93.44004224558807,96.55863146469807,True
2022-09-20,-693.5112377747859,-599.4220042554573,-646.4666210151215,True
2022-09-21,-602.8367020780767,651.0318638247008,24.097580873312097,True
2022-09-22,166.32475610565575,-1482.1516077267672,-657.9134258105557,True
2022-09-23,-906.6448002430378,167.70988603114628,-369.46745710594575,True
2022-09-26,-123.22169728504943,-1391.3264814372924,-757.2740893611709,True
2022-09-27,-73.80756354327418,-1070.8335146156585,-572.3205390794664,True
2022-09-28,-282.5404037140452,2071.159328780057,894.3094625330059,True
2022-09-29,-157.3804435176977,-389.9299370019846,-273.65519025984116,True
2022-09-30,-277.1945801860501,-489.30395256684125,-383.2492663764457,True
2022-10-03,2219.7978828720716,1036.5423714505819,1628.1701271613267,True
2022-10-04,-776.145677764083,20.597692317550475,-377.77399272326625,True
2022-10-05,-92.52452705650732,-679.1994204676174,-385.86197376206235,True
2022-10-06,-686.1971598208138,-397.7193452141259,-541.9582525174699,True
2022-10-07,75.66516951386664,-471.6742838519205,-198.00455716902692,True
2022-10-10,-68.52501683623979,-659.5158600506404,-364.02043844344007,True
2022-10-11,-740.662972052921,218.8184412527785,-260.92226540007124,True
2022-10-12,408.92007679011886,264.4196351893921,336.6698559897555,True
2022-10-13,1049.5514369482041,-435.96398163028414,306.79372765896,True
2022-10-14,-581.3083142083995,-468.0713604477565,-524.6898373280779,True
2022-10-17,955.4444656904834,-77.65306253121271,438.89570157963533,True
2022-10-18,-155.8924735171426,167.52219445310558,5.8148604679814895,True
2022-10-19,572.1987473118287,-938.0064428806321,-182.9038477844017,True
2022-10-20,95.63863334860791,-772.4784847600348,-338.41992570571347,True
2022-10-21,212.75764701481341,-344.4114816749997,-65.82691733009315,True
2022-10-24,-197.60147071060385,-269.93338326260334,-233.7674269866036,True
2022-10-25,404.24488388405405,1282.5883003551055,843.4165921195797,True
2022-10-26,-66.75451901850354,581.0774204333243,257.1614507074104,True
2022-10-27,136.79531985558282,576.3516185970234,356.57346922630313,True
2022-10-28,298.70053832235106,-414.16974196733116,-57.73460182249005,True
2022-10-31,508.63682384931354,-392.4682351508323,58.08429434924062,True
2022-11-01,-368.6509848316094,211.6637663536508,-78.49360923897929,True
2022-11-02,-798.7762067800319,-197.10870597934644,-497.94245637968913,True
2022-11-03,-420.93307167029405,-350.2624362458656,-385.5977539580798,True
2022-11-04,776.1475107082814,-527.9079454963075,124.11978260598693,True
2022-11-07,77.15227885606188,-424.8656500485724,-173.85668559625526,True
2022-11-08,-247.5716781989834,581.2218387412929,166.82508027115477,True
2022-11-09,-837.6068717514809,236.2455266428173,-300.68067255433175,True
2022-11-10,-888.8558293590727,2018.5157696493504,564.8299701451389,True
2022-11-11,-1575.1101114782714,-198.5637291240095,-886.8369203011405,True
2022-11-14,65.30726635432785,-183.627736040633,-59.16023484315258,True
2022-11-15,393.530058282841,747.7802437236295,570.6551510032352,True
2022-11-16,100.68873305779961,886.6972452829166,493.6929891703581,True
2022-11-17,330.8123117313688,-594.7248008733693,-131.95624457100024,True
2022-11-18,-81.11577925338874,-347.45563972636853,-214.28570948987863,True
2022-11-21,568.7314767527298,66.58710984108916,317.6592932969095,True
2022-11-22,-77.11662886845374,617.4771334796493,270.1802523055978,True
2022-11-23,-682.5717445524496,681.9514399720681,-0.31015229019072876,True
2022-11-25,98.86918760782913,-107.54269641382766,-4.3367544029992615,True
2022-11-28,-1108.4320622440173,81.08163548092938,-513.6752133815439,True
2022-11-29,-136.78065144790173,-501.4927343069702,-319.13669287743596,True
2022-11-30,424.6920936758577,603.0043425879009,513.8482181318793,True
2022-12-01,-1305.661405155144,1234.2926278359744,-35.68438865958478,True
2022-12-02,-509.64860103324384,-401.3306619039951,-455.48963146861945,True
2022-12-05,348.4338743442581,838.2869756138991,593.3604249790786,True
2022-12-06,-509.00249207119685,-605.8906334239119,-557.4465627475544,True
2022-12-07,48.16202655387023,-994.7631836151171,-473.30057853062345,True
2022-12-08,408.9847351340422,344.877239893803,376.93098751392256,True
2022-12-09,-293.49126045020336,1003.6963475506172,355.102543550207,True
2022-12-12,737.0017688250887,-3.6812473737326896,366.660260725678,True
2022-12-13,-650.71935696162,-663.6312641970151,-657.1753105793175,True
2022-12-14,-281.23373906570595,-230.23751592057306,-255.7356274931395,True
2022-12-15,-86.24378533896646,-183.1343223239555,-134.68905383146097,True
2022-12-16,-445.4950795161393,403.4728417102617,-21.01111890293879,True
2022-12-19,9.49281663735904,810.471191384877,409.982004011118,True
2022-12-20,-2735.5100729355663,792.9587536877569,-971.2756596239046,True
2022-12-21,190.8065471506017,-114.82464654124887,37.99095030467641,True
2022-12-22,-143.6552267349976,26.103230088721105,-58.775998323138246,True
2022-12-23,772.0131573353137,585.5003740634465,678.7567656993801,True
2022-12-27,435.5853548645753,896.2901229393154,665.9377389019454,True
2022-12-28,13.645388564516296,267.16276758244214,140.4040780734792,True
2022-12-29,-568.8087430810181,-508.94084741306233,-538.8747952470402,True
2022-12-30,-765.1930947156642,480.6990513224391,-142.24702169661253,True
2023-01-03,-615.4958323967226,-840.8006422732594,-728.148237334991,True
2023-01-04,1844.3790188632088,-699.4666408464028,572.456189008403,True
2023-01-05,-363.43005255983786,-21.803244797262415,-192.61664867855015,True
2023-01-06,439.09946129983496,-1068.6076516754113,-314.75409518778815,True
2023-01-09,21.76995007813587,-245.66926775435135,-111.94965883810774,True
2023-01-10,-52.262177276385955,713.7153308536068,330.72657678861043,True
2023-01-11,584.6862863522341,-699.0207554244566,-57.167234536111266,True
2023-01-12,-1325.2366236600158,-904.4243966755985,-1114.830510167807,True
2023-01-13,-778.6358558908191,494.4406869362401,-142.0975844772895,True
2023-01-17,291.0196208306035,316.53511278195134,303.7773668062774,True
2023-01-18,-400.44137303561735,-1243.2015376114032,-821.8214553235102,True
2023-01-19,-32.04626489653692,250.8220327597073,109.3878839315852,True
2023-01-20,1307.5818763276573,721.6748075193971,1014.6283419235272,True
2023-01-23,716.3129212410669,279.30977472214573,497.81134798160633,True
2023-01-24,-333.3123255634176,-621.5933805985727,-477.45285308099517,True
2023-01-25,-249.85333030293617,-105.4079141884319,-177.63062224568404,True
2023-01-26,831.1689558596104,297.162469238456,564.1657125490332,True
2023-01-27,-111.61176481170685,142.37382257472245,15.381028881507802,True
2023-01-30,-90.80752115572551,249.3470588834903,79.26976886388239,True
2023-01-31,-352.97556624768566,-434.1415512663702,-393.5585587570279,True
2023-02-01,-729.07491201098,-636.0562495619853,-682.5655807864827,True
2023-02-02,-302.5407202521289,-4.270029176774002,-153.40537471445145,True
2023-02-03,532.2710457651302,906.247461739087,719.2592537521086,True
2023-02-06,500.06392711999507,617.034183070649,558.549055095322,True
2023-02-07,-612.8471115214026,325.183231013262,-143.83194025407028,True
2023-02-08,-11.92694428615912,-292.38927801018286,-152.158111148171,True
2023-02-09,210.63642943591447,462.17820097422805,336.40731520507126,True
2023-02-10,386.3429869152643,520.3635710001662,453.35327895771525,True
2023-02-13,507.73901972676487,-315.5637529353262,96.08763339571934,True
2023-02-14,671.0271894309809,289.07210369313987,480.0496465620604,True
2023-02-15,-266.1532826236774,383.9749929377654,58.91085515704401,True
2023-02-16,-463.8487954554213,518.0207146211148,27.085959582846783,True
2023-02-17,148.12657327268897,-321.6798854506163,-86.77665608896368,True
2023-02-21,408.06977144248884,1023.5153563441755,715.7925638933322,True
2023-02-22,-38.96850028689628,-304.406869454972,-171.68768487093416,True
2023-02-23,-83.93997770174458,-423.31540612885055,-253.62769191529756,True
2023-02-24,434.1858306107954,625.5567726823798,529.8713016465877,True
2023-02-27,195.84488100823629,-211.3484442562645,-7.7517816240141,True
2023-02-28,-204.7387046548726,-181.11927398039876,-192.92898931763568,True
2023-03-01,-5.147823749655929,665.566227415324,330.209201832834,True
2023-03-02,134.73650065264508,451.9317783602206,293.33413950643285,True
2023-03-03,-270.9927481335618,-1038.2844746834735,-654.6386114085176,True
2023-03-06,-497.1215308615662,301.8646464985636,-97.6284421815013,True
2023-03-07,-356.67250180564304,-155.7883966261252,-256.2304492158841,True
2023-03-08,-102.93684335840148,-0.5479891365851779,-51.742416247493324,True
2023-03-09,-839.5704214691219,-378.90343828146274,-609.2369298752924,True
2023-03-10,-929.3535105258869,-1843.8270873878942,-1386.5902989568906,True
2023-03-13,-189.71666104936358,-682.6221548735213,-436.1694079614424,True
2023-03-14,920.7883269168732,925.487284592569,923.1378057547211,True
2023-03-15,-535.7946581774356,-1244.963323536036,-890.3789908567358,True
2023-03-16,448.2935110304448,678.7275156249084,563.5105133276766,True
2023-03-17,-914.8278672598985,-997.3480831013135,-956.087975180606,True
2023-03-20,719.0017811357501,445.5466230246362,582.2742020801932,True
2023-03-21,-498.4674040237778,683.5571303086567,92.54486314243945,True
2023-03-22,-776.8986154413058,-1023.1743186084467,-900.0364670248762,True
2023-03-23,-262.4597982596108,-291.44098190107223,-276.95039008034155,True
2023-03-24,-28.14353833114161,-117.37844262455936,-72.76099047785048,True
2023-03-27,819.6742560315413,1257.712470051113,1038.6933630413273,True
2023-03-28,386.4673597606296,-7.543864653269599,189.46174755368,True
2023-03-29,1007.9255595462201,149.74021880641527,578.8328891763177,True
2023-03-30,75.93121852930801,-190.24203848033423,-57.15540997551311,True
2023-03-31,101.43365553604124,-665.1705161172812,-281.86843029062,True
2023-04-03,587.9314198688656,-362.1713524991773,112.88003368484416,True
2023-04-04,-788.8717193527424,-417.16360434361735,-603.0176618481798,True
2023-04-05,-467.00494461705887,-452.90426704317133,-459.9546058301151,True
2023-04-06,44.29152356276006,-72.11003074830789,-13.909253592773915,True
2023-04-10,849.424014955403,874.1913842843948,861.8076996198988,True
2023-04-11,74.20990301267021,-26.025887080153975,24.092007966258116,True
2023-04-12,-352.38330521969914,-101.16398855340873,-226.77364688655393,True
2023-04-13,371.5298874012538,360.9344669765724,366.2321771889131,True
2023-04-14,31.149648174620566,468.81686495205514,249.98325656333785,True
2023-04-17,444.37621592049805,605.5641666935984,524.9701913070483,True
2023-04-18,-29.996289274023074,-157.95739928298804,-93.97684427850555,True
2023-04-19,118.86056944822852,131.16085070111657,125.01071007467255,True
2023-04-20,-518.5220479805685,-478.2067980340911,-498.3644230073298,True
2023-04-21,-646.93607482416,263.3247347257689,-191.80567004919553,True
2023-04-24,61.96583260181072,-463.49912985142606,-200.76664862480766,True
2023-04-25,-1090.694175425574,-824.221058680529,-957.4576170530515,True
2023-04-26,111.00522154858317,459.5980444384627,285.30163299352296,True
2023-04-27,705.9063622048537,562.4489715443066,634.1776668745802,True
2023-04-28,1654.8296913456848,-748.5392225008416,453.1452344224216,True
2023-05-01,605.4128002310022,1284.4076180502386,944.9102091406204,True
2023-05-02,-1078.3410852461861,-1303.3144777167977,-1190.827781481492,True
2023-05-03,-920.6604552863217,-461.8501835121435,-691.2553193992326,True
2023-05-04,170.4597017397623,286.01068194610565,228.23519184293397,True
2023-05-05,1630.7815287491023,362.311183726303,996.5463562377026,True
2023-05-08,240.88464380437264,687.7714612825937,464.3280525434832,True
2023-05-09,24.45479286912333,164.8598249712036,94.65730892016347,True
2023-05-10,-454.83505054434704,-620.053136010635,-537.444093277491,True
2023-05-11,-609.7788006638294,-459.4062942380846,-534.592547450957,True
2023-05-12,267.5585674084836,528.647956114304,398.1032617613938,True
2023-05-15,784.2252492463014,397.3316424853088,590.7784458658051,True
2023-05-16,-105.67313163332027,247.7183307122357,71.02259953945773,True
2023-05-17,1054.683552967785,245.88396747623415,650.2837602220096,True
2023-05-18,405.28625277221147,512.0627312945562,458.67449203338384,True
2023-05-19,-610.9738842623915,384.95900964773153,-113.00743730732998,True
2023-05-22,172.56399261424406,195.60585460546554,184.0849236098548,True
2023-05-23,57.175542355194025,-149.48388983326515,-46.15417373903556,True
2023-05-24,-169.5791068345937,268.25074300193523,49.33581808367077,True
2023-05-25,46.72396355332969,382.7813383414128,214.75265094737122,True
2023-05-26,419.542233808252,-301.04463514020046,59.24879933402576,True
2023-05-30,-92.42448876245955,-645.1934856885727,-368.8089872255161,True
2023-05-31,281.46245338927514,-412.40102962462527,-65.46928811767506,True
2023-06-01,450.99787256032505,-235.00036177679888,107.99875539176308,True
2023-06-02,618.7942750111123,724.1250014251383,671.4596382181253,True
2023-06-05,-536.5809273902837,77.43049535966027,-229.57521601531172,True
2023-06-06,441.19376797800726,-188.16658160730626,126.5135931853505,True
2023-06-07,535.4999536061473,799.6649713893921,667.5824624977697,True
2023-06-08,-483.5626040446118,-663.8966509288505,-573.7296274867311,True
2023-06-09,810.5918387884453,231.57335204098797,521.0825954147167,True
2023-06-12,-83.31653924472637,-158.1117092648359,-120.71412425478113,True
2023-06-13,896.9309202145689,650.3488090774666,773.6398646460177,True
2023-06-14,-153.68430051946237,-285.0911099601468,-219.38770523980457,True
2023-06-15,786.393964149608,-658.4798282938526,63.95706792787769,True
2023-06-16,1250.8978251085487,338.98026226203825,794.9390436852934,True
2023-06-20,-514.9316893288774,-338.66167956039266,-426.79668444463505,True
2023-06-21,60.97925355949747,-106.30747266272671,-22.66410955161462,True
2023-06-22,555.7650614203322,637.9052705771456,596.835165998739,True
2023-06-23,152.05529559378,-482.86058994488286,-165.40264717555144,True
2023-06-26,-190.54649581930698,-146.97506703960343,-168.76078142945522,True
2023-06-27,335.33931145253007,261.2351513634337,298.2872314079819,True
2023-06-28,-693.6789919573764,-316.33621180599397,-505.0076018816852,True
2023-06-29,225.99598560743433,1041.9776053483542,633.9867954778942,True
2023-06-30,88.68173994527346,-434.05310444671505,-172.6856822507208,True
2023-07-03,218.44781395153146,388.12369933394314,303.2857566427373,True
2023-07-05,126.00916889007911,553.9510440626088,339.98010647634396,True
2023-07-06,-624.3117249985775,875.5967967017637,125.6425358515931,True
2023-07-07,-491.04921467961515,258.7756982976899,-116.13675819096261,True
2023-07-10,-526.0827066250849,-309.6298195084676,-417.85626306677625,True
2023-07-11,-156.10636397549945,-257.93910834974906,-207.02273616262426,True
2023-07-12,-1049.4109132900471,-851.7077348862346,-950.5593240881408,True
2023-07-13,563.2124208692197,-754.9781564256316,-95.88286777820593,True
2023-07-14,-70.54885446541783,454.0708323215052,191.76098892804367,True
2023-07-17,-317.853858080966,-94.51531616308142,-206.18458712202371,True
2023-07-18,-140.27680570817142,-187.63993950539563,-163.95837260678354,True
2023-07-19,-110.61491446916529,-513.0134839968694,-311.81419923301735,True
2023-07-20,357.9740091611185,802.6747202240059,580.3243646925622,True
2023-07-21,632.4432340284502,-43.781313895742514,294.33096006635384,True
2023-07-24,5.7900051179510275,248.01559480965074,126.90279996380089,True
2023-07-25,103.28678743254845,167.385431218331,135.33610932543974,True
2023-07-26,-639.8538600208985,-205.5426408986663,-422.6982504597824,True
2023-07-27,-1053.52528246463,1182.4488512734151,64.46178440439257,True
2023-07-28,1297.6804023790148,-319.8831679820856,488.89861719846465,True
2023-07-31,1039.703886772015,-129.96616495966126,454.8688609061769,True
2023-08-01,-244.7294291461657,815.423559489335,285.3470651715847,True
2023-08-02,-393.6303993056576,461.8079702093108,34.088785451826595,True
2023-08-03,-683.3214686911566,1155.0484803753222,235.86350584208282,True
2023-08-04,-389.0894080422931,-1144.863454611662,-766.9764313269776,True
2023-08-07,661.0536490313177,457.9658965411077,559.5097727862127,True
2023-08-08,193.22343965513548,-640.6226262430954,-223.69959329397994,True
2023-08-09,41.02176162863889,-188.95511054784222,-73.96667445960166,True
2023-08-10,154.0995778029139,960.0340585463812,557.0668181746476,True
2023-08-11,108.85015680591219,377.956407250415,243.4032820281636,True
2023-08-14,317.7066775854853,169.17908714791406,243.44288236669968,True
2023-08-15,-96.86238818824599,310.7912401451684,106.96442597846121,True
2023-08-16,571.1909893974976,472.8786342201954,522.0348118088465,True
2023-08-17,-330.8074763346905,217.42854003510809,-56.689468149791196,True
2023-08-18,-78.13604719086284,-269.0294292039615,-173.58273819741217,True
2023-08-21,455.15374594456057,779.2961609516476,617.2249534481041,True
2023-08-22,-195.7157330046142,-257.3271300557932,-226.5214315302037,True
2023-08-23,-609.0846811749167,-1381.5379784427614,-995.311329808839,True
2023-08-24,-100.00541469718043,427.3163871698735,163.65548623634655,True
2023-08-25,128.41934503498695,-75.36735089680082,26.525997069093066,True
2023-08-28,262.38428242901915,-177.47390496745004,42.455188730784556,True
2023-08-29,-211.01194360077906,-716.8573586340777,-463.9346511174284,True
2023-08-30,632.6143898790382,49.368417171827815,340.991403525433,True
2023-08-31,-226.19569904683013,-243.38828904817623,-234.79199404750318,True
2023-09-01,-270.213985424684,844.3786418814341,287.08232822837505,True
2023-09-05,680.0992388985791,795.848936546436,737.9740877225075,True
2023-09-06,-317.3505517367323,83.95799633315247,-116.69627770178992,True
2023-09-07,-429.5096770405206,-274.48251672781885,-351.99609688416973,True
2023-09-08,350.8136256849273,-120.02208225838127,115.395771713273,True
2023-09-11,-113.99623248977552,332.52719824111364,109.26548287566905,True
2023-09-12,314.17462833427714,-248.15851156045866,33.00805838690924,True
2023-09-13,267.7959754091626,-51.113597628387865,108.34118889038737,True
2023-09-14,-16.7032837004408,363.8039351370495,173.55032571830435,True
2023-09-15,126.19852781531092,379.18921776323214,252.69387278927152,True
2023-09-18,-19.657806578486657,-221.5076059270784,-120.58270625278253,True
2023-09-19,368.68669394329265,450.41329969746664,409.54999682037965,True
2023-09-20,-127.60803469513921,-41.98495387431411,-84.79649428472666,True
2023-09-21,-477.05251718259535,1235.3366621366108,379.14207247700773,True
2023-09-22,328.24900111676817,-464.89253234591854,-68.32176561457518,True
2023-09-25,472.76197247638714,1197.7661072361886,835.2640398562879,True
2023-09-26,-284.86092376598987,137.02803136947938,-73.91644619825524,True
2023-09-27,526.4056457040159,430.13713364506447,478.27138967454016,True
2023-09-28,56.15575998366852,-242.63326235426888,-93.23875118530017,True
2023-09-29,-215.8785700794497,-5.483979722539599,-110.68127490099465,True
2023-10-02,-769.1039012314978,996.141017262236,113.51855801536908,True
2023-10-03,-814.5686496396987,1199.747461117116,192.58940573870865,True
2023-10-04,308.01131302400313,-825.7530897745149,-258.8708883752559,True
2023-10-05,-58.31691206028786,47.05635072220967,-5.630280669039095,True
2023-10-06,783.8938317639282,755.6937738828713,769.7938028233998,True
2023-10-09,-245.1629132126639,-1520.9867077884223,-883.0748105005431,True
2023-10-10,449.8645711576039,178.67997502075403,314.27227308917895,True
2023-10-11,179.29959267089103,-981.9376040623544,-401.3190056957317,True
2023-10-12,-680.521126868626,1457.9279573310475,388.7034152312108,True
2023-10-13,-467.2237506221297,-946.3114414586979,-706.7675960404138,True
2023-10-16,406.50164044925054,883.1437410524939,644.8226907508722,True
2023-10-17,-108.65247551757378,971.8391564724993,431.5933404774628,True
2023-10-18,-464.7056845599264,578.8422730028559,57.068294221464754,True
2023-10-19,-502.286242301237,955.8301045684486,226.77193113360582,True
2023-10-20,-59.897148851673535,-533.468229957284,-296.68268940447877,True
2023-10-23,428.82825155405266,-656.9211792231748,-114.04646383456108,True
2023-10-24,-246.70564960969133,-509.0153708919735,-377.8605102508324,True
2023-10-25,-297.8980470200627,1254.149717920923,478.12583545043015,True
2023-10-26,298.56173418314256,-944.3831164216109,-322.9106911192342,True
2023-10-27,-518.9271116869015,44.60645454507372,-237.16032857091392,True
2023-10-30,280.2647348620768,360.9405954941495,320.60266517811317,True
2023-10-31,1596.713582065708,296.0113252557188,946.3624536607133,True
2023-11-01,-343.87941406245585,-1391.5430615930443,-867.7112378277501,True
2023-11-02,491.19154103404696,-958.3467974286962,-233.5776281973246,True
2023-11-03,535.7432791938988,-617.8191293066785,-41.03792505638984,True
2023-11-06,-56.9838936625068,604.8537261374943,273.9349162374937,True
2023-11-07,-266.5651004423236,-715.0804471354205,-490.82277378887204,True
2023-11-08,-68.23117399665648,-679.1618843074991,-373.6965291520778,True
2023-11-09,-136.9082422223745,1198.4261659068554,530.7589618422405,True
2023-11-10,275.45052364380126,-203.20742825031704,36.12154769674211,True
2023-11-13,321.8477624000456,102.60073139231649,212.22424689618106,True
2023-11-14,407.034060723082,-1467.921703899137,-530.4438215880275,True
2023-11-15,196.12289174247616,836.6052435142542,516.3640676283652,True
2023-11-16,-783.4218548164857,-758.219610032791,-770.8207324246384,True
2023-11-17,-231.61212660189747,-152.7837310782821,-192.1979288400898,True
2023-11-20,-441.97110085811715,-234.58913778028491,-338.28011931920105,True
2023-11-21,241.55510051339604,-53.36431886646055,94.09539082346774,True
2023-11-22,487.905418678034,-65.5395695373948,211.18292457031959,True
2023-11-24,965.6924906993266,624.8997959348357,795.2961433170811,True
2023-11-27,-466.0958890534922,-876.3244519335457,-671.210170493519,True
2023-11-28,-109.60935885418512,-298.59085110619066,-204.1001049801879,True
2023-11-29,-390.75948575404107,-630.2622480888807,-510.5108669214609,True
2023-11-30,232.51326438261998,602.9017597433269,417.7075120629735,True
2023-12-01,4.0303132593043305,-1042.461534979903,-519.2156108602993,True
2023-12-04,-278.513227042795,341.53765699134493,31.51221497427497,True
2023-12-05,-466.5816786720183,-935.8041915489251,-701.1929351104717,True
2023-12-06,-58.13076529758573,-563.5552045376976,-310.8429849176417,True
2023-12-07,-1885.5514226021248,239.7228007312682,-822.9143109354284,True
2023-12-08,826.5649646489288,577.5372572377225,702.0511109433257,True
2023-12-11,692.1070204786769,58.49327839401095,375.30014943634393,True
2023-12-12,-697.1543722248365,-184.75590667018025,-440.9551394475084,True
2023-12-13,-909.9336778127566,-1418.7162982798109,-1164.3249880462838,True
2023-12-14,343.2676330699599,-1122.9264235956643,-389.82939526285224,True
2023-12-15,211.86824930574053,26.76366896553528,119.31595913563791,True
2023-12-18,-113.62982606257647,336.6757765322602,111.52297523484188,True
2023-12-19,973.5860818742964,-233.7225847796957,369.93174854730034,True
2023-12-20,-549.1412508982797,-436.24018568277626,-492.690718290528,True
2023-12-21,-588.8384504276521,259.2162462335133,-164.8111020970694,True
2023-12-22,253.07165454788318,178.91373456619738,215.9926945570403,True
2023-12-26,294.76987455818863,-98.46257082966453,98.15365186426206,True
2023-12-27,-673.5267402920912,-879.4417984908616,-776.4842693914763,True
2023-12-28,-643.4441800322141,408.2195307523278,-117.61232463994318,True
2023-12-29,-349.3108490448764,380.1056839725628,15.397417463843198,True
2024-01-02,45.948872165729135,364.4356089353463,205.19224055053772,True
2024-01-03,881.7988447189391,-233.362850349295,324.217997184822,True
2024-01-04,957.5383103120186,743.7301325932793,850.634221452649,True
2024-01-05,216.73739034223604,464.2553306030524,340.49636047264426,True
2024-01-08,-247.9692761722612,-435.810149617058,-341.8897128946596,True
2024-01-09,1.2753492333127037,199.42470741184263,100.35002832257767,True
2024-01-10,1002.2255092033243,219.0770434114489,610.6512763073866,True
2024-01-11,-100.31123041494796,-436.2890840956514,-268.30015725529967,True
2024-01-12,-473.90987197167317,-91.00927342128594,-282.45957269647954,True
2024-01-16,773.273927931252,923.4053575060476,848.3396427186499,True
2024-01-17,858.3601572384354,232.9962126599404,545.6781849491879,True
2024-01-18,461.52954816359676,375.8210081806849,418.6752781721408,True
2024-01-19,215.4191092244901,-79.73401387198673,67.84254767625168,True
2024-01-22,-126.83689947448664,-316.8148520142924,-221.82587574438952,True
2024-01-23,153.6664308911061,357.5528626610143,255.60964677606017,True
2024-01-24,-883.8955153361123,321.73649869279893,-281.0795083216567,True
2024-01-25,437.51507466434396,-403.495685201173,17.009694731585483,True
2024-01-26,115.23270869573341,159.7455262639953,137.48911747986435,True
2024-01-29,-138.35408972954252,-627.2170865698317,-382.7855881496871,True
2024-01-30,-26.84054460157748,-303.1622953147032,-165.00141995814036,True
2024-01-31,-517.2508041625208,-715.3283910680433,-616.289597615282,True
2024-02-01,-213.30223396906533,-852.6477868686909,-532.9750104188781,True
2024-02-02,792.9234603557874,1427.0297427906223,1109.9766015732048,True
2024-02-05,-534.4699840430478,1174.4302670378006,319.9801414973764,True
2024-02-06,163.13412846184434,-594.0122838344954,-215.43907768632553,True
2024-02-07,700.4288747646243,256.40140780094055,478.41514128278243,True
2024-02-08,474.59713208350723,373.54009946617794,424.06861577484256,True
2024-02-09,115.20244438240391,176.71697731175885,145.9597108470814,True
2024-02-12,267.2217708006588,-80.55486776337082,93.333451518644,True
2024-02-13,587.7313175766616,1163.8966692431743,875.8139934099179,True
2024-02-14,-104.02442513318354,-360.9112303292849,-232.4678277312342,True
2024-02-15,-205.44972932370564,-304.3893491470613,-254.91953923538347,True
2024-02-16,225.4613911845611,438.8727214884846,332.1670563365229,True
2024-02-20,-30.180976255262255,-117.41476328286595,-73.7978697690641,True
2024-02-21,96.6438574235428,406.2696548651411,251.45675614434194,True
2024-02-22,516.1021661358063,-134.9667944618957,190.56768583695532,True
2024-02-23,47.237172581293216,-648.5826282522111,-300.67272783545894,True
2024-02-26,44.6529206216661,185.5315212186399,115.09222092015301,True
2024-02-27,-211.14542433072063,346.654921218499,67.75474844388918,True
2024-02-28,-368.1244960266084,-389.9346351503514,-379.02956558847995,True
2024-02-29,-207.72824213683668,-312.70124759264945,-260.21474486474307,True
2024-03-01,285.4842381966071,-443.8031792090894,-79.15947050624115,True
2024-03-04,389.7239527719989,263.3548982327478,326.5394255023733,True
2024-03-05,-397.95845905361426,-779.690598468627,-588.8245287611206,True
2024-03-06,248.4598015281942,-308.3007250697966,-29.92046177080121,True
2024-03-07,-210.81342558273303,-64.51441832531158,-137.6639219540223,True
2024-03-08,-452.2006851790313,17.579386544493385,-217.31064931726897,True
2024-03-11,-299.18733784635214,102.51088933053836,-98.33822425790689,True
2024-03-12,379.3538622648616,504.1058845980525,441.72987343145707,True
2024-03-13,234.57407599863322,286.99793693688383,260.7860064677585,True
2024-03-14,59.21305976110357,909.4158936161224,484.31447668861296,True
2024-03-15,180.64154915085572,123.82274143158621,152.23214529122097,True
2024-03-18,324.72548196642714,170.00790199332423,247.36669197987567,True
2024-03-19,822.8782843278377,-246.912609343708,287.98283749206485,True
2024-03-20,850.7474172954809,-122.65583984938243,364.0457887230492,True
2024-03-21,-149.1357754812281,-58.67021431063491,-103.90299489593151,True
2024-03-22,-864.5915687916048,-566.0037222482662,-715.2976455199355,True
2024-03-25,481.94999148853344,317.4764998051204,399.7132456468269,True
2024-03-26,223.8028780163044,-160.95781408421888,31.422531966042754,True
2024-03-27,121.88863011927813,-510.9113147787389,-194.51134232973038,True
2024-03-28,-102.78721803097757,92.99982861518787,-4.893694707894852,True
2024-04-01,-296.254162672161,1100.4778381539238,402.1118377408814,True
2024-04-02,436.1739978924745,332.51653703242005,384.3452674624473,True
2024-04-03,349.1205778666402,-60.25807026224655,144.4312538021968,True
2024-04-04,-423.11141626168313,-448.97400084664685,-436.04270855416496,True
2024-04-05,114.11520088885119,903.2147030334354,508.6649519611433,True
2024-04-08,536.8101939539733,166.10691752013454,351.4585557370539,True
2024-04-09,87.23365871918936,-554.8762187706407,-233.82128002572566,True
2024-04-10,-217.47764508262782,1604.2537120482386,693.3880334828054,True
2024-04-11,179.6349057750368,252.8188706252838,216.22688820016032,True
2024-04-12,-873.1561559594392,-437.3673991036458,-655.2617775315425,True
2024-04-15,398.66942087609794,939.6424465369555,669.1559337065268,True
2024-04-16,-37.49226912357763,488.4948219420715,225.50127640924694,True
2024-04-17,28.07100764315776,-771.186046957549,-371.55751965719566,True
2024-04-18,173.13036144823664,407.25897887336686,290.19467016080176,True
2024-04-19,-484.38044083258103,-192.13367044252578,-338.25705563755344,True
2024-04-22,327.27637280615073,58.584558256216354,192.93046553118353,True
2024-04-23,768.9124503497103,-86.71439056265724,341.0990298935265,True
2024-04-24,490.97568096361556,443.98636651041426,467.4810237370149,True
2024-04-25,519.2687225578211,493.7512044770202,506.50996351742066,True
2024-04-26,1224.9220139126137,-340.7285393581261,442.0967372772438,True
2024-04-29,-644.225063188022,-529.4709756653529,-586.8480194266874,True
2024-04-30,459.52024597119134,600.528040413906,530.0241431925486,True
2024-05-01,-55.584410400154376,-491.71772616873795,-273.6510682844462,True
2024-05-02,-2103.4968600723873,-440.2331718654379,-1271.8650159689125,True
2024-05-03,-289.2706248616174,-687.5713944267983,-488.42100964420786,True
2024-05-06,759.4346637195433,-173.43095819522858,293.00185276215734,True
2024-05-07,-124.65106359721473,-360.10836465641296,-242.37971412681384,True
2024-05-08,369.1970569457244,396.10892143717797,382.6529891914512,True
2024-05-09,254.79115306942393,-348.74566734477764,-46.97725713767686,True
2024-05-10,259.59579226259905,410.38456544579185,334.99017885419545,True
2024-05-13,479.13570861419373,-150.77816187698332,164.17877336860522,True
2024-05-14,361.0507282678824,-366.6029482781117,-2.7761100051146457,True
2024-05-15,-220.23302089025418,-935.118013906448,-577.6755173983511,True
2024-05-16,322.07171847496767,171.10262179625573,246.5871701356117,True
2024-05-17,535.2759914870809,438.39491651468603,486.8354540008835,True
2024-05-20,446.4470122791104,208.1784555067468,327.3127338929286,True
2024-05-21,-115.81018441321248,-328.46020150483577,-222.13519295902412,True
2024-05-22,365.63650869344315,57.52079103635952,211.57864986490134,True
2024-05-23,-237.0829188895719,457.56193158473036,110.23950634757922,True
2024-05-24,511.0381729143849,-171.18189489804251,169.9281390081712,True
2024-05-28,319.39502940519094,852.7910931464949,586.093061275843,True
2024-05-29,-241.2139536154031,731.3809923570353,245.0835193708161,True
2024-05-30,-671.8122310648636,-636.7899844565663,-654.301107760715,True
2024-05-31,450.6700700677449,-519.3068887462838,-34.31840933926944,True
2024-06-03,-582.513094383649,-956.0038652047398,-769.2584797941944,True
2024-06-04,-1440.1397576320032,-784.0511088735092,-1112.0954332527563,True
2024-06-05,920.3812361607329,-501.3422521203247,209.5194920202041,True
2024-06-06,-326.73602265349774,95.14383343607199,-115.79609460871288,True
2024-06-07,217.60279011469925,1400.1955228008462,808.8991564577727,True
2024-06-10,314.6865959794811,398.40276275709823,356.5446793682897,True
2024-06-11,168.39689279897163,-723.4305871279803,-277.5168471645043,True
2024-06-12,205.01912447129652,-644.7720351169636,-219.87645532283352,True
2024-06-13,-104.50287820584632,-970.2296166927222,-537.3662474492843,True
2024-06-14,-515.7316987399652,-447.50993430259945,-481.62081652128234,True
2024-06-17,306.2593929779491,689.2577080982985,497.7585505381238,True
2024-06-18,-141.1072575896866,-616.9380525654665,-379.02265507757653,True
2024-06-20,935.1034025591339,425.37904417058184,680.2412233648579,True
2024-06-21,340.14361975734147,-2.5267178468457114,168.80845095524788,True
2024-06-24,316.21695896374933,-189.42262140281053,63.3971687804694,True
2024-06-25,89.85164425819268,-106.89849354760169,-8.523424644704505,True
2024-06-26,254.04373967460097,939.5821667677554,596.8129532211782,True
2024-06-27,171.42588474385275,-284.7598130775443,-56.66696416684579,True
2024-06-28,75.9590078355516,1040.453838264062,558.2064230498067,True
