date,entry_t,exit_t,dir,contracts,entry_px,exit_px,gross,slippage,fees,net,exit_reason,cap_bound,test_year
2013-07-01,10,16,1.0,19.0,1614.25,1609.0,-498.75,47.5,19.0,-565.25,close,False,2013-2014
2013-07-02,10,16,1.0,20.0,1614.5,1606.75,-775.0,50.0,20.0,-845.0,close,False,2013-2014
2013-07-18,11,16,1.0,40.0,1687.5,1684.75,-550.0,100.0,40.0,-690.0,close,True,2013-2014
2013-07-24,14,16,-1.0,40.0,1679.25,1681.0,-350.0,100.0,40.0,-490.0,close,True,2013-2014
2013-07-31,11,16,1.0,35.0,1692.0,1681.75,-1793.75,87.5,35.0,-1916.25,close,False,2013-2014
2013-08-06,11,16,-1.0,40.0,1689.5,1693.0,-700.0,100.0,40.0,-840.0,close,True,2013-2014
2013-08-15,10,16,-1.0,25.0,1661.25,1658.25,375.0,62.5,25.0,287.5,close,False,2013-2014
2013-08-20,12,16,1.0,32.0,1654.75,1650.5,-680.0,80.0,32.0,-792.0,close,False,2013-2014
2013-08-22,10,16,1.0,27.0,1648.5,1654.25,776.25,67.5,27.0,681.75,close,False,2013-2014
2013-08-28,12,16,1.0,32.0,1636.5,1633.5,-480.0,80.0,32.0,-592.0,close,False,2013-2014
2013-08-29,11,16,1.0,34.0,1642.5,1635.75,-1147.5,85.0,34.0,-1266.5,close,False,2013-2014
2013-09-04,11,16,1.0,24.0,1647.5,1651.75,510.0,60.0,24.0,426.0,close,False,2013-2014
2013-09-05,10,16,1.0,23.0,1657.25,1653.25,-460.0,57.5,23.0,-540.5,close,False,2013-2014
2013-09-06,10,16,-1.0,20.0,1645.75,1653.75,-800.0,50.0,20.0,-870.0,close,False,2013-2014
2013-09-09,10,16,1.0,20.0,1663.75,1670.5,675.0,50.0,20.0,605.0,close,False,2013-2014
2013-09-18,15,16,1.0,40.0,1722.5,1718.75,-750.0,100.0,40.0,-890.0,close,True,2013-2014
2013-09-20,12,16,-1.0,26.0,1708.25,1702.75,715.0,65.0,26.0,624.0,close,False,2013-2014
2013-09-23,11,16,-1.0,24.0,1692.0,1695.25,-390.0,60.0,24.0,-474.0,close,False,2013-2014
2013-09-26,10,16,1.0,34.0,1694.75,1692.25,-425.0,85.0,34.0,-544.0,close,False,2013-2014
2013-10-01,11,16,1.0,32.0,1687.25,1688.5,200.0,80.0,32.0,88.0,close,False,2013-2014
2013-10-03,10,16,-1.0,27.0,1678.5,1671.75,911.25,67.5,27.0,816.75,close,False,2013-2014
2013-10-04,10,16,1.0,25.0,1677.0,1683.75,843.75,62.5,25.0,756.25,close,False,2013-2014
2013-10-08,12,16,-1.0,28.0,1658.5,1649.75,1225.0,70.0,28.0,1127.0,close,False,2013-2014
2013-10-10,10,16,1.0,20.0,1673.25,1686.5,1325.0,50.0,20.0,1255.0,close,False,2013-2014
2013-10-11,13,16,1.0,29.0,1696.75,1697.5,108.75,72.5,29.0,7.25,close,False,2013-2014
2013-10-16,10,16,1.0,23.0,1711.75,1716.0,488.75,57.5,23.0,408.25,close,False,2013-2014
2013-10-17,13,16,1.0,34.0,1724.75,1727.25,425.0,85.0,34.0,306.0,close,False,2013-2014
2013-10-22,10,16,1.0,28.0,1749.0,1749.5,70.0,70.0,28.0,-28.0,close,False,2013-2014
2013-10-23,10,16,-1.0,32.0,1737.5,1741.25,-600.0,80.0,32.0,-712.0,close,False,2013-2014
2013-11-07,11,16,-1.0,34.0,1757.75,1744.5,2252.5,85.0,34.0,2133.5,close,False,2013-2014
2013-11-08,11,16,1.0,27.0,1756.75,1767.5,1451.25,67.5,27.0,1356.75,close,False,2013-2014
2013-12-11,10,16,-1.0,33.0,1797.25,1781.0,2681.25,82.5,33.0,2565.75,close,False,2013-2014
2013-12-17,11,16,-1.0,27.0,1772.75,1774.25,-202.5,67.5,27.0,-297.0,close,False,2013-2014
2013-12-18,15,16,1.0,40.0,1793.25,1805.25,2400.0,100.0,40.0,2260.0,close,True,2013-2014
2013-12-20,10,16,1.0,16.0,1811.0,1813.25,180.0,40.0,16.0,124.0,close,False,2013-2014
2014-01-02,10,16,-1.0,35.0,1833.0,1826.25,1181.25,87.5,35.0,1058.75,close,False,2013-2014
2014-01-07,10,16,1.0,31.0,1832.0,1831.25,-116.25,77.5,31.0,-224.75,close,False,2013-2014
2014-01-13,13,16,-1.0,40.0,1826.0,1813.5,2500.0,100.0,40.0,2360.0,close,True,2013-2014
2014-01-14,11,16,1.0,29.0,1825.0,1833.25,1196.25,72.5,29.0,1094.75,close,False,2013-2014
2014-01-23,10,16,-1.0,34.0,1824.0,1823.5,85.0,85.0,34.0,-34.0,close,False,2013-2014
2014-01-24,11,16,-1.0,26.0,1802.25,1784.75,2275.0,65.0,26.0,2184.0,close,False,2013-2014
2014-01-27,12,16,-1.0,25.0,1774.25,1775.75,-187.5,62.5,25.0,-275.0,close,False,2013-2014
2014-01-28,10,16,1.0,20.0,1784.25,1786.0,175.0,50.0,20.0,105.0,close,False,2013-2014
2014-01-30,13,16,1.0,25.0,1792.5,1788.75,-468.75,62.5,25.0,-556.25,close,False,2013-2014
2014-02-03,11,16,-1.0,16.0,1759.75,1737.0,1820.0,40.0,16.0,1764.0,close,False,2013-2014
2014-02-06,10,16,1.0,16.0,1759.0,1769.25,820.0,40.0,16.0,764.0,close,False,2013-2014
2014-02-07,14,16,1.0,28.0,1788.75,1791.75,420.0,70.0,28.0,322.0,close,False,2013-2014
2014-02-11,12,16,1.0,33.0,1809.75,1814.5,783.75,82.5,33.0,668.25,close,False,2013-2014
2014-02-12,10,16,1.0,28.0,1822.75,1816.0,-945.0,70.0,28.0,-1043.0,close,False,2013-2014
2014-02-13,14,16,1.0,40.0,1825.5,1825.5,0.0,100.0,40.0,-140.0,close,True,2013-2014
2014-02-14,14,16,1.0,40.0,1835.25,1835.25,0.0,100.0,40.0,-140.0,close,True,2013-2014
2014-02-20,13,16,1.0,33.0,1836.5,1836.5,0.0,82.5,33.0,-115.5,close,False,2013-2014
2014-02-24,10,16,1.0,25.0,1848.5,1844.75,-468.75,62.5,25.0,-556.25,close,False,2013-2014
2014-02-25,10,16,-1.0,24.0,1839.5,1843.0,-420.0,60.0,24.0,-504.0,close,False,2013-2014
2014-02-28,10,16,1.0,23.0,1858.75,1858.25,-57.5,57.5,23.0,-138.0,close,False,2013-2014
2014-03-13,13,16,-1.0,35.0,1852.25,1847.0,918.75,87.5,35.0,796.25,close,False,2013-2014
2014-03-18,10,16,1.0,19.0,1859.5,1864.75,498.75,47.5,19.0,432.25,close,False,2013-2014
2014-03-20,13,16,1.0,29.0,1864.5,1864.5,0.0,72.5,29.0,-101.5,close,False,2013-2014
2014-03-24,11,16,-1.0,24.0,1848.0,1849.5,-180.0,60.0,24.0,-264.0,close,False,2013-2014
2014-03-28,10,16,1.0,27.0,1854.75,1849.25,-742.5,67.5,27.0,-837.0,close,False,2013-2014
2014-04-04,13,16,-1.0,35.0,1866.75,1859.0,1356.25,87.5,35.0,1233.75,close,False,2013-2014
2014-04-07,12,16,-1.0,27.0,1842.75,1838.25,607.5,67.5,27.0,513.0,close,False,2013-2014
2014-04-10,11,16,-1.0,18.0,1855.25,1825.75,2655.0,45.0,18.0,2592.0,close,False,2013-2014
2014-04-15,10,13,1.0,18.0,1835.0,1810.75,-2182.5,45.0,18.0,-2245.5,flip,False,2013-2014
2014-04-15,13,16,-1.0,26.0,1810.75,1836.75,-3380.0,65.0,26.0,-3471.0,close,False,2013-2014
2014-04-25,11,16,-1.0,34.0,1858.0,1857.75,42.5,85.0,34.0,-76.5,close,False,2013-2014
2014-05-08,10,16,1.0,31.0,1879.75,1871.25,-1317.5,77.5,31.0,-1426.0,close,False,2013-2014
2014-05-09,10,16,-1.0,30.0,1865.25,1874.5,-1387.5,75.0,30.0,-1492.5,close,False,2013-2014
2014-05-15,10,16,-1.0,30.0,1873.75,1868.25,825.0,75.0,30.0,720.0,close,False,2013-2014
2014-05-20,14,16,-1.0,40.0,1864.75,1869.25,-900.0,100.0,40.0,-1040.0,close,True,2013-2014
2014-05-21,10,16,1.0,25.0,1880.75,1885.0,531.25,62.5,25.0,443.75,close,False,2013-2014
2014-06-05,13,16,1.0,40.0,1938.25,1938.5,50.0,100.0,40.0,-90.0,close,True,2013-2014
2014-06-26,10,16,-1.0,35.0,1939.25,1949.5,-1793.75,87.5,35.0,-1916.25,close,False,2013-2014
2014-07-01,11,16,1.0,34.0,1964.5,1965.75,212.5,85.0,34.0,93.5,close,False,2014-2015
2014-07-08,11,16,-1.0,40.0,1959.0,1958.0,200.0,100.0,40.0,60.0,close,True,2014-2015
2014-07-15,12,16,-1.0,35.0,1960.5,1968.0,-1312.5,87.5,35.0,-1435.0,close,False,2014-2015
2014-07-18,12,16,1.0,31.0,1966.75,1972.0,813.75,77.5,31.0,705.25,close,False,2014-2015
2014-07-28,10,16,-1.0,40.0,1966.75,1973.0,-1250.0,100.0,40.0,-1390.0,close,True,2014-2015
2014-07-30,12,16,-1.0,40.0,1958.0,1965.25,-1450.0,100.0,40.0,-1590.0,close,True,2014-2015
2014-07-31,11,16,-1.0,32.0,1937.0,1925.0,1920.0,80.0,32.0,1808.0,close,False,2014-2015
2014-08-01,12,16,-1.0,24.0,1912.25,1919.75,-900.0,60.0,24.0,-984.0,close,False,2014-2015
2014-08-04,15,16,1.0,40.0,1932.75,1933.5,150.0,100.0,40.0,10.0,close,True,2014-2015
2014-08-05,14,16,-1.0,32.0,1912.75,1914.25,-240.0,80.0,32.0,-352.0,close,False,2014-2015
2014-08-06,11,16,1.0,20.0,1921.5,1915.25,-625.0,50.0,20.0,-695.0,close,False,2014-2015
2014-08-07,13,16,-1.0,28.0,1907.0,1904.5,350.0,70.0,28.0,252.0,close,False,2014-2015
2014-08-08,14,16,1.0,38.0,1922.75,1926.75,760.0,95.0,38.0,627.0,close,False,2014-2015
2014-08-15,12,16,-1.0,36.0,1941.0,1951.5,-1890.0,90.0,36.0,-2016.0,close,False,2014-2015
2014-09-04,10,16,1.0,40.0,2007.25,1996.25,-2200.0,100.0,40.0,-2340.0,close,True,2014-2015
2014-09-08,14,16,-1.0,40.0,1995.5,2000.25,-950.0,100.0,40.0,-1090.0,close,True,2014-2015
2014-09-09,10,16,-1.0,29.0,1992.0,1987.5,652.5,72.5,29.0,551.0,close,False,2014-2015
2014-09-12,10,16,-1.0,25.0,1989.25,1985.5,468.75,62.5,25.0,381.25,close,False,2014-2015
2014-09-16,12,16,1.0,27.0,1988.0,1991.25,438.75,67.5,27.0,344.25,close,False,2014-2015
2014-09-22,10,16,-1.0,29.0,1995.25,1986.75,1232.5,72.5,29.0,1131.0,close,False,2014-2015
2014-10-01,10,16,-1.0,20.0,1952.5,1938.0,1450.0,50.0,20.0,1380.0,close,False,2014-2015
2014-10-02,11,16,-1.0,22.0,1928.25,1938.5,-1127.5,55.0,22.0,-1204.5,close,False,2014-2015
2014-10-03,13,16,1.0,33.0,1961.75,1960.25,-247.5,82.5,33.0,-363.0,close,False,2014-2015
2014-10-06,13,16,-1.0,34.0,1952.25,1957.5,-892.5,85.0,34.0,-1011.5,close,False,2014-2015
2014-10-08,11,15,-1.0,25.0,1920.5,1951.0,-3812.5,62.5,25.0,-3900.0,flip,False,2014-2015
2014-10-08,15,16,1.0,40.0,1951.0,1961.25,2050.0,100.0,40.0,1910.0,close,True,2014-2015
2014-10-09,10,16,-1.0,14.0,1951.75,1921.25,2135.0,35.0,14.0,2086.0,close,False,2014-2015
2014-10-13,11,16,-1.0,13.0,1891.25,1868.0,1511.25,32.5,13.0,1465.75,close,False,2014-2015
2014-10-14,12,16,1.0,13.0,1889.75,1872.0,-1153.75,32.5,13.0,-1199.25,close,False,2014-2015
2014-10-15,13,16,-1.0,14.0,1828.0,1857.5,-2065.0,35.0,14.0,-2114.0,close,False,2014-2015
2014-10-17,12,16,1.0,11.0,1888.0,1879.5,-467.5,27.5,11.0,-506.0,close,False,2014-2015
2014-10-20,15,16,1.0,23.0,1893.5,1897.5,460.0,57.5,23.0,379.5,close,False,2014-2015
2014-10-21,11,16,1.0,11.0,1920.0,1934.5,797.5,27.5,11.0,759.0,close,False,2014-2015
2014-10-23,11,16,1.0,17.0,1949.25,1944.0,-446.25,42.5,17.0,-505.75,close,False,2014-2015
2014-10-29,10,16,1.0,23.0,1985.25,1975.5,-1121.25,57.5,23.0,-1201.75,close,False,2014-2015
2014-10-30,14,16,1.0,33.0,1992.5,1989.0,-577.5,82.5,33.0,-693.0,close,False,2014-2015
2014-11-04,11,16,-1.0,21.0,1997.5,2005.75,-866.25,52.5,21.0,-939.75,close,False,2014-2015
2014-11-18,10,16,1.0,29.0,2046.5,2050.25,543.75,72.5,29.0,442.25,close,False,2014-2015
2014-11-19,11,16,-1.0,32.0,2039.25,2046.75,-1200.0,80.0,32.0,-1312.0,close,False,2014-2015
2014-12-02,11,16,1.0,37.0,2062.25,2065.5,601.25,92.5,37.0,471.75,close,False,2014-2015
2014-12-08,14,16,-1.0,40.0,2056.75,2060.75,-800.0,100.0,40.0,-940.0,close,True,2014-2015
2014-12-10,10,16,-1.0,23.0,2048.0,2026.0,2530.0,57.5,23.0,2449.5,close,False,2014-2015
2014-12-11,10,16,1.0,20.0,2047.0,2036.0,-1100.0,50.0,20.0,-1170.0,close,False,2014-2015
2014-12-16,11,16,1.0,14.0,1991.75,1966.5,-1767.5,35.0,14.0,-1816.5,close,False,2014-2015
2014-12-17,10,16,1.0,12.0,1981.0,2006.75,1545.0,30.0,12.0,1503.0,close,False,2014-2015
2015-01-02,11,16,-1.0,26.0,2049.75,2050.5,-97.5,65.0,26.0,-188.5,close,False,2014-2015
2015-01-05,10,16,-1.0,21.0,2027.75,2014.25,1417.5,52.5,21.0,1344.0,close,False,2014-2015
2015-01-06,12,16,-1.0,23.0,1996.0,1994.75,143.75,57.5,23.0,63.25,close,False,2014-2015
2015-01-08,10,16,1.0,15.0,2044.25,2056.0,881.25,37.5,15.0,828.75,close,False,2014-2015
2015-01-09,10,16,-1.0,17.0,2046.75,2038.0,743.75,42.5,17.0,684.25,close,False,2014-2015
2015-01-12,10,16,-1.0,15.0,2019.75,2022.0,-168.75,37.5,15.0,-221.25,close,False,2014-2015
2015-01-13,10,15,1.0,11.0,2050.25,2005.0,-2488.75,27.5,11.0,-2527.25,flip,False,2014-2015
2015-01-13,15,16,-1.0,28.0,2005.0,2017.0,-1680.0,70.0,28.0,-1778.0,close,False,2014-2015
2015-01-15,10,16,-1.0,9.0,1995.25,1986.0,416.25,22.5,9.0,384.75,close,False,2014-2015
2015-01-16,11,16,1.0,10.0,1998.25,2011.25,650.0,25.0,10.0,615.0,close,False,2014-2015
2015-01-21,11,16,1.0,13.0,2030.25,2026.75,-227.5,32.5,13.0,-273.0,close,False,2014-2015
2015-01-22,15,16,1.0,39.0,2055.25,2057.25,390.0,97.5,39.0,253.5,close,False,2014-2015
2015-02-03,10,16,1.0,11.0,2033.5,2043.75,563.75,27.5,11.0,525.25,close,False,2014-2015
2015-03-06,13,16,-1.0,39.0,2075.25,2069.25,1170.0,97.5,39.0,1033.5,close,False,2014-2015
2015-03-10,12,16,-1.0,31.0,2050.25,2044.25,930.0,77.5,31.0,821.5,close,False,2014-2015
2015-03-12,10,16,1.0,22.0,2056.25,2065.5,1017.5,55.0,22.0,940.5,close,False,2014-2015
2015-03-13,11,16,-1.0,25.0,2045.5,2052.75,-906.25,62.5,25.0,-993.75,close,False,2014-2015
2015-03-18,15,16,1.0,40.0,2087.75,2091.5,750.0,100.0,40.0,610.0,close,True,2014-2015
2015-03-20,13,16,1.0,22.0,2104.25,2100.25,-440.0,55.0,22.0,-517.0,close,False,2014-2015
2015-03-25,12,16,-1.0,18.0,2069.25,2052.75,1485.0,45.0,18.0,1422.0,close,False,2014-2015
2015-03-30,10,16,1.0,17.0,2074.75,2078.25,297.5,42.5,17.0,238.0,close,False,2014-2015
2015-04-01,10,16,-1.0,15.0,2042.75,2052.5,-731.25,37.5,15.0,-783.75,close,False,2014-2015
2015-04-02,10,16,1.0,16.0,2062.75,2059.0,-300.0,40.0,16.0,-356.0,close,False,2014-2015
2015-04-08,10,16,1.0,14.0,2079.0,2075.0,-280.0,35.0,14.0,-329.0,close,False,2014-2015
2015-04-17,11,16,-1.0,26.0,2074.0,2073.75,32.5,65.0,26.0,-58.5,close,False,2014-2015
2015-04-20,10,16,1.0,23.0,2093.0,2093.25,28.75,57.5,23.0,-51.75,close,False,2014-2015
2015-04-23,13,16,1.0,29.0,2112.25,2107.0,-761.25,72.5,29.0,-862.75,close,False,2014-2015
2015-04-30,10,16,-1.0,34.0,2087.25,2078.75,1445.0,85.0,34.0,1326.0,close,False,2014-2015
2015-05-04,10,16,1.0,31.0,2114.0,2108.25,-891.25,77.5,31.0,-999.75,close,False,2014-2015
2015-05-05,12,16,-1.0,34.0,2093.75,2083.25,1785.0,85.0,34.0,1666.0,close,False,2014-2015
2015-05-06,14,16,-1.0,40.0,2069.0,2074.5,-1100.0,100.0,40.0,-1240.0,close,True,2014-2015
2015-05-07,13,16,1.0,28.0,2086.5,2083.0,-490.0,70.0,28.0,-588.0,close,False,2014-2015
2015-05-27,12,16,1.0,35.0,2116.5,2121.25,831.25,87.5,35.0,708.75,close,False,2014-2015
2015-05-29,11,16,-1.0,30.0,2105.0,2105.25,-37.5,75.0,30.0,-142.5,close,False,2014-2015
2015-06-10,11,16,1.0,25.0,2099.25,2103.0,468.75,62.5,25.0,381.25,close,False,2014-2015
2015-06-12,11,16,-1.0,29.0,2090.75,2093.5,-398.75,72.5,29.0,-500.25,close,False,2014-2015
2015-06-16,15,16,1.0,40.0,2088.0,2087.75,-50.0,100.0,40.0,-190.0,close,True,2014-2015
2015-06-18,11,16,1.0,20.0,2111.25,2113.25,200.0,50.0,20.0,130.0,close,False,2014-2015
2015-06-29,14,16,-1.0,31.0,2062.75,2048.75,2170.0,77.5,31.0,2061.5,close,False,2014-2015
2015-07-07,10,16,-1.0,16.0,2053.5,2074.5,-1680.0,40.0,16.0,-1736.0,close,False,2015-2016
2015-07-08,12,16,-1.0,18.0,2045.75,2039.0,607.5,45.0,18.0,544.5,close,False,2015-2016
2015-07-21,14,16,-1.0,40.0,2110.25,2111.5,-250.0,100.0,40.0,-390.0,close,True,2015-2016
2015-07-23,13,16,-1.0,40.0,2097.25,2095.75,300.0,100.0,40.0,160.0,close,True,2015-2016
2015-07-24,11,16,-1.0,28.0,2086.25,2073.75,1750.0,70.0,28.0,1652.0,close,False,2015-2016
2015-07-28,14,16,1.0,35.0,2085.5,2087.0,262.5,87.5,35.0,140.0,close,False,2015-2016
2015-07-29,11,16,1.0,21.0,2094.5,2101.0,682.5,52.5,21.0,609.0,close,False,2015-2016
2015-07-30,10,16,-1.0,18.0,2089.5,2101.5,-1080.0,45.0,18.0,-1143.0,close,False,2015-2016
2015-08-03,13,16,-1.0,30.0,2083.5,2091.0,-1125.0,75.0,30.0,-1230.0,close,False,2015-2016
2015-08-05,10,16,1.0,22.0,2103.0,2094.5,-935.0,55.0,22.0,-1012.0,close,False,2015-2016
2015-08-06,10,16,-1.0,24.0,2087.25,2078.25,1080.0,60.0,24.0,996.0,close,False,2015-2016
2015-08-07,12,16,-1.0,28.0,2066.0,2072.75,-945.0,70.0,28.0,-1043.0,close,False,2015-2016
2015-08-10,10,16,1.0,20.0,2092.5,2099.5,700.0,50.0,20.0,630.0,close,False,2015-2016
2015-08-12,10,16,-1.0,18.0,2059.25,2082.0,-2047.5,45.0,18.0,-2110.5,close,False,2015-2016
2015-08-19,10,16,-1.0,19.0,2075.75,2076.5,-71.25,47.5,19.0,-137.75,close,False,2015-2016
2015-08-20,13,16,-1.0,29.0,2044.5,2032.5,1740.0,72.5,29.0,1638.5,close,False,2015-2016
2015-08-21,12,16,-1.0,19.0,1999.5,1968.25,2968.75,47.5,19.0,2902.25,close,False,2015-2016
2015-08-27,14,16,1.0,9.0,1984.5,1985.5,45.0,22.5,9.0,13.5,close,False,2015-2016
2015-09-10,14,16,1.0,19.0,1960.5,1951.0,-902.5,47.5,19.0,-969.0,close,False,2015-2016
2015-09-15,14,16,1.0,19.0,1965.75,1968.0,213.75,47.5,19.0,147.25,close,False,2015-2016
2015-09-17,15,16,1.0,40.0,2005.0,1979.75,-5050.0,100.0,40.0,-5190.0,close,True,2015-2016
2015-09-24,10,16,-1.0,13.0,1905.75,1921.5,-1023.75,32.5,13.0,-1069.25,close,False,2015-2016
2015-09-28,10,16,-1.0,11.0,1899.75,1871.25,1567.5,27.5,11.0,1529.0,close,False,2015-2016
2015-10-01,12,16,-1.0,15.0,1896.0,1913.75,-1331.25,37.5,15.0,-1383.75,close,False,2015-2016
2015-10-05,10,16,1.0,10.0,1965.25,1977.5,612.5,25.0,10.0,577.5,close,False,2015-2016
2015-10-22,10,16,1.0,20.0,2032.75,2045.75,1300.0,50.0,20.0,1230.0,close,False,2015-2016
2015-10-28,11,16,1.0,23.0,2073.5,2083.5,1150.0,57.5,23.0,1069.5,close,False,2015-2016
2015-11-02,12,16,1.0,27.0,2086.5,2097.25,1451.25,67.5,27.0,1356.75,close,False,2015-2016
2015-11-05,11,16,-1.0,24.0,2087.5,2094.25,-810.0,60.0,24.0,-894.0,close,False,2015-2016
2015-11-09,10,16,-1.0,25.0,2079.25,2073.25,750.0,62.5,25.0,662.5,close,False,2015-2016
2015-11-13,14,16,-1.0,40.0,2025.0,2018.0,1400.0,100.0,40.0,1260.0,close,True,2015-2016
2015-11-16,10,16,1.0,19.0,2024.0,2049.0,2375.0,47.5,19.0,2308.5,close,False,2015-2016
2015-11-18,15,16,1.0,40.0,2073.5,2080.25,1350.0,100.0,40.0,1210.0,close,True,2015-2016
2015-12-01,10,16,1.0,29.0,2095.5,2100.5,725.0,72.5,29.0,623.5,close,False,2015-2016
2015-12-02,15,16,-1.0,40.0,2076.75,2078.0,-250.0,100.0,40.0,-390.0,close,True,2015-2016
2015-12-03,11,16,-1.0,18.0,2070.25,2048.75,1935.0,45.0,18.0,1872.0,close,False,2015-2016
2015-12-04,10,16,1.0,15.0,2066.0,2089.25,1743.75,37.5,15.0,1691.25,close,False,2015-2016
2015-12-07,11,16,-1.0,15.0,2070.75,2075.75,-375.0,37.5,15.0,-427.5,close,False,2015-2016
2015-12-09,11,13,1.0,13.0,2074.5,2038.25,-2356.25,32.5,13.0,-2401.75,flip,False,2015-2016
2015-12-09,13,16,-1.0,17.0,2038.25,2046.25,-680.0,42.5,17.0,-739.5,close,False,2015-2016
2015-12-10,11,16,1.0,15.0,2057.5,2051.0,-487.5,37.5,15.0,-540.0,close,False,2015-2016
2015-12-15,10,16,1.0,13.0,2040.0,2035.0,-325.0,32.5,13.0,-370.5,close,False,2015-2016
2015-12-17,11,16,-1.0,16.0,2047.25,2032.0,1220.0,40.0,16.0,1164.0,close,False,2015-2016
2016-01-04,11,16,-1.0,24.0,1986.0,2004.75,-2250.0,60.0,24.0,-2334.0,close,False,2015-2016
2016-01-11,14,16,-1.0,18.0,1896.25,1915.25,-1710.0,45.0,18.0,-1773.0,close,False,2015-2016
2016-01-13,12,16,-1.0,10.0,1919.25,1882.5,1837.5,25.0,10.0,1802.5,close,False,2015-2016
2016-01-14,10,11,-1.0,8.0,1874.0,1903.0,-1160.0,20.0,8.0,-1188.0,flip,False,2015-2016
2016-01-14,11,16,1.0,9.0,1903.0,1913.0,450.0,22.5,9.0,418.5,close,False,2015-2016
2016-01-20,10,16,-1.0,9.0,1835.75,1851.75,-720.0,22.5,9.0,-751.5,close,False,2015-2016
2016-01-21,12,16,1.0,10.0,1876.0,1861.0,-750.0,25.0,10.0,-785.0,close,False,2015-2016
2016-01-29,10,16,1.0,13.0,1905.75,1931.25,1657.5,32.5,13.0,1612.0,close,False,2015-2016
2016-02-05,10,16,-1.0,12.0,1894.75,1873.25,1290.0,30.0,12.0,1248.0,close,False,2015-2016
2016-02-08,10,16,-1.0,11.0,1839.5,1847.5,-440.0,27.5,11.0,-478.5,close,False,2015-2016
2016-02-17,13,16,1.0,17.0,1922.75,1923.0,21.25,42.5,17.0,-38.25,close,False,2015-2016
2016-03-01,11,16,1.0,12.0,1951.5,1975.5,1440.0,30.0,12.0,1398.0,close,False,2015-2016
2016-03-10,10,13,1.0,15.0,2002.0,1972.5,-2212.5,37.5,15.0,-2265.0,flip,False,2015-2016
2016-03-10,13,16,-1.0,22.0,1972.5,1989.0,-1815.0,55.0,22.0,-1892.0,close,False,2015-2016
2016-03-17,14,16,1.0,31.0,2033.25,2031.0,-348.75,77.5,31.0,-457.25,close,False,2015-2016
2016-03-29,13,16,1.0,34.0,2036.5,2046.75,1742.5,85.0,34.0,1623.5,close,False,2015-2016
2016-04-06,11,16,1.0,24.0,2047.0,2059.5,1500.0,60.0,24.0,1416.0,close,False,2015-2016
2016-04-07,14,16,-1.0,33.0,2033.5,2034.75,-206.25,82.5,33.0,-321.75,close,False,2015-2016
2016-04-11,10,16,1.0,20.0,2052.0,2035.25,-1675.0,50.0,20.0,-1745.0,close,False,2015-2016
2016-04-12,11,16,1.0,21.0,2045.75,2055.25,997.5,52.5,21.0,924.0,close,False,2015-2016
2016-04-13,10,16,1.0,20.0,2068.5,2075.75,725.0,50.0,20.0,655.0,close,False,2015-2016
2016-04-14,10,16,-1.0,25.0,2072.5,2075.75,-406.25,62.5,25.0,-493.75,close,False,2015-2016
2016-04-18,11,16,1.0,25.0,2082.0,2088.5,812.5,62.5,25.0,725.0,close,False,2015-2016
2016-04-21,10,16,-1.0,24.0,2091.0,2085.5,660.0,60.0,24.0,576.0,close,False,2015-2016
2016-04-29,10,16,-1.0,19.0,2056.5,2058.75,-213.75,47.5,19.0,-280.25,close,False,2015-2016
2016-05-03,11,16,-1.0,19.0,2051.0,2057.0,-570.0,47.5,19.0,-636.5,close,False,2015-2016
2016-05-10,11,16,1.0,28.0,2071.75,2079.5,1085.0,70.0,28.0,987.0,close,False,2015-2016
2016-05-11,15,16,-1.0,40.0,2062.25,2060.25,400.0,100.0,40.0,260.0,close,True,2015-2016
2016-05-12,12,16,-1.0,37.0,2050.0,2060.5,-1942.5,92.5,37.0,-2072.0,close,False,2015-2016
2016-05-13,14,16,-1.0,40.0,2045.75,2042.5,650.0,100.0,40.0,510.0,close,True,2015-2016
2016-05-16,11,16,1.0,26.0,2055.75,2062.5,877.5,65.0,26.0,786.5,close,False,2015-2016
2016-05-17,15,16,-1.0,40.0,2043.0,2043.5,-100.0,100.0,40.0,-240.0,close,True,2015-2016
2016-05-19,10,16,-1.0,22.0,2025.5,2036.75,-1237.5,55.0,22.0,-1314.5,close,False,2015-2016
2016-05-20,10,16,1.0,22.0,2051.25,2049.0,-247.5,55.0,22.0,-324.5,close,False,2015-2016
2016-05-24,10,16,1.0,22.0,2063.75,2073.0,1017.5,55.0,22.0,940.5,close,False,2015-2016
2016-06-03,10,16,-1.0,26.0,2090.5,2097.5,-910.0,65.0,26.0,-1001.0,close,False,2015-2016
2016-06-14,11,16,-1.0,25.0,2057.0,2066.5,-1187.5,62.5,25.0,-1275.0,close,False,2015-2016
2016-06-16,10,16,-1.0,18.0,2044.5,2070.0,-2295.0,45.0,18.0,-2358.0,close,False,2015-2016
2016-06-17,11,16,-1.0,19.0,2058.75,2062.0,-308.75,47.5,19.0,-375.25,close,False,2015-2016
2016-06-22,11,16,1.0,21.0,2089.5,2076.5,-1365.0,52.5,21.0,-1438.5,close,False,2015-2016
2016-06-27,10,16,-1.0,7.0,1999.5,1991.0,297.5,17.5,7.0,273.0,close,False,2015-2016
2016-06-28,15,16,1.0,16.0,2022.5,2026.75,340.0,40.0,16.0,284.0,close,False,2015-2016
2016-06-29,12,16,1.0,8.0,2056.5,2061.75,210.0,20.0,8.0,182.0,close,False,2015-2016
2016-06-30,13,16,1.0,9.0,2084.5,2090.75,281.25,22.5,9.0,249.75,close,False,2015-2016
2016-07-01,11,16,1.0,13.0,2099.75,2094.0,-373.75,32.5,13.0,-419.25,close,False,2016-2017
2016-07-06,13,16,1.0,21.0,2088.25,2093.25,525.0,52.5,21.0,451.5,close,False,2016-2017
2016-07-07,10,16,1.0,16.0,2101.0,2090.75,-820.0,40.0,16.0,-876.0,close,False,2016-2017
2016-07-08,11,16,1.0,19.0,2115.0,2122.25,688.75,47.5,19.0,622.25,close,False,2016-2017
2016-08-02,11,16,-1.0,29.0,2145.25,2151.5,-906.25,72.5,29.0,-1007.75,close,False,2016-2017
2016-08-05,10,16,1.0,26.0,2174.5,2177.75,422.5,65.0,26.0,331.5,close,False,2016-2017
2016-08-17,10,16,-1.0,40.0,2169.25,2179.0,-1950.0,100.0,40.0,-2090.0,close,True,2016-2017
2016-08-19,10,16,-1.0,37.0,2173.75,2181.25,-1387.5,92.5,37.0,-1517.0,close,False,2016-2017
2016-08-26,11,14,1.0,35.0,2182.5,2162.75,-3456.25,87.5,35.0,-3578.75,flip,False,2016-2017
2016-08-26,14,16,-1.0,40.0,2162.75,2167.75,-1000.0,100.0,40.0,-1140.0,close,True,2016-2017
2016-08-29,10,16,1.0,30.0,2176.0,2179.0,450.0,75.0,30.0,345.0,close,False,2016-2017
2016-08-31,13,16,-1.0,40.0,2162.0,2168.5,-1300.0,100.0,40.0,-1440.0,close,True,2016-2017
2016-09-01,11,16,-1.0,32.0,2158.25,2169.0,-1720.0,80.0,32.0,-1832.0,close,False,2016-2017
2016-09-02,10,16,1.0,27.0,2182.5,2178.5,-540.0,67.5,27.0,-634.5,close,False,2016-2017
2016-09-09,10,16,-1.0,23.0,2159.25,2127.0,3708.75,57.5,23.0,3628.25,close,False,2016-2017
2016-09-13,10,16,-1.0,14.0,2128.0,2119.5,595.0,35.0,14.0,546.0,close,False,2016-2017
2016-09-15,11,16,1.0,14.0,2131.25,2140.0,612.5,35.0,14.0,563.5,close,False,2016-2017
2016-09-19,10,16,1.0,19.0,2145.5,2131.0,-1377.5,47.5,19.0,-1444.0,close,False,2016-2017
2016-09-26,10,16,-1.0,22.0,2143.0,2139.0,440.0,55.0,22.0,363.0,close,False,2016-2017
2016-09-27,10,16,1.0,20.0,2143.5,2152.75,925.0,50.0,20.0,855.0,close,False,2016-2017
2016-09-29,13,16,-1.0,30.0,2146.75,2143.75,450.0,75.0,30.0,345.0,close,False,2016-2017
2016-09-30,15,16,1.0,40.0,2166.0,2160.5,-1100.0,100.0,40.0,-1240.0,close,True,2016-2017
2016-10-04,15,16,-1.0,40.0,2136.25,2143.5,-1450.0,100.0,40.0,-1590.0,close,True,2016-2017
2016-10-07,10,16,-1.0,25.0,2148.25,2146.75,187.5,62.5,25.0,100.0,close,False,2016-2017
2016-10-11,10,16,-1.0,23.0,2145.25,2130.5,1696.25,57.5,23.0,1615.75,close,False,2016-2017
2016-10-13,10,16,-1.0,19.0,2110.5,2126.25,-1496.25,47.5,19.0,-1562.75,close,False,2016-2017
2016-10-28,14,16,-1.0,40.0,2114.25,2121.0,-1350.0,100.0,40.0,-1490.0,close,True,2016-2017
2016-11-01,12,16,-1.0,25.0,2111.75,2105.25,812.5,62.5,25.0,725.0,close,False,2016-2017
2016-11-07,11,16,1.0,17.0,2118.5,2126.5,680.0,42.5,17.0,620.5,close,False,2016-2017
2016-11-08,12,16,1.0,20.0,2137.25,2136.25,-100.0,50.0,20.0,-170.0,close,False,2016-2017
2016-11-09,12,16,1.0,8.0,2155.5,2159.5,160.0,20.0,8.0,132.0,close,False,2016-2017
2016-11-10,11,16,-1.0,7.0,2150.25,2164.0,-481.25,17.5,7.0,-505.75,close,False,2016-2017
2016-11-17,10,16,1.0,25.0,2181.0,2184.5,437.5,62.5,25.0,350.0,close,False,2016-2017
2016-12-05,10,16,1.0,22.0,2205.75,2203.75,-220.0,55.0,22.0,-297.0,close,False,2016-2017
2016-12-07,14,16,1.0,31.0,2233.5,2240.0,1007.5,77.5,31.0,899.0,close,False,2016-2017
2016-12-13,10,16,1.0,20.0,2265.0,2266.5,150.0,50.0,20.0,80.0,close,False,2016-2017
2016-12-15,10,16,1.0,24.0,2260.75,2257.25,-420.0,60.0,24.0,-504.0,close,False,2016-2017
2016-12-27,10,16,1.0,40.0,2268.5,2264.0,-900.0,100.0,40.0,-1040.0,close,True,2016-2017
2016-12-28,10,16,-1.0,34.0,2256.75,2245.25,1955.0,85.0,34.0,1836.0,close,False,2016-2017
2016-12-30,10,16,-1.0,29.0,2238.75,2237.0,253.75,72.5,29.0,152.25,close,False,2016-2017
2017-01-04,12,16,1.0,28.0,2263.75,2265.0,175.0,70.0,28.0,77.0,close,False,2016-2017
2017-01-06,12,16,1.0,30.0,2272.25,2271.75,-75.0,75.0,30.0,-180.0,close,False,2016-2017
2017-01-10,12,16,1.0,38.0,2271.0,2263.75,-1377.5,95.0,38.0,-1510.5,close,False,2016-2017
2017-01-12,10,16,-1.0,32.0,2259.5,2265.25,-920.0,80.0,32.0,-1032.0,close,False,2016-2017
2017-01-19,15,16,-1.0,40.0,2256.5,2258.75,-450.0,100.0,40.0,-590.0,close,True,2016-2017
2017-01-23,11,16,-1.0,40.0,2256.75,2261.25,-900.0,100.0,40.0,-1040.0,close,True,2016-2017
2017-01-24,13,16,1.0,40.0,2271.75,2275.25,700.0,100.0,40.0,560.0,close,True,2016-2017
2017-01-30,10,16,-1.0,30.0,2272.25,2275.25,-450.0,75.0,30.0,-555.0,close,False,2016-2017
2017-02-09,11,16,1.0,35.0,2302.75,2303.75,175.0,87.5,35.0,52.5,close,False,2016-2017
2017-02-15,14,16,1.0,40.0,2344.0,2346.75,550.0,100.0,40.0,410.0,close,True,2016-2017
2017-03-01,10,16,1.0,33.0,2385.5,2395.0,1567.5,82.5,33.0,1452.0,close,False,2016-2017
2017-03-14,10,16,-1.0,34.0,2361.5,2362.5,-170.0,85.0,34.0,-289.0,close,False,2016-2017
2017-03-15,15,16,1.0,40.0,2381.5,2382.0,100.0,100.0,40.0,-40.0,close,True,2016-2017
2017-03-21,11,16,-1.0,20.0,2356.5,2340.0,1650.0,50.0,20.0,1580.0,close,False,2016-2017
2017-03-22,10,16,-1.0,18.0,2335.0,2345.25,-922.5,45.0,18.0,-985.5,close,False,2016-2017
2017-03-23,12,16,1.0,22.0,2353.25,2342.25,-1210.0,55.0,22.0,-1287.0,close,False,2016-2017
2017-03-28,12,16,1.0,23.0,2350.0,2354.5,517.5,57.5,23.0,437.0,close,False,2016-2017
2017-03-30,11,16,1.0,21.0,2365.75,2364.5,-131.25,52.5,21.0,-204.75,close,False,2016-2017
2017-04-03,11,16,-1.0,25.0,2347.75,2355.0,-906.25,62.5,25.0,-993.75,close,False,2016-2017
2017-04-05,10,16,1.0,28.0,2369.5,2348.5,-2940.0,70.0,28.0,-3038.0,close,False,2016-2017
2017-04-06,10,16,1.0,18.0,2353.75,2354.5,67.5,45.0,18.0,4.5,close,False,2016-2017
2017-04-07,10,16,-1.0,16.0,2347.75,2352.5,-380.0,40.0,16.0,-436.0,close,False,2016-2017
2017-04-10,10,16,1.0,16.0,2360.0,2353.5,-520.0,40.0,16.0,-576.0,close,False,2016-2017
2017-04-11,10,16,-1.0,16.0,2344.75,2350.5,-460.0,40.0,16.0,-516.0,close,False,2016-2017
2017-04-20,13,16,1.0,27.0,2352.5,2352.5,0.0,67.5,27.0,-94.5,close,False,2016-2017
2017-04-25,10,16,1.0,19.0,2383.0,2385.0,190.0,47.5,19.0,123.5,close,False,2016-2017
2017-05-11,10,16,-1.0,35.0,2383.0,2391.75,-1531.25,87.5,35.0,-1653.75,close,False,2016-2017
2017-05-15,10,16,1.0,38.0,2398.0,2400.25,427.5,95.0,38.0,294.5,close,False,2016-2017
2017-05-17,11,16,-1.0,29.0,2367.75,2355.75,1740.0,72.5,29.0,1638.5,close,False,2016-2017
2017-05-18,11,16,1.0,22.0,2363.75,2364.5,82.5,55.0,22.0,5.5,close,False,2016-2017
2017-05-19,10,16,1.0,19.0,2377.25,2380.0,261.25,47.5,19.0,194.75,close,False,2016-2017
2017-05-25,13,16,1.0,40.0,2415.25,2413.75,-300.0,100.0,40.0,-440.0,close,True,2016-2017
2017-05-31,10,16,-1.0,40.0,2406.0,2410.5,-900.0,100.0,40.0,-1040.0,close,True,2016-2017
2017-06-01,13,16,1.0,40.0,2423.0,2429.75,1350.0,100.0,40.0,1210.0,close,True,2016-2017
2017-06-02,12,16,1.0,40.0,2436.25,2437.25,200.0,100.0,40.0,60.0,close,True,2016-2017
2017-06-09,11,15,1.0,40.0,2443.75,2420.0,-4750.0,100.0,40.0,-4890.0,flip,True,2016-2017
2017-06-09,15,16,-1.0,40.0,2420.0,2430.0,-2000.0,100.0,40.0,-2140.0,close,True,2016-2017
2017-06-14,15,16,-1.0,40.0,2430.25,2435.75,-1100.0,100.0,40.0,-1240.0,close,True,2016-2017
2017-06-16,10,16,-1.0,32.0,2425.75,2430.5,-760.0,80.0,32.0,-872.0,close,False,2016-2017
2017-06-19,12,16,1.0,37.0,2447.0,2450.25,601.25,92.5,37.0,471.75,close,False,2016-2017
2017-06-26,10,16,1.0,33.0,2447.25,2436.25,-1815.0,82.5,33.0,-1930.5,close,False,2016-2017
2017-06-28,11,16,1.0,29.0,2434.75,2437.75,435.0,72.5,29.0,333.5,close,False,2016-2017
2017-06-29,10,16,-1.0,20.0,2432.5,2416.75,1575.0,50.0,20.0,1505.0,close,False,2016-2017
2017-07-06,10,16,-1.0,22.0,2415.0,2407.75,797.5,55.0,22.0,720.5,close,False,2017-2018
2017-07-07,10,16,1.0,28.0,2416.75,2422.75,840.0,70.0,28.0,742.0,close,False,2017-2018
2017-07-10,11,16,1.0,29.0,2426.5,2425.25,-181.25,72.5,29.0,-282.75,close,False,2017-2018
2017-07-12,10,16,1.0,27.0,2440.5,2441.5,135.0,67.5,27.0,40.5,close,False,2017-2018
2017-07-13,10,16,1.0,29.0,2444.0,2445.5,217.5,72.5,29.0,116.0,close,False,2017-2018
2017-07-14,10,16,1.0,32.0,2448.5,2456.5,1280.0,80.0,32.0,1168.0,close,False,2017-2018
2017-07-19,10,16,1.0,40.0,2464.75,2471.0,1250.0,100.0,40.0,1110.0,close,True,2017-2018
2017-07-24,10,16,-1.0,40.0,2467.0,2469.0,-400.0,100.0,40.0,-540.0,close,True,2017-2018
2017-07-27,13,16,-1.0,40.0,2471.0,2472.5,-300.0,100.0,40.0,-440.0,close,True,2017-2018
2017-07-28,10,16,-1.0,31.0,2465.0,2469.25,-658.75,77.5,31.0,-767.25,close,False,2017-2018
2017-07-31,11,16,-1.0,33.0,2467.0,2467.5,-82.5,82.5,33.0,-198.0,close,False,2017-2018
2017-08-02,11,16,-1.0,32.0,2464.5,2473.75,-1480.0,80.0,32.0,-1592.0,close,False,2017-2018
2017-08-03,10,16,-1.0,36.0,2469.5,2469.75,-45.0,90.0,36.0,-171.0,close,False,2017-2018
2017-08-08,11,16,1.0,40.0,2482.25,2472.25,-2000.0,100.0,40.0,-2140.0,close,True,2017-2018
2017-08-10,10,16,-1.0,29.0,2457.5,2436.75,3008.75,72.5,29.0,2907.25,close,False,2017-2018
2017-08-11,11,16,1.0,27.0,2444.5,2439.5,-675.0,67.5,27.0,-769.5,close,False,2017-2018
2017-08-14,10,16,1.0,23.0,2460.25,2463.5,373.75,57.5,23.0,293.25,close,False,2017-2018
2017-08-17,11,16,-1.0,26.0,2453.25,2429.0,3152.5,65.0,26.0,3061.5,close,False,2017-2018
2017-08-18,10,12,-1.0,21.0,2420.0,2433.75,-1443.75,52.5,21.0,-1517.25,flip,False,2017-2018
2017-08-18,12,16,1.0,26.0,2433.75,2424.5,-1202.5,65.0,26.0,-1293.5,close,False,2017-2018
2017-08-21,10,16,-1.0,23.0,2420.75,2426.75,-690.0,57.5,23.0,-770.5,close,False,2017-2018
2017-08-22,10,16,1.0,21.0,2440.0,2451.25,1181.25,52.5,21.0,1107.75,close,False,2017-2018
2017-08-24,10,16,-1.0,23.0,2439.0,2437.5,172.5,57.5,23.0,92.0,close,False,2017-2018
2017-08-25,10,16,1.0,33.0,2450.0,2442.5,-1237.5,82.5,33.0,-1353.0,close,False,2017-2018
2017-08-30,11,16,1.0,26.0,2451.0,2457.0,780.0,65.0,26.0,689.0,close,False,2017-2018
2017-08-31,15,16,1.0,40.0,2471.5,2470.5,-200.0,100.0,40.0,-340.0,close,True,2017-2018
2017-09-18,10,16,1.0,40.0,2504.75,2502.0,-550.0,100.0,40.0,-690.0,close,True,2017-2018
2017-09-20,11,16,-1.0,40.0,2503.0,2506.0,-600.0,100.0,40.0,-740.0,close,True,2017-2018
2017-09-21,10,16,-1.0,40.0,2499.0,2499.25,-50.0,100.0,40.0,-190.0,close,True,2017-2018
2017-09-25,11,16,-1.0,40.0,2490.5,2494.25,-750.0,100.0,40.0,-890.0,close,True,2017-2018
2017-09-26,10,16,1.0,40.0,2500.0,2495.0,-1000.0,100.0,40.0,-1140.0,close,True,2017-2018
2017-09-27,15,16,1.0,40.0,2506.75,2504.75,-400.0,100.0,40.0,-540.0,close,True,2017-2018
2017-09-28,14,16,1.0,40.0,2507.75,2507.0,-150.0,100.0,40.0,-290.0,close,True,2017-2018
2017-09-29,11,16,1.0,40.0,2511.5,2515.5,800.0,100.0,40.0,660.0,close,True,2017-2018
2017-10-02,10,16,1.0,40.0,2522.0,2526.25,850.0,100.0,40.0,710.0,close,True,2017-2018
2017-10-03,15,16,1.0,40.0,2530.75,2532.0,250.0,100.0,40.0,110.0,close,True,2017-2018
2017-10-04,12,16,1.0,40.0,2536.25,2535.5,-150.0,100.0,40.0,-290.0,close,True,2017-2018
2017-10-05,11,16,1.0,40.0,2541.0,2549.5,1700.0,100.0,40.0,1560.0,close,True,2017-2018
2017-10-09,10,16,-1.0,40.0,2545.25,2542.5,550.0,100.0,40.0,410.0,close,True,2017-2018
2017-10-16,10,16,1.0,40.0,2556.25,2555.5,-150.0,100.0,40.0,-290.0,close,True,2017-2018
2017-10-19,10,16,-1.0,40.0,2547.75,2560.25,-2500.0,100.0,40.0,-2640.0,close,True,2017-2018
2017-10-23,14,16,-1.0,40.0,2570.0,2563.5,1300.0,100.0,40.0,1160.0,close,True,2017-2018
2017-10-25,10,16,-1.0,30.0,2559.75,2554.75,750.0,75.0,30.0,645.0,close,False,2017-2018
2017-10-27,11,16,1.0,34.0,2570.75,2578.75,1360.0,85.0,34.0,1241.0,close,False,2017-2018
2017-10-30,13,16,-1.0,40.0,2569.25,2569.25,-0.0,100.0,40.0,-140.0,close,True,2017-2018
2017-11-01,10,16,1.0,33.0,2583.75,2576.0,-1278.75,82.5,33.0,-1394.25,close,False,2017-2018
2017-11-02,11,16,-1.0,36.0,2569.75,2576.75,-1260.0,90.0,36.0,-1386.0,close,False,2017-2018
2017-11-03,13,16,1.0,40.0,2581.75,2584.75,600.0,100.0,40.0,460.0,close,True,2017-2018
2017-11-06,13,16,1.0,40.0,2588.0,2588.0,0.0,100.0,40.0,-140.0,close,True,2017-2018
2017-11-07,10,12,1.0,32.0,2592.0,2582.75,-1480.0,80.0,32.0,-1592.0,flip,False,2017-2018
2017-11-07,12,16,-1.0,39.0,2582.75,2587.0,-828.75,97.5,39.0,-965.25,close,False,2017-2018
2017-11-08,10,15,-1.0,34.0,2582.75,2590.75,-1360.0,85.0,34.0,-1479.0,flip,False,2017-2018
2017-11-08,15,16,1.0,40.0,2590.75,2591.75,200.0,100.0,40.0,60.0,close,True,2017-2018
2017-11-09,12,16,-1.0,38.0,2573.25,2582.0,-1662.5,95.0,38.0,-1795.5,close,False,2017-2018
2017-11-14,10,16,-1.0,32.0,2571.75,2577.0,-840.0,80.0,32.0,-952.0,close,False,2017-2018
2017-11-15,10,16,-1.0,30.0,2558.25,2563.5,-787.5,75.0,30.0,-892.5,close,False,2017-2018
2017-11-16,11,16,1.0,30.0,2582.5,2584.75,337.5,75.0,30.0,232.5,close,False,2017-2018
2017-11-20,14,16,1.0,40.0,2583.25,2581.5,-350.0,100.0,40.0,-490.0,close,True,2017-2018
2017-11-21,10,16,1.0,27.0,2595.25,2597.75,337.5,67.5,27.0,243.0,close,False,2017-2018
2017-11-28,11,16,1.0,40.0,2608.75,2626.75,3600.0,100.0,40.0,3460.0,close,True,2017-2018
2017-11-29,10,12,1.0,30.0,2633.25,2621.0,-1837.5,75.0,30.0,-1942.5,flip,False,2017-2018
2017-11-29,12,16,-1.0,37.0,2621.0,2625.5,-832.5,92.5,37.0,-962.0,close,False,2017-2018
2017-11-30,10,16,1.0,27.0,2637.25,2646.75,1282.5,67.5,27.0,1188.0,close,False,2017-2018
2017-12-01,12,16,-1.0,26.0,2629.0,2641.75,-1657.5,65.0,26.0,-1748.5,close,False,2017-2018
2017-12-05,11,15,1.0,17.0,2645.5,2632.0,-1147.5,42.5,17.0,-1207.0,flip,False,2017-2018
2017-12-05,15,16,-1.0,39.0,2632.0,2629.0,585.0,97.5,39.0,448.5,close,False,2017-2018
2017-12-06,11,16,1.0,18.0,2633.0,2629.25,-337.5,45.0,18.0,-400.5,close,False,2017-2018
2017-12-07,10,16,1.0,17.0,2632.25,2637.5,446.25,42.5,17.0,386.75,close,False,2017-2018
2017-12-12,12,16,1.0,40.0,2671.25,2667.75,-700.0,100.0,40.0,-840.0,close,True,2017-2018
2017-12-13,10,16,1.0,40.0,2673.75,2667.0,-1350.0,100.0,40.0,-1490.0,close,True,2017-2018
2017-12-14,14,16,-1.0,40.0,2660.75,2655.5,1050.0,100.0,40.0,910.0,close,True,2017-2018
2017-12-15,11,16,1.0,32.0,2671.25,2677.25,960.0,80.0,32.0,848.0,close,False,2017-2018
2017-12-18,10,16,1.0,28.0,2696.5,2694.75,-245.0,70.0,28.0,-343.0,close,False,2017-2018
2017-12-19,10,16,-1.0,27.0,2691.25,2684.25,945.0,67.5,27.0,850.5,close,False,2017-2018
2017-12-21,14,16,1.0,40.0,2694.25,2688.5,-1150.0,100.0,40.0,-1290.0,close,True,2017-2018
2017-12-22,12,16,-1.0,40.0,2684.0,2689.0,-1000.0,100.0,40.0,-1140.0,close,True,2017-2018
2017-12-29,14,16,-1.0,40.0,2682.75,2677.5,1050.0,100.0,40.0,910.0,close,True,2017-2018
2018-01-02,11,16,1.0,32.0,2690.5,2695.75,840.0,80.0,32.0,728.0,close,False,2017-2018
2018-01-03,10,16,1.0,28.0,2703.25,2712.25,1260.0,70.0,28.0,1162.0,close,False,2017-2018
2018-01-04,10,16,1.0,26.0,2725.5,2724.0,-195.0,65.0,26.0,-286.0,close,False,2017-2018
2018-01-08,14,16,1.0,40.0,2747.0,2746.75,-50.0,100.0,40.0,-190.0,close,True,2017-2018
2018-01-09,12,16,1.0,40.0,2756.75,2752.75,-800.0,100.0,40.0,-940.0,close,True,2017-2018
2018-01-10,10,16,-1.0,25.0,2741.0,2748.75,-968.75,62.5,25.0,-1056.25,close,False,2017-2018
2018-01-11,10,16,1.0,26.0,2757.75,2768.25,1365.0,65.0,26.0,1274.0,close,False,2017-2018
2018-01-12,10,16,1.0,25.0,2777.25,2786.5,1156.25,62.5,25.0,1068.75,close,False,2017-2018
2018-01-17,12,16,1.0,23.0,2792.75,2804.5,1351.25,57.5,23.0,1270.75,close,False,2017-2018
2018-01-18,11,16,-1.0,21.0,2798.75,2800.0,-131.25,52.5,21.0,-204.75,close,False,2017-2018
2018-01-22,11,16,1.0,19.0,2818.0,2835.25,1638.75,47.5,19.0,1572.25,close,False,2017-2018
2018-01-23,11,16,1.0,23.0,2843.0,2840.75,-258.75,57.5,23.0,-339.25,close,False,2017-2018
2018-01-24,10,13,1.0,23.0,2851.25,2834.25,-1955.0,57.5,23.0,-2035.5,flip,False,2017-2018
2018-01-24,13,16,-1.0,33.0,2834.25,2839.25,-825.0,82.5,33.0,-940.5,close,False,2017-2018
2018-01-25,10,16,-1.0,21.0,2836.5,2840.0,-367.5,52.5,21.0,-441.0,close,False,2017-2018
2018-01-26,11,16,1.0,23.0,2853.75,2872.75,2185.0,57.5,23.0,2104.5,close,False,2017-2018
2018-01-29,11,16,-1.0,23.0,2859.0,2853.25,661.25,57.5,23.0,580.75,close,False,2017-2018
2018-01-30,10,16,-1.0,19.0,2826.5,2823.5,285.0,47.5,19.0,218.5,close,False,2017-2018
2018-02-01,12,16,1.0,24.0,2834.5,2822.25,-1470.0,60.0,24.0,-1554.0,close,False,2017-2018
2018-02-02,10,16,-1.0,18.0,2799.25,2760.0,3532.5,45.0,18.0,3469.5,close,False,2017-2018
2018-02-05,14,16,-1.0,27.0,2730.25,2645.25,11475.0,67.5,27.0,11380.5,close,False,2017-2018
2018-02-06,10,16,1.0,5.0,2660.75,2695.0,856.25,12.5,5.0,838.75,close,False,2017-2018
2018-02-07,10,16,1.0,4.0,2703.5,2679.0,-490.0,10.0,4.0,-504.0,close,False,2017-2018
2018-02-08,10,16,-1.0,4.0,2671.0,2578.25,1855.0,10.0,4.0,1841.0,close,False,2017-2018
2018-02-09,13,16,-1.0,6.0,2564.75,2618.5,-1612.5,15.0,6.0,-1633.5,close,False,2017-2018
2018-02-12,12,16,1.0,4.0,2652.0,2654.0,40.0,10.0,4.0,26.0,close,False,2017-2018
2018-02-14,13,16,1.0,8.0,2682.5,2698.75,650.0,20.0,8.0,622.0,close,False,2017-2018
2018-02-16,12,16,1.0,9.0,2747.25,2732.5,-663.75,22.5,9.0,-695.25,close,False,2017-2018
2018-02-21,10,16,1.0,12.0,2727.25,2700.0,-1635.0,30.0,12.0,-1677.0,close,False,2017-2018
2018-02-22,12,16,1.0,14.0,2728.25,2703.25,-1750.0,35.0,14.0,-1799.0,close,False,2017-2018
2018-02-27,12,16,-1.0,14.0,2763.25,2743.75,1365.0,35.0,14.0,1316.0,close,False,2017-2018
2018-02-28,10,16,1.0,12.0,2761.75,2713.5,-2895.0,30.0,12.0,-2937.0,close,False,2017-2018
2018-03-01,10,16,-1.0,11.0,2701.5,2675.75,1416.25,27.5,11.0,1377.75,close,False,2017-2018
2018-03-05,12,16,1.0,10.0,2711.25,2721.0,487.5,25.0,10.0,452.5,close,False,2017-2018
2018-03-09,11,16,1.0,11.0,2765.75,2786.25,1127.5,27.5,11.0,1089.0,close,False,2017-2018
2018-03-12,10,16,1.0,15.0,2793.75,2783.0,-806.25,37.5,15.0,-858.75,close,False,2017-2018
2018-03-14,12,16,-1.0,18.0,2755.25,2754.25,90.0,45.0,18.0,27.0,close,False,2017-2018
2018-03-16,10,16,1.0,16.0,2760.5,2753.75,-540.0,40.0,16.0,-596.0,close,False,2017-2018
2018-03-19,10,16,-1.0,14.0,2738.5,2716.25,1557.5,35.0,14.0,1508.5,close,False,2017-2018
2018-03-21,12,16,1.0,18.0,2731.0,2714.75,-1462.5,45.0,18.0,-1525.5,close,False,2017-2018
2018-03-22,11,16,-1.0,15.0,2676.75,2645.5,2343.75,37.5,15.0,2291.25,close,False,2017-2018
2018-03-23,12,16,-1.0,13.0,2626.5,2588.0,2502.5,32.5,13.0,2457.0,close,False,2017-2018
2018-03-26,10,16,1.0,8.0,2634.0,2660.0,1040.0,20.0,8.0,1012.0,close,False,2017-2018
2018-03-27,15,16,-1.0,18.0,2638.25,2613.25,2250.0,45.0,18.0,2187.0,close,False,2017-2018
2018-03-28,10,11,1.0,7.0,2619.5,2604.75,-516.25,17.5,7.0,-540.75,flip,False,2017-2018
2018-03-28,11,16,-1.0,8.0,2604.75,2605.0,-10.0,20.0,8.0,-38.0,close,False,2017-2018
2018-03-29,11,16,1.0,7.0,2634.25,2641.75,262.5,17.5,7.0,238.0,close,False,2017-2018
2018-04-02,10,16,-1.0,6.0,2624.0,2579.5,1335.0,15.0,6.0,1314.0,close,False,2017-2018
2018-04-04,15,16,1.0,16.0,2632.25,2643.25,880.0,40.0,16.0,824.0,close,False,2017-2018
2018-04-06,14,16,-1.0,11.0,2608.75,2602.75,330.0,27.5,11.0,291.5,close,False,2017-2018
2018-04-09,10,16,1.0,8.0,2625.75,2613.75,-480.0,20.0,8.0,-508.0,close,False,2017-2018
2018-04-12,10,16,1.0,8.0,2669.5,2663.75,-230.0,20.0,8.0,-258.0,close,False,2017-2018
2018-04-19,12,16,-1.0,24.0,2687.0,2693.25,-750.0,60.0,24.0,-834.0,close,False,2017-2018
2018-04-20,11,16,-1.0,21.0,2678.75,2670.75,840.0,52.5,21.0,766.5,close,False,2017-2018
2018-04-24,13,16,-1.0,17.0,2639.25,2633.5,488.75,42.5,17.0,429.25,close,False,2017-2018
2018-04-25,10,16,-1.0,11.0,2613.5,2639.0,-1402.5,27.5,11.0,-1441.0,close,False,2017-2018
2018-04-26,11,16,1.0,11.0,2662.5,2666.25,206.25,27.5,11.0,167.75,close,False,2017-2018
2018-04-30,13,16,-1.0,14.0,2659.75,2646.25,945.0,35.0,14.0,896.0,close,False,2017-2018
2018-05-01,11,16,-1.0,16.0,2631.75,2651.75,-1600.0,40.0,16.0,-1656.0,close,False,2017-2018
2018-05-02,10,16,-1.0,15.0,2643.25,2633.5,731.25,37.5,15.0,678.75,close,False,2017-2018
2018-05-03,11,16,-1.0,16.0,2596.5,2627.5,-2480.0,40.0,16.0,-2536.0,close,False,2017-2018
2018-05-04,11,16,1.0,13.0,2645.5,2661.5,1040.0,32.5,13.0,994.5,close,False,2017-2018
2018-05-07,10,16,1.0,12.0,2678.75,2670.5,-495.0,30.0,12.0,-537.0,close,False,2017-2018
2018-05-08,10,16,-1.0,12.0,2662.0,2669.5,-450.0,30.0,12.0,-492.0,close,False,2017-2018
2018-05-09,13,16,1.0,17.0,2691.75,2696.0,361.25,42.5,17.0,301.75,close,False,2017-2018
2018-05-10,12,16,1.0,17.0,2717.5,2721.5,340.0,42.5,17.0,280.5,close,False,2017-2018
2018-05-11,10,16,1.0,20.0,2728.5,2726.75,-175.0,50.0,20.0,-245.0,close,False,2017-2018
2018-05-14,10,16,1.0,18.0,2738.25,2730.0,-742.5,45.0,18.0,-805.5,close,False,2017-2018
2018-05-15,10,16,-1.0,16.0,2703.75,2709.5,-460.0,40.0,16.0,-516.0,close,False,2017-2018
2018-05-16,10,16,1.0,18.0,2718.5,2722.5,360.0,45.0,18.0,297.0,close,False,2017-2018
2018-05-17,11,16,1.0,21.0,2731.0,2719.5,-1207.5,52.5,21.0,-1281.0,close,False,2017-2018
2018-05-21,11,16,1.0,20.0,2737.25,2732.75,-450.0,50.0,20.0,-520.0,close,False,2017-2018
2018-05-24,10,16,-1.0,17.0,2716.75,2726.75,-850.0,42.5,17.0,-909.5,close,False,2017-2018
2018-05-30,11,16,1.0,14.0,2715.25,2723.5,577.5,35.0,14.0,528.5,close,False,2017-2018
2018-05-31,10,16,-1.0,14.0,2715.5,2705.25,717.5,35.0,14.0,668.5,close,False,2017-2018
2018-06-01,10,16,1.0,14.0,2726.75,2733.5,472.5,35.0,14.0,423.5,close,False,2017-2018
2018-06-04,10,16,1.0,14.0,2747.75,2746.5,-87.5,35.0,14.0,-136.5,close,False,2017-2018
2018-06-05,12,16,-1.0,23.0,2742.0,2749.25,-833.75,57.5,23.0,-914.25,close,False,2017-2018
2018-06-06,12,16,1.0,29.0,2761.25,2771.75,1522.5,72.5,29.0,1421.0,close,False,2017-2018
2018-06-07,14,16,-1.0,39.0,2761.5,2769.5,-1560.0,97.5,39.0,-1696.5,close,False,2017-2018
2018-06-08,13,16,1.0,28.0,2775.0,2778.0,420.0,70.0,28.0,322.0,close,False,2017-2018
2018-06-11,12,16,1.0,23.0,2787.25,2781.25,-690.0,57.5,23.0,-770.5,close,False,2017-2018
2018-06-15,11,16,-1.0,28.0,2774.5,2784.25,-1365.0,70.0,28.0,-1463.0,close,False,2017-2018
2018-06-21,10,16,-1.0,16.0,2765.75,2752.25,1080.0,40.0,16.0,1024.0,close,False,2017-2018
2018-06-25,10,16,-1.0,16.0,2730.75,2718.75,960.0,40.0,16.0,904.0,close,False,2017-2018
2018-06-26,14,16,1.0,30.0,2733.25,2725.0,-1237.5,75.0,30.0,-1342.5,close,False,2017-2018
2018-06-27,10,14,1.0,13.0,2741.75,2718.0,-1543.75,32.5,13.0,-1589.25,flip,False,2017-2018
2018-06-27,14,16,-1.0,23.0,2718.0,2701.0,1955.0,57.5,23.0,1874.5,close,False,2017-2018
2018-06-28,11,16,1.0,15.0,2707.75,2718.5,806.25,37.5,15.0,753.75,close,False,2017-2018
2018-06-29,10,16,1.0,14.0,2736.25,2721.0,-1067.5,35.0,14.0,-1116.5,close,False,2017-2018
2018-07-06,11,16,1.0,15.0,2750.75,2761.25,787.5,37.5,15.0,735.0,close,False,2018-2019
2018-07-27,13,16,-1.0,29.0,2813.25,2819.0,-833.75,72.5,29.0,-935.25,close,False,2018-2019
2018-07-30,12,16,-1.0,25.0,2809.25,2803.25,750.0,62.5,25.0,662.5,close,False,2018-2019
2018-08-02,14,16,1.0,28.0,2827.25,2826.75,-70.0,70.0,28.0,-168.0,close,False,2018-2019
2018-08-14,11,16,1.0,22.0,2839.5,2840.75,137.5,55.0,22.0,60.5,close,False,2018-2019
2018-08-15,10,16,-1.0,18.0,2815.0,2819.5,-405.0,45.0,18.0,-468.0,close,False,2018-2019
2018-08-16,12,16,1.0,20.0,2847.25,2842.5,-475.0,50.0,20.0,-545.0,close,False,2018-2019
2018-08-21,10,16,1.0,22.0,2869.25,2863.25,-660.0,55.0,22.0,-737.0,close,False,2018-2019
2018-08-24,12,16,1.0,29.0,2876.5,2875.5,-145.0,72.5,29.0,-246.5,close,False,2018-2019
2018-08-27,10,16,1.0,24.0,2893.5,2897.5,480.0,60.0,24.0,396.0,close,False,2018-2019
2018-08-29,12,16,1.0,39.0,2914.75,2914.5,-48.75,97.5,39.0,-185.25,close,False,2018-2019
2018-09-05,10,16,-1.0,24.0,2887.5,2889.0,-180.0,60.0,24.0,-264.0,close,False,2018-2019
2018-09-06,11,16,-1.0,24.0,2875.25,2880.0,-570.0,60.0,24.0,-654.0,close,False,2018-2019
2018-09-11,12,16,1.0,27.0,2891.5,2889.0,-337.5,67.5,27.0,-432.0,close,False,2018-2019
2018-09-18,10,16,1.0,28.0,2904.75,2911.25,910.0,70.0,28.0,812.0,close,False,2018-2019
2018-09-27,11,16,1.0,29.0,2927.0,2919.75,-1051.25,72.5,29.0,-1152.75,close,False,2018-2019
2018-10-01,10,16,1.0,25.0,2938.5,2929.25,-1156.25,62.5,25.0,-1243.75,close,False,2018-2019
2018-10-04,10,16,-1.0,19.0,2918.75,2906.5,1163.75,47.5,19.0,1097.25,close,False,2018-2019
2018-10-05,12,16,-1.0,18.0,2881.5,2890.25,-787.5,45.0,18.0,-850.5,close,False,2018-2019
2018-10-08,13,16,-1.0,20.0,2867.0,2889.75,-2275.0,50.0,20.0,-2345.0,close,False,2018-2019
2018-10-10,10,16,-1.0,12.0,2858.5,2792.5,3960.0,30.0,12.0,3918.0,close,False,2018-2019
2018-10-11,10,11,1.0,7.0,2797.25,2767.25,-1050.0,17.5,7.0,-1074.5,flip,False,2018-2019
2018-10-11,11,16,-1.0,8.0,2767.25,2731.75,1420.0,20.0,8.0,1392.0,close,False,2018-2019
2018-10-16,11,16,1.0,7.0,2788.5,2811.0,787.5,17.5,7.0,763.0,close,False,2018-2019
2018-10-17,10,16,-1.0,6.0,2799.0,2812.0,-390.0,15.0,6.0,-411.0,close,False,2018-2019
2018-10-18,10,16,-1.0,8.0,2794.5,2772.0,900.0,20.0,8.0,872.0,close,False,2018-2019
2018-10-19,10,16,1.0,9.0,2791.75,2769.0,-1023.75,22.5,9.0,-1055.25,close,False,2018-2019
2018-10-22,10,16,-1.0,9.0,2760.5,2757.5,135.0,22.5,9.0,103.5,close,False,2018-2019
2018-10-23,11,16,-1.0,12.0,2705.25,2741.25,-2160.0,30.0,12.0,-2202.0,close,False,2018-2019
2018-10-24,11,16,-1.0,11.0,2721.25,2657.75,3492.5,27.5,11.0,3454.0,close,False,2018-2019
2018-10-25,10,16,1.0,9.0,2686.0,2706.75,933.75,22.5,9.0,902.25,close,False,2018-2019
2018-10-26,11,16,-1.0,10.0,2628.75,2657.25,-1425.0,25.0,10.0,-1460.0,close,False,2018-2019
2018-10-30,10,16,1.0,8.0,2672.0,2683.0,440.0,20.0,8.0,412.0,close,False,2018-2019
2018-10-31,10,16,1.0,8.0,2719.75,2711.5,-330.0,20.0,8.0,-358.0,close,False,2018-2019
2018-11-02,12,16,-1.0,9.0,2723.0,2721.75,56.25,22.5,9.0,24.75,close,False,2018-2019
2018-11-06,10,16,1.0,9.0,2749.25,2754.5,236.25,22.5,9.0,204.75,close,False,2018-2019
2018-11-07,12,16,1.0,12.0,2797.5,2813.0,930.0,30.0,12.0,888.0,close,False,2018-2019
2018-11-09,12,16,-1.0,16.0,2774.25,2781.25,-560.0,40.0,16.0,-616.0,close,False,2018-2019
2018-11-12,10,16,-1.0,11.0,2758.75,2727.75,1705.0,27.5,11.0,1666.5,close,False,2018-2019
2018-11-14,13,16,-1.0,14.0,2704.25,2703.5,52.5,35.0,14.0,3.5,close,False,2018-2019
2018-11-15,14,16,1.0,15.0,2726.0,2731.5,412.5,37.5,15.0,360.0,close,False,2018-2019
2018-11-19,11,16,-1.0,9.0,2717.0,2692.75,1091.25,22.5,9.0,1059.75,close,False,2018-2019
2018-11-28,13,16,1.0,16.0,2723.0,2744.25,1700.0,40.0,16.0,1644.0,close,False,2018-2019
2018-12-04,12,16,-1.0,9.0,2763.25,2703.5,2688.75,22.5,9.0,2657.25,close,False,2018-2019
2018-12-07,12,16,-1.0,7.0,2650.75,2633.25,612.5,17.5,7.0,588.0,close,False,2018-2019
2018-12-10,10,16,-1.0,6.0,2613.75,2637.75,-720.0,15.0,6.0,-741.0,close,False,2018-2019
2018-12-19,10,15,1.0,9.0,2565.75,2518.75,-2115.0,22.5,9.0,-2146.5,flip,False,2018-2019
2018-12-19,15,16,-1.0,23.0,2518.75,2506.25,1437.5,57.5,23.0,1357.0,close,False,2018-2019
2018-12-20,12,16,-1.0,8.0,2472.25,2466.0,250.0,20.0,8.0,222.0,close,False,2018-2019
2018-12-26,11,16,-1.0,5.0,2349.25,2468.0,-2968.75,12.5,5.0,-2986.25,close,False,2018-2019
2019-01-03,10,16,-1.0,5.0,2479.5,2448.25,781.25,12.5,5.0,763.75,close,False,2018-2019
2019-01-04,10,16,1.0,6.0,2498.5,2532.5,1020.0,15.0,6.0,999.0,close,False,2018-2019
2019-01-07,12,16,1.0,10.0,2561.75,2550.5,-562.5,25.0,10.0,-597.5,close,False,2018-2019
2019-01-15,10,16,1.0,14.0,2598.0,2610.5,875.0,35.0,14.0,826.0,close,False,2018-2019
2019-01-30,15,16,1.0,40.0,2689.5,2680.5,-1800.0,100.0,40.0,-1940.0,close,True,2018-2019
2019-01-31,12,16,1.0,18.0,2707.0,2702.5,-405.0,45.0,18.0,-468.0,close,False,2018-2019
2019-02-07,12,16,-1.0,27.0,2688.0,2704.25,-2193.75,67.5,27.0,-2288.25,close,False,2018-2019
2019-03-04,12,16,-1.0,19.0,2778.75,2793.5,-1401.25,47.5,19.0,-1467.75,close,False,2018-2019
2019-03-07,10,16,-1.0,15.0,2750.75,2749.0,131.25,37.5,15.0,78.75,close,False,2018-2019
2019-03-18,10,16,1.0,22.0,2838.5,2838.25,-27.5,55.0,22.0,-104.5,close,False,2018-2019
2019-03-20,10,16,-1.0,24.0,2827.5,2829.5,-240.0,60.0,24.0,-324.0,close,False,2018-2019
2019-03-21,11,16,1.0,21.0,2845.0,2861.0,1680.0,52.5,21.0,1606.5,close,False,2018-2019
2019-03-22,10,16,-1.0,15.0,2832.75,2805.75,2025.0,37.5,15.0,1972.5,close,False,2018-2019
2019-03-25,10,16,-1.0,14.0,2793.25,2803.25,-700.0,35.0,14.0,-749.0,close,False,2018-2019
2019-03-26,10,16,1.0,12.0,2832.75,2823.0,-585.0,30.0,12.0,-627.0,close,False,2018-2019
2019-03-27,12,16,-1.0,15.0,2796.0,2809.75,-1031.25,37.5,15.0,-1083.75,close,False,2018-2019
2019-04-23,12,16,1.0,29.0,2934.5,2937.0,362.5,72.5,29.0,261.0,close,False,2018-2019
2019-05-02,12,16,-1.0,18.0,2905.75,2918.75,-1170.0,45.0,18.0,-1233.0,close,False,2018-2019
2019-05-03,14,16,1.0,25.0,2947.5,2945.75,-218.75,62.5,25.0,-306.25,close,False,2018-2019
2019-05-07,11,16,-1.0,9.0,2889.0,2885.0,180.0,22.5,9.0,148.5,close,False,2018-2019
2019-05-09,11,16,-1.0,9.0,2840.0,2871.25,-1406.25,22.5,9.0,-1437.75,close,False,2018-2019
2019-05-10,11,16,-1.0,9.0,2832.25,2883.75,-2317.5,22.5,9.0,-2349.0,close,False,2018-2019
2019-05-13,13,16,-1.0,14.0,2805.5,2813.0,-525.0,35.0,14.0,-574.0,close,False,2018-2019
2019-05-14,11,16,1.0,11.0,2836.25,2836.0,-13.75,27.5,11.0,-52.25,close,False,2018-2019
2019-05-15,12,16,1.0,11.0,2854.0,2852.75,-68.75,27.5,11.0,-107.25,close,False,2018-2019
2019-05-16,10,16,1.0,9.0,2878.25,2877.75,-22.5,22.5,9.0,-54.0,close,False,2018-2019
2019-05-23,10,16,-1.0,16.0,2820.25,2822.5,-180.0,40.0,16.0,-236.0,close,False,2018-2019
2019-05-29,12,16,-1.0,20.0,2769.0,2782.75,-1375.0,50.0,20.0,-1445.0,close,False,2018-2019
2019-06-04,12,16,1.0,15.0,2789.75,2803.5,1031.25,37.5,15.0,978.75,close,False,2018-2019
2019-06-07,10,16,1.0,14.0,2868.25,2873.5,367.5,35.0,14.0,318.5,close,False,2018-2019
2019-06-18,10,16,1.0,18.0,2928.25,2923.5,-427.5,45.0,18.0,-490.5,close,False,2018-2019
2019-06-25,11,16,-1.0,22.0,2938.0,2922.0,1760.0,55.0,22.0,1683.0,close,False,2018-2019
2019-07-10,10,16,1.0,15.0,3005.0,2997.0,-600.0,37.5,15.0,-652.5,close,False,2019-2020
2019-07-25,10,16,-1.0,15.0,3007.25,3006.5,56.25,37.5,15.0,3.75,close,False,2019-2020
2019-07-29,10,16,-1.0,23.0,3018.25,3021.5,-373.75,57.5,23.0,-454.25,close,False,2019-2020
2019-07-31,15,16,-1.0,40.0,2982.0,2979.5,500.0,100.0,40.0,360.0,close,True,2019-2020
2019-08-01,10,15,1.0,13.0,2991.75,2957.0,-2258.75,32.5,13.0,-2304.25,flip,False,2019-2020
2019-08-01,15,16,-1.0,31.0,2957.0,2954.0,465.0,77.5,31.0,356.5,close,False,2019-2020
2019-08-02,10,16,-1.0,12.0,2934.0,2931.75,135.0,30.0,12.0,93.0,close,False,2019-2020
2019-08-05,10,16,-1.0,10.0,2877.25,2844.5,1637.5,25.0,10.0,1602.5,close,False,2019-2020
2019-08-07,10,16,-1.0,6.0,2837.0,2883.25,-1387.5,15.0,6.0,-1408.5,close,False,2019-2020
2019-08-08,11,16,1.0,7.0,2916.0,2938.75,796.25,17.5,7.0,771.75,close,False,2019-2020
2019-08-09,11,16,-1.0,7.0,2916.25,2918.5,-78.75,17.5,7.0,-103.25,close,False,2019-2020
2019-08-12,15,16,-1.0,18.0,2876.0,2883.75,-697.5,45.0,18.0,-760.5,close,False,2019-2020
2019-08-13,10,16,1.0,7.0,2932.0,2927.25,-166.25,17.5,7.0,-190.75,close,False,2019-2020
2019-08-14,11,16,-1.0,8.0,2868.0,2841.0,1080.0,20.0,8.0,1052.0,close,False,2019-2020
2019-08-16,11,16,1.0,7.0,2891.25,2889.75,-52.5,17.5,7.0,-77.0,close,False,2019-2020
2019-08-20,10,16,-1.0,9.0,2908.25,2901.25,315.0,22.5,9.0,283.5,close,False,2019-2020
2019-08-22,11,16,-1.0,14.0,2906.0,2923.25,-1207.5,35.0,14.0,-1256.5,close,False,2019-2020
2019-08-23,12,16,-1.0,12.0,2866.5,2847.75,1125.0,30.0,12.0,1083.0,close,False,2019-2020
2019-08-27,13,16,-1.0,12.0,2862.0,2868.0,-360.0,30.0,12.0,-402.0,close,False,2019-2020
2019-08-28,12,16,1.0,11.0,2884.5,2888.25,206.25,27.5,11.0,167.75,close,False,2019-2020
2019-09-10,10,16,-1.0,16.0,2960.75,2979.5,-1500.0,40.0,16.0,-1556.0,close,False,2019-2020
2019-09-24,13,16,-1.0,17.0,2962.75,2968.75,-510.0,42.5,17.0,-569.5,close,False,2019-2020
2019-09-26,10,16,-1.0,12.0,2977.5,2979.75,-135.0,30.0,12.0,-177.0,close,False,2019-2020
2019-09-27,13,16,-1.0,16.0,2958.75,2962.75,-320.0,40.0,16.0,-376.0,close,False,2019-2020
2019-10-01,11,16,-1.0,11.0,2963.0,2940.75,1223.75,27.5,11.0,1185.25,close,False,2019-2020
2019-10-02,10,16,-1.0,10.0,2906.0,2888.0,900.0,25.0,10.0,865.0,close,False,2019-2020
2019-10-04,10,16,1.0,9.0,2930.0,2950.5,922.5,22.5,9.0,891.0,close,False,2019-2020
2019-10-08,10,16,-1.0,9.0,2902.75,2891.5,506.25,22.5,9.0,474.75,close,False,2019-2020
2019-10-10,10,16,1.0,9.0,2937.75,2938.5,33.75,22.5,9.0,2.25,close,False,2019-2020
2019-10-11,10,16,1.0,10.0,2979.25,2968.75,-525.0,25.0,10.0,-560.0,close,False,2019-2020
2019-10-15,11,16,1.0,12.0,3000.5,2995.25,-315.0,30.0,12.0,-357.0,close,False,2019-2020
2019-12-04,10,16,1.0,14.0,3114.5,3113.0,-105.0,35.0,14.0,-154.0,close,False,2019-2020
2019-12-12,10,16,1.0,18.0,3165.75,3168.25,225.0,45.0,18.0,162.0,close,False,2019-2020
2019-12-30,10,16,-1.0,26.0,3226.75,3222.75,520.0,65.0,26.0,429.0,close,False,2019-2020
2020-01-08,12,16,1.0,13.0,3258.0,3254.0,-260.0,32.5,13.0,-305.5,close,False,2019-2020
2020-01-15,10,16,1.0,23.0,3295.0,3291.0,-460.0,57.5,23.0,-540.5,close,False,2019-2020
2020-01-24,12,16,-1.0,16.0,3306.75,3294.5,980.0,40.0,16.0,924.0,close,False,2019-2020
2020-01-28,11,16,1.0,11.0,3275.25,3275.75,27.5,27.5,11.0,-11.0,close,False,2019-2020
2020-01-31,10,16,-1.0,8.0,3265.75,3222.5,1730.0,20.0,8.0,1702.0,close,False,2019-2020
2020-02-03,10,16,1.0,9.0,3257.5,3246.75,-483.75,22.5,9.0,-515.25,close,False,2019-2020
2020-02-04,12,16,1.0,11.0,3301.25,3296.25,-275.0,27.5,11.0,-313.5,close,False,2019-2020
2020-02-10,11,16,1.0,15.0,3337.75,3351.5,1031.25,37.5,15.0,978.75,close,False,2019-2020
2020-02-20,12,16,-1.0,19.0,3357.0,3372.0,-1425.0,47.5,19.0,-1491.5,close,False,2019-2020
2020-02-21,10,16,-1.0,16.0,3343.0,3337.0,480.0,40.0,16.0,424.0,close,False,2019-2020
2020-02-25,11,16,-1.0,7.0,3199.0,3127.75,2493.75,17.5,7.0,2469.25,close,False,2019-2020
2020-02-26,10,14,1.0,5.0,3155.75,3111.5,-1106.25,12.5,5.0,-1123.75,flip,False,2019-2020
2020-02-26,14,16,-1.0,9.0,3111.5,3116.25,-213.75,22.5,9.0,-245.25,close,False,2019-2020
2020-02-27,15,16,-1.0,13.0,3031.25,2973.75,3737.5,32.5,13.0,3692.0,close,False,2019-2020
2020-03-03,10,16,-1.0,3.0,3057.5,3001.0,847.5,7.5,3.0,837.0,close,False,2019-2020
2020-03-04,13,16,1.0,5.0,3077.25,3127.0,1243.75,12.5,5.0,1226.25,close,False,2019-2020
2020-03-05,13,16,-1.0,5.0,3021.75,3021.5,6.25,12.5,5.0,-11.25,close,False,2019-2020
2020-03-06,15,16,-1.0,10.0,2906.0,2970.5,-3225.0,25.0,10.0,-3260.0,close,False,2019-2020
2020-03-11,11,16,-1.0,3.0,2779.75,2738.0,626.25,7.5,3.0,615.75,close,False,2019-2020
2020-03-12,12,16,-1.0,3.0,2520.75,2469.75,765.0,7.5,3.0,754.5,close,False,2019-2020
2020-03-16,13,16,-1.0,3.0,2482.25,2387.0,1428.75,7.5,3.0,1418.25,close,False,2019-2020
2020-03-19,10,14,-1.0,2.0,2363.0,2428.0,-650.0,5.0,2.0,-657.0,flip,False,2019-2020
2020-03-19,14,16,1.0,3.0,2428.0,2398.25,-446.25,7.5,3.0,-456.75,close,False,2019-2020
2020-03-20,11,13,1.0,2.0,2438.0,2371.0,-670.0,5.0,2.0,-677.0,flip,False,2019-2020
2020-03-20,13,16,-1.0,3.0,2371.0,2284.25,1301.25,7.5,3.0,1290.75,close,False,2019-2020
2020-03-23,11,16,-1.0,2.0,2233.0,2216.75,162.5,5.0,2.0,155.5,close,False,2019-2020
2020-03-24,11,16,1.0,2.0,2370.25,2433.0,627.5,5.0,2.0,620.5,close,False,2019-2020
2020-03-25,13,16,1.0,3.0,2504.75,2466.5,-573.75,7.5,3.0,-584.25,close,False,2019-2020
2020-03-26,10,16,1.0,2.0,2534.0,2609.0,750.0,5.0,2.0,743.0,close,False,2019-2020
2020-03-30,12,16,1.0,3.0,2589.0,2614.0,375.0,7.5,3.0,364.5,close,False,2019-2020
2020-03-31,10,16,-1.0,3.0,2587.75,2572.5,228.75,7.5,3.0,218.25,close,False,2019-2020
2020-04-02,11,16,1.0,5.0,2504.25,2516.0,293.75,12.5,5.0,276.25,close,False,2019-2020
2020-04-03,13,16,-1.0,6.0,2472.5,2479.25,-202.5,15.0,6.0,-223.5,close,False,2019-2020
2020-04-06,10,16,1.0,4.0,2596.5,2646.75,1005.0,10.0,4.0,991.0,close,False,2019-2020
2020-04-08,13,16,1.0,5.0,2713.75,2738.25,612.5,12.5,5.0,595.0,close,False,2019-2020
2020-04-09,10,16,1.0,3.0,2802.25,2779.75,-337.5,7.5,3.0,-348.0,close,False,2019-2020
2020-04-13,10,16,-1.0,4.0,2738.75,2753.0,-285.0,10.0,4.0,-299.0,close,False,2019-2020
2020-04-14,10,16,1.0,4.0,2826.25,2837.0,215.0,10.0,4.0,201.0,close,False,2019-2020
2020-04-23,11,16,1.0,6.0,2830.25,2787.75,-1275.0,15.0,6.0,-1296.0,close,False,2019-2020
2020-05-13,13,16,-1.0,8.0,2813.5,2813.25,10.0,20.0,8.0,-18.0,close,False,2019-2020
2020-05-14,10,16,-1.0,5.0,2765.5,2846.5,-2025.0,12.5,5.0,-2042.5,close,False,2019-2020
2020-06-11,13,16,-1.0,9.0,3038.75,3003.75,1575.0,22.5,9.0,1543.5,close,False,2019-2020
2020-06-24,10,16,-1.0,6.0,3076.75,3040.25,1095.0,15.0,6.0,1074.0,close,False,2019-2020
2020-06-26,11,16,-1.0,8.0,3014.0,2999.75,570.0,20.0,8.0,542.0,close,False,2019-2020
2020-07-08,10,16,1.0,9.0,3160.0,3160.0,0.0,22.5,9.0,-31.5,close,False,2020-2021
2020-07-09,11,16,-1.0,9.0,3118.0,3143.0,-1125.0,22.5,9.0,-1156.5,close,False,2020-2021
2020-07-23,15,16,-1.0,26.0,3228.75,3229.0,-32.5,65.0,26.0,-123.5,close,False,2020-2021
2020-07-30,10,16,-1.0,9.0,3200.25,3239.0,-1743.75,22.5,9.0,-1775.25,close,False,2020-2021
2020-09-03,11,16,-1.0,6.0,3512.5,3453.25,1777.5,15.0,6.0,1756.5,close,False,2020-2021
2020-09-04,10,16,-1.0,5.0,3434.75,3425.25,237.5,12.5,5.0,220.0,close,False,2020-2021
2020-09-09,12,16,1.0,6.0,3402.0,3396.5,-165.0,15.0,6.0,-186.0,close,False,2020-2021
2020-09-10,15,16,-1.0,11.0,3359.0,3338.0,1155.0,27.5,11.0,1116.5,close,False,2020-2021
2020-09-18,13,16,-1.0,12.0,3310.25,3307.75,150.0,30.0,12.0,108.0,close,False,2020-2021
2020-09-21,11,16,-1.0,10.0,3227.5,3270.75,-2162.5,25.0,10.0,-2197.5,close,False,2020-2021
2020-09-23,12,16,-1.0,9.0,3275.0,3226.75,2171.25,22.5,9.0,2139.75,close,False,2020-2021
2020-09-24,13,16,1.0,9.0,3251.0,3235.25,-708.75,22.5,9.0,-740.25,close,False,2020-2021
2020-09-25,13,16,1.0,9.0,3257.25,3287.25,1350.0,22.5,9.0,1318.5,close,False,2020-2021
2020-09-30,10,16,1.0,6.0,3351.25,3349.5,-52.5,15.0,6.0,-73.5,close,False,2020-2021
2020-10-05,11,16,1.0,7.0,3382.75,3397.25,507.5,17.5,7.0,483.0,close,False,2020-2021
2020-10-07,15,16,1.0,14.0,3412.75,3407.0,-402.5,35.0,14.0,-451.5,close,False,2020-2021
2020-10-12,12,16,1.0,8.0,3518.25,3525.25,280.0,20.0,8.0,252.0,close,False,2020-2021
2020-10-19,15,16,-1.0,21.0,3422.75,3421.25,157.5,52.5,21.0,84.0,close,False,2020-2021
2020-10-20,10,16,1.0,9.0,3448.5,3434.0,-652.5,22.5,9.0,-684.0,close,False,2020-2021
2020-10-21,10,16,1.0,8.0,3454.5,3427.25,-1090.0,20.0,8.0,-1118.0,close,False,2020-2021
2020-10-26,11,16,-1.0,9.0,3396.25,3394.5,78.75,22.5,9.0,47.25,close,False,2020-2021
2020-10-28,11,16,-1.0,9.0,3285.0,3266.75,821.25,22.5,9.0,789.75,close,False,2020-2021
2020-10-29,11,16,1.0,8.0,3291.25,3299.75,340.0,20.0,8.0,312.0,close,False,2020-2021
2020-10-30,11,16,-1.0,7.0,3231.5,3265.25,-1181.25,17.5,7.0,-1205.75,close,False,2020-2021
2020-11-03,10,16,1.0,5.0,3353.75,3359.0,131.25,12.5,5.0,113.75,close,False,2020-2021
2020-11-04,10,16,1.0,5.0,3424.75,3435.0,256.25,12.5,5.0,238.75,close,False,2020-2021
2020-11-05,11,16,1.0,5.0,3517.25,3502.25,-375.0,12.5,5.0,-392.5,close,False,2020-2021
2020-11-06,10,16,-1.0,6.0,3483.0,3501.75,-562.5,15.0,6.0,-583.5,close,False,2020-2021
2020-11-17,10,16,-1.0,9.0,3584.75,3607.5,-1023.75,22.5,9.0,-1055.25,close,False,2020-2021
2020-11-24,12,16,1.0,11.0,3630.5,3632.25,96.25,27.5,11.0,57.75,close,False,2020-2021
2020-12-09,14,16,-1.0,20.0,3660.25,3668.75,-850.0,50.0,20.0,-920.0,close,False,2020-2021
2021-01-04,11,16,-1.0,10.0,3705.0,3693.75,562.5,25.0,10.0,527.5,close,False,2020-2021
2021-01-05,10,16,1.0,9.0,3706.25,3717.5,506.25,22.5,9.0,474.75,close,False,2020-2021
2021-01-06,11,16,1.0,8.0,3755.75,3740.5,-610.0,20.0,8.0,-638.0,close,False,2020-2021
2021-01-07,10,16,1.0,7.0,3783.25,3795.25,420.0,17.5,7.0,395.5,close,False,2020-2021
2021-01-20,13,16,1.0,17.0,3841.25,3842.75,127.5,42.5,17.0,68.0,close,False,2020-2021
2021-01-27,10,16,-1.0,10.0,3779.25,3749.25,1500.0,25.0,10.0,1465.0,close,False,2020-2021
2021-01-28,10,16,1.0,6.0,3779.75,3779.75,0.0,15.0,6.0,-21.0,close,False,2020-2021
2021-01-29,12,16,-1.0,7.0,3733.0,3704.75,988.75,17.5,7.0,964.25,close,False,2020-2021
2021-02-01,13,16,1.0,7.0,3768.0,3764.75,-113.75,17.5,7.0,-138.25,close,False,2020-2021
2021-02-02,10,16,1.0,5.0,3812.25,3818.5,156.25,12.5,5.0,138.75,close,False,2020-2021
2021-02-23,10,16,-1.0,9.0,3825.0,3878.0,-2385.0,22.5,9.0,-2416.5,close,False,2020-2021
2021-02-24,12,16,1.0,8.0,3902.5,3920.75,730.0,20.0,8.0,702.0,close,False,2020-2021
2021-02-25,12,16,-1.0,7.0,3866.25,3826.5,1391.25,17.5,7.0,1366.75,close,False,2020-2021
2021-03-01,10,16,1.0,5.0,3872.25,3897.5,631.25,12.5,5.0,613.75,close,False,2020-2021
2021-03-03,10,16,-1.0,6.0,3847.25,3816.75,915.0,15.0,6.0,894.0,close,False,2020-2021
2021-03-04,13,16,-1.0,7.0,3772.0,3769.5,87.5,17.5,7.0,63.0,close,False,2020-2021
2021-03-08,11,16,1.0,5.0,3868.0,3820.0,-1200.0,12.5,5.0,-1217.5,close,False,2020-2021
2021-03-09,10,16,1.0,5.0,3875.0,3873.25,-43.75,12.5,5.0,-61.25,close,False,2020-2021
2021-03-11,12,16,1.0,9.0,3950.5,3936.75,-618.75,22.5,9.0,-650.25,close,False,2020-2021
2021-03-19,10,16,-1.0,8.0,3888.75,3897.75,-360.0,20.0,8.0,-388.0,close,False,2020-2021
2021-03-22,11,16,1.0,9.0,3924.5,3929.5,225.0,22.5,9.0,193.5,close,False,2020-2021
2021-04-20,12,16,-1.0,16.0,4118.75,4126.75,-640.0,40.0,16.0,-696.0,close,False,2020-2021
2021-04-21,12,16,1.0,16.0,4153.25,4165.0,940.0,40.0,16.0,884.0,close,False,2020-2021
2021-04-22,14,16,-1.0,19.0,4122.0,4127.25,-498.75,47.5,19.0,-565.25,close,False,2020-2021
2021-04-23,10,16,1.0,10.0,4145.75,4171.0,1262.5,25.0,10.0,1227.5,close,False,2020-2021
2021-05-04,10,16,-1.0,12.0,4142.75,4160.75,-1080.0,30.0,12.0,-1122.0,close,False,2020-2021
2021-05-07,11,16,1.0,11.0,4225.5,4224.5,-55.0,27.5,11.0,-93.5,close,False,2020-2021
2021-05-12,11,16,-1.0,9.0,4097.5,4057.75,1788.75,22.5,9.0,1757.25,close,False,2020-2021
2021-05-13,10,16,1.0,6.0,4103.5,4105.75,67.5,15.0,6.0,46.5,close,False,2020-2021
2021-05-14,10,16,1.0,6.0,4152.0,4168.75,502.5,15.0,6.0,481.5,close,False,2020-2021
2021-05-20,10,16,1.0,8.0,4133.5,4155.5,880.0,20.0,8.0,852.0,close,False,2020-2021
2021-05-21,10,16,1.0,8.0,4184.75,4152.5,-1290.0,20.0,8.0,-1318.0,close,False,2020-2021
2021-05-24,11,16,1.0,8.0,4196.25,4194.75,-60.0,20.0,8.0,-88.0,close,False,2020-2021
2021-06-10,10,16,1.0,15.0,4245.25,4238.5,-506.25,37.5,15.0,-558.75,close,False,2020-2021
2021-06-16,15,16,-1.0,40.0,4208.75,4213.5,-950.0,100.0,40.0,-1090.0,close,True,2020-2021
2021-06-21,11,16,1.0,10.0,4206.0,4214.0,400.0,25.0,10.0,365.0,close,False,2020-2021
2021-07-01,10,16,1.0,27.0,4299.0,4310.75,1586.25,67.5,27.0,1491.75,close,False,2021-2022
2021-07-02,13,16,1.0,32.0,4338.75,4343.25,720.0,80.0,32.0,608.0,close,False,2021-2022
2021-07-09,10,16,1.0,11.0,4341.25,4360.0,1031.25,27.5,11.0,992.75,close,False,2021-2022
2021-07-12,10,16,1.0,11.0,4364.75,4376.25,632.5,27.5,11.0,594.0,close,False,2021-2022
2021-07-15,14,16,-1.0,22.0,4333.0,4353.0,-2200.0,55.0,22.0,-2277.0,close,False,2021-2022
2021-07-16,11,16,-1.0,15.0,4343.25,4319.0,1818.75,37.5,15.0,1766.25,close,False,2021-2022
2021-07-19,10,16,-1.0,10.0,4247.5,4255.25,-387.5,25.0,10.0,-422.5,close,False,2021-2022
2021-07-20,10,16,1.0,7.0,4287.0,4315.0,980.0,17.5,7.0,955.5,close,False,2021-2022
2021-07-21,10,16,1.0,7.0,4341.25,4351.0,341.25,17.5,7.0,316.75,close,False,2021-2022
2021-07-23,13,16,1.0,10.0,4398.5,4403.75,262.5,25.0,10.0,227.5,close,False,2021-2022
2021-07-27,11,16,-1.0,13.0,4390.25,4395.0,-308.75,32.5,13.0,-354.25,close,False,2021-2022
2021-07-29,11,16,1.0,13.0,4419.5,4412.0,-487.5,32.5,13.0,-533.0,close,False,2021-2022
2021-08-03,10,15,-1.0,9.0,4368.0,4409.0,-1845.0,22.5,9.0,-1876.5,flip,False,2021-2022
2021-08-03,15,16,1.0,22.0,4409.0,4415.25,687.5,55.0,22.0,610.5,close,False,2021-2022
2021-08-12,15,16,1.0,40.0,4452.25,4454.5,450.0,100.0,40.0,310.0,close,True,2021-2022
2021-08-16,10,16,-1.0,17.0,4437.75,4474.0,-3081.25,42.5,17.0,-3140.75,close,False,2021-2022
2021-08-17,12,16,-1.0,18.0,4434.0,4444.5,-945.0,45.0,18.0,-1008.0,close,False,2021-2022
2021-08-19,12,16,1.0,11.0,4410.75,4402.25,-467.5,27.5,11.0,-506.0,close,False,2021-2022
2021-08-20,10,16,1.0,8.0,4422.0,4436.25,570.0,20.0,8.0,542.0,close,False,2021-2022
2021-08-23,10,16,1.0,8.0,4467.0,4476.25,370.0,20.0,8.0,342.0,close,False,2021-2022
2021-08-26,11,16,-1.0,15.0,4472.5,4466.0,487.5,37.5,15.0,435.0,close,False,2021-2022
2021-08-27,11,16,1.0,19.0,4499.75,4505.0,498.75,47.5,19.0,432.25,close,False,2021-2022
2021-08-30,11,16,1.0,20.0,4531.75,4525.5,-625.0,50.0,20.0,-695.0,close,False,2021-2022
2021-08-31,10,16,-1.0,15.0,4514.75,4520.25,-412.5,37.5,15.0,-465.0,close,False,2021-2022
2021-09-08,11,16,-1.0,18.0,4497.75,4513.25,-1395.0,45.0,18.0,-1458.0,close,False,2021-2022
2021-09-09,10,16,1.0,13.0,4521.5,4493.25,-1836.25,32.5,13.0,-1881.75,close,False,2021-2022
2021-09-10,12,16,-1.0,17.0,4482.25,4458.75,1997.5,42.5,17.0,1938.0,close,False,2021-2022
2021-09-14,11,16,-1.0,12.0,4443.0,4435.75,435.0,30.0,12.0,393.0,close,False,2021-2022
2021-09-15,13,16,1.0,14.0,4463.0,4472.5,665.0,35.0,14.0,616.0,close,False,2021-2022
2021-09-16,10,16,-1.0,11.0,4454.25,4464.75,-577.5,27.5,11.0,-616.0,close,False,2021-2022
2021-09-17,10,16,-1.0,11.0,4441.0,4420.0,1155.0,27.5,11.0,1116.5,close,False,2021-2022
2021-09-20,12,16,-1.0,12.0,4334.25,4346.5,-735.0,30.0,12.0,-777.0,close,False,2021-2022
2021-09-22,11,16,1.0,9.0,4385.75,4384.0,-78.75,22.5,9.0,-110.25,close,False,2021-2022
2021-09-23,10,16,1.0,8.0,4428.25,4437.25,360.0,20.0,8.0,332.0,close,False,2021-2022
2021-09-28,10,16,-1.0,7.0,4386.0,4343.75,1478.75,17.5,7.0,1454.25,close,False,2021-2022
2021-09-30,12,16,-1.0,9.0,4327.5,4297.0,1372.5,22.5,9.0,1341.0,close,False,2021-2022
2021-10-01,15,16,1.0,15.0,4352.75,4346.75,-450.0,37.5,15.0,-502.5,close,False,2021-2022
2021-10-04,11,16,-1.0,6.0,4284.5,4292.0,-225.0,15.0,6.0,-246.0,close,False,2021-2022
2021-10-05,11,16,1.0,7.0,4349.5,4335.0,-507.5,17.5,7.0,-532.0,close,False,2021-2022
2021-10-07,10,16,1.0,5.0,4411.25,4391.25,-500.0,12.5,5.0,-517.5,close,False,2021-2022
2021-10-11,10,16,1.0,7.0,4398.5,4350.75,-1671.25,17.5,7.0,-1695.75,close,False,2021-2022
2021-10-14,12,16,1.0,11.0,4421.75,4429.0,398.75,27.5,11.0,360.25,close,False,2021-2022
2021-10-28,10,16,1.0,13.0,4572.5,4587.5,975.0,32.5,13.0,929.5,close,False,2021-2022
2021-11-02,10,16,1.0,12.0,4616.5,4624.0,450.0,30.0,12.0,408.0,close,False,2021-2022
2021-11-03,15,16,1.0,31.0,4644.25,4652.25,1240.0,77.5,31.0,1131.5,close,False,2021-2022
2021-11-04,10,16,1.0,13.0,4668.25,4673.75,357.5,32.5,13.0,312.0,close,False,2021-2022
2021-11-05,10,16,1.0,11.0,4708.0,4690.0,-990.0,27.5,11.0,-1028.5,close,False,2021-2022
2021-11-09,10,16,-1.0,11.0,4674.25,4679.0,-261.25,27.5,11.0,-299.75,close,False,2021-2022
2021-11-10,14,16,-1.0,17.0,4646.75,4641.25,467.5,42.5,17.0,408.0,close,False,2021-2022
2021-11-12,12,16,1.0,15.0,4676.0,4677.5,112.5,37.5,15.0,60.0,close,False,2021-2022
2021-11-16,10,16,1.0,12.0,4690.0,4697.25,435.0,30.0,12.0,393.0,close,False,2021-2022
2021-11-17,10,16,-1.0,14.0,4680.5,4686.25,-402.5,35.0,14.0,-451.5,close,False,2021-2022
2021-11-22,10,16,1.0,12.0,4732.0,4680.0,-3120.0,30.0,12.0,-3162.0,close,False,2021-2022
2021-11-23,10,11,1.0,10.0,4690.5,4655.5,-1750.0,25.0,10.0,-1785.0,flip,False,2021-2022
2021-11-23,11,16,-1.0,12.0,4655.5,4687.25,-1905.0,30.0,12.0,-1947.0,close,False,2021-2022
2021-11-30,11,16,-1.0,6.0,4583.75,4562.75,630.0,15.0,6.0,609.0,close,False,2021-2022
2021-12-01,11,16,1.0,6.0,4638.5,4508.5,-3900.0,15.0,6.0,-3921.0,close,False,2021-2022
2021-12-02,10,16,1.0,4.0,4561.75,4577.5,315.0,10.0,4.0,301.0,close,False,2021-2022
2021-12-03,10,16,-1.0,4.0,4557.25,4537.5,395.0,10.0,4.0,381.0,close,False,2021-2022
2021-12-06,11,16,1.0,5.0,4586.75,4591.25,112.5,12.5,5.0,95.0,close,False,2021-2022
2021-12-07,10,16,1.0,4.0,4676.25,4686.5,205.0,10.0,4.0,191.0,close,False,2021-2022
2021-12-15,10,16,-1.0,9.0,4611.25,4700.25,-4005.0,22.5,9.0,-4036.5,close,False,2021-2022
2021-12-16,15,16,-1.0,14.0,4653.25,4657.75,-315.0,35.0,14.0,-364.0,close,False,2021-2022
2021-12-20,11,16,-1.0,6.0,4528.0,4558.75,-922.5,15.0,6.0,-943.5,close,False,2021-2022
2021-12-21,13,16,1.0,7.0,4628.25,4640.5,428.75,17.5,7.0,404.25,close,False,2021-2022
2021-12-22,11,16,1.0,5.0,4670.75,4686.25,387.5,12.5,5.0,370.0,close,False,2021-2022
2021-12-23,10,16,1.0,6.0,4711.0,4715.25,127.5,15.0,6.0,106.5,close,False,2021-2022
2021-12-27,10,16,1.0,6.0,4741.75,4783.0,1237.5,15.0,6.0,1216.5,close,False,2021-2022
2022-01-04,14,16,-1.0,18.0,4765.75,4783.5,-1597.5,45.0,18.0,-1660.5,close,False,2021-2022
2022-01-05,15,16,-1.0,24.0,4725.25,4692.25,3960.0,60.0,24.0,3876.0,close,False,2021-2022
2022-01-06,10,16,-1.0,6.0,4678.0,4687.25,-277.5,15.0,6.0,-298.5,close,False,2021-2022
2022-01-07,11,16,-1.0,7.0,4660.0,4669.0,-315.0,17.5,7.0,-339.5,close,False,2021-2022
2022-01-10,10,16,-1.0,6.0,4600.75,4662.5,-1852.5,15.0,6.0,-1873.5,close,False,2021-2022
2022-01-11,10,12,-1.0,5.0,4635.75,4682.75,-1175.0,12.5,5.0,-1192.5,flip,False,2021-2022
2022-01-11,12,16,1.0,6.0,4682.75,4705.25,675.0,15.0,6.0,654.0,close,False,2021-2022
2022-01-12,10,16,1.0,5.0,4733.75,4718.5,-381.25,12.5,5.0,-398.75,close,False,2021-2022
2022-01-13,13,16,-1.0,7.0,4683.5,4653.25,1058.75,17.5,7.0,1034.25,close,False,2021-2022
2022-01-19,10,16,1.0,6.0,4601.5,4525.0,-2295.0,15.0,6.0,-2316.0,close,False,2021-2022
2022-01-20,10,16,1.0,6.0,4573.75,4474.25,-2985.0,15.0,6.0,-3006.0,close,False,2021-2022
2022-01-21,10,16,-1.0,4.0,4442.5,4385.5,1140.0,10.0,4.0,1126.0,close,False,2021-2022
2022-01-24,10,16,-1.0,4.0,4296.75,4404.5,-2155.0,10.0,4.0,-2169.0,close,False,2021-2022
2022-01-25,10,16,-1.0,3.0,4296.0,4351.0,-825.0,7.5,3.0,-835.5,close,False,2021-2022
2022-01-27,10,16,1.0,2.0,4408.25,4317.75,-905.0,5.0,2.0,-912.0,close,False,2021-2022
2022-01-28,10,12,-1.0,3.0,4289.5,4374.5,-1275.0,7.5,3.0,-1285.5,flip,False,2021-2022
2022-01-28,12,16,1.0,3.0,4374.5,4424.0,742.5,7.5,3.0,732.0,close,False,2021-2022
2022-01-31,11,16,1.0,3.0,4456.75,4501.5,671.25,7.5,3.0,660.75,close,False,2021-2022
2022-02-04,14,16,1.0,10.0,4510.75,4491.25,-975.0,25.0,10.0,-1010.0,close,False,2021-2022
2022-02-08,12,16,1.0,8.0,4505.5,4513.25,310.0,20.0,8.0,282.0,close,False,2021-2022
2022-02-11,13,16,-1.0,8.0,4471.0,4408.5,2500.0,20.0,8.0,2472.0,close,False,2021-2022
2022-02-14,11,16,-1.0,6.0,4382.5,4394.5,-360.0,15.0,6.0,-381.0,close,False,2021-2022
2022-02-15,11,16,1.0,5.0,4459.5,4464.5,125.0,12.5,5.0,107.5,close,False,2021-2022
2022-02-17,10,16,-1.0,5.0,4411.25,4375.0,906.25,12.5,5.0,888.75,close,False,2021-2022
2022-02-18,11,16,-1.0,6.0,4358.0,4346.25,352.5,15.0,6.0,331.5,close,False,2021-2022
2022-02-23,11,16,-1.0,5.0,4284.25,4223.0,1531.25,12.5,5.0,1513.75,close,False,2021-2022
2022-02-25,11,16,1.0,4.0,4335.25,4379.75,890.0,10.0,4.0,876.0,close,False,2021-2022
2022-03-01,12,16,-1.0,4.0,4299.75,4303.5,-75.0,10.0,4.0,-89.0,close,False,2021-2022
2022-03-02,12,16,1.0,4.0,4374.25,4381.5,145.0,10.0,4.0,131.0,close,False,2021-2022
2022-03-03,11,16,-1.0,4.0,4352.0,4360.5,-170.0,10.0,4.0,-184.0,close,False,2021-2022
2022-03-04,11,16,-1.0,4.0,4287.75,4325.5,-755.0,10.0,4.0,-769.0,close,False,2021-2022
2022-03-07,10,16,-1.0,5.0,4281.0,4198.0,2075.0,12.5,5.0,2057.5,close,False,2021-2022
2022-03-08,13,16,1.0,6.0,4254.75,4165.5,-2677.5,15.0,6.0,-2698.5,close,False,2021-2022
2022-03-15,13,16,1.0,7.0,4231.0,4256.25,883.75,17.5,7.0,859.25,close,False,2021-2022
2022-03-16,10,16,1.0,5.0,4314.25,4350.75,912.5,12.5,5.0,895.0,close,False,2021-2022
2022-03-17,14,16,1.0,8.0,4389.25,4405.0,630.0,20.0,8.0,602.0,close,False,2021-2022
2022-03-22,10,16,1.0,6.0,4480.75,4505.25,735.0,15.0,6.0,714.0,close,False,2021-2022
2022-03-24,12,16,1.0,9.0,4493.0,4513.0,900.0,22.5,9.0,868.5,close,False,2021-2022
2022-04-04,10,16,1.0,8.0,4555.0,4578.0,920.0,20.0,8.0,892.0,close,False,2021-2022
2022-04-05,14,16,-1.0,15.0,4539.75,4521.25,1387.5,37.5,15.0,1335.0,close,False,2021-2022
2022-04-06,10,16,-1.0,8.0,4465.25,4475.75,-420.0,20.0,8.0,-448.0,close,False,2021-2022
2022-04-07,15,16,1.0,19.0,4501.75,4497.75,-380.0,47.5,19.0,-446.5,close,False,2021-2022
2022-04-08,10,16,-1.0,8.0,4470.25,4487.0,-670.0,20.0,8.0,-698.0,close,False,2021-2022
2022-04-11,11,16,-1.0,8.0,4432.25,4409.25,920.0,20.0,8.0,892.0,close,False,2021-2022
2022-04-12,10,16,1.0,6.0,4459.75,4391.5,-2047.5,15.0,6.0,-2068.5,close,False,2021-2022
2022-04-13,11,16,1.0,6.0,4406.75,4442.5,1072.5,15.0,6.0,1051.5,close,False,2021-2022
2022-04-14,10,16,-1.0,6.0,4429.75,4387.0,1282.5,15.0,6.0,1261.5,close,False,2021-2022
2022-04-19,10,16,1.0,5.0,4422.5,4459.0,912.5,12.5,5.0,895.0,close,False,2021-2022
2022-04-21,14,16,-1.0,10.0,4426.0,4388.75,1862.5,25.0,10.0,1827.5,close,False,2021-2022
2022-04-22,10,16,-1.0,5.0,4351.25,4269.5,2043.75,12.5,5.0,2026.25,close,False,2021-2022
2022-04-25,10,16,-1.0,5.0,4210.25,4293.0,-2068.75,12.5,5.0,-2086.25,close,False,2021-2022
2022-04-26,10,16,-1.0,5.0,4245.25,4168.0,1931.25,12.5,5.0,1913.75,close,False,2021-2022
2022-04-27,10,16,1.0,4.0,4214.5,4179.75,-695.0,10.0,4.0,-709.0,close,False,2021-2022
2022-04-28,13,16,1.0,6.0,4263.0,4285.0,660.0,15.0,6.0,639.0,close,False,2021-2022
2022-04-29,11,16,-1.0,4.0,4214.0,4127.75,1725.0,10.0,4.0,1711.0,close,False,2021-2022
2022-05-02,14,16,-1.0,7.0,4082.0,4151.5,-2432.5,17.5,7.0,-2457.0,close,False,2021-2022
2022-05-03,12,16,1.0,5.0,4185.25,4170.25,-375.0,12.5,5.0,-392.5,close,False,2021-2022
2022-05-04,15,16,1.0,10.0,4243.25,4296.75,2675.0,25.0,10.0,2640.0,close,False,2021-2022
2022-05-05,10,16,-1.0,3.0,4221.25,4144.5,1151.25,7.5,3.0,1140.75,close,False,2021-2022
2022-05-06,10,16,-1.0,4.0,4068.5,4119.0,-1010.0,10.0,4.0,-1024.0,close,False,2021-2022
2022-05-09,11,16,-1.0,4.0,4014.0,3987.5,530.0,10.0,4.0,516.0,close,False,2021-2022
2022-05-11,10,14,1.0,3.0,4027.0,3939.0,-1320.0,7.5,3.0,-1330.5,flip,False,2021-2022
2022-05-11,14,16,-1.0,6.0,3939.0,3932.25,202.5,15.0,6.0,181.5,close,False,2021-2022
2022-05-13,10,16,1.0,4.0,3989.75,4020.25,610.0,10.0,4.0,596.0,close,False,2021-2022
2022-05-18,10,16,-1.0,4.0,4014.75,3923.75,1820.0,10.0,4.0,1806.0,close,False,2021-2022
2022-05-20,13,16,-1.0,5.0,3831.75,3898.25,-1662.5,12.5,5.0,-1680.0,close,False,2021-2022
2022-05-24,10,16,-1.0,4.0,3910.25,3943.5,-665.0,10.0,4.0,-679.0,close,False,2021-2022
2022-05-26,10,16,1.0,4.0,4028.0,4055.75,555.0,10.0,4.0,541.0,close,False,2021-2022
2022-05-27,10,16,1.0,5.0,4113.0,4156.25,1081.25,12.5,5.0,1063.75,close,False,2021-2022
2022-06-01,12,16,-1.0,6.0,4078.5,4098.5,-600.0,15.0,6.0,-621.0,close,False,2021-2022
2022-06-02,13,16,1.0,6.0,4145.5,4175.75,907.5,15.0,6.0,886.5,close,False,2021-2022
2022-06-10,11,16,-1.0,6.0,3908.25,3897.75,315.0,15.0,6.0,294.0,close,False,2021-2022
2022-06-13,11,16,-1.0,6.0,3761.0,3750.25,322.5,15.0,6.0,301.5,close,False,2021-2022
2022-06-16,10,16,-1.0,4.0,3690.0,3673.75,325.0,10.0,4.0,311.0,close,False,2021-2022
2022-06-17,10,11,1.0,5.0,3702.0,3653.25,-1218.75,12.5,5.0,-1236.25,flip,False,2021-2022
2022-06-17,11,16,-1.0,5.0,3653.25,3675.5,-556.25,12.5,5.0,-573.75,close,False,2021-2022
2022-06-24,10,16,1.0,6.0,3855.75,3919.25,1905.0,15.0,6.0,1884.0,close,False,2021-2022
2022-06-27,10,16,-1.0,6.0,3899.5,3905.5,-180.0,15.0,6.0,-201.0,close,False,2021-2022
2022-06-28,12,16,-1.0,6.0,3858.75,3825.25,1005.0,15.0,6.0,984.0,close,False,2021-2022
2022-06-30,10,16,-1.0,5.0,3749.25,3789.5,-1006.25,12.5,5.0,-1023.75,close,False,2021-2022
2022-07-01,10,16,1.0,5.0,3803.5,3828.0,612.5,12.5,5.0,595.0,close,False,2022-2023
2022-07-07,10,16,1.0,5.0,3889.75,3904.75,375.0,12.5,5.0,357.5,close,False,2022-2023
2022-07-14,10,16,-1.0,6.0,3737.0,3794.25,-1717.5,15.0,6.0,-1738.5,close,False,2022-2023
2022-07-19,11,16,1.0,6.0,3903.0,3936.25,997.5,15.0,6.0,976.5,close,False,2022-2023
2022-07-20,11,16,1.0,6.0,3974.25,3962.5,-352.5,15.0,6.0,-373.5,close,False,2022-2023
2022-07-21,13,16,1.0,10.0,3987.75,4002.5,737.5,25.0,10.0,702.5,close,False,2022-2023
2022-07-22,12,16,-1.0,8.0,3977.0,3965.25,470.0,20.0,8.0,442.0,close,False,2022-2023
2022-07-26,12,16,-1.0,11.0,3919.75,3923.0,-178.75,27.5,11.0,-217.25,close,False,2022-2023
2022-07-27,12,16,1.0,11.0,3980.5,4024.0,2392.5,27.5,11.0,2354.0,close,False,2022-2023
2022-07-28,10,14,-1.0,6.0,4007.25,4075.0,-2032.5,15.0,6.0,-2053.5,flip,False,2022-2023
2022-07-28,14,16,1.0,11.0,4075.0,4073.0,-110.0,27.5,11.0,-148.5,close,False,2022-2023
2022-07-29,10,16,1.0,7.0,4105.5,4133.75,988.75,17.5,7.0,964.25,close,False,2022-2023
2022-08-03,10,16,1.0,7.0,4127.75,4156.75,1015.0,17.5,7.0,990.5,close,False,2022-2023
2022-08-08,10,16,1.0,9.0,4183.5,4141.5,-1890.0,22.5,9.0,-1921.5,close,False,2022-2023
2022-08-09,10,16,-1.0,9.0,4122.5,4124.75,-101.25,22.5,9.0,-132.75,close,False,2022-2023
2022-08-12,13,16,1.0,10.0,4252.75,4281.25,1425.0,25.0,10.0,1390.0,close,False,2022-2023
2022-08-19,10,16,-1.0,10.0,4240.25,4230.0,512.5,25.0,10.0,477.5,close,False,2022-2023
2022-08-22,11,16,-1.0,11.0,4151.25,4142.75,467.5,27.5,11.0,429.0,close,False,2022-2023
2022-08-24,12,16,1.0,13.0,4154.25,4143.75,-682.5,32.5,13.0,-728.0,close,False,2022-2023
2022-08-25,10,16,1.0,11.0,4170.75,4202.25,1732.5,27.5,11.0,1694.0,close,False,2022-2023
2022-08-26,11,16,-1.0,6.0,4133.5,4059.0,2235.0,15.0,6.0,2214.0,close,False,2022-2023
2022-08-30,11,16,-1.0,5.0,3988.5,3986.5,50.0,12.5,5.0,32.5,close,False,2022-2023
2022-09-01,11,16,-1.0,5.0,3906.25,3967.5,-1531.25,12.5,5.0,-1548.75,close,False,2022-2023
2022-09-02,14,16,-1.0,9.0,3926.5,3925.75,33.75,22.5,9.0,2.25,close,False,2022-2023
2022-09-07,11,16,1.0,7.0,3930.75,3980.5,1741.25,17.5,7.0,1716.75,close,False,2022-2023
2022-09-08,11,16,1.0,7.0,4001.0,4006.0,175.0,17.5,7.0,150.5,close,False,2022-2023
2022-09-09,10,16,1.0,7.0,4044.5,4066.75,778.75,17.5,7.0,754.25,close,False,2022-2023
2022-09-12,10,16,1.0,8.0,4112.25,4111.25,-40.0,20.0,8.0,-68.0,close,False,2022-2023
2022-09-15,11,16,-1.0,5.0,3930.75,3918.75,300.0,12.5,5.0,282.5,close,False,2022-2023
2022-09-16,10,16,-1.0,5.0,3858.0,3888.5,-762.5,12.5,5.0,-780.0,close,False,2022-2023
2022-09-20,10,16,-1.0,6.0,3870.5,3873.75,-97.5,15.0,6.0,-118.5,close,False,2022-2023
2022-09-22,10,16,-1.0,5.0,3778.75,3771.5,181.25,12.5,5.0,163.75,close,False,2022-2023
2022-09-23,10,16,-1.0,5.0,3706.5,3707.5,-25.0,12.5,5.0,-42.5,close,False,2022-2023
2022-09-26,14,16,-1.0,8.0,3660.75,3671.0,-410.0,20.0,8.0,-438.0,close,False,2022-2023
2022-09-27,13,16,-1.0,6.0,3654.25,3661.0,-202.5,15.0,6.0,-223.5,close,False,2022-2023
2022-09-28,11,16,1.0,4.0,3692.75,3732.5,795.0,10.0,4.0,781.0,close,False,2022-2023
2022-09-29,10,16,-1.0,4.0,3657.75,3654.75,60.0,10.0,4.0,46.0,close,False,2022-2023
2022-09-30,11,15,1.0,5.0,3666.75,3618.25,-1212.5,12.5,5.0,-1230.0,flip,False,2022-2023
2022-09-30,15,16,-1.0,11.0,3618.25,3597.25,1155.0,27.5,11.0,1116.5,close,False,2022-2023
2022-10-03,11,16,1.0,5.0,3668.75,3691.5,568.75,12.5,5.0,551.25,close,False,2022-2023
2022-10-04,10,16,1.0,5.0,3786.0,3805.0,475.0,12.5,5.0,457.5,close,False,2022-2023
2022-10-05,11,16,-1.0,6.0,3738.5,3797.0,-1755.0,15.0,6.0,-1776.0,close,False,2022-2023
2022-10-07,10,16,-1.0,5.0,3678.25,3651.0,681.25,12.5,5.0,663.75,close,False,2022-2023
2022-10-10,10,16,-1.0,6.0,3639.75,3623.5,487.5,15.0,6.0,466.5,close,False,2022-2023
2022-10-11,10,13,-1.0,6.0,3588.5,3644.5,-1680.0,15.0,6.0,-1701.0,flip,False,2022-2023
2022-10-11,13,16,1.0,8.0,3644.5,3600.0,-1780.0,20.0,8.0,-1808.0,close,False,2022-2023
2022-10-13,12,16,1.0,4.0,3650.5,3682.25,635.0,10.0,4.0,621.0,close,False,2022-2023
2022-10-14,11,16,-1.0,4.0,3642.25,3599.25,860.0,10.0,4.0,846.0,close,False,2022-2023
2022-10-17,10,16,1.0,3.0,3681.0,3690.25,138.75,7.5,3.0,128.25,close,False,2022-2023
2022-10-20,11,16,1.0,6.0,3740.5,3674.75,-1972.5,15.0,6.0,-1993.5,close,False,2022-2023
2022-10-21,10,16,1.0,5.0,3711.5,3763.75,1306.25,12.5,5.0,1288.75,close,False,2022-2023
2022-10-24,10,16,1.0,6.0,3797.75,3809.5,352.5,15.0,6.0,331.5,close,False,2022-2023
2022-10-25,10,16,1.0,5.0,3844.75,3870.25,637.5,12.5,5.0,620.0,close,False,2022-2023
2022-10-26,12,16,1.0,7.0,3889.5,3842.0,-1662.5,17.5,7.0,-1687.0,close,False,2022-2023
2022-10-28,10,16,1.0,6.0,3846.0,3910.75,1942.5,15.0,6.0,1921.5,close,False,2022-2023
2022-11-01,11,16,-1.0,7.0,3859.75,3865.25,-192.5,17.5,7.0,-217.0,close,False,2022-2023
2022-11-02,10,16,-1.0,6.0,3843.75,3767.0,2302.5,15.0,6.0,2281.5,close,False,2022-2023
2022-11-03,10,16,-1.0,5.0,3708.5,3726.25,-443.75,12.5,5.0,-461.25,close,False,2022-2023
2022-11-08,11,16,1.0,5.0,3846.5,3835.5,-275.0,12.5,5.0,-292.5,close,False,2022-2023
2022-11-09,10,16,-1.0,5.0,3801.25,3755.75,1137.5,12.5,5.0,1120.0,close,False,2022-2023
2022-11-10,10,16,1.0,4.0,3912.75,3961.25,970.0,10.0,4.0,956.0,close,False,2022-2023
2022-11-11,15,16,1.0,9.0,4008.25,4001.0,-326.25,22.5,9.0,-357.75,close,False,2022-2023
2022-11-23,10,16,1.0,8.0,4024.5,4034.5,400.0,20.0,8.0,372.0,close,False,2022-2023
2022-11-30,14,16,1.0,16.0,4005.5,4082.5,6160.0,40.0,16.0,6104.0,close,False,2022-2023
2022-12-05,12,16,-1.0,6.0,4015.25,4002.25,390.0,15.0,6.0,369.0,close,False,2022-2023
2022-12-06,10,16,-1.0,5.0,3977.0,3944.0,825.0,12.5,5.0,807.5,close,False,2022-2023
2022-12-14,10,16,1.0,5.0,4074.5,4029.25,-1131.25,12.5,5.0,-1148.75,close,False,2022-2023
2022-12-15,10,16,-1.0,4.0,3946.75,3927.0,395.0,10.0,4.0,381.0,close,False,2022-2023
2022-12-16,11,16,-1.0,4.0,3876.75,3877.75,-20.0,10.0,4.0,-34.0,close,False,2022-2023
2022-12-19,12,16,-1.0,5.0,3854.25,3844.25,250.0,12.5,5.0,232.5,close,False,2022-2023
2022-12-21,11,16,1.0,6.0,3910.0,3906.5,-105.0,15.0,6.0,-126.0,close,False,2022-2023
2022-12-22,10,16,-1.0,5.0,3857.25,3850.0,181.25,12.5,5.0,163.75,close,False,2022-2023
2022-12-23,10,16,-1.0,5.0,3826.25,3871.0,-1118.75,12.5,5.0,-1136.25,close,False,2022-2023
2022-12-27,10,16,-1.0,5.0,3846.25,3855.75,-237.5,12.5,5.0,-255.0,close,False,2022-2023
2022-12-28,11,16,-1.0,6.0,3834.75,3806.75,840.0,15.0,6.0,819.0,close,False,2022-2023
2022-12-29,10,16,1.0,5.0,3854.75,3872.25,437.5,12.5,5.0,420.0,close,False,2022-2023
2023-01-03,12,16,-1.0,8.0,3827.5,3844.75,-690.0,20.0,8.0,-718.0,close,False,2022-2023
2023-01-04,12,16,1.0,9.0,3892.5,3873.75,-843.75,22.5,9.0,-875.25,close,False,2022-2023
2023-01-05,10,16,-1.0,7.0,3836.25,3828.75,262.5,17.5,7.0,238.0,close,False,2022-2023
2023-01-06,11,16,1.0,7.0,3888.25,3916.0,971.25,17.5,7.0,946.75,close,False,2022-2023
2023-01-09,10,16,1.0,6.0,3951.75,3913.5,-1147.5,15.0,6.0,-1168.5,close,False,2022-2023
2023-01-12,10,16,-1.0,7.0,3970.25,4002.75,-1137.5,17.5,7.0,-1162.0,close,False,2022-2023
2023-01-18,12,16,-1.0,8.0,3980.0,3946.75,1330.0,20.0,8.0,1302.0,close,False,2022-2023
2023-01-19,11,16,-1.0,8.0,3908.5,3916.75,-330.0,20.0,8.0,-358.0,close,False,2022-2023
2023-01-20,12,16,1.0,9.0,3947.0,3987.75,1833.75,22.5,9.0,1802.25,close,False,2022-2023
2023-01-23,10,16,1.0,7.0,4008.25,4035.75,962.5,17.5,7.0,938.0,close,False,2022-2023
2023-01-25,10,16,-1.0,7.0,3971.5,4032.5,-2135.0,17.5,7.0,-2159.5,close,False,2022-2023
2023-01-27,15,16,1.0,17.0,4102.25,4084.0,-1551.25,42.5,17.0,-1610.75,close,False,2022-2023
2023-01-31,11,16,1.0,8.0,4055.5,4090.5,1400.0,20.0,8.0,1372.0,close,False,2022-2023
2023-02-01,15,16,1.0,23.0,4117.5,4134.25,1926.25,57.5,23.0,1845.75,close,False,2022-2023
2023-02-02,11,16,1.0,7.0,4191.75,4193.0,43.75,17.5,7.0,19.25,close,False,2022-2023
2023-02-07,13,16,1.0,9.0,4166.75,4175.0,371.25,22.5,9.0,339.75,close,False,2022-2023
2023-02-08,12,16,-1.0,7.0,4136.25,4129.25,245.0,17.5,7.0,220.5,close,False,2022-2023
2023-02-09,15,16,-1.0,17.0,4105.25,4092.25,1105.0,42.5,17.0,1045.5,close,False,2022-2023
2023-02-13,10,16,1.0,7.0,4123.0,4148.25,883.75,17.5,7.0,859.25,close,False,2022-2023
2023-02-14,12,16,-1.0,9.0,4114.25,4146.0,-1428.75,22.5,9.0,-1460.25,close,False,2022-2023
2023-02-17,10,16,-1.0,7.0,4062.5,4088.0,-892.5,17.5,7.0,-917.0,close,False,2022-2023
2023-02-23,12,16,-1.0,10.0,3976.75,4018.75,-2100.0,25.0,10.0,-2135.0,close,False,2022-2023
2023-02-24,10,16,-1.0,8.0,3955.75,3975.5,-790.0,20.0,8.0,-818.0,close,False,2022-2023
2023-03-03,10,16,1.0,9.0,4013.5,4049.25,1608.75,22.5,9.0,1577.25,close,False,2022-2023
2023-03-06,10,16,1.0,9.0,4065.25,4052.25,-585.0,22.5,9.0,-616.5,close,False,2022-2023
2023-03-07,11,16,-1.0,8.0,4011.0,3989.5,860.0,20.0,8.0,832.0,close,False,2022-2023
2023-03-09,10,14,1.0,6.0,4012.5,3956.25,-1687.5,15.0,6.0,-1708.5,flip,False,2022-2023
2023-03-09,14,16,-1.0,11.0,3956.25,3920.25,1980.0,27.5,11.0,1941.5,close,False,2022-2023
2023-03-10,10,16,-1.0,6.0,3895.25,3862.25,990.0,15.0,6.0,969.0,close,False,2022-2023
2023-03-13,11,16,1.0,5.0,3881.0,3857.0,-600.0,12.5,5.0,-617.5,close,False,2022-2023
2023-03-15,13,16,-1.0,6.0,3874.0,3928.75,-1642.5,15.0,6.0,-1663.5,close,False,2022-2023
2023-03-16,11,16,1.0,5.0,3949.25,3995.0,1143.75,12.5,5.0,1126.25,close,False,2022-2023
2023-03-17,11,16,-1.0,5.0,3949.75,3948.0,43.75,12.5,5.0,26.25,close,False,2022-2023
2023-03-20,10,16,1.0,5.0,3963.5,3984.25,518.75,12.5,5.0,501.25,close,False,2022-2023
2023-03-23,10,16,1.0,7.0,4005.25,3975.75,-1032.5,17.5,7.0,-1057.0,close,False,2022-2023
2023-03-28,14,16,-1.0,12.0,3982.25,4001.25,-1140.0,30.0,12.0,-1182.0,close,False,2022-2023
2023-03-31,10,16,1.0,11.0,4098.5,4137.75,2158.75,27.5,11.0,2120.25,close,False,2022-2023
2023-04-03,10,16,1.0,11.0,4145.0,4153.25,453.75,27.5,11.0,415.25,close,False,2022-2023
2023-04-04,11,16,-1.0,11.0,4140.5,4130.0,577.5,27.5,11.0,539.0,close,False,2022-2023
2023-04-05,11,16,-1.0,11.0,4103.75,4117.0,-728.75,27.5,11.0,-767.25,close,False,2022-2023
2023-04-06,10,16,-1.0,10.0,4101.25,4132.25,-1550.0,25.0,10.0,-1585.0,close,False,2022-2023
2023-04-13,12,16,1.0,11.0,4147.5,4173.25,1416.25,27.5,11.0,1377.75,close,False,2022-2023
2023-04-14,10,13,1.0,8.0,4186.0,4141.0,-1800.0,20.0,8.0,-1828.0,flip,False,2022-2023
2023-04-14,13,16,-1.0,11.0,4141.0,4163.0,-1210.0,27.5,11.0,-1248.5,close,False,2022-2023
2023-04-21,10,16,-1.0,11.0,4143.0,4155.75,-701.25,27.5,11.0,-739.75,close,False,2022-2023
2023-04-25,12,16,-1.0,14.0,4122.5,4093.5,2030.0,35.0,14.0,1981.0,close,False,2022-2023
2023-04-26,15,16,-1.0,31.0,4074.5,4074.75,-38.75,77.5,31.0,-147.25,close,False,2022-2023
2023-04-27,10,16,1.0,11.0,4105.25,4154.0,2681.25,27.5,11.0,2642.75,close,False,2022-2023
2023-04-28,12,16,1.0,12.0,4177.75,4189.5,705.0,30.0,12.0,663.0,close,False,2022-2023
2023-05-02,10,16,-1.0,9.0,4167.25,4137.0,1361.25,22.5,9.0,1329.75,close,False,2022-2023
2023-05-03,10,16,1.0,10.0,4149.75,4107.5,-2112.5,25.0,10.0,-2147.5,close,False,2022-2023
2023-05-04,10,16,-1.0,8.0,4081.0,4077.0,160.0,20.0,8.0,132.0,close,False,2022-2023
2023-05-05,10,16,1.0,8.0,4126.5,4151.5,1000.0,20.0,8.0,972.0,close,False,2022-2023
2023-05-11,10,16,-1.0,9.0,4125.0,4144.0,-855.0,22.5,9.0,-886.5,close,False,2022-2023
2023-05-12,13,16,-1.0,13.0,4116.5,4137.75,-1381.25,32.5,13.0,-1426.75,close,False,2022-2023
2023-05-15,10,16,-1.0,8.0,4129.25,4151.25,-880.0,20.0,8.0,-908.0,close,False,2022-2023
2023-05-17,13,16,1.0,10.0,4164.5,4172.0,375.0,25.0,10.0,340.0,close,False,2022-2023
2023-05-18,11,16,1.0,9.0,4191.5,4211.0,877.5,22.5,9.0,846.0,close,False,2022-2023
2023-05-23,15,16,-1.0,21.0,4163.75,4158.0,603.75,52.5,21.0,530.25,close,False,2022-2023
2023-05-24,10,16,-1.0,10.0,4127.0,4127.0,-0.0,25.0,10.0,-35.0,close,False,2022-2023
2023-05-26,10,16,1.0,10.0,4183.5,4213.5,1500.0,25.0,10.0,1465.0,close,False,2022-2023
2023-05-31,11,16,-1.0,11.0,4180.25,4191.25,-605.0,27.5,11.0,-643.5,close,False,2022-2023
2023-06-01,10,11,-1.0,9.0,4182.25,4204.0,-978.75,22.5,9.0,-1010.25,flip,False,2022-2023
2023-06-01,11,16,1.0,10.0,4204.0,4228.5,1225.0,25.0,10.0,1190.0,close,False,2022-2023
2023-06-02,11,16,1.0,9.0,4278.5,4289.0,472.5,22.5,9.0,441.0,close,False,2022-2023
2023-06-07,10,16,1.0,9.0,4301.25,4274.5,-1203.75,22.5,9.0,-1235.25,close,False,2022-2023
2023-06-08,11,16,1.0,12.0,4286.25,4297.75,690.0,30.0,12.0,648.0,close,False,2022-2023
2023-06-09,10,16,1.0,13.0,4315.25,4305.25,-650.0,32.5,13.0,-695.5,close,False,2022-2023
2023-06-12,15,16,1.0,32.0,4330.25,4343.5,2120.0,80.0,32.0,2008.0,close,False,2022-2023
2023-06-14,10,16,1.0,11.0,4424.25,4419.5,-261.25,27.5,11.0,-299.75,close,False,2022-2023
2023-06-15,10,16,1.0,10.0,4432.75,4472.75,2000.0,25.0,10.0,1965.0,close,False,2022-2023
2023-06-21,10,16,-1.0,12.0,4412.5,4409.5,180.0,30.0,12.0,138.0,close,False,2022-2023
2023-06-26,10,16,1.0,13.0,4399.5,4371.25,-1836.25,32.5,13.0,-1881.75,close,False,2022-2023
2023-06-27,11,16,1.0,12.0,4389.25,4418.0,1725.0,30.0,12.0,1683.0,close,False,2022-2023
2023-06-30,10,16,1.0,11.0,4477.75,4486.5,481.25,27.5,11.0,442.75,close,False,2022-2023
2023-07-06,10,16,-1.0,12.0,4434.25,4446.25,-720.0,30.0,12.0,-762.0,close,False,2023-2024
2023-07-07,13,16,1.0,16.0,4472.25,4434.75,-3000.0,40.0,16.0,-3056.0,close,False,2023-2024
2023-07-13,15,16,1.0,27.0,4540.25,4542.75,337.5,67.5,27.0,243.0,close,False,2023-2024
2023-07-17,12,16,1.0,17.0,4553.0,4554.5,127.5,42.5,17.0,68.0,close,False,2023-2024
2023-07-18,11,16,1.0,14.0,4568.0,4587.5,1365.0,35.0,14.0,1316.0,close,False,2023-2024
2023-07-19,10,16,1.0,16.0,4605.25,4595.75,-760.0,40.0,16.0,-816.0,close,False,2023-2024
2023-07-20,15,16,-1.0,38.0,4567.75,4565.0,522.5,95.0,38.0,389.5,close,False,2023-2024
2023-07-24,11,16,1.0,16.0,4583.75,4584.0,20.0,40.0,16.0,-36.0,close,False,2023-2024
2023-07-25,12,16,1.0,19.0,4595.25,4595.25,0.0,47.5,19.0,-66.5,close,False,2023-2024
2023-07-27,15,16,-1.0,31.0,4565.75,4563.5,348.75,77.5,31.0,240.25,close,False,2023-2024
2023-07-28,11,16,1.0,12.0,4606.5,4607.0,30.0,30.0,12.0,-12.0,close,False,2023-2024
2023-08-02,11,16,-1.0,11.0,4541.0,4536.5,247.5,27.5,11.0,209.0,close,False,2023-2024
2023-08-04,13,15,1.0,21.0,4559.25,4502.0,-6011.25,52.5,21.0,-6084.75,flip,False,2023-2024
2023-08-04,15,16,-1.0,36.0,4502.0,4499.25,495.0,90.0,36.0,369.0,close,False,2023-2024
2023-08-07,14,16,1.0,18.0,4533.25,4538.0,427.5,45.0,18.0,364.5,close,False,2023-2024
2023-08-08,10,16,-1.0,10.0,4495.25,4517.5,-1112.5,25.0,10.0,-1147.5,close,False,2023-2024
2023-08-09,11,16,-1.0,11.0,4502.75,4486.5,893.75,27.5,11.0,855.25,close,False,2023-2024
2023-08-10,10,14,1.0,7.0,4539.75,4475.25,-2257.5,17.5,7.0,-2282.0,flip,False,2023-2024
2023-08-10,14,16,-1.0,12.0,4475.25,4486.25,-660.0,30.0,12.0,-702.0,close,False,2023-2024
2023-08-14,11,16,1.0,8.0,4497.5,4506.75,370.0,20.0,8.0,342.0,close,False,2023-2024
2023-08-15,10,16,-1.0,7.0,4476.75,4454.0,796.25,17.5,7.0,771.75,close,False,2023-2024
2023-08-17,15,16,-1.0,27.0,4393.0,4383.5,1282.5,67.5,27.0,1188.0,close,False,2023-2024
2023-08-21,10,16,1.0,10.0,4406.75,4412.75,300.0,25.0,10.0,265.0,close,False,2023-2024
2023-08-23,10,16,1.0,9.0,4421.5,4448.0,1192.5,22.5,9.0,1161.0,close,False,2023-2024
2023-08-24,11,16,-1.0,8.0,4427.5,4385.0,1700.0,20.0,8.0,1672.0,close,False,2023-2024
2023-08-29,10,16,1.0,7.0,4452.75,4505.75,1855.0,17.5,7.0,1830.5,close,False,2023-2024
2023-08-30,10,16,1.0,7.0,4526.25,4524.25,-70.0,17.5,7.0,-94.5,close,False,2023-2024
2023-09-06,11,16,-1.0,18.0,4466.0,4471.0,-450.0,45.0,18.0,-513.0,close,False,2023-2024
2023-09-08,10,16,1.0,13.0,4464.75,4461.5,-211.25,32.5,13.0,-256.75,close,False,2023-2024
2023-09-14,13,16,1.0,16.0,4558.0,4555.0,-240.0,40.0,16.0,-296.0,close,False,2023-2024
2023-09-15,10,16,-1.0,10.0,4529.25,4497.75,1575.0,25.0,10.0,1540.0,close,False,2023-2024
2023-09-19,11,16,-1.0,13.0,4468.75,4491.0,-1446.25,32.5,13.0,-1491.75,close,False,2023-2024
2023-09-21,10,16,-1.0,9.0,4400.25,4373.0,1226.25,22.5,9.0,1194.75,close,False,2023-2024
2023-09-22,11,16,1.0,10.0,4394.25,4361.5,-1637.5,25.0,10.0,-1672.5,close,False,2023-2024
2023-09-26,12,16,-1.0,11.0,4326.5,4314.0,687.5,27.5,11.0,649.0,close,False,2023-2024
2023-09-27,13,16,-1.0,12.0,4295.25,4315.25,-1200.0,30.0,12.0,-1242.0,close,False,2023-2024
2023-09-28,12,16,1.0,11.0,4347.5,4338.5,-495.0,27.5,11.0,-533.5,close,False,2023-2024
2023-09-29,14,16,-1.0,13.0,4313.25,4326.25,-845.0,32.5,13.0,-890.5,close,False,2023-2024
2023-10-02,13,16,-1.0,10.0,4298.75,4324.75,-1300.0,25.0,10.0,-1335.0,close,False,2023-2024
2023-10-03,11,16,-1.0,7.0,4267.25,4266.75,17.5,17.5,7.0,-7.0,close,False,2023-2024
2023-10-04,12,16,1.0,8.0,4288.5,4296.0,300.0,20.0,8.0,272.0,close,False,2023-2024
2023-10-05,11,16,-1.0,8.0,4266.0,4291.5,-1020.0,20.0,8.0,-1048.0,close,False,2023-2024
2023-10-06,12,16,1.0,7.0,4335.5,4342.0,227.5,17.5,7.0,203.0,close,False,2023-2024
2023-10-09,14,16,1.0,9.0,4368.0,4369.75,78.75,22.5,9.0,47.25,close,False,2023-2024
2023-10-10,10,16,1.0,6.0,4382.5,4391.25,262.5,15.0,6.0,241.5,close,False,2023-2024
2023-10-12,10,16,-1.0,6.0,4398.0,4380.5,525.0,15.0,6.0,504.0,close,False,2023-2024
2023-10-13,10,16,1.0,7.0,4401.75,4357.75,-1540.0,17.5,7.0,-1564.5,close,False,2023-2024
2023-10-16,11,16,1.0,8.0,4411.0,4402.5,-340.0,20.0,8.0,-368.0,close,False,2023-2024
2023-10-18,15,16,-1.0,17.0,4352.0,4342.75,786.25,42.5,17.0,726.75,close,False,2023-2024
2023-10-19,15,16,-1.0,19.0,4306.75,4301.5,498.75,47.5,19.0,432.25,close,False,2023-2024
2023-10-20,10,16,-1.0,10.0,4287.25,4248.5,1937.5,25.0,10.0,1902.5,close,False,2023-2024
2023-10-23,13,16,1.0,11.0,4280.0,4240.25,-2186.25,27.5,11.0,-2224.75,close,False,2023-2024
2023-10-24,10,16,1.0,8.0,4273.5,4271.0,-100.0,20.0,8.0,-128.0,close,False,2023-2024
2023-10-25,10,16,-1.0,8.0,4236.0,4210.0,1040.0,20.0,8.0,1012.0,close,False,2023-2024
2023-10-26,10,16,-1.0,8.0,4185.5,4156.75,1150.0,20.0,8.0,1122.0,close,False,2023-2024
2023-10-27,15,16,-1.0,18.0,4125.75,4138.0,-1102.5,45.0,18.0,-1165.5,close,False,2023-2024
2023-10-30,10,16,1.0,9.0,4179.5,4186.25,303.75,22.5,9.0,272.25,close,False,2023-2024
2023-10-31,10,16,-1.0,8.0,4177.25,4212.25,-1400.0,20.0,8.0,-1428.0,close,False,2023-2024
2023-11-01,11,16,1.0,9.0,4242.25,4256.5,641.25,22.5,9.0,609.75,close,False,2023-2024
2023-11-02,10,16,1.0,8.0,4303.0,4336.0,1320.0,20.0,8.0,1292.0,close,False,2023-2024
2023-11-03,10,16,1.0,8.0,4375.25,4374.75,-20.0,20.0,8.0,-48.0,close,False,2023-2024
2023-11-07,11,16,1.0,10.0,4399.25,4396.25,-150.0,25.0,10.0,-185.0,close,False,2023-2024
2023-11-09,15,16,-1.0,26.0,4362.75,4362.75,-0.0,65.0,26.0,-91.0,close,False,2023-2024
2023-11-10,13,16,1.0,15.0,4412.25,4430.25,1350.0,37.5,15.0,1297.5,close,False,2023-2024
2023-11-14,10,16,1.0,7.0,4502.5,4510.5,280.0,17.5,7.0,255.5,close,False,2023-2024
2023-11-20,10,16,1.0,8.0,4541.0,4562.25,850.0,20.0,8.0,822.0,close,False,2023-2024
2023-11-28,12,16,1.0,26.0,4574.75,4563.0,-1527.5,65.0,26.0,-1618.5,close,False,2023-2024
2023-11-29,10,16,1.0,17.0,4595.25,4560.0,-2996.25,42.5,17.0,-3055.75,close,False,2023-2024
2023-11-30,12,16,-1.0,20.0,4549.75,4574.75,-2500.0,50.0,20.0,-2570.0,close,False,2023-2024
2023-12-01,12,16,1.0,16.0,4594.5,4601.25,540.0,40.0,16.0,484.0,close,False,2023-2024
2023-12-04,11,16,-1.0,14.0,4555.25,4576.75,-1505.0,35.0,14.0,-1554.0,close,False,2023-2024
2023-12-05,11,16,1.0,14.0,4583.5,4575.75,-542.5,35.0,14.0,-591.5,close,False,2023-2024
2023-12-07,11,16,1.0,13.0,4585.75,4588.5,178.75,32.5,13.0,133.25,close,False,2023-2024
2023-12-08,11,16,1.0,15.0,4606.5,4607.5,75.0,37.5,15.0,22.5,close,False,2023-2024
2023-12-11,14,16,1.0,26.0,4621.75,4625.0,422.5,65.0,26.0,331.5,close,False,2023-2024
2023-12-13,15,16,1.0,24.0,4754.5,4760.75,750.0,60.0,24.0,666.0,close,False,2023-2024
2023-12-14,10,16,1.0,7.0,4785.75,4775.0,-376.25,17.5,7.0,-400.75,close,False,2023-2024
2023-12-18,13,16,1.0,10.0,4796.5,4792.75,-187.5,25.0,10.0,-222.5,close,False,2023-2024
2023-12-19,10,16,1.0,9.0,4807.0,4820.25,596.25,22.5,9.0,564.75,close,False,2023-2024
2023-12-20,15,16,-1.0,21.0,4776.0,4749.75,2756.25,52.5,21.0,2682.75,close,False,2023-2024
2023-12-22,10,16,1.0,8.0,4817.25,4805.5,-470.0,20.0,8.0,-498.0,close,False,2023-2024
2023-12-26,10,16,1.0,8.0,4815.0,4825.0,400.0,20.0,8.0,372.0,close,False,2023-2024
2023-12-29,11,16,-1.0,16.0,4819.0,4819.0,-0.0,40.0,16.0,-56.0,close,False,2023-2024
2024-01-03,10,16,-1.0,16.0,4759.25,4747.0,980.0,40.0,16.0,924.0,close,False,2023-2024
2024-01-04,11,16,1.0,17.0,4755.25,4730.0,-2146.25,42.5,17.0,-2205.75,close,False,2023-2024
2024-01-05,10,16,1.0,14.0,4737.0,4735.5,-105.0,35.0,14.0,-154.0,close,False,2023-2024
2024-01-08,10,16,1.0,11.0,4752.0,4801.5,2722.5,27.5,11.0,2684.0,close,False,2023-2024
2024-01-10,10,16,1.0,11.0,4800.75,4819.25,1017.5,27.5,11.0,979.0,close,False,2023-2024
2024-01-11,10,16,-1.0,11.0,4814.0,4814.5,-27.5,27.5,11.0,-66.0,close,False,2023-2024
2024-01-18,15,16,1.0,40.0,4803.75,4811.0,1450.0,100.0,40.0,1310.0,close,True,2023-2024
2024-01-19,13,16,1.0,15.0,4848.5,4870.75,1668.75,37.5,15.0,1616.25,close,False,2023-2024
2024-01-22,10,16,1.0,10.0,4896.25,4881.75,-725.0,25.0,10.0,-760.0,close,False,2023-2024
2024-01-31,10,16,-1.0,13.0,4916.75,4868.75,3120.0,32.5,13.0,3074.5,close,False,2023-2024
2024-02-01,12,16,1.0,12.0,4893.75,4929.5,2145.0,30.0,12.0,2103.0,close,False,2023-2024
2024-02-02,10,16,1.0,7.0,4941.25,4979.5,1338.75,17.5,7.0,1314.25,close,False,2023-2024
2024-02-05,11,16,-1.0,8.0,4943.75,4961.0,-690.0,20.0,8.0,-718.0,close,False,2023-2024
2024-02-07,11,16,1.0,8.0,5007.25,5015.5,330.0,20.0,8.0,302.0,close,False,2023-2024
2024-02-09,10,16,1.0,17.0,5026.5,5044.0,1487.5,42.5,17.0,1428.0,close,False,2023-2024
2024-02-12,12,16,1.0,22.0,5064.5,5041.25,-2557.5,55.0,22.0,-2634.5,close,False,2023-2024
2024-02-13,10,16,-1.0,10.0,4967.75,4971.75,-200.0,25.0,10.0,-235.0,close,False,2023-2024
2024-02-15,14,16,1.0,16.0,5040.25,5046.5,500.0,40.0,16.0,444.0,close,False,2023-2024
2024-02-16,10,16,-1.0,8.0,5022.25,5020.5,70.0,20.0,8.0,42.0,close,False,2023-2024
2024-02-22,10,16,1.0,8.0,5072.5,5097.5,1000.0,20.0,8.0,972.0,close,False,2023-2024
2024-02-27,13,16,-1.0,14.0,5070.0,5088.75,-1312.5,35.0,14.0,-1361.5,close,False,2023-2024
2024-03-01,11,16,1.0,10.0,5122.75,5145.0,1112.5,25.0,10.0,1077.5,close,False,2023-2024
2024-03-05,10,16,-1.0,9.0,5111.0,5085.75,1136.25,22.5,9.0,1104.75,close,False,2023-2024
2024-03-07,11,16,1.0,10.0,5155.0,5159.5,225.0,25.0,10.0,190.0,close,False,2023-2024
2024-03-08,10,13,1.0,7.0,5188.25,5136.0,-1828.75,17.5,7.0,-1853.25,flip,False,2023-2024
2024-03-08,13,16,-1.0,11.0,5136.0,5128.5,412.5,27.5,11.0,374.0,close,False,2023-2024
2024-03-11,10,16,-1.0,7.0,5104.0,5122.75,-656.25,17.5,7.0,-680.75,close,False,2023-2024
2024-03-13,10,16,-1.0,6.0,5232.75,5233.25,-15.0,15.0,6.0,-36.0,close,False,2023-2024
2024-03-14,10,16,-1.0,6.0,5209.25,5220.25,-330.0,15.0,6.0,-351.0,close,False,2023-2024
2024-03-15,13,16,-1.0,9.0,5168.75,5183.0,-641.25,22.5,9.0,-672.75,close,False,2023-2024
2024-03-19,13,16,1.0,12.0,5231.25,5242.5,675.0,30.0,12.0,633.0,close,False,2023-2024
2024-03-20,15,16,1.0,21.0,5272.5,5287.5,1575.0,52.5,21.0,1501.5,close,False,2023-2024
2024-03-22,11,16,-1.0,10.0,5290.25,5291.75,-75.0,25.0,10.0,-110.0,close,False,2023-2024
2024-04-01,11,16,-1.0,13.0,5296.0,5294.25,113.75,32.5,13.0,68.25,close,False,2023-2024
2024-04-02,10,16,-1.0,10.0,5247.0,5261.0,-700.0,25.0,10.0,-735.0,close,False,2023-2024
2024-04-03,11,16,1.0,10.0,5277.75,5265.25,-625.0,25.0,10.0,-660.0,close,False,2023-2024
2024-04-04,15,16,-1.0,23.0,5226.25,5197.5,3306.25,57.5,23.0,3225.75,close,False,2023-2024
2024-04-05,10,16,1.0,6.0,5226.0,5251.25,757.5,15.0,6.0,736.5,close,False,2023-2024
2024-04-09,11,16,-1.0,7.0,5220.5,5260.0,-1382.5,17.5,7.0,-1407.0,close,False,2023-2024
2024-04-11,14,16,1.0,9.0,5242.75,5242.25,-22.5,22.5,9.0,-54.0,close,False,2023-2024
2024-04-12,11,16,-1.0,8.0,5182.75,5167.75,600.0,20.0,8.0,572.0,close,False,2023-2024
2024-04-15,14,16,-1.0,9.0,5122.5,5103.25,866.25,22.5,9.0,834.75,close,False,2023-2024
2024-04-17,12,16,-1.0,7.0,5073.0,5061.0,420.0,17.5,7.0,395.5,close,False,2023-2024
2024-04-19,12,16,-1.0,7.0,5023.25,5003.25,700.0,17.5,7.0,675.5,close,False,2023-2024
2024-04-22,14,16,1.0,11.0,5067.25,5048.75,-1017.5,27.5,11.0,-1056.0,close,False,2023-2024
2024-04-23,10,16,1.0,6.0,5082.5,5107.75,757.5,15.0,6.0,736.5,close,False,2023-2024
2024-04-24,12,16,-1.0,7.0,5088.0,5105.5,-612.5,17.5,7.0,-637.0,close,False,2023-2024
2024-04-25,10,16,-1.0,5.0,5029.5,5082.75,-1331.25,12.5,5.0,-1348.75,close,False,2023-2024
2024-04-26,10,16,1.0,5.0,5126.25,5129.5,81.25,12.5,5.0,63.75,close,False,2023-2024
2024-04-30,12,16,-1.0,7.0,5111.0,5065.25,1601.25,17.5,7.0,1576.75,close,False,2023-2024
2024-05-01,15,16,1.0,14.0,5118.0,5046.25,-5022.5,35.0,14.0,-5071.5,close,False,2023-2024
2024-05-09,11,16,1.0,12.0,5229.25,5239.25,600.0,30.0,12.0,558.0,close,False,2023-2024
2024-05-14,15,16,1.0,40.0,5268.75,5268.75,0.0,100.0,40.0,-140.0,close,True,2023-2024
2024-05-15,11,16,1.0,13.0,5307.0,5333.5,1722.5,32.5,13.0,1677.0,close,False,2023-2024
2024-05-16,11,16,1.0,14.0,5347.25,5319.75,-1925.0,35.0,14.0,-1974.0,close,False,2023-2024
2024-05-20,10,16,1.0,13.0,5344.0,5333.0,-715.0,32.5,13.0,-760.5,close,False,2023-2024
2024-05-22,15,16,-1.0,40.0,5316.5,5329.25,-2550.0,100.0,40.0,-2690.0,close,True,2023-2024
2024-05-23,14,16,-1.0,20.0,5294.0,5286.25,775.0,50.0,20.0,705.0,close,False,2023-2024
2024-05-24,12,16,1.0,13.0,5320.75,5321.5,48.75,32.5,13.0,3.25,close,False,2023-2024
2024-05-31,11,16,-1.0,12.0,5230.75,5296.75,-3960.0,30.0,12.0,-4002.0,close,False,2023-2024
2024-06-03,11,16,-1.0,8.0,5281.5,5299.25,-710.0,20.0,8.0,-738.0,close,False,2023-2024
2024-06-05,13,16,1.0,9.0,5346.25,5366.5,911.25,22.5,9.0,879.75,close,False,2023-2024
2024-06-11,10,16,-1.0,10.0,5341.75,5384.0,-2112.5,25.0,10.0,-2147.5,close,False,2023-2024
2024-06-12,10,16,1.0,9.0,5440.5,5426.5,-630.0,22.5,9.0,-661.5,close,False,2023-2024
2024-06-17,13,16,1.0,11.0,5463.25,5479.75,907.5,27.5,11.0,869.0,close,False,2023-2024
2024-06-21,10,16,-1.0,7.0,5527.75,5530.0,-78.75,17.5,7.0,-103.25,close,False,2023-2024
2024-06-24,10,16,1.0,7.0,5545.25,5514.75,-1067.5,17.5,7.0,-1092.0,close,False,2023-2024
2024-06-28,10,15,1.0,14.0,5562.0,5532.5,-2065.0,35.0,14.0,-2114.0,flip,False,2023-2024
2024-06-28,15,16,-1.0,34.0,5532.5,5523.5,1530.0,85.0,34.0,1411.0,close,False,2023-2024
